[
    {
        "photoId": 2741973,
        "placeTaken": "Cuxhaven",
        "takenAt": 1498491000,
        "copyright": "Gerd Frick",
        "description": null,
        "asset": {
            "id": 159196,
            "type": "Cargo",
            "name": "EMMA MAERSK"
        },
        "rating": {
            "voteAverage": 5,
            "voteCounter": 1
        },
        "url": "https://images.marinetraffic.com/collection/2741973.webp?size=800"
    },
    {
        "photoId": 2705631,
        "placeTaken": null,
        "takenAt": 1473431100,
        "copyright": "aad de kaper",
        "description": null,
        "asset": {
            "id": 159196,
            "type": "Cargo",
            "name": "EMMA MAERSK"
        },
        "rating": {
            "voteAverage": 0,
            "voteCounter": 0
        },
        "url": "https://images.marinetraffic.com/collection/2705631.webp?size=800"
    },
    {
        "photoId": 2657999,
        "placeTaken": "Port of Aarhus, Denmark",
        "takenAt": 1363590360,
        "copyright": "Allan J. Kortsen",
        "description": "www.skyaviator.dk",
        "asset": {
            "id": 159196,
            "type": "Cargo",
            "name": "EMMA MAERSK"
        },
        "rating": {
            "voteAverage": 5,
            "voteCounter": 1
        },
        "url": "https://images.marinetraffic.com/collection/2657999.webp?size=800"
    },
    {
        "photoId": 2649905,
        "placeTaken": "Europort",
        "takenAt": 1403785440,
        "copyright": "Bettina Rohbrecht",
        "description": null,
        "asset": {
            "id": 159196,
            "type": "Cargo",
            "name": "EMMA MAERSK"
        },
        "rating": {
            "voteAverage": 5,
            "voteCounter": 1
        },
        "url": "https://images.marinetraffic.com/collection/2649905.webp?size=800"
    },
    {
        "photoId": 2643513,
        "placeTaken": null,
        "takenAt": 1491928020,
        "copyright": "Graham Rabbitts",
        "description": "Emma Maersk at Southampton 2017",
        "asset": {
            "id": 159196,
            "type": "Cargo",
            "name": "EMMA MAERSK"
        },
        "rating": {
            "voteAverage": 5,
            "voteCounter": 1
        },
        "url": "https://images.marinetraffic.com/collection/2643513.webp?size=800"
    },
    {
        "photoId": 2641808,
        "placeTaken": "Rilland",
        "takenAt": 1490699160,
        "copyright": "adriaan de schipper",
        "description": null,
        "asset": {
            "id": 159196,
            "type": "Cargo",
            "name": "EMMA MAERSK"
        },
        "rating": {
            "voteAverage": 0,
            "voteCounter": 0
        },
        "url": "https://images.marinetraffic.com/collection/2641808.webp?size=800"
    },
    {
        "photoId": 2608202,
        "placeTaken": "Felixtowe, GB",
        "takenAt": 1459256160,
        "copyright": "Michael Ludlow",
        "description": "Emma Maersk at Trinity No.5 berth, Felixtowe, GB.  Note the heavy rain shower just beyond the ship.",
        "asset": {
            "id": 159196,
            "type": "Cargo",
            "name": "EMMA MAERSK"
        },
        "rating": {
            "voteAverage": 0,
            "voteCounter": 0
        },
        "url": "https://images.marinetraffic.com/collection/2608202.webp?size=800"
    },
    {
        "photoId": 2608198,
        "placeTaken": "Felixtowe, GB",
        "takenAt": 1459247400,
        "copyright": "Michael Ludlow",
        "description": "Emma Maersk turning prior to berthing alongside Trinity Wharf.",
        "asset": {
            "id": 159196,
            "type": "Cargo",
            "name": "EMMA MAERSK"
        },
        "rating": {
            "voteAverage": 0,
            "voteCounter": 0
        },
        "url": "https://images.marinetraffic.com/collection/2608198.webp?size=800"
    },
    {
        "photoId": 2608193,
        "placeTaken": "Felixtowe, GB",
        "takenAt": 1459246620,
        "copyright": "Michael Ludlow",
        "description": "Emma Maersk heading past the docks, Felixtowe, GB.",
        "asset": {
            "id": 159196,
            "type": "Cargo",
            "name": "EMMA MAERSK"
        },
        "rating": {
            "voteAverage": 5,
            "voteCounter": 1
        },
        "url": "https://images.marinetraffic.com/collection/2608193.webp?size=800"
    },
    {
        "photoId": 2608191,
        "placeTaken": "Felixtowe, GB",
        "takenAt": 1459246500,
        "copyright": "Michael Ludlow",
        "description": "Emma Maersk passing Landguard Jetty, Felixtowe, GB.",
        "asset": {
            "id": 159196,
            "type": "Cargo",
            "name": "EMMA MAERSK"
        },
        "rating": {
            "voteAverage": 0,
            "voteCounter": 0
        },
        "url": "https://images.marinetraffic.com/collection/2608191.webp?size=800"
    },
    {
        "photoId": 2608189,
        "placeTaken": "Felixtowe, GB",
        "takenAt": 1459246320,
        "copyright": "Michael Ludlow",
        "description": "Emma Maersk arriving from Bremerhaven.",
        "asset": {
            "id": 159196,
            "type": "Cargo",
            "name": "EMMA MAERSK"
        },
        "rating": {
            "voteAverage": 0,
            "voteCounter": 0
        },
        "url": "https://images.marinetraffic.com/collection/2608189.webp?size=800"
    },
    {
        "photoId": 2575400,
        "placeTaken": "Deurganckdok-DOEL-Antwerpen-Belgium",
        "takenAt": 1485704220,
        "copyright": "Luc van Haute",
        "description": "lens 24-2000mm.",
        "asset": {
            "id": 159196,
            "type": "Cargo",
            "name": "EMMA MAERSK"
        },
        "rating": {
            "voteAverage": 0,
            "voteCounter": 0
        },
        "url": "https://images.marinetraffic.com/collection/2575400.webp?size=800"
    },
    {
        "photoId": 2575397,
        "placeTaken": "Deurganckdok-DOEL-Antwerpen-Belgium",
        "takenAt": 1485704220,
        "copyright": "Luc van Haute",
        "description": "lens 24-2000mm.",
        "asset": {
            "id": 159196,
            "type": "Cargo",
            "name": "EMMA MAERSK"
        },
        "rating": {
            "voteAverage": 0,
            "voteCounter": 0
        },
        "url": "https://images.marinetraffic.com/collection/2575397.webp?size=800"
    },
    {
        "photoId": 2546342,
        "placeTaken": null,
        "takenAt": 1473592080,
        "copyright": "Claus Gaser",
        "description": "Hamburg-Finkenwerder",
        "asset": {
            "id": 159196,
            "type": "Cargo",
            "name": "EMMA MAERSK"
        },
        "rating": {
            "voteAverage": 4.5,
            "voteCounter": 2
        },
        "url": "https://images.marinetraffic.com/collection/2546342.webp?size=800"
    },
    {
        "photoId": 2510881,
        "placeTaken": "Hamburg, Bubendey-Ufer",
        "takenAt": 1473694440,
        "copyright": "Gerd Frick",
        "description": null,
        "asset": {
            "id": 159196,
            "type": "Cargo",
            "name": "EMMA MAERSK"
        },
        "rating": {
            "voteAverage": 5,
            "voteCounter": 2
        },
        "url": "https://images.marinetraffic.com/collection/2510881.webp?size=800"
    },
    {
        "photoId": 2503274,
        "placeTaken": "Arriving Le Havre",
        "takenAt": 1474315260,
        "copyright": "Steen Schneller Larsen",
        "description": null,
        "asset": {
            "id": 159196,
            "type": "Cargo",
            "name": "EMMA MAERSK"
        },
        "rating": {
            "voteAverage": 0,
            "voteCounter": 0
        },
        "url": "https://images.marinetraffic.com/collection/2503274.webp?size=800"
    },
    {
        "photoId": 2503273,
        "placeTaken": "Arriving Le Havre",
        "takenAt": 1474315140,
        "copyright": "Steen Schneller Larsen",
        "description": null,
        "asset": {
            "id": 159196,
            "type": "Cargo",
            "name": "EMMA MAERSK"
        },
        "rating": {
            "voteAverage": 0,
            "voteCounter": 0
        },
        "url": "https://images.marinetraffic.com/collection/2503273.webp?size=800"
    },
    {
        "photoId": 2471716,
        "placeTaken": null,
        "takenAt": 1473694380,
        "copyright": "Mario Gressler",
        "description": null,
        "asset": {
            "id": 159196,
            "type": "Cargo",
            "name": "EMMA MAERSK"
        },
        "rating": {
            "voteAverage": 5,
            "voteCounter": 1
        },
        "url": "https://images.marinetraffic.com/collection/2471716.webp?size=800"
    },
    {
        "photoId": 2471040,
        "placeTaken": "Hamburg",
        "takenAt": 1473589440,
        "copyright": "Thomas Tauchert",
        "description": null,
        "asset": {
            "id": 159196,
            "type": "Cargo",
            "name": "EMMA MAERSK"
        },
        "rating": {
            "voteAverage": 0,
            "voteCounter": 0
        },
        "url": "https://images.marinetraffic.com/collection/2471040.webp?size=800"
    },
    {
        "photoId": 2471039,
        "placeTaken": "Hamburg",
        "takenAt": 1473589320,
        "copyright": "Thomas Tauchert",
        "description": null,
        "asset": {
            "id": 159196,
            "type": "Cargo",
            "name": "EMMA MAERSK"
        },
        "rating": {
            "voteAverage": 5,
            "voteCounter": 1
        },
        "url": "https://images.marinetraffic.com/collection/2471039.webp?size=800"
    }
]