[
    {
        "photoId": 3747529,
        "placeTaken": "Hamburg Bubendey-Ufer",
        "takenAt": 1577539680,
        "copyright": "Oliver Boltz",
        "description": null,
        "asset": {
            "id": 159196,
            "type": "Cargo",
            "name": "EMMA MAERSK"
        },
        "rating": {
            "voteAverage": 0,
            "voteCounter": 0
        },
        "url": "https://images.marinetraffic.com/collection/3747529.webp?size=800"
    },
    {
        "photoId": 3747528,
        "placeTaken": "Hamburg Bubendey-Ufer",
        "takenAt": 1577537700,
        "copyright": "Oliver Boltz",
        "description": null,
        "asset": {
            "id": 159196,
            "type": "Cargo",
            "name": "EMMA MAERSK"
        },
        "rating": {
            "voteAverage": 0,
            "voteCounter": 0
        },
        "url": "https://images.marinetraffic.com/collection/3747528.webp?size=800"
    },
    {
        "photoId": 3745191,
        "placeTaken": "Hamburg- Wittenbergen",
        "takenAt": 1577538720,
        "copyright": "Hartmut Brockmueller",
        "description": null,
        "asset": {
            "id": 159196,
            "type": "Cargo",
            "name": "EMMA MAERSK"
        },
        "rating": {
            "voteAverage": 5,
            "voteCounter": 11
        },
        "url": "https://images.marinetraffic.com/collection/3745191.webp?size=800"
    },
    {
        "photoId": 3745190,
        "placeTaken": "Hamburg- Wittenbergen",
        "takenAt": 1577538540,
        "copyright": "Hartmut Brockmueller",
        "description": null,
        "asset": {
            "id": 159196,
            "type": "Cargo",
            "name": "EMMA MAERSK"
        },
        "rating": {
            "voteAverage": 5,
            "voteCounter": 15
        },
        "url": "https://images.marinetraffic.com/collection/3745190.webp?size=800"
    },
    {
        "photoId": 3743678,
        "placeTaken": "Hamburg, Waltershof",
        "takenAt": 1577360940,
        "copyright": "Oliver Boltz",
        "description": null,
        "asset": {
            "id": 159196,
            "type": "Cargo",
            "name": "EMMA MAERSK"
        },
        "rating": {
            "voteAverage": 0,
            "voteCounter": 0
        },
        "url": "https://images.marinetraffic.com/collection/3743678.webp?size=800"
    },
    {
        "photoId": 3701910,
        "placeTaken": "Brest",
        "takenAt": 1455657960,
        "copyright": "Jacques Simon",
        "description": "Chantier Damen",
        "asset": {
            "id": 159196,
            "type": "Cargo",
            "name": "EMMA MAERSK"
        },
        "rating": {
            "voteAverage": 5,
            "voteCounter": 4
        },
        "url": "https://images.marinetraffic.com/collection/3701910.webp?size=800"
    },
    {
        "photoId": 3682419,
        "placeTaken": null,
        "takenAt": 1570003680,
        "copyright": "Frank Tribull",
        "description": "EMMA MAERSK am 02.10.2019 aufgenommen bei Hamburg-Finkenwerder H\u00f6he R\u00fcschpark",
        "asset": {
            "id": 159196,
            "type": "Cargo",
            "name": "EMMA MAERSK"
        },
        "rating": {
            "voteAverage": 5,
            "voteCounter": 1
        },
        "url": "https://images.marinetraffic.com/collection/3682419.webp?size=800"
    },
    {
        "photoId": 3636661,
        "placeTaken": "Ningbo",
        "takenAt": 1559667120,
        "copyright": "Sergii Moisov",
        "description": null,
        "asset": {
            "id": 159196,
            "type": "Cargo",
            "name": "EMMA MAERSK"
        },
        "rating": {
            "voteAverage": 0,
            "voteCounter": 0
        },
        "url": "https://images.marinetraffic.com/collection/3636661.webp?size=800"
    },
    {
        "photoId": 3570998,
        "placeTaken": "Le Havre",
        "takenAt": 1563633900,
        "copyright": "Jo",
        "description": null,
        "asset": {
            "id": 159196,
            "type": "Cargo",
            "name": "EMMA MAERSK"
        },
        "rating": {
            "voteAverage": 0,
            "voteCounter": 0
        },
        "url": "https://images.marinetraffic.com/collection/3570998.webp?size=800"
    },
    {
        "photoId": 3561030,
        "placeTaken": "Vlissingen",
        "takenAt": 1563038880,
        "copyright": "W.J.M. Uytterhoeven",
        "description": null,
        "asset": {
            "id": 159196,
            "type": "Cargo",
            "name": "EMMA MAERSK"
        },
        "rating": {
            "voteAverage": 0,
            "voteCounter": 0
        },
        "url": "https://images.marinetraffic.com/collection/3561030.webp?size=800"
    },
    {
        "photoId": 3561029,
        "placeTaken": "Vlissingen",
        "takenAt": 1563039240,
        "copyright": "W.J.M. Uytterhoeven",
        "description": "Destination Antwerp",
        "asset": {
            "id": 159196,
            "type": "Cargo",
            "name": "EMMA MAERSK"
        },
        "rating": {
            "voteAverage": 0,
            "voteCounter": 0
        },
        "url": "https://images.marinetraffic.com/collection/3561029.webp?size=800"
    },
    {
        "photoId": 3558787,
        "placeTaken": "Teufelsbrck",
        "takenAt": 1562710620,
        "copyright": "Buero Boreal",
        "description": null,
        "asset": {
            "id": 159196,
            "type": "Cargo",
            "name": "EMMA MAERSK"
        },
        "rating": {
            "voteAverage": 0,
            "voteCounter": 0
        },
        "url": "https://images.marinetraffic.com/collection/3558787.webp?size=800"
    },
    {
        "photoId": 3512801,
        "placeTaken": "Algeciras Port",
        "takenAt": 1556737260,
        "copyright": "Sophian Lerouech",
        "description": null,
        "asset": {
            "id": 159196,
            "type": "Cargo",
            "name": "EMMA MAERSK"
        },
        "rating": {
            "voteAverage": 5,
            "voteCounter": 1
        },
        "url": "https://images.marinetraffic.com/collection/3512801.webp?size=800"
    },
    {
        "photoId": 3466574,
        "placeTaken": "Off Almeria",
        "takenAt": 1555257540,
        "copyright": "Huw Gibby",
        "description": null,
        "asset": {
            "id": 159196,
            "type": "Cargo",
            "name": "EMMA MAERSK"
        },
        "rating": {
            "voteAverage": 5,
            "voteCounter": 1
        },
        "url": "https://images.marinetraffic.com/collection/3466574.webp?size=800"
    },
    {
        "photoId": 3405317,
        "placeTaken": "Suez Canal Northbound",
        "takenAt": 1548156780,
        "copyright": "John Fallows",
        "description": null,
        "asset": {
            "id": 159196,
            "type": "Cargo",
            "name": "EMMA MAERSK"
        },
        "rating": {
            "voteAverage": 5,
            "voteCounter": 3
        },
        "url": "https://images.marinetraffic.com/collection/3405317.webp?size=800"
    },
    {
        "photoId": 3384673,
        "placeTaken": "Felixstowe",
        "takenAt": 1549374900,
        "copyright": "paul hiett",
        "description": null,
        "asset": {
            "id": 159196,
            "type": "Cargo",
            "name": "EMMA MAERSK"
        },
        "rating": {
            "voteAverage": 5,
            "voteCounter": 2
        },
        "url": "https://images.marinetraffic.com/collection/3384673.webp?size=800"
    },
    {
        "photoId": 3381825,
        "placeTaken": "Panoramaweg Breskens",
        "takenAt": 1549727040,
        "copyright": "W.J.M. Uytterhoeven",
        "description": null,
        "asset": {
            "id": 159196,
            "type": "Cargo",
            "name": "EMMA MAERSK"
        },
        "rating": {
            "voteAverage": 0,
            "voteCounter": 0
        },
        "url": "https://images.marinetraffic.com/collection/3381825.webp?size=800"
    },
    {
        "photoId": 3381824,
        "placeTaken": "Panoramaweg Breskens",
        "takenAt": 1549727280,
        "copyright": "W.J.M. Uytterhoeven",
        "description": "Bestemming Rotterdam",
        "asset": {
            "id": 159196,
            "type": "Cargo",
            "name": "EMMA MAERSK"
        },
        "rating": {
            "voteAverage": 0,
            "voteCounter": 0
        },
        "url": "https://images.marinetraffic.com/collection/3381824.webp?size=800"
    },
    {
        "photoId": 3368250,
        "placeTaken": "Hansweert, Westerschelde",
        "takenAt": 1491850800,
        "copyright": "Jos Hoogesteger",
        "description": "The Emma Maersk on her voyage from Antwerp, Belgium",
        "asset": {
            "id": 159196,
            "type": "Cargo",
            "name": "EMMA MAERSK"
        },
        "rating": {
            "voteAverage": 5,
            "voteCounter": 2
        },
        "url": "https://images.marinetraffic.com/collection/3368250.webp?size=800"
    },
    {
        "photoId": 3368249,
        "placeTaken": "Hansweert, Westerschelde",
        "takenAt": 1491850800,
        "copyright": "Jos Hoogesteger",
        "description": "The Emma Maersk on her voyage from Antwerp, Belgium",
        "asset": {
            "id": 159196,
            "type": "Cargo",
            "name": "EMMA MAERSK"
        },
        "rating": {
            "voteAverage": 5,
            "voteCounter": 2
        },
        "url": "https://images.marinetraffic.com/collection/3368249.webp?size=800"
    }
]