[
    {
        "photoId": 4905246,
        "placeTaken": "Burriana",
        "takenAt": 1668445620,
        "copyright": "marc van oers",
        "description": null,
        "asset": {
            "id": 130235,
            "type": "Cargo",
            "name": "HUMANITY 1"
        },
        "rating": {
            "voteAverage": 0,
            "voteCounter": 0
        },
        "url": "https://images.marinetraffic.com/collection/4905246.webp?size=800"
    },
    {
        "photoId": 4742342,
        "placeTaken": "Vinaros",
        "takenAt": 1657347660,
        "copyright": "Alfredo Ruiz",
        "description": null,
        "asset": {
            "id": 130235,
            "type": "Cargo",
            "name": "SEA WATCH 4"
        },
        "rating": {
            "voteAverage": 0,
            "voteCounter": 0
        },
        "url": "https://images.marinetraffic.com/collection/4742342.webp?size=800"
    },
    {
        "photoId": 4734477,
        "placeTaken": "Kieler Foerde",
        "takenAt": 1533931740,
        "copyright": "Andreas Degner",
        "description": null,
        "asset": {
            "id": 130235,
            "type": "Cargo",
            "name": "SEA WATCH 4"
        },
        "rating": {
            "voteAverage": 5,
            "voteCounter": 1
        },
        "url": "https://images.marinetraffic.com/collection/4734477.webp?size=800"
    },
    {
        "photoId": 4734476,
        "placeTaken": "Kieler Foerde",
        "takenAt": 1443430440,
        "copyright": "Andreas Degner",
        "description": null,
        "asset": {
            "id": 130235,
            "type": "Cargo",
            "name": "SEA WATCH 4"
        },
        "rating": {
            "voteAverage": 5,
            "voteCounter": 2
        },
        "url": "https://images.marinetraffic.com/collection/4734476.webp?size=800"
    },
    {
        "photoId": 4734472,
        "placeTaken": "Kieler Foerde",
        "takenAt": 1443430380,
        "copyright": "Andreas Degner",
        "description": null,
        "asset": {
            "id": 130235,
            "type": "Cargo",
            "name": "SEA WATCH 4"
        },
        "rating": {
            "voteAverage": 5,
            "voteCounter": 1
        },
        "url": "https://images.marinetraffic.com/collection/4734472.webp?size=800"
    },
    {
        "photoId": 4572044,
        "placeTaken": null,
        "takenAt": 1644658140,
        "copyright": "Joan Pla",
        "description": null,
        "asset": {
            "id": 130235,
            "type": "Cargo",
            "name": "SEA WATCH 4"
        },
        "rating": {
            "voteAverage": 0,
            "voteCounter": 0
        },
        "url": "https://images.marinetraffic.com/collection/4572044.webp?size=800"
    },
    {
        "photoId": 4567709,
        "placeTaken": "NOK-Kreishafen Rendsburg",
        "takenAt": 1582552140,
        "copyright": "Hans-Peter Schroeder",
        "description": "Die Poseidon im Nord-Ostsee-Kanal unter der Eisenbahnhochbr\u00fccke Rendsburg auf der Reise ins Mittelmeer, vier Tage nach ihrer Umbennung zur Sea-Watch 4 und ca. 1 Monat nach dem Erwerb durch Sea-Watch e.V.",
        "asset": {
            "id": 130235,
            "type": "Cargo",
            "name": "SEA WATCH 4"
        },
        "rating": {
            "voteAverage": 5,
            "voteCounter": 18
        },
        "url": "https://images.marinetraffic.com/collection/4567709.webp?size=800"
    },
    {
        "photoId": 4397992,
        "placeTaken": "Trapani Port",
        "takenAt": 1629883920,
        "copyright": "Massimiliano Daga",
        "description": "At the dock in Trapani",
        "asset": {
            "id": 130235,
            "type": "Cargo",
            "name": "SEA WATCH 4"
        },
        "rating": {
            "voteAverage": 0,
            "voteCounter": 0
        },
        "url": "https://images.marinetraffic.com/collection/4397992.webp?size=800"
    },
    {
        "photoId": 4255526,
        "placeTaken": "Trapani",
        "takenAt": 1620143340,
        "copyright": "Alessio Tricani",
        "description": null,
        "asset": {
            "id": 130235,
            "type": "Cargo",
            "name": "SEA WATCH 4"
        },
        "rating": {
            "voteAverage": 0,
            "voteCounter": 0
        },
        "url": "https://images.marinetraffic.com/collection/4255526.webp?size=800"
    },
    {
        "photoId": 4203801,
        "placeTaken": "Burriana",
        "takenAt": 1615818600,
        "copyright": "Manuel Hern\u00e1ndez",
        "description": null,
        "asset": {
            "id": 130235,
            "type": "Cargo",
            "name": "SEA WATCH 4"
        },
        "rating": {
            "voteAverage": 5,
            "voteCounter": 1
        },
        "url": "https://images.marinetraffic.com/collection/4203801.webp?size=800"
    },
    {
        "photoId": 4203800,
        "placeTaken": "Burriana",
        "takenAt": 1615817880,
        "copyright": "Manuel Hern\u00e1ndez",
        "description": null,
        "asset": {
            "id": 130235,
            "type": "Cargo",
            "name": "SEA WATCH 4"
        },
        "rating": {
            "voteAverage": 5,
            "voteCounter": 1
        },
        "url": "https://images.marinetraffic.com/collection/4203800.webp?size=800"
    },
    {
        "photoId": 4061111,
        "placeTaken": null,
        "takenAt": 1602947580,
        "copyright": "Alberto Piacentini",
        "description": null,
        "asset": {
            "id": 130235,
            "type": "Cargo",
            "name": "SEA WATCH 4"
        },
        "rating": {
            "voteAverage": 1,
            "voteCounter": 1
        },
        "url": "https://images.marinetraffic.com/collection/4061111.webp?size=800"
    },
    {
        "photoId": 4029388,
        "placeTaken": null,
        "takenAt": 1600433760,
        "copyright": "Giovan Battista Paviera",
        "description": null,
        "asset": {
            "id": 130235,
            "type": "Cargo",
            "name": "SEA WATCH 4"
        },
        "rating": {
            "voteAverage": 5,
            "voteCounter": 1
        },
        "url": "https://images.marinetraffic.com/collection/4029388.webp?size=800"
    },
    {
        "photoId": 3804259,
        "placeTaken": "NOK Kiel Holtenau",
        "takenAt": 1582538940,
        "copyright": "Manfred Sesemann",
        "description": "The research vessel POSEIDON began its voyage into the Mediterranean Sea on 24.02.2020, having previously been christened SEA WATCH 4. There the ship is to be used as a refugee rescue ship. The new name will not be on the ship until April.",
        "asset": {
            "id": 130235,
            "type": "Special Craft",
            "name": "POSEIDON"
        },
        "rating": {
            "voteAverage": 0,
            "voteCounter": 0
        },
        "url": "https://images.marinetraffic.com/collection/3804259.webp?size=800"
    },
    {
        "photoId": 3804257,
        "placeTaken": "NOK Kiel Holtenau",
        "takenAt": 1582538640,
        "copyright": "Manfred Sesemann",
        "description": "The research vessel POSEIDON began its voyage into the Mediterranean Sea on 24.02.2020, having previously been christened SEA WATCH 4. There the ship is to be used as a refugee rescue ship. The new name will not be on the ship until April.",
        "asset": {
            "id": 130235,
            "type": "Special Craft",
            "name": "POSEIDON"
        },
        "rating": {
            "voteAverage": 5,
            "voteCounter": 2
        },
        "url": "https://images.marinetraffic.com/collection/3804257.webp?size=800"
    },
    {
        "photoId": 3804256,
        "placeTaken": "NOK Kiel Holtenau",
        "takenAt": 1582538580,
        "copyright": "Manfred Sesemann",
        "description": "The research vessel POSEIDON began its voyage into the Mediterranean Sea on 24.02.2020, having previously been christened SEA WATCH 4. There the ship is to be used as a refugee rescue ship. The new name will not be on the ship until April.",
        "asset": {
            "id": 130235,
            "type": "Special Craft",
            "name": "POSEIDON"
        },
        "rating": {
            "voteAverage": 0,
            "voteCounter": 0
        },
        "url": "https://images.marinetraffic.com/collection/3804256.webp?size=800"
    },
    {
        "photoId": 3730808,
        "placeTaken": "MALAGA",
        "takenAt": 1575537540,
        "copyright": "F.YBANCOS",
        "description": null,
        "asset": {
            "id": 130235,
            "type": "Special Craft",
            "name": "POSEIDON"
        },
        "rating": {
            "voteAverage": 0,
            "voteCounter": 0
        },
        "url": "https://images.marinetraffic.com/collection/3730808.webp?size=800"
    },
    {
        "photoId": 3419743,
        "placeTaken": "Porto do Funchal, Madeira Island ",
        "takenAt": 1553015880,
        "copyright": "Rodrigo Freitas",
        "description": null,
        "asset": {
            "id": 130235,
            "type": "Special Craft",
            "name": "POSEIDON"
        },
        "rating": {
            "voteAverage": 0,
            "voteCounter": 0
        },
        "url": "https://images.marinetraffic.com/collection/3419743.webp?size=800"
    },
    {
        "photoId": 3419742,
        "placeTaken": "Porto do Funchal, Madeira Island ",
        "takenAt": 1553015880,
        "copyright": "Rodrigo Freitas",
        "description": null,
        "asset": {
            "id": 130235,
            "type": "Special Craft",
            "name": "POSEIDON"
        },
        "rating": {
            "voteAverage": 0,
            "voteCounter": 0
        },
        "url": "https://images.marinetraffic.com/collection/3419742.webp?size=800"
    },
    {
        "photoId": 3419730,
        "placeTaken": "Porto do Funchal, Madeira Island ",
        "takenAt": 1553017320,
        "copyright": "Rodrigo Freitas",
        "description": null,
        "asset": {
            "id": 130235,
            "type": "Special Craft",
            "name": "POSEIDON"
        },
        "rating": {
            "voteAverage": 0,
            "voteCounter": 0
        },
        "url": "https://images.marinetraffic.com/collection/3419730.webp?size=800"
    }
]