[
    {
        "photoId": 3136432,
        "placeTaken": "Rotterdam Maasmond",
        "takenAt": 1527008100,
        "copyright": "Kick van den Dool",
        "description": null,
        "asset": {
            "id": 182009,
            "type": "Cargo",
            "name": "HELGAFELL"
        },
        "rating": {
            "voteAverage": 0,
            "voteCounter": 0
        },
        "url": "https://images.marinetraffic.com/collection/3136432.webp?size=800"
    },
    {
        "photoId": 3136428,
        "placeTaken": "Rotterdam Maasmond",
        "takenAt": 1527008160,
        "copyright": "Kick van den Dool",
        "description": null,
        "asset": {
            "id": 182009,
            "type": "Cargo",
            "name": "HELGAFELL"
        },
        "rating": {
            "voteAverage": 0,
            "voteCounter": 0
        },
        "url": "https://images.marinetraffic.com/collection/3136428.webp?size=800"
    },
    {
        "photoId": 3134174,
        "placeTaken": "Cuxhaven, Jachthafen",
        "takenAt": 1529532660,
        "copyright": "Horst Cierullies",
        "description": null,
        "asset": {
            "id": 182009,
            "type": "Cargo",
            "name": "HELGAFELL"
        },
        "rating": {
            "voteAverage": 5,
            "voteCounter": 3
        },
        "url": "https://images.marinetraffic.com/collection/3134174.webp?size=800"
    },
    {
        "photoId": 3130325,
        "placeTaken": "nieuwe maas Pernis",
        "takenAt": 1529411220,
        "copyright": "Jan Scheurwater",
        "description": null,
        "asset": {
            "id": 182009,
            "type": "Cargo",
            "name": "HELGAFELL"
        },
        "rating": {
            "voteAverage": 0,
            "voteCounter": 0
        },
        "url": "https://images.marinetraffic.com/collection/3130325.webp?size=800"
    },
    {
        "photoId": 3113272,
        "placeTaken": "Rotterdam Europoort",
        "takenAt": 1471958580,
        "copyright": "Arjan Elmendorp",
        "description": "Inbound",
        "asset": {
            "id": 182009,
            "type": "Cargo",
            "name": "HELGAFELL"
        },
        "rating": {
            "voteAverage": 0,
            "voteCounter": 0
        },
        "url": "https://images.marinetraffic.com/collection/3113272.webp?size=800"
    },
    {
        "photoId": 3092664,
        "placeTaken": "Hook of Holland",
        "takenAt": 1404335520,
        "copyright": "John Pitcher",
        "description": null,
        "asset": {
            "id": 182009,
            "type": "Cargo",
            "name": "HELGAFELL"
        },
        "rating": {
            "voteAverage": 0,
            "voteCounter": 0
        },
        "url": "https://images.marinetraffic.com/collection/3092664.webp?size=800"
    },
    {
        "photoId": 3054041,
        "placeTaken": "Kiel-Suchsdorf Kiel Canal",
        "takenAt": 1373539920,
        "copyright": "Bjarne Wendt",
        "description": null,
        "asset": {
            "id": 182009,
            "type": "Cargo",
            "name": "HELGAFELL"
        },
        "rating": {
            "voteAverage": 0,
            "voteCounter": 0
        },
        "url": "https://images.marinetraffic.com/collection/3054041.webp?size=800"
    },
    {
        "photoId": 3017600,
        "placeTaken": "New Waterway, Netherlands",
        "takenAt": 1276672740,
        "copyright": "Tony Hogwood",
        "description": null,
        "asset": {
            "id": 182009,
            "type": "Cargo",
            "name": "HELGAFELL"
        },
        "rating": {
            "voteAverage": 0,
            "voteCounter": 0
        },
        "url": "https://images.marinetraffic.com/collection/3017600.webp?size=800"
    },
    {
        "photoId": 3017599,
        "placeTaken": "New Waterway, Netherlands",
        "takenAt": 1276672680,
        "copyright": "Tony Hogwood",
        "description": null,
        "asset": {
            "id": 182009,
            "type": "Cargo",
            "name": "HELGAFELL"
        },
        "rating": {
            "voteAverage": 5,
            "voteCounter": 1
        },
        "url": "https://images.marinetraffic.com/collection/3017599.webp?size=800"
    },
    {
        "photoId": 2990735,
        "placeTaken": null,
        "takenAt": 1518792660,
        "copyright": "Holger Voss",
        "description": null,
        "asset": {
            "id": 182009,
            "type": "Cargo",
            "name": "HELGAFELL"
        },
        "rating": {
            "voteAverage": 0,
            "voteCounter": 0
        },
        "url": "https://images.marinetraffic.com/collection/2990735.webp?size=800"
    },
    {
        "photoId": 2978833,
        "placeTaken": "NOK - Holtenau-Kiel",
        "takenAt": 1517647320,
        "copyright": "Peter aus Holtenau",
        "description": null,
        "asset": {
            "id": 182009,
            "type": "Cargo",
            "name": "HELGAFELL"
        },
        "rating": {
            "voteAverage": 5,
            "voteCounter": 2
        },
        "url": "https://images.marinetraffic.com/collection/2978833.webp?size=800"
    },
    {
        "photoId": 2966366,
        "placeTaken": "Nieuwe Waterweg/ Maassluis",
        "takenAt": 1516371060,
        "copyright": "Monique Davis-Mulder",
        "description": null,
        "asset": {
            "id": 182009,
            "type": "Cargo",
            "name": "HELGAFELL"
        },
        "rating": {
            "voteAverage": 0,
            "voteCounter": 0
        },
        "url": "https://images.marinetraffic.com/collection/2966366.webp?size=800"
    },
    {
        "photoId": 2926520,
        "placeTaken": null,
        "takenAt": 1502979420,
        "copyright": "Nils Junge",
        "description": null,
        "asset": {
            "id": 182009,
            "type": "Cargo",
            "name": "HELGAFELL"
        },
        "rating": {
            "voteAverage": 5,
            "voteCounter": 7
        },
        "url": "https://images.marinetraffic.com/collection/2926520.webp?size=800"
    },
    {
        "photoId": 2826194,
        "placeTaken": "Aarhus havn",
        "takenAt": 1504282920,
        "copyright": "Rasmus Grube",
        "description": null,
        "asset": {
            "id": 182009,
            "type": "Cargo",
            "name": "HELGAFELL"
        },
        "rating": {
            "voteAverage": 0,
            "voteCounter": 0
        },
        "url": "https://images.marinetraffic.com/collection/2826194.webp?size=800"
    },
    {
        "photoId": 2826186,
        "placeTaken": "Aarhus havn",
        "takenAt": 1504283400,
        "copyright": "Rasmus Grube",
        "description": null,
        "asset": {
            "id": 182009,
            "type": "Cargo",
            "name": "HELGAFELL"
        },
        "rating": {
            "voteAverage": 0,
            "voteCounter": 0
        },
        "url": "https://images.marinetraffic.com/collection/2826186.webp?size=800"
    },
    {
        "photoId": 2809963,
        "placeTaken": "Aarhus Port",
        "takenAt": 1503065280,
        "copyright": "Per Pedersen",
        "description": null,
        "asset": {
            "id": 182009,
            "type": "Cargo",
            "name": "HELGAFELL"
        },
        "rating": {
            "voteAverage": 0,
            "voteCounter": 0
        },
        "url": "https://images.marinetraffic.com/collection/2809963.webp?size=800"
    },
    {
        "photoId": 2807375,
        "placeTaken": "Sehestedt am NOK",
        "takenAt": 1502985300,
        "copyright": "Helmut Ivers",
        "description": null,
        "asset": {
            "id": 182009,
            "type": "Cargo",
            "name": "HELGAFELL"
        },
        "rating": {
            "voteAverage": 0,
            "voteCounter": 0
        },
        "url": "https://images.marinetraffic.com/collection/2807375.webp?size=800"
    },
    {
        "photoId": 2803054,
        "placeTaken": "Elbe",
        "takenAt": 1499344680,
        "copyright": "Helmut Seger",
        "description": null,
        "asset": {
            "id": 182009,
            "type": "Cargo",
            "name": "HELGAFELL"
        },
        "rating": {
            "voteAverage": 0,
            "voteCounter": 0
        },
        "url": "https://images.marinetraffic.com/collection/2803054.webp?size=800"
    },
    {
        "photoId": 2803053,
        "placeTaken": "Elbe",
        "takenAt": 1499344680,
        "copyright": "Helmut Seger",
        "description": null,
        "asset": {
            "id": 182009,
            "type": "Cargo",
            "name": "HELGAFELL"
        },
        "rating": {
            "voteAverage": 0,
            "voteCounter": 0
        },
        "url": "https://images.marinetraffic.com/collection/2803053.webp?size=800"
    },
    {
        "photoId": 2802286,
        "placeTaken": "Kiel Canal",
        "takenAt": 1496916540,
        "copyright": "Huw Gibby",
        "description": null,
        "asset": {
            "id": 182009,
            "type": "Cargo",
            "name": "HELGAFELL"
        },
        "rating": {
            "voteAverage": 0,
            "voteCounter": 0
        },
        "url": "https://images.marinetraffic.com/collection/2802286.webp?size=800"
    }
]