[
    {
        "photoId": 3933013,
        "placeTaken": "River Trave Luebeck  DE LBC",
        "takenAt": 1593610080,
        "copyright": "Arno Bruegmann",
        "description": null,
        "asset": {
            "id": 132925,
            "type": "Cargo",
            "name": "CONTAINERSHIPS VI"
        },
        "rating": {
            "voteAverage": 0,
            "voteCounter": 0
        },
        "url": "https://images.marinetraffic.com/collection/3933013.webp?size=800"
    },
    {
        "photoId": 3933012,
        "placeTaken": "River Trave Luebeck  DE LBC",
        "takenAt": 1593609960,
        "copyright": "Arno Bruegmann",
        "description": null,
        "asset": {
            "id": 132925,
            "type": "Cargo",
            "name": "CONTAINERSHIPS VI"
        },
        "rating": {
            "voteAverage": 0,
            "voteCounter": 0
        },
        "url": "https://images.marinetraffic.com/collection/3933012.webp?size=800"
    },
    {
        "photoId": 3933011,
        "placeTaken": "River Trave Luebeck  DE LBC",
        "takenAt": 1593609960,
        "copyright": "Arno Bruegmann",
        "description": null,
        "asset": {
            "id": 132925,
            "type": "Cargo",
            "name": "CONTAINERSHIPS VI"
        },
        "rating": {
            "voteAverage": 5,
            "voteCounter": 2
        },
        "url": "https://images.marinetraffic.com/collection/3933011.webp?size=800"
    },
    {
        "photoId": 3888551,
        "placeTaken": "Breeddiep.",
        "takenAt": 1588863300,
        "copyright": "Ed Kaas",
        "description": null,
        "asset": {
            "id": 132925,
            "type": "Cargo",
            "name": "CONTAINERSHIPS VI"
        },
        "rating": {
            "voteAverage": 5,
            "voteCounter": 1
        },
        "url": "https://images.marinetraffic.com/collection/3888551.webp?size=800"
    },
    {
        "photoId": 3883124,
        "placeTaken": "Rotterdam - Nieuwe Maas",
        "takenAt": 1588963860,
        "copyright": "cmp klink",
        "description": null,
        "asset": {
            "id": 132925,
            "type": "Cargo",
            "name": "CONTAINERSHIPS VI"
        },
        "rating": {
            "voteAverage": 0,
            "voteCounter": 0
        },
        "url": "https://images.marinetraffic.com/collection/3883124.webp?size=800"
    },
    {
        "photoId": 3867200,
        "placeTaken": "Botlek Rotterdam",
        "takenAt": 1588865040,
        "copyright": "Peter Grashoff",
        "description": "Incoming by Hoek van Holland on his way to Rotterdam",
        "asset": {
            "id": 132925,
            "type": "Cargo",
            "name": "CONTAINERSHIPS VI"
        },
        "rating": {
            "voteAverage": 0,
            "voteCounter": 0
        },
        "url": "https://images.marinetraffic.com/collection/3867200.webp?size=800"
    },
    {
        "photoId": 3866103,
        "placeTaken": "Europoort Rotterdam",
        "takenAt": 1588864980,
        "copyright": "Peter Grashoff",
        "description": "Incoming by Hoek van Holland",
        "asset": {
            "id": 132925,
            "type": "Cargo",
            "name": "CONTAINERSHIPS VI"
        },
        "rating": {
            "voteAverage": 0,
            "voteCounter": 0
        },
        "url": "https://images.marinetraffic.com/collection/3866103.webp?size=800"
    },
    {
        "photoId": 3860268,
        "placeTaken": "Kieler Foerde",
        "takenAt": 1586362020,
        "copyright": "Manfred Sesemann",
        "description": null,
        "asset": {
            "id": 132925,
            "type": "Cargo",
            "name": "CONTAINERSHIPS VI"
        },
        "rating": {
            "voteAverage": 5,
            "voteCounter": 1
        },
        "url": "https://images.marinetraffic.com/collection/3860268.webp?size=800"
    },
    {
        "photoId": 3842407,
        "placeTaken": "Hoek van Holland",
        "takenAt": 1586279280,
        "copyright": "cmp klink",
        "description": null,
        "asset": {
            "id": 132925,
            "type": "Cargo",
            "name": "CONTAINERSHIPS VI"
        },
        "rating": {
            "voteAverage": 0,
            "voteCounter": 0
        },
        "url": "https://images.marinetraffic.com/collection/3842407.webp?size=800"
    },
    {
        "photoId": 3842252,
        "placeTaken": "NOK-Weiche Breiholz",
        "takenAt": 1586350980,
        "copyright": "Hans-Peter Schroeder",
        "description": null,
        "asset": {
            "id": 132925,
            "type": "Cargo",
            "name": "CONTAINERSHIPS VI"
        },
        "rating": {
            "voteAverage": 5,
            "voteCounter": 17
        },
        "url": "https://images.marinetraffic.com/collection/3842252.webp?size=800"
    },
    {
        "photoId": 3842251,
        "placeTaken": "NOK-Weiche Breiholz",
        "takenAt": 1586351220,
        "copyright": "Hans-Peter Schroeder",
        "description": null,
        "asset": {
            "id": 132925,
            "type": "Cargo",
            "name": "CONTAINERSHIPS VI"
        },
        "rating": {
            "voteAverage": 5,
            "voteCounter": 21
        },
        "url": "https://images.marinetraffic.com/collection/3842251.webp?size=800"
    },
    {
        "photoId": 3824409,
        "placeTaken": "Tees dock",
        "takenAt": 1585160640,
        "copyright": "aaron jackson",
        "description": "Seen coming into Tees dockage 25320 ",
        "asset": {
            "id": 132925,
            "type": "Cargo",
            "name": "CONTAINERSHIPS VI"
        },
        "rating": {
            "voteAverage": 0,
            "voteCounter": 0
        },
        "url": "https://images.marinetraffic.com/collection/3824409.webp?size=800"
    },
    {
        "photoId": 3815277,
        "placeTaken": "Rozenburg",
        "takenAt": 1584450180,
        "copyright": "Henk Jungerius",
        "description": "Nieuwe Waterweg bij Rozenburg",
        "asset": {
            "id": 132925,
            "type": "Cargo",
            "name": "CONTAINERSHIPS VI"
        },
        "rating": {
            "voteAverage": 0,
            "voteCounter": 0
        },
        "url": "https://images.marinetraffic.com/collection/3815277.webp?size=800"
    },
    {
        "photoId": 3815276,
        "placeTaken": "Rozenburg",
        "takenAt": 1584449940,
        "copyright": "Henk Jungerius",
        "description": "Nieuwe Waterweg bij Rozenburg",
        "asset": {
            "id": 132925,
            "type": "Cargo",
            "name": "CONTAINERSHIPS VI"
        },
        "rating": {
            "voteAverage": 5,
            "voteCounter": 2
        },
        "url": "https://images.marinetraffic.com/collection/3815276.webp?size=800"
    },
    {
        "photoId": 3783073,
        "placeTaken": "MAASSLUIS, Het Scheur, NL ",
        "takenAt": 1580820240,
        "copyright": "RIA MAAT",
        "description": null,
        "asset": {
            "id": 132925,
            "type": "Cargo",
            "name": "CONTAINERSHIPS VI"
        },
        "rating": {
            "voteAverage": 0,
            "voteCounter": 0
        },
        "url": "https://images.marinetraffic.com/collection/3783073.webp?size=800"
    },
    {
        "photoId": 3752432,
        "placeTaken": "Nieuwe Waterweg Rotterdam.",
        "takenAt": 1376038200,
        "copyright": "Ed Kaas",
        "description": null,
        "asset": {
            "id": 132925,
            "type": "Cargo",
            "name": "CONTAINERSHIPS VI"
        },
        "rating": {
            "voteAverage": 5,
            "voteCounter": 2
        },
        "url": "https://images.marinetraffic.com/collection/3752432.webp?size=800"
    },
    {
        "photoId": 3751462,
        "placeTaken": null,
        "takenAt": 1578158040,
        "copyright": "Joni Uotila",
        "description": null,
        "asset": {
            "id": 132925,
            "type": "Cargo",
            "name": "CONTAINERSHIPS VI"
        },
        "rating": {
            "voteAverage": 0,
            "voteCounter": 0
        },
        "url": "https://images.marinetraffic.com/collection/3751462.webp?size=800"
    },
    {
        "photoId": 3751461,
        "placeTaken": null,
        "takenAt": 1578157980,
        "copyright": "Joni Uotila",
        "description": null,
        "asset": {
            "id": 132925,
            "type": "Cargo",
            "name": "CONTAINERSHIPS VI"
        },
        "rating": {
            "voteAverage": 0,
            "voteCounter": 0
        },
        "url": "https://images.marinetraffic.com/collection/3751461.webp?size=800"
    },
    {
        "photoId": 3750500,
        "placeTaken": "Maasvlakte, Rotterdam NL",
        "takenAt": 1561130040,
        "copyright": "FBN Raiger",
        "description": "Maasvlakte, Rotterdam NL",
        "asset": {
            "id": 132925,
            "type": "Cargo",
            "name": "CONTAINERSHIPS VI"
        },
        "rating": {
            "voteAverage": 5,
            "voteCounter": 33
        },
        "url": "https://images.marinetraffic.com/collection/3750500.webp?size=800"
    },
    {
        "photoId": 3747837,
        "placeTaken": "Port of Hamburg",
        "takenAt": 1565006700,
        "copyright": "Karl Heinz Iwannek",
        "description": null,
        "asset": {
            "id": 132925,
            "type": "Cargo",
            "name": "CONTAINERSHIPS VI"
        },
        "rating": {
            "voteAverage": 0,
            "voteCounter": 0
        },
        "url": "https://images.marinetraffic.com/collection/3747837.webp?size=800"
    }
]