[
    {
        "photoId": 3736985,
        "placeTaken": "Kiel Canal",
        "takenAt": 1576594200,
        "copyright": "Helge Massmann",
        "description": null,
        "asset": {
            "id": 132925,
            "type": "Cargo",
            "name": "CONTAINERSHIPS VI"
        },
        "rating": {
            "voteAverage": 5,
            "voteCounter": 14
        },
        "url": "https://images.marinetraffic.com/collection/3736985.webp?size=800"
    },
    {
        "photoId": 3736981,
        "placeTaken": "Kiel Canal",
        "takenAt": 1576594260,
        "copyright": "Helge Massmann",
        "description": null,
        "asset": {
            "id": 132925,
            "type": "Cargo",
            "name": "CONTAINERSHIPS VI"
        },
        "rating": {
            "voteAverage": 5,
            "voteCounter": 5
        },
        "url": "https://images.marinetraffic.com/collection/3736981.webp?size=800"
    },
    {
        "photoId": 3736973,
        "placeTaken": "Kiel Canal",
        "takenAt": 1576594380,
        "copyright": "Helge Massmann",
        "description": null,
        "asset": {
            "id": 132925,
            "type": "Cargo",
            "name": "CONTAINERSHIPS VI"
        },
        "rating": {
            "voteAverage": 5,
            "voteCounter": 3
        },
        "url": "https://images.marinetraffic.com/collection/3736973.webp?size=800"
    },
    {
        "photoId": 3735438,
        "placeTaken": "Hoek van Holland",
        "takenAt": 1576337280,
        "copyright": "paul gerdes",
        "description": null,
        "asset": {
            "id": 132925,
            "type": "Cargo",
            "name": "CONTAINERSHIPS VI"
        },
        "rating": {
            "voteAverage": 0,
            "voteCounter": 0
        },
        "url": "https://images.marinetraffic.com/collection/3735438.webp?size=800"
    },
    {
        "photoId": 3686503,
        "placeTaken": "NOK - Holtenau-Kiel",
        "takenAt": 1571936100,
        "copyright": "Peter aus Holtenau",
        "description": null,
        "asset": {
            "id": 132925,
            "type": "Cargo",
            "name": "CONTAINERSHIPS VI"
        },
        "rating": {
            "voteAverage": 5,
            "voteCounter": 3
        },
        "url": "https://images.marinetraffic.com/collection/3686503.webp?size=800"
    },
    {
        "photoId": 3661285,
        "placeTaken": "northfleet hope container terminal",
        "takenAt": 1569921540,
        "copyright": "john white",
        "description": null,
        "asset": {
            "id": 132925,
            "type": "Cargo",
            "name": "CONTAINERSHIPS VI"
        },
        "rating": {
            "voteAverage": 0,
            "voteCounter": 0
        },
        "url": "https://images.marinetraffic.com/collection/3661285.webp?size=800"
    },
    {
        "photoId": 3647717,
        "placeTaken": "Europoort - Rotterdam",
        "takenAt": 1569004920,
        "copyright": "Joel J.",
        "description": null,
        "asset": {
            "id": 132925,
            "type": "Cargo",
            "name": "CONTAINERSHIPS VI"
        },
        "rating": {
            "voteAverage": 0,
            "voteCounter": 0
        },
        "url": "https://images.marinetraffic.com/collection/3647717.webp?size=800"
    },
    {
        "photoId": 3642623,
        "placeTaken": "Nieuwe Waterweg Hoek van Holland.",
        "takenAt": 1561898460,
        "copyright": "Joop Klaasman",
        "description": "Seen Nieuwe Waterweg Holland",
        "asset": {
            "id": 132925,
            "type": "Cargo",
            "name": "CONTAINERSHIPS VI"
        },
        "rating": {
            "voteAverage": 0,
            "voteCounter": 0
        },
        "url": "https://images.marinetraffic.com/collection/3642623.webp?size=800"
    },
    {
        "photoId": 3632485,
        "placeTaken": "Hamburger Hafen",
        "takenAt": 1564831440,
        "copyright": "Hans-Peter Schroeder",
        "description": null,
        "asset": {
            "id": 132925,
            "type": "Cargo",
            "name": "CONTAINERSHIPS VI"
        },
        "rating": {
            "voteAverage": 5,
            "voteCounter": 5
        },
        "url": "https://images.marinetraffic.com/collection/3632485.webp?size=800"
    },
    {
        "photoId": 3624816,
        "placeTaken": "Nord-Ostsee-Kanal, Landwehr",
        "takenAt": 1567335900,
        "copyright": "Niels Annuschat",
        "description": null,
        "asset": {
            "id": 132925,
            "type": "Cargo",
            "name": "CONTAINERSHIPS VI"
        },
        "rating": {
            "voteAverage": 0,
            "voteCounter": 0
        },
        "url": "https://images.marinetraffic.com/collection/3624816.webp?size=800"
    },
    {
        "photoId": 3624815,
        "placeTaken": "Nord-Ostsee-Kanal, Landwehr",
        "takenAt": 1567335900,
        "copyright": "Niels Annuschat",
        "description": null,
        "asset": {
            "id": 132925,
            "type": "Cargo",
            "name": "CONTAINERSHIPS VI"
        },
        "rating": {
            "voteAverage": 0,
            "voteCounter": 0
        },
        "url": "https://images.marinetraffic.com/collection/3624815.webp?size=800"
    },
    {
        "photoId": 3594213,
        "placeTaken": "Norderwerft, Hamburg, Reiherstieg",
        "takenAt": 1565091840,
        "copyright": "Klaus Risser",
        "description": "CONTAINERSHIPS VI in der Norderwerft",
        "asset": {
            "id": 132925,
            "type": "Cargo",
            "name": "CONTAINERSHIPS VI"
        },
        "rating": {
            "voteAverage": 0,
            "voteCounter": 0
        },
        "url": "https://images.marinetraffic.com/collection/3594213.webp?size=800"
    },
    {
        "photoId": 3594211,
        "placeTaken": "Norderwerft, Hamburg, Reiherstieg",
        "takenAt": 1565091780,
        "copyright": "Klaus Risser",
        "description": "CONTAINERSHIPS VI in der Norderwerft, Hamburg",
        "asset": {
            "id": 132925,
            "type": "Cargo",
            "name": "CONTAINERSHIPS VI"
        },
        "rating": {
            "voteAverage": 0,
            "voteCounter": 0
        },
        "url": "https://images.marinetraffic.com/collection/3594211.webp?size=800"
    },
    {
        "photoId": 3594209,
        "placeTaken": "Norderwerft, Hamburg, Reiherstieg",
        "takenAt": 1565089740,
        "copyright": "Klaus Risser",
        "description": "CONTAINERSHIPS VI in der Norderwerft, Hamburg Blick von der Elbphilhamonie",
        "asset": {
            "id": 132925,
            "type": "Cargo",
            "name": "CONTAINERSHIPS VI"
        },
        "rating": {
            "voteAverage": 5,
            "voteCounter": 1
        },
        "url": "https://images.marinetraffic.com/collection/3594209.webp?size=800"
    },
    {
        "photoId": 3565226,
        "placeTaken": null,
        "takenAt": 1563019080,
        "copyright": "Flemming Tipsmark",
        "description": null,
        "asset": {
            "id": 132925,
            "type": "Cargo",
            "name": "CONTAINERSHIPS VI"
        },
        "rating": {
            "voteAverage": 0,
            "voteCounter": 0
        },
        "url": "https://images.marinetraffic.com/collection/3565226.webp?size=800"
    },
    {
        "photoId": 3564668,
        "placeTaken": "Rotterdam/Maasvlakte",
        "takenAt": 1561897860,
        "copyright": "Michael Brakhage",
        "description": null,
        "asset": {
            "id": 132925,
            "type": "Cargo",
            "name": "CONTAINERSHIPS VI"
        },
        "rating": {
            "voteAverage": 0,
            "voteCounter": 0
        },
        "url": "https://images.marinetraffic.com/collection/3564668.webp?size=800"
    },
    {
        "photoId": 3561062,
        "placeTaken": "NOK - Holtenau-Kiel",
        "takenAt": 1563038280,
        "copyright": "Peter aus Holtenau",
        "description": null,
        "asset": {
            "id": 132925,
            "type": "Cargo",
            "name": "CONTAINERSHIPS VI"
        },
        "rating": {
            "voteAverage": 5,
            "voteCounter": 1
        },
        "url": "https://images.marinetraffic.com/collection/3561062.webp?size=800"
    },
    {
        "photoId": 3561057,
        "placeTaken": "NOK - Holtenau-Kiel",
        "takenAt": 1563038100,
        "copyright": "Peter aus Holtenau",
        "description": null,
        "asset": {
            "id": 132925,
            "type": "Cargo",
            "name": "CONTAINERSHIPS VI"
        },
        "rating": {
            "voteAverage": 5,
            "voteCounter": 4
        },
        "url": "https://images.marinetraffic.com/collection/3561057.webp?size=800"
    },
    {
        "photoId": 3530677,
        "placeTaken": "Rozenburg",
        "takenAt": 1561126800,
        "copyright": "Henk Jungerius",
        "description": "Het Scheur, Nieuwe Waterweg",
        "asset": {
            "id": 132925,
            "type": "Cargo",
            "name": "CONTAINERSHIPS VI"
        },
        "rating": {
            "voteAverage": 0,
            "voteCounter": 0
        },
        "url": "https://images.marinetraffic.com/collection/3530677.webp?size=800"
    },
    {
        "photoId": 3512560,
        "placeTaken": "MAASSLUIS, Het Scheur, NL ",
        "takenAt": 1559309040,
        "copyright": "RIA MAAT",
        "description": null,
        "asset": {
            "id": 132925,
            "type": "Cargo",
            "name": "CONTAINERSHIPS VI"
        },
        "rating": {
            "voteAverage": 5,
            "voteCounter": 1
        },
        "url": "https://images.marinetraffic.com/collection/3512560.webp?size=800"
    }
]