[
    {
        "photoId": 4489717,
        "placeTaken": "South Gare Teesport",
        "takenAt": 1636025100,
        "copyright": "Michael Bateman",
        "description": "Arriving on the Tees",
        "asset": {
            "id": 132925,
            "type": "Cargo",
            "name": "CONTAINERSHIPS VI"
        },
        "rating": {
            "voteAverage": 0,
            "voteCounter": 0
        },
        "url": "https://images.marinetraffic.com/collection/4489717.webp?size=800"
    },
    {
        "photoId": 4468942,
        "placeTaken": "St Petersburg",
        "takenAt": 1634641620,
        "copyright": "Yevgeniy B.",
        "description": null,
        "asset": {
            "id": 132925,
            "type": "Cargo",
            "name": "CONTAINERSHIPS VI"
        },
        "rating": {
            "voteAverage": 0,
            "voteCounter": 0
        },
        "url": "https://images.marinetraffic.com/collection/4468942.webp?size=800"
    },
    {
        "photoId": 4395323,
        "placeTaken": "Rotterdam Nieuwe Waterweg",
        "takenAt": 1626622740,
        "copyright": "Kick van den Dool",
        "description": null,
        "asset": {
            "id": 132925,
            "type": "Cargo",
            "name": "CONTAINERSHIPS VI"
        },
        "rating": {
            "voteAverage": 5,
            "voteCounter": 2
        },
        "url": "https://images.marinetraffic.com/collection/4395323.webp?size=800"
    },
    {
        "photoId": 4395320,
        "placeTaken": "Rotterdam Nieuwe Waterweg",
        "takenAt": 1626622560,
        "copyright": "Kick van den Dool",
        "description": null,
        "asset": {
            "id": 132925,
            "type": "Cargo",
            "name": "CONTAINERSHIPS VI"
        },
        "rating": {
            "voteAverage": 5,
            "voteCounter": 1
        },
        "url": "https://images.marinetraffic.com/collection/4395320.webp?size=800"
    },
    {
        "photoId": 4395319,
        "placeTaken": "Rotterdam Nieuwe Waterweg",
        "takenAt": 1626622440,
        "copyright": "Kick van den Dool",
        "description": null,
        "asset": {
            "id": 132925,
            "type": "Cargo",
            "name": "CONTAINERSHIPS VI"
        },
        "rating": {
            "voteAverage": 5,
            "voteCounter": 1
        },
        "url": "https://images.marinetraffic.com/collection/4395319.webp?size=800"
    },
    {
        "photoId": 4389183,
        "placeTaken": "Rotterdam Nieuwe Waterweg",
        "takenAt": 1626622680,
        "copyright": "Kick van den Dool",
        "description": null,
        "asset": {
            "id": 132925,
            "type": "Cargo",
            "name": "CONTAINERSHIPS VI"
        },
        "rating": {
            "voteAverage": 5,
            "voteCounter": 2
        },
        "url": "https://images.marinetraffic.com/collection/4389183.webp?size=800"
    },
    {
        "photoId": 4389182,
        "placeTaken": "Rotterdam Nieuwe Waterweg",
        "takenAt": 1626622500,
        "copyright": "Kick van den Dool",
        "description": null,
        "asset": {
            "id": 132925,
            "type": "Cargo",
            "name": "CONTAINERSHIPS VI"
        },
        "rating": {
            "voteAverage": 5,
            "voteCounter": 3
        },
        "url": "https://images.marinetraffic.com/collection/4389182.webp?size=800"
    },
    {
        "photoId": 4378777,
        "placeTaken": null,
        "takenAt": 1627825800,
        "copyright": "Johannes Fahr",
        "description": null,
        "asset": {
            "id": 132925,
            "type": "Cargo",
            "name": "CONTAINERSHIPS VI"
        },
        "rating": {
            "voteAverage": 0,
            "voteCounter": 0
        },
        "url": "https://images.marinetraffic.com/collection/4378777.webp?size=800"
    },
    {
        "photoId": 4320509,
        "placeTaken": "Maasmond",
        "takenAt": 1624107180,
        "copyright": "Peter Heiden",
        "description": null,
        "asset": {
            "id": 132925,
            "type": "Cargo",
            "name": "CONTAINERSHIPS VI"
        },
        "rating": {
            "voteAverage": 0,
            "voteCounter": 0
        },
        "url": "https://images.marinetraffic.com/collection/4320509.webp?size=800"
    },
    {
        "photoId": 4320508,
        "placeTaken": "Maasmond",
        "takenAt": 1624107180,
        "copyright": "Peter Heiden",
        "description": null,
        "asset": {
            "id": 132925,
            "type": "Cargo",
            "name": "CONTAINERSHIPS VI"
        },
        "rating": {
            "voteAverage": 0,
            "voteCounter": 0
        },
        "url": "https://images.marinetraffic.com/collection/4320508.webp?size=800"
    },
    {
        "photoId": 4320507,
        "placeTaken": "Maasmond",
        "takenAt": 1624107060,
        "copyright": "Peter Heiden",
        "description": null,
        "asset": {
            "id": 132925,
            "type": "Cargo",
            "name": "CONTAINERSHIPS VI"
        },
        "rating": {
            "voteAverage": 0,
            "voteCounter": 0
        },
        "url": "https://images.marinetraffic.com/collection/4320507.webp?size=800"
    },
    {
        "photoId": 4320506,
        "placeTaken": "Maasmond",
        "takenAt": 1624106940,
        "copyright": "Peter Heiden",
        "description": null,
        "asset": {
            "id": 132925,
            "type": "Cargo",
            "name": "CONTAINERSHIPS VI"
        },
        "rating": {
            "voteAverage": 0,
            "voteCounter": 0
        },
        "url": "https://images.marinetraffic.com/collection/4320506.webp?size=800"
    },
    {
        "photoId": 4317580,
        "placeTaken": "NOK - Holtenau -Kiel ",
        "takenAt": 1624201500,
        "copyright": "Peter aus Holtenau",
        "description": null,
        "asset": {
            "id": 132925,
            "type": "Cargo",
            "name": "CONTAINERSHIPS VI"
        },
        "rating": {
            "voteAverage": 0,
            "voteCounter": 0
        },
        "url": "https://images.marinetraffic.com/collection/4317580.webp?size=800"
    },
    {
        "photoId": 4317579,
        "placeTaken": "NOK - Holtenau -Kiel ",
        "takenAt": 1624201080,
        "copyright": "Peter aus Holtenau",
        "description": null,
        "asset": {
            "id": 132925,
            "type": "Cargo",
            "name": "CONTAINERSHIPS VI"
        },
        "rating": {
            "voteAverage": 5,
            "voteCounter": 2
        },
        "url": "https://images.marinetraffic.com/collection/4317579.webp?size=800"
    },
    {
        "photoId": 4314413,
        "placeTaken": null,
        "takenAt": 1624192860,
        "copyright": "Jochen Klein",
        "description": null,
        "asset": {
            "id": 132925,
            "type": "Cargo",
            "name": "CONTAINERSHIPS VI"
        },
        "rating": {
            "voteAverage": 0,
            "voteCounter": 0
        },
        "url": "https://images.marinetraffic.com/collection/4314413.webp?size=800"
    },
    {
        "photoId": 4247964,
        "placeTaken": "South Gare Teesport",
        "takenAt": 1619533680,
        "copyright": "Michael Bateman",
        "description": "At Teesport",
        "asset": {
            "id": 132925,
            "type": "Cargo",
            "name": "CONTAINERSHIPS VI"
        },
        "rating": {
            "voteAverage": 0,
            "voteCounter": 0
        },
        "url": "https://images.marinetraffic.com/collection/4247964.webp?size=800"
    },
    {
        "photoId": 4238544,
        "placeTaken": "Breeddiep.",
        "takenAt": 1618658580,
        "copyright": "Ed Kaas",
        "description": null,
        "asset": {
            "id": 132925,
            "type": "Cargo",
            "name": "CONTAINERSHIPS VI"
        },
        "rating": {
            "voteAverage": 5,
            "voteCounter": 1
        },
        "url": "https://images.marinetraffic.com/collection/4238544.webp?size=800"
    },
    {
        "photoId": 4235899,
        "placeTaken": "Hoek van Holland",
        "takenAt": 1618659060,
        "copyright": "Henk Jungerius",
        "description": "Hoek van Holland",
        "asset": {
            "id": 132925,
            "type": "Cargo",
            "name": "CONTAINERSHIPS VI"
        },
        "rating": {
            "voteAverage": 0,
            "voteCounter": 0
        },
        "url": "https://images.marinetraffic.com/collection/4235899.webp?size=800"
    },
    {
        "photoId": 4191889,
        "placeTaken": "NOK - Holtenau -Kiel ",
        "takenAt": 1614856440,
        "copyright": "Peter aus Holtenau",
        "description": null,
        "asset": {
            "id": 132925,
            "type": "Cargo",
            "name": "CONTAINERSHIPS VI"
        },
        "rating": {
            "voteAverage": 5,
            "voteCounter": 3
        },
        "url": "https://images.marinetraffic.com/collection/4191889.webp?size=800"
    },
    {
        "photoId": 4163787,
        "placeTaken": "Breeddiep.",
        "takenAt": 1608305640,
        "copyright": "Ed Kaas",
        "description": null,
        "asset": {
            "id": 132925,
            "type": "Cargo",
            "name": "CONTAINERSHIPS VI"
        },
        "rating": {
            "voteAverage": 0,
            "voteCounter": 0
        },
        "url": "https://images.marinetraffic.com/collection/4163787.webp?size=800"
    }
]