[
    {
        "photoId": 5067790,
        "placeTaken": "Hoek van Holland",
        "takenAt": 1682852520,
        "copyright": "Henk Jungerius",
        "description": "Hoek van Holland",
        "asset": {
            "id": 132925,
            "type": "Cargo",
            "name": "CONTAINERSHIPS VI"
        },
        "rating": {
            "voteAverage": 0,
            "voteCounter": 0
        },
        "url": "https://images.marinetraffic.com/collection/5067790.webp?size=800"
    },
    {
        "photoId": 5067315,
        "placeTaken": "NOK bei Landwehr",
        "takenAt": 1683832680,
        "copyright": "Peter aus Holtenau",
        "description": null,
        "asset": {
            "id": 132925,
            "type": "Cargo",
            "name": "CONTAINERSHIPS VI"
        },
        "rating": {
            "voteAverage": 4,
            "voteCounter": 1
        },
        "url": "https://images.marinetraffic.com/collection/5067315.webp?size=800"
    },
    {
        "photoId": 5058064,
        "placeTaken": "South Gare, Teesport",
        "takenAt": 1683035340,
        "copyright": "Michael Bateman",
        "description": "Leaving the river TEES UK.",
        "asset": {
            "id": 132925,
            "type": "Cargo",
            "name": "CONTAINERSHIPS VI"
        },
        "rating": {
            "voteAverage": 0,
            "voteCounter": 0
        },
        "url": "https://images.marinetraffic.com/collection/5058064.webp?size=800"
    },
    {
        "photoId": 5035204,
        "placeTaken": null,
        "takenAt": 1681465080,
        "copyright": "Elmar Weiss",
        "description": "Brunsbttel, Germany",
        "asset": {
            "id": 132925,
            "type": "Cargo",
            "name": "CONTAINERSHIPS VI"
        },
        "rating": {
            "voteAverage": 0,
            "voteCounter": 0
        },
        "url": "https://images.marinetraffic.com/collection/5035204.webp?size=800"
    },
    {
        "photoId": 5006225,
        "placeTaken": "NOK-Jevenau",
        "takenAt": 1678976700,
        "copyright": "Hans-Peter Schroeder",
        "description": null,
        "asset": {
            "id": 132925,
            "type": "Cargo",
            "name": "CONTAINERSHIPS VI"
        },
        "rating": {
            "voteAverage": 5,
            "voteCounter": 26
        },
        "url": "https://images.marinetraffic.com/collection/5006225.webp?size=800"
    },
    {
        "photoId": 5004277,
        "placeTaken": "Rotterdam, NL",
        "takenAt": 1658160300,
        "copyright": "WalAndPl",
        "description": null,
        "asset": {
            "id": 132925,
            "type": "Cargo",
            "name": "CONTAINERSHIPS VI"
        },
        "rating": {
            "voteAverage": 5,
            "voteCounter": 1
        },
        "url": "https://images.marinetraffic.com/collection/5004277.webp?size=800"
    },
    {
        "photoId": 4957446,
        "placeTaken": "Hamburg, Germany",
        "takenAt": 1674287220,
        "copyright": "Elmar Weiss",
        "description": "Hamburg, Germany",
        "asset": {
            "id": 132925,
            "type": "Cargo",
            "name": "CONTAINERSHIPS VI"
        },
        "rating": {
            "voteAverage": 0,
            "voteCounter": 0
        },
        "url": "https://images.marinetraffic.com/collection/4957446.webp?size=800"
    },
    {
        "photoId": 4867793,
        "placeTaken": "South Gare Teesport",
        "takenAt": 1664884140,
        "copyright": "Michael Bateman",
        "description": "Leaving the Tees",
        "asset": {
            "id": 132925,
            "type": "Cargo",
            "name": "CONTAINERSHIPS VI"
        },
        "rating": {
            "voteAverage": 0,
            "voteCounter": 0
        },
        "url": "https://images.marinetraffic.com/collection/4867793.webp?size=800"
    },
    {
        "photoId": 4847717,
        "placeTaken": "Rozenburg",
        "takenAt": 1663766280,
        "copyright": "Henk Jungerius",
        "description": "Nieuwe Waterweg",
        "asset": {
            "id": 132925,
            "type": "Cargo",
            "name": "CONTAINERSHIPS VI"
        },
        "rating": {
            "voteAverage": 0,
            "voteCounter": 0
        },
        "url": "https://images.marinetraffic.com/collection/4847717.webp?size=800"
    },
    {
        "photoId": 4831544,
        "placeTaken": "Maasvlakte/Rotterdam",
        "takenAt": 1662297360,
        "copyright": "Michael Brakhage",
        "description": null,
        "asset": {
            "id": 132925,
            "type": "Cargo",
            "name": "CONTAINERSHIPS VI"
        },
        "rating": {
            "voteAverage": 0,
            "voteCounter": 0
        },
        "url": "https://images.marinetraffic.com/collection/4831544.webp?size=800"
    },
    {
        "photoId": 4781759,
        "placeTaken": "Kiel Canal, Hochdonn",
        "takenAt": 1658238420,
        "copyright": "Ernst-Gert Schmidt",
        "description": null,
        "asset": {
            "id": 132925,
            "type": "Cargo",
            "name": "CONTAINERSHIPS VI"
        },
        "rating": {
            "voteAverage": 5,
            "voteCounter": 27
        },
        "url": "https://images.marinetraffic.com/collection/4781759.webp?size=800"
    },
    {
        "photoId": 4758293,
        "placeTaken": "Kiel Canal",
        "takenAt": 1658242620,
        "copyright": ". rainville",
        "description": "Kielkanal, at ferrystation Fischerhuette",
        "asset": {
            "id": 132925,
            "type": "Cargo",
            "name": "CONTAINERSHIPS VI"
        },
        "rating": {
            "voteAverage": 0,
            "voteCounter": 0
        },
        "url": "https://images.marinetraffic.com/collection/4758293.webp?size=800"
    },
    {
        "photoId": 4758292,
        "placeTaken": "Kiel Canal",
        "takenAt": 1658242680,
        "copyright": ". rainville",
        "description": "Kielkanal, at ferrystation Fischerhuette",
        "asset": {
            "id": 132925,
            "type": "Cargo",
            "name": "CONTAINERSHIPS VI"
        },
        "rating": {
            "voteAverage": 5,
            "voteCounter": 1
        },
        "url": "https://images.marinetraffic.com/collection/4758292.webp?size=800"
    },
    {
        "photoId": 4752509,
        "placeTaken": "Nieuwe Waterweg.",
        "takenAt": 1656756720,
        "copyright": "Ed Kaas",
        "description": null,
        "asset": {
            "id": 132925,
            "type": "Cargo",
            "name": "CONTAINERSHIPS VI"
        },
        "rating": {
            "voteAverage": 0,
            "voteCounter": 0
        },
        "url": "https://images.marinetraffic.com/collection/4752509.webp?size=800"
    },
    {
        "photoId": 4744417,
        "placeTaken": "NOK Hinrichshoern",
        "takenAt": 1657058100,
        "copyright": "Helge Schilling",
        "description": null,
        "asset": {
            "id": 132925,
            "type": "Cargo",
            "name": "CONTAINERSHIPS VI"
        },
        "rating": {
            "voteAverage": 0,
            "voteCounter": 0
        },
        "url": "https://images.marinetraffic.com/collection/4744417.webp?size=800"
    },
    {
        "photoId": 4744415,
        "placeTaken": "NOK Hinrichshoern",
        "takenAt": 1657058040,
        "copyright": "Helge Schilling",
        "description": null,
        "asset": {
            "id": 132925,
            "type": "Cargo",
            "name": "CONTAINERSHIPS VI"
        },
        "rating": {
            "voteAverage": 0,
            "voteCounter": 0
        },
        "url": "https://images.marinetraffic.com/collection/4744415.webp?size=800"
    },
    {
        "photoId": 4744412,
        "placeTaken": "NOK Hinrichshoern",
        "takenAt": 1657057980,
        "copyright": "Helge Schilling",
        "description": null,
        "asset": {
            "id": 132925,
            "type": "Cargo",
            "name": "CONTAINERSHIPS VI"
        },
        "rating": {
            "voteAverage": 0,
            "voteCounter": 0
        },
        "url": "https://images.marinetraffic.com/collection/4744412.webp?size=800"
    },
    {
        "photoId": 4744407,
        "placeTaken": "NOK Hinrichshoern",
        "takenAt": 1657057980,
        "copyright": "Helge Schilling",
        "description": null,
        "asset": {
            "id": 132925,
            "type": "Cargo",
            "name": "CONTAINERSHIPS VI"
        },
        "rating": {
            "voteAverage": 5,
            "voteCounter": 1
        },
        "url": "https://images.marinetraffic.com/collection/4744407.webp?size=800"
    },
    {
        "photoId": 4732696,
        "placeTaken": "Rozenburg",
        "takenAt": 1656759480,
        "copyright": "Henk Jungerius",
        "description": "Nieuwe Waterweg",
        "asset": {
            "id": 132925,
            "type": "Cargo",
            "name": "CONTAINERSHIPS VI"
        },
        "rating": {
            "voteAverage": 5,
            "voteCounter": 1
        },
        "url": "https://images.marinetraffic.com/collection/4732696.webp?size=800"
    },
    {
        "photoId": 4602070,
        "placeTaken": "Kiel Canal Germany ",
        "takenAt": 1463216340,
        "copyright": "Katrin Herrmann",
        "description": null,
        "asset": {
            "id": 132925,
            "type": "Cargo",
            "name": "CONTAINERSHIPS VI"
        },
        "rating": {
            "voteAverage": 5,
            "voteCounter": 1
        },
        "url": "https://images.marinetraffic.com/collection/4602070.webp?size=800"
    }
]