[
    {
        "photoId": 4126754,
        "placeTaken": "Cuxhaven",
        "takenAt": 1590849900,
        "copyright": "Reinhard Schmidt",
        "description": null,
        "asset": {
            "id": 132925,
            "type": "Cargo",
            "name": "CONTAINERSHIPS VI"
        },
        "rating": {
            "voteAverage": 4,
            "voteCounter": 1
        },
        "url": "https://images.marinetraffic.com/collection/4126754.webp?size=800"
    },
    {
        "photoId": 4123074,
        "placeTaken": "KIEL-CANAL, HOCHDONN",
        "takenAt": 1606493520,
        "copyright": "Ernst-Gert Schmidt",
        "description": null,
        "asset": {
            "id": 132925,
            "type": "Cargo",
            "name": "CONTAINERSHIPS VI"
        },
        "rating": {
            "voteAverage": 5,
            "voteCounter": 11
        },
        "url": "https://images.marinetraffic.com/collection/4123074.webp?size=800"
    },
    {
        "photoId": 4098886,
        "placeTaken": "Maasvlakte 2.",
        "takenAt": 1474720320,
        "copyright": "Ed Kaas",
        "description": null,
        "asset": {
            "id": 132925,
            "type": "Cargo",
            "name": "CONTAINERSHIPS VI"
        },
        "rating": {
            "voteAverage": 5,
            "voteCounter": 1
        },
        "url": "https://images.marinetraffic.com/collection/4098886.webp?size=800"
    },
    {
        "photoId": 4091455,
        "placeTaken": "Nieuwe Waterweg.",
        "takenAt": 1603551600,
        "copyright": "Ed Kaas",
        "description": null,
        "asset": {
            "id": 132925,
            "type": "Cargo",
            "name": "CONTAINERSHIPS VI"
        },
        "rating": {
            "voteAverage": 0,
            "voteCounter": 0
        },
        "url": "https://images.marinetraffic.com/collection/4091455.webp?size=800"
    },
    {
        "photoId": 4083949,
        "placeTaken": "KIEL-CANAL, HOCHDONN",
        "takenAt": 1594488660,
        "copyright": "Ernst-Gert Schmidt",
        "description": null,
        "asset": {
            "id": 132925,
            "type": "Cargo",
            "name": "CONTAINERSHIPS VI"
        },
        "rating": {
            "voteAverage": 5,
            "voteCounter": 10
        },
        "url": "https://images.marinetraffic.com/collection/4083949.webp?size=800"
    },
    {
        "photoId": 4073050,
        "placeTaken": "Altenbruch",
        "takenAt": 1598109000,
        "copyright": "Joerg Koridass",
        "description": null,
        "asset": {
            "id": 132925,
            "type": "Cargo",
            "name": "CONTAINERSHIPS VI"
        },
        "rating": {
            "voteAverage": 0,
            "voteCounter": 0
        },
        "url": "https://images.marinetraffic.com/collection/4073050.webp?size=800"
    },
    {
        "photoId": 4070104,
        "placeTaken": "NOK - Sehestedt",
        "takenAt": 1603630860,
        "copyright": "Peter aus Holtenau",
        "description": null,
        "asset": {
            "id": 132925,
            "type": "Cargo",
            "name": "CONTAINERSHIPS VI"
        },
        "rating": {
            "voteAverage": 5,
            "voteCounter": 3
        },
        "url": "https://images.marinetraffic.com/collection/4070104.webp?size=800"
    },
    {
        "photoId": 4070103,
        "placeTaken": "NOK - Sehestedt",
        "takenAt": 1603630740,
        "copyright": "Peter aus Holtenau",
        "description": null,
        "asset": {
            "id": 132925,
            "type": "Cargo",
            "name": "CONTAINERSHIPS VI"
        },
        "rating": {
            "voteAverage": 5,
            "voteCounter": 9
        },
        "url": "https://images.marinetraffic.com/collection/4070103.webp?size=800"
    },
    {
        "photoId": 4070098,
        "placeTaken": "NOK - Sehestedt",
        "takenAt": 1603630680,
        "copyright": "Peter aus Holtenau",
        "description": null,
        "asset": {
            "id": 132925,
            "type": "Cargo",
            "name": "CONTAINERSHIPS VI"
        },
        "rating": {
            "voteAverage": 5,
            "voteCounter": 9
        },
        "url": "https://images.marinetraffic.com/collection/4070098.webp?size=800"
    },
    {
        "photoId": 4068440,
        "placeTaken": null,
        "takenAt": 1603551780,
        "copyright": "Jan Richardt",
        "description": null,
        "asset": {
            "id": 132925,
            "type": "Cargo",
            "name": "CONTAINERSHIPS VI"
        },
        "rating": {
            "voteAverage": 0,
            "voteCounter": 0
        },
        "url": "https://images.marinetraffic.com/collection/4068440.webp?size=800"
    },
    {
        "photoId": 4010774,
        "placeTaken": "Maasvlakte Rotterdam",
        "takenAt": 1598962020,
        "copyright": "Patrick Deenik",
        "description": null,
        "asset": {
            "id": 132925,
            "type": "Cargo",
            "name": "CONTAINERSHIPS VI"
        },
        "rating": {
            "voteAverage": 0,
            "voteCounter": 0
        },
        "url": "https://images.marinetraffic.com/collection/4010774.webp?size=800"
    },
    {
        "photoId": 4010773,
        "placeTaken": "Maasvlakte Rotterdam",
        "takenAt": 1598961840,
        "copyright": "Patrick Deenik",
        "description": null,
        "asset": {
            "id": 132925,
            "type": "Cargo",
            "name": "CONTAINERSHIPS VI"
        },
        "rating": {
            "voteAverage": 0,
            "voteCounter": 0
        },
        "url": "https://images.marinetraffic.com/collection/4010773.webp?size=800"
    },
    {
        "photoId": 3985295,
        "placeTaken": null,
        "takenAt": 1597233420,
        "copyright": "Bj\u00f6rn Bolte",
        "description": null,
        "asset": {
            "id": 132925,
            "type": "Cargo",
            "name": "CONTAINERSHIPS VI"
        },
        "rating": {
            "voteAverage": 0,
            "voteCounter": 0
        },
        "url": "https://images.marinetraffic.com/collection/3985295.webp?size=800"
    },
    {
        "photoId": 3979618,
        "placeTaken": "KIEL-CANAL, HOCHDONN",
        "takenAt": 1595948700,
        "copyright": "Ernst-Gert Schmidt",
        "description": null,
        "asset": {
            "id": 132925,
            "type": "Cargo",
            "name": "CONTAINERSHIPS VI"
        },
        "rating": {
            "voteAverage": 5,
            "voteCounter": 39
        },
        "url": "https://images.marinetraffic.com/collection/3979618.webp?size=800"
    },
    {
        "photoId": 3958517,
        "placeTaken": "Travemnde",
        "takenAt": 1595442720,
        "copyright": "Matthias  Schmidt",
        "description": null,
        "asset": {
            "id": 132925,
            "type": "Cargo",
            "name": "CONTAINERSHIPS VI"
        },
        "rating": {
            "voteAverage": 5,
            "voteCounter": 1
        },
        "url": "https://images.marinetraffic.com/collection/3958517.webp?size=800"
    },
    {
        "photoId": 3939281,
        "placeTaken": null,
        "takenAt": 1593892020,
        "copyright": "M",
        "description": null,
        "asset": {
            "id": 132925,
            "type": "Cargo",
            "name": "CONTAINERSHIPS VI"
        },
        "rating": {
            "voteAverage": 0,
            "voteCounter": 0
        },
        "url": "https://images.marinetraffic.com/collection/3939281.webp?size=800"
    },
    {
        "photoId": 3937073,
        "placeTaken": "Kiel Canal",
        "takenAt": 1592667060,
        "copyright": "Nils Junge",
        "description": null,
        "asset": {
            "id": 132925,
            "type": "Cargo",
            "name": "CONTAINERSHIPS VI"
        },
        "rating": {
            "voteAverage": 5,
            "voteCounter": 2
        },
        "url": "https://images.marinetraffic.com/collection/3937073.webp?size=800"
    },
    {
        "photoId": 3937072,
        "placeTaken": "Kiel Canal",
        "takenAt": 1592666880,
        "copyright": "Nils Junge",
        "description": null,
        "asset": {
            "id": 132925,
            "type": "Cargo",
            "name": "CONTAINERSHIPS VI"
        },
        "rating": {
            "voteAverage": 5,
            "voteCounter": 7
        },
        "url": "https://images.marinetraffic.com/collection/3937072.webp?size=800"
    },
    {
        "photoId": 3937071,
        "placeTaken": "Kiel Canal",
        "takenAt": 1592666760,
        "copyright": "Nils Junge",
        "description": null,
        "asset": {
            "id": 132925,
            "type": "Cargo",
            "name": "CONTAINERSHIPS VI"
        },
        "rating": {
            "voteAverage": 5,
            "voteCounter": 3
        },
        "url": "https://images.marinetraffic.com/collection/3937071.webp?size=800"
    },
    {
        "photoId": 3933014,
        "placeTaken": "River Trave Luebeck  DE LBC",
        "takenAt": 1593610140,
        "copyright": "Arno Bruegmann",
        "description": null,
        "asset": {
            "id": 132925,
            "type": "Cargo",
            "name": "CONTAINERSHIPS VI"
        },
        "rating": {
            "voteAverage": 0,
            "voteCounter": 0
        },
        "url": "https://images.marinetraffic.com/collection/3933014.webp?size=800"
    }
]