[
    {
        "photoId": 3855033,
        "placeTaken": null,
        "takenAt": 1587967800,
        "copyright": "Tzvetan Hristov",
        "description": "Kwangyang",
        "asset": {
            "id": 7183326,
            "type": "Cargo",
            "name": "MAJESTIC MAERSK"
        },
        "rating": {
            "voteAverage": 5,
            "voteCounter": 1
        },
        "url": "https://images.marinetraffic.com/collection/3855033.webp?size=800"
    },
    {
        "photoId": 3763107,
        "placeTaken": "Terneuzen",
        "takenAt": 1554832560,
        "copyright": "Ghis v d Vijver",
        "description": null,
        "asset": {
            "id": 7183326,
            "type": "Cargo",
            "name": "MAJESTIC MAERSK"
        },
        "rating": {
            "voteAverage": 5,
            "voteCounter": 1
        },
        "url": "https://images.marinetraffic.com/collection/3763107.webp?size=800"
    },
    {
        "photoId": 3733509,
        "placeTaken": "Bremerhaven",
        "takenAt": 1572278220,
        "copyright": "Reinhard Schmidt",
        "description": null,
        "asset": {
            "id": 7183326,
            "type": "Cargo",
            "name": "MAJESTIC MAERSK"
        },
        "rating": {
            "voteAverage": 5,
            "voteCounter": 1
        },
        "url": "https://images.marinetraffic.com/collection/3733509.webp?size=800"
    },
    {
        "photoId": 3725146,
        "placeTaken": null,
        "takenAt": 1500653880,
        "copyright": "Per K\u00f6rnefeldt",
        "description": null,
        "asset": {
            "id": 7183326,
            "type": "Cargo",
            "name": "MAJESTIC MAERSK"
        },
        "rating": {
            "voteAverage": 5,
            "voteCounter": 1
        },
        "url": "https://images.marinetraffic.com/collection/3725146.webp?size=800"
    },
    {
        "photoId": 3699601,
        "placeTaken": "skandiahamnen",
        "takenAt": 1572964800,
        "copyright": "Hans Lindskog",
        "description": null,
        "asset": {
            "id": 7183326,
            "type": "Cargo",
            "name": "MAJESTIC MAERSK"
        },
        "rating": {
            "voteAverage": 5,
            "voteCounter": 1
        },
        "url": "https://images.marinetraffic.com/collection/3699601.webp?size=800"
    },
    {
        "photoId": 3674875,
        "placeTaken": "Nieuwe Waterweg Rotterdam.",
        "takenAt": 1401540300,
        "copyright": "Ed Kaas",
        "description": null,
        "asset": {
            "id": 7183326,
            "type": "Cargo",
            "name": "MAJESTIC MAERSK"
        },
        "rating": {
            "voteAverage": 5,
            "voteCounter": 2
        },
        "url": "https://images.marinetraffic.com/collection/3674875.webp?size=800"
    },
    {
        "photoId": 3604518,
        "placeTaken": "Bremerhaven",
        "takenAt": 1565528940,
        "copyright": "Rolf Bridde",
        "description": null,
        "asset": {
            "id": 7183326,
            "type": "Cargo",
            "name": "MAJESTIC MAERSK"
        },
        "rating": {
            "voteAverage": 5,
            "voteCounter": 1
        },
        "url": "https://images.marinetraffic.com/collection/3604518.webp?size=800"
    },
    {
        "photoId": 3464852,
        "placeTaken": "Marsaxlokk, Malta",
        "takenAt": 1556636040,
        "copyright": "Noel Galea",
        "description": "alongside Marsaxlokk T2N",
        "asset": {
            "id": 7183326,
            "type": "Cargo",
            "name": "MAJESTIC MAERSK"
        },
        "rating": {
            "voteAverage": 5,
            "voteCounter": 1
        },
        "url": "https://images.marinetraffic.com/collection/3464852.webp?size=800"
    },
    {
        "photoId": 3456867,
        "placeTaken": null,
        "takenAt": 1555917720,
        "copyright": "Nikolaas D",
        "description": null,
        "asset": {
            "id": 7183326,
            "type": "Cargo",
            "name": "MAJESTIC MAERSK"
        },
        "rating": {
            "voteAverage": 5,
            "voteCounter": 1
        },
        "url": "https://images.marinetraffic.com/collection/3456867.webp?size=800"
    },
    {
        "photoId": 3447704,
        "placeTaken": "Hansweert, Westerschelde",
        "takenAt": 1554825900,
        "copyright": "Jos Hoogesteger",
        "description": "The Majestic Maersk on his voyage from Antwerp to Bremerhaven, Germany",
        "asset": {
            "id": 7183326,
            "type": "Cargo",
            "name": "MAJESTIC MAERSK"
        },
        "rating": {
            "voteAverage": 5,
            "voteCounter": 2
        },
        "url": "https://images.marinetraffic.com/collection/3447704.webp?size=800"
    },
    {
        "photoId": 3447700,
        "placeTaken": "Hansweert, Westerschelde",
        "takenAt": 1554825720,
        "copyright": "Jos Hoogesteger",
        "description": "The Majestic Maersk on his voyage from Antwerp to Bremerhaven, Germany",
        "asset": {
            "id": 7183326,
            "type": "Cargo",
            "name": "MAJESTIC MAERSK"
        },
        "rating": {
            "voteAverage": 0,
            "voteCounter": 0
        },
        "url": "https://images.marinetraffic.com/collection/3447700.webp?size=800"
    },
    {
        "photoId": 3447697,
        "placeTaken": "Hansweert, Westerschelde",
        "takenAt": 1554825660,
        "copyright": "Jos Hoogesteger",
        "description": "The Majestic Maersk on his voyage from Antwerp to Bremerhaven, Germany. ",
        "asset": {
            "id": 7183326,
            "type": "Cargo",
            "name": "MAJESTIC MAERSK"
        },
        "rating": {
            "voteAverage": 0,
            "voteCounter": 0
        },
        "url": "https://images.marinetraffic.com/collection/3447697.webp?size=800"
    },
    {
        "photoId": 3447696,
        "placeTaken": "Hansweert, Westerschelde",
        "takenAt": 1554825600,
        "copyright": "Jos Hoogesteger",
        "description": "The Majestic Maersk on his voyage from Antwerp to Bremerhaven, Germany. ",
        "asset": {
            "id": 7183326,
            "type": "Cargo",
            "name": "MAJESTIC MAERSK"
        },
        "rating": {
            "voteAverage": 0,
            "voteCounter": 0
        },
        "url": "https://images.marinetraffic.com/collection/3447696.webp?size=800"
    },
    {
        "photoId": 3447693,
        "placeTaken": "Hansweert, Westerschelde",
        "takenAt": 1554825540,
        "copyright": "Jos Hoogesteger",
        "description": "The Majestic Maersk on his voyage from Antwerp to Bremerhaven, Germany",
        "asset": {
            "id": 7183326,
            "type": "Cargo",
            "name": "MAJESTIC MAERSK"
        },
        "rating": {
            "voteAverage": 0,
            "voteCounter": 0
        },
        "url": "https://images.marinetraffic.com/collection/3447693.webp?size=800"
    },
    {
        "photoId": 3446012,
        "placeTaken": "terneuzen",
        "takenAt": 1554828420,
        "copyright": "Carlos van Hecke",
        "description": null,
        "asset": {
            "id": 7183326,
            "type": "Cargo",
            "name": "MAJESTIC MAERSK"
        },
        "rating": {
            "voteAverage": 0,
            "voteCounter": 0
        },
        "url": "https://images.marinetraffic.com/collection/3446012.webp?size=800"
    },
    {
        "photoId": 3322280,
        "placeTaken": "Bremerhaven",
        "takenAt": 1516110300,
        "copyright": "Pawel Osuch",
        "description": null,
        "asset": {
            "id": 7183326,
            "type": "Cargo",
            "name": "MAJESTIC MAERSK"
        },
        "rating": {
            "voteAverage": 0,
            "voteCounter": 0
        },
        "url": "https://images.marinetraffic.com/collection/3322280.webp?size=800"
    },
    {
        "photoId": 3322278,
        "placeTaken": "Bremerhaven",
        "takenAt": 1516109940,
        "copyright": "Pawel Osuch",
        "description": null,
        "asset": {
            "id": 7183326,
            "type": "Cargo",
            "name": "MAJESTIC MAERSK"
        },
        "rating": {
            "voteAverage": 0,
            "voteCounter": 0
        },
        "url": "https://images.marinetraffic.com/collection/3322278.webp?size=800"
    },
    {
        "photoId": 3176856,
        "placeTaken": "Bremerhaven",
        "takenAt": 1532524200,
        "copyright": "Rolf Bridde",
        "description": null,
        "asset": {
            "id": 7183326,
            "type": "Cargo",
            "name": "MAJESTIC MAERSK"
        },
        "rating": {
            "voteAverage": 5,
            "voteCounter": 2
        },
        "url": "https://images.marinetraffic.com/collection/3176856.webp?size=800"
    },
    {
        "photoId": 3133802,
        "placeTaken": "Strait of Gibraltar",
        "takenAt": 1486401600,
        "copyright": "Benjam\u00edn Marfil",
        "description": null,
        "asset": {
            "id": 7183326,
            "type": "Cargo",
            "name": "MAJESTIC MAERSK"
        },
        "rating": {
            "voteAverage": 5,
            "voteCounter": 2
        },
        "url": "https://images.marinetraffic.com/collection/3133802.webp?size=800"
    },
    {
        "photoId": 2952667,
        "placeTaken": "Felixtowe, GB..",
        "takenAt": 1381150860,
        "copyright": "Michael Ludlow",
        "description": "Majestic Maersk nearing her berth at Felixtowe, GB.",
        "asset": {
            "id": 7183326,
            "type": "Cargo",
            "name": "MAJESTIC MAERSK"
        },
        "rating": {
            "voteAverage": 5,
            "voteCounter": 1
        },
        "url": "https://images.marinetraffic.com/collection/2952667.webp?size=800"
    }
]