[
    {
        "photoId": 4646735,
        "placeTaken": "Hamburg Waltershofer Hafen",
        "takenAt": 1650951000,
        "copyright": "Ritter Ramon",
        "description": null,
        "asset": {
            "id": 159326,
            "type": "Cargo",
            "name": "ESTELLE MAERSK"
        },
        "rating": {
            "voteAverage": 0,
            "voteCounter": 0
        },
        "url": "https://images.marinetraffic.com/collection/4646735.webp?size=800"
    },
    {
        "photoId": 4545145,
        "placeTaken": "Hamburg Waltershofer Hafen",
        "takenAt": 1642140300,
        "copyright": "Ritter Ramon",
        "description": null,
        "asset": {
            "id": 159326,
            "type": "Cargo",
            "name": "ESTELLE MAERSK"
        },
        "rating": {
            "voteAverage": 0,
            "voteCounter": 0
        },
        "url": "https://images.marinetraffic.com/collection/4545145.webp?size=800"
    },
    {
        "photoId": 4544294,
        "placeTaken": "Hamburg - Blankenese / GER",
        "takenAt": 1642078980,
        "copyright": "Buggi Porschien",
        "description": null,
        "asset": {
            "id": 159326,
            "type": "Cargo",
            "name": "ESTELLE MAERSK"
        },
        "rating": {
            "voteAverage": 0,
            "voteCounter": 0
        },
        "url": "https://images.marinetraffic.com/collection/4544294.webp?size=800"
    },
    {
        "photoId": 4527856,
        "placeTaken": "Le Havre, France. ",
        "takenAt": 1230771600,
        "copyright": "Jesper Brix",
        "description": null,
        "asset": {
            "id": 159326,
            "type": "Cargo",
            "name": "ESTELLE MAERSK"
        },
        "rating": {
            "voteAverage": 0,
            "voteCounter": 0
        },
        "url": "https://images.marinetraffic.com/collection/4527856.webp?size=800"
    },
    {
        "photoId": 4504251,
        "placeTaken": "breskens",
        "takenAt": 1634388900,
        "copyright": "golfke",
        "description": null,
        "asset": {
            "id": 159326,
            "type": "Cargo",
            "name": "ESTELLE MAERSK"
        },
        "rating": {
            "voteAverage": 0,
            "voteCounter": 0
        },
        "url": "https://images.marinetraffic.com/collection/4504251.webp?size=800"
    },
    {
        "photoId": 4486999,
        "placeTaken": "Hamburg",
        "takenAt": 1594917840,
        "copyright": "Nico T.",
        "description": null,
        "asset": {
            "id": 159326,
            "type": "Cargo",
            "name": "ESTELLE MAERSK"
        },
        "rating": {
            "voteAverage": 5,
            "voteCounter": 2
        },
        "url": "https://images.marinetraffic.com/collection/4486999.webp?size=800"
    },
    {
        "photoId": 4486992,
        "placeTaken": "Bremerhaven",
        "takenAt": 1633877640,
        "copyright": "Nico T.",
        "description": null,
        "asset": {
            "id": 159326,
            "type": "Cargo",
            "name": "ESTELLE MAERSK"
        },
        "rating": {
            "voteAverage": 5,
            "voteCounter": 4
        },
        "url": "https://images.marinetraffic.com/collection/4486992.webp?size=800"
    },
    {
        "photoId": 4470877,
        "placeTaken": "London Gateway",
        "takenAt": 1609959540,
        "copyright": "Pekka Jarvinen",
        "description": "London Gateway 06.01.2021. Photo by capt. Soini.",
        "asset": {
            "id": 159326,
            "type": "Cargo",
            "name": "ESTELLE MAERSK"
        },
        "rating": {
            "voteAverage": 0,
            "voteCounter": 0
        },
        "url": "https://images.marinetraffic.com/collection/4470877.webp?size=800"
    },
    {
        "photoId": 4459045,
        "placeTaken": "Panoramaweg Breskens",
        "takenAt": 1634392380,
        "copyright": "W.J.M. Uytterhoeven",
        "description": null,
        "asset": {
            "id": 159326,
            "type": "Cargo",
            "name": "ESTELLE MAERSK"
        },
        "rating": {
            "voteAverage": 0,
            "voteCounter": 0
        },
        "url": "https://images.marinetraffic.com/collection/4459045.webp?size=800"
    },
    {
        "photoId": 4459043,
        "placeTaken": "Panoramaweg Breskens",
        "takenAt": 1634393100,
        "copyright": "W.J.M. Uytterhoeven",
        "description": "Bestemming Thames",
        "asset": {
            "id": 159326,
            "type": "Cargo",
            "name": "ESTELLE MAERSK"
        },
        "rating": {
            "voteAverage": 0,
            "voteCounter": 0
        },
        "url": "https://images.marinetraffic.com/collection/4459043.webp?size=800"
    },
    {
        "photoId": 4272030,
        "placeTaken": "English channel",
        "takenAt": 1441970460,
        "copyright": "Pekka Jarvinen",
        "description": "English channel 11.09.2015. Photo by capt. Soini.",
        "asset": {
            "id": 159326,
            "type": "Cargo",
            "name": "ESTELLE MAERSK"
        },
        "rating": {
            "voteAverage": 0,
            "voteCounter": 0
        },
        "url": "https://images.marinetraffic.com/collection/4272030.webp?size=800"
    },
    {
        "photoId": 4224133,
        "placeTaken": "Antwerp ",
        "takenAt": 1617381360,
        "copyright": "ed valk",
        "description": null,
        "asset": {
            "id": 159326,
            "type": "Cargo",
            "name": "ESTELLE MAERSK"
        },
        "rating": {
            "voteAverage": 5,
            "voteCounter": 2
        },
        "url": "https://images.marinetraffic.com/collection/4224133.webp?size=800"
    },
    {
        "photoId": 4131932,
        "placeTaken": "Hamburg, Elbe",
        "takenAt": 1609418700,
        "copyright": "Christian Mailer",
        "description": null,
        "asset": {
            "id": 159326,
            "type": "Cargo",
            "name": "ESTELLE MAERSK"
        },
        "rating": {
            "voteAverage": 0,
            "voteCounter": 0
        },
        "url": "https://images.marinetraffic.com/collection/4131932.webp?size=800"
    },
    {
        "photoId": 4131931,
        "placeTaken": "Hamburg, Elbe",
        "takenAt": 1609418820,
        "copyright": "Christian Mailer",
        "description": null,
        "asset": {
            "id": 159326,
            "type": "Cargo",
            "name": "ESTELLE MAERSK"
        },
        "rating": {
            "voteAverage": 5,
            "voteCounter": 1
        },
        "url": "https://images.marinetraffic.com/collection/4131931.webp?size=800"
    },
    {
        "photoId": 4131930,
        "placeTaken": "Hamburg, Elbe",
        "takenAt": 1609418520,
        "copyright": "Christian Mailer",
        "description": null,
        "asset": {
            "id": 159326,
            "type": "Cargo",
            "name": "ESTELLE MAERSK"
        },
        "rating": {
            "voteAverage": 0,
            "voteCounter": 0
        },
        "url": "https://images.marinetraffic.com/collection/4131930.webp?size=800"
    },
    {
        "photoId": 4130701,
        "placeTaken": "Hamburg, Bubendeyufer",
        "takenAt": 1609415100,
        "copyright": "Oliver Boltz",
        "description": null,
        "asset": {
            "id": 159326,
            "type": "Cargo",
            "name": "ESTELLE MAERSK"
        },
        "rating": {
            "voteAverage": 5,
            "voteCounter": 1
        },
        "url": "https://images.marinetraffic.com/collection/4130701.webp?size=800"
    },
    {
        "photoId": 4130700,
        "placeTaken": "Hamburg, Bubendeyufer",
        "takenAt": 1609414980,
        "copyright": "Oliver Boltz",
        "description": null,
        "asset": {
            "id": 159326,
            "type": "Cargo",
            "name": "ESTELLE MAERSK"
        },
        "rating": {
            "voteAverage": 0,
            "voteCounter": 0
        },
        "url": "https://images.marinetraffic.com/collection/4130700.webp?size=800"
    },
    {
        "photoId": 4130699,
        "placeTaken": "Hamburg, Bubendeyufer",
        "takenAt": 1609414860,
        "copyright": "Oliver Boltz",
        "description": null,
        "asset": {
            "id": 159326,
            "type": "Cargo",
            "name": "ESTELLE MAERSK"
        },
        "rating": {
            "voteAverage": 0,
            "voteCounter": 0
        },
        "url": "https://images.marinetraffic.com/collection/4130699.webp?size=800"
    },
    {
        "photoId": 4127945,
        "placeTaken": "Hamburg- Wittenbergen",
        "takenAt": 1609169220,
        "copyright": "Hartmut Brockmueller",
        "description": null,
        "asset": {
            "id": 159326,
            "type": "Cargo",
            "name": "ESTELLE MAERSK"
        },
        "rating": {
            "voteAverage": 5,
            "voteCounter": 13
        },
        "url": "https://images.marinetraffic.com/collection/4127945.webp?size=800"
    },
    {
        "photoId": 4127940,
        "placeTaken": "Hamburg- Wittenbergen",
        "takenAt": 1609168860,
        "copyright": "Hartmut Brockmueller",
        "description": null,
        "asset": {
            "id": 159326,
            "type": "Cargo",
            "name": "ESTELLE MAERSK"
        },
        "rating": {
            "voteAverage": 5,
            "voteCounter": 15
        },
        "url": "https://images.marinetraffic.com/collection/4127940.webp?size=800"
    }
]