[
    {
        "photoId": 4111335,
        "placeTaken": "Bremerhaven",
        "takenAt": 1376574960,
        "copyright": "Rolf Bridde",
        "description": null,
        "asset": {
            "id": 159326,
            "type": "Cargo",
            "name": "ESTELLE MAERSK"
        },
        "rating": {
            "voteAverage": 5,
            "voteCounter": 1
        },
        "url": "https://images.marinetraffic.com/collection/4111335.webp?size=800"
    },
    {
        "photoId": 4101113,
        "placeTaken": "Bremerhaven",
        "takenAt": 1340387160,
        "copyright": "Rolf Bridde",
        "description": null,
        "asset": {
            "id": 159326,
            "type": "Cargo",
            "name": "ESTELLE MAERSK"
        },
        "rating": {
            "voteAverage": 5,
            "voteCounter": 1
        },
        "url": "https://images.marinetraffic.com/collection/4101113.webp?size=800"
    },
    {
        "photoId": 4074874,
        "placeTaken": "Salalah",
        "takenAt": 1542178980,
        "copyright": "MARTIN TODD",
        "description": null,
        "asset": {
            "id": 159326,
            "type": "Cargo",
            "name": "ESTELLE MAERSK"
        },
        "rating": {
            "voteAverage": 0,
            "voteCounter": 0
        },
        "url": "https://images.marinetraffic.com/collection/4074874.webp?size=800"
    },
    {
        "photoId": 4060597,
        "placeTaken": "Hamburg",
        "takenAt": 1602437460,
        "copyright": "Hans Schaefer",
        "description": null,
        "asset": {
            "id": 159326,
            "type": "Cargo",
            "name": "ESTELLE MAERSK"
        },
        "rating": {
            "voteAverage": 5,
            "voteCounter": 2
        },
        "url": "https://images.marinetraffic.com/collection/4060597.webp?size=800"
    },
    {
        "photoId": 4059056,
        "placeTaken": "Hansweert, Westerschelde",
        "takenAt": 1602766800,
        "copyright": "Ruud Romijn",
        "description": null,
        "asset": {
            "id": 159326,
            "type": "Cargo",
            "name": "ESTELLE MAERSK"
        },
        "rating": {
            "voteAverage": 0,
            "voteCounter": 0
        },
        "url": "https://images.marinetraffic.com/collection/4059056.webp?size=800"
    },
    {
        "photoId": 4056246,
        "placeTaken": "Hamburg- Wittenbergen",
        "takenAt": 1602439620,
        "copyright": "Hartmut Brockmueller",
        "description": null,
        "asset": {
            "id": 159326,
            "type": "Cargo",
            "name": "ESTELLE MAERSK"
        },
        "rating": {
            "voteAverage": 5,
            "voteCounter": 10
        },
        "url": "https://images.marinetraffic.com/collection/4056246.webp?size=800"
    },
    {
        "photoId": 4056245,
        "placeTaken": "Hamburg- Wittenbergen",
        "takenAt": 1602439440,
        "copyright": "Hartmut Brockmueller",
        "description": null,
        "asset": {
            "id": 159326,
            "type": "Cargo",
            "name": "ESTELLE MAERSK"
        },
        "rating": {
            "voteAverage": 5,
            "voteCounter": 12
        },
        "url": "https://images.marinetraffic.com/collection/4056245.webp?size=800"
    },
    {
        "photoId": 4055597,
        "placeTaken": "Hamburg",
        "takenAt": 1602437040,
        "copyright": "Hans Schaefer",
        "description": null,
        "asset": {
            "id": 159326,
            "type": "Cargo",
            "name": "ESTELLE MAERSK"
        },
        "rating": {
            "voteAverage": 5,
            "voteCounter": 1
        },
        "url": "https://images.marinetraffic.com/collection/4055597.webp?size=800"
    },
    {
        "photoId": 4055596,
        "placeTaken": "Hamburg",
        "takenAt": 1602436740,
        "copyright": "Hans Schaefer",
        "description": null,
        "asset": {
            "id": 159326,
            "type": "Cargo",
            "name": "ESTELLE MAERSK"
        },
        "rating": {
            "voteAverage": 0,
            "voteCounter": 0
        },
        "url": "https://images.marinetraffic.com/collection/4055596.webp?size=800"
    },
    {
        "photoId": 4055595,
        "placeTaken": "Hamburg",
        "takenAt": 1602436440,
        "copyright": "Hans Schaefer",
        "description": null,
        "asset": {
            "id": 159326,
            "type": "Cargo",
            "name": "ESTELLE MAERSK"
        },
        "rating": {
            "voteAverage": 0,
            "voteCounter": 0
        },
        "url": "https://images.marinetraffic.com/collection/4055595.webp?size=800"
    },
    {
        "photoId": 4055480,
        "placeTaken": "Hamburg, Waltershof",
        "takenAt": 1602407460,
        "copyright": "Oliver Boltz",
        "description": null,
        "asset": {
            "id": 159326,
            "type": "Cargo",
            "name": "ESTELLE MAERSK"
        },
        "rating": {
            "voteAverage": 0,
            "voteCounter": 0
        },
        "url": "https://images.marinetraffic.com/collection/4055480.webp?size=800"
    },
    {
        "photoId": 4055479,
        "placeTaken": "Hamburg, Waltershof",
        "takenAt": 1602407220,
        "copyright": "Oliver Boltz",
        "description": null,
        "asset": {
            "id": 159326,
            "type": "Cargo",
            "name": "ESTELLE MAERSK"
        },
        "rating": {
            "voteAverage": 0,
            "voteCounter": 0
        },
        "url": "https://images.marinetraffic.com/collection/4055479.webp?size=800"
    },
    {
        "photoId": 4055349,
        "placeTaken": "Hamburg- Wittenbergen",
        "takenAt": 1602439380,
        "copyright": "Hartmut Brockmueller",
        "description": null,
        "asset": {
            "id": 159326,
            "type": "Cargo",
            "name": "ESTELLE MAERSK"
        },
        "rating": {
            "voteAverage": 5,
            "voteCounter": 12
        },
        "url": "https://images.marinetraffic.com/collection/4055349.webp?size=800"
    },
    {
        "photoId": 3957590,
        "placeTaken": "Hamburg Blankenese",
        "takenAt": 1594919220,
        "copyright": "Carsten Feldhusen",
        "description": "Die ESTELLE MAERSK am 16.07.2020 vor Blankenese in Hamburg auf dem Weg zur Nordsee",
        "asset": {
            "id": 159326,
            "type": "Cargo",
            "name": "ESTELLE MAERSK"
        },
        "rating": {
            "voteAverage": 5,
            "voteCounter": 40
        },
        "url": "https://images.marinetraffic.com/collection/3957590.webp?size=800"
    },
    {
        "photoId": 3957588,
        "placeTaken": "Hamburg Blankenese",
        "takenAt": 1594918980,
        "copyright": "Carsten Feldhusen",
        "description": "Die auslaufende ESTELLE MAERSK passiert am 16.07.2020 Blankenese in Hamburg",
        "asset": {
            "id": 159326,
            "type": "Cargo",
            "name": "ESTELLE MAERSK"
        },
        "rating": {
            "voteAverage": 5,
            "voteCounter": 48
        },
        "url": "https://images.marinetraffic.com/collection/3957588.webp?size=800"
    },
    {
        "photoId": 3953672,
        "placeTaken": "Elbe bei Otterndorf",
        "takenAt": 1594930500,
        "copyright": "Uwe Benn",
        "description": null,
        "asset": {
            "id": 159326,
            "type": "Cargo",
            "name": "ESTELLE MAERSK"
        },
        "rating": {
            "voteAverage": 0,
            "voteCounter": 0
        },
        "url": "https://images.marinetraffic.com/collection/3953672.webp?size=800"
    },
    {
        "photoId": 3951950,
        "placeTaken": "elbabwaerts",
        "takenAt": 1594927680,
        "copyright": "Christoph Bo",
        "description": null,
        "asset": {
            "id": 159326,
            "type": "Cargo",
            "name": "ESTELLE MAERSK"
        },
        "rating": {
            "voteAverage": 0,
            "voteCounter": 0
        },
        "url": "https://images.marinetraffic.com/collection/3951950.webp?size=800"
    },
    {
        "photoId": 3951949,
        "placeTaken": "elbabwaerts",
        "takenAt": 1594927320,
        "copyright": "Christoph Bo",
        "description": null,
        "asset": {
            "id": 159326,
            "type": "Cargo",
            "name": "ESTELLE MAERSK"
        },
        "rating": {
            "voteAverage": 0,
            "voteCounter": 0
        },
        "url": "https://images.marinetraffic.com/collection/3951949.webp?size=800"
    },
    {
        "photoId": 3951939,
        "placeTaken": "elbaufwaerts",
        "takenAt": 1594759020,
        "copyright": "Christoph Bo",
        "description": "im Abenddunst",
        "asset": {
            "id": 159326,
            "type": "Cargo",
            "name": "ESTELLE MAERSK"
        },
        "rating": {
            "voteAverage": 0,
            "voteCounter": 0
        },
        "url": "https://images.marinetraffic.com/collection/3951939.webp?size=800"
    },
    {
        "photoId": 3950226,
        "placeTaken": "Hamburg-Rueschpark",
        "takenAt": 1594917780,
        "copyright": "S.Seelemann",
        "description": null,
        "asset": {
            "id": 159326,
            "type": "Cargo",
            "name": "ESTELLE MAERSK"
        },
        "rating": {
            "voteAverage": 5,
            "voteCounter": 2
        },
        "url": "https://images.marinetraffic.com/collection/3950226.webp?size=800"
    }
]