[
    {
        "photoId": 5044851,
        "placeTaken": "St. Catharines, Ontario",
        "takenAt": 1681588260,
        "copyright": "Barry Andersen",
        "description": "Welland Canal - clear of lock 3",
        "asset": {
            "id": 1033545,
            "type": "Cargo",
            "name": "CSL ST LAURENT"
        },
        "rating": {
            "voteAverage": 5,
            "voteCounter": 1
        },
        "url": "https://images.marinetraffic.com/collection/5044851.webp?size=800"
    },
    {
        "photoId": 5039715,
        "placeTaken": "Stovin Island",
        "takenAt": null,
        "copyright": "Nelson Gilbert",
        "description": null,
        "asset": {
            "id": 1033545,
            "type": "Cargo",
            "name": "CSL ST LAURENT"
        },
        "rating": {
            "voteAverage": 0,
            "voteCounter": 0
        },
        "url": "https://images.marinetraffic.com/collection/5039715.webp?size=800"
    },
    {
        "photoId": 5027599,
        "placeTaken": null,
        "takenAt": 1681050300,
        "copyright": "Gavin Gennrich",
        "description": null,
        "asset": {
            "id": 1033545,
            "type": "Cargo",
            "name": "CSL ST LAURENT"
        },
        "rating": {
            "voteAverage": 0,
            "voteCounter": 0
        },
        "url": "https://images.marinetraffic.com/collection/5027599.webp?size=800"
    },
    {
        "photoId": 5020735,
        "placeTaken": "Superior, Wisconsin, USA",
        "takenAt": 1679993100,
        "copyright": "Robert Learmont",
        "description": "Superior, Wisconsin",
        "asset": {
            "id": 1033545,
            "type": "Cargo",
            "name": "CSL ST LAURENT"
        },
        "rating": {
            "voteAverage": 0,
            "voteCounter": 0
        },
        "url": "https://images.marinetraffic.com/collection/5020735.webp?size=800"
    },
    {
        "photoId": 5017856,
        "placeTaken": "St. Catharines, Ontario",
        "takenAt": 1679404560,
        "copyright": "Barry Andersen",
        "description": "coming out of Heddle dry dock Omni Coastal assisting",
        "asset": {
            "id": 1033545,
            "type": "Cargo",
            "name": "CSL ST LAURENT"
        },
        "rating": {
            "voteAverage": 0,
            "voteCounter": 0
        },
        "url": "https://images.marinetraffic.com/collection/5017856.webp?size=800"
    },
    {
        "photoId": 4943443,
        "placeTaken": null,
        "takenAt": 1649182320,
        "copyright": "Michael Hull",
        "description": null,
        "asset": {
            "id": 1033545,
            "type": "Cargo",
            "name": "CSL ST LAURENT"
        },
        "rating": {
            "voteAverage": 0,
            "voteCounter": 0
        },
        "url": "https://images.marinetraffic.com/collection/4943443.webp?size=800"
    },
    {
        "photoId": 4928804,
        "placeTaken": null,
        "takenAt": 1669559160,
        "copyright": "Michael Hull",
        "description": null,
        "asset": {
            "id": 1033545,
            "type": "Cargo",
            "name": "CSL ST LAURENT"
        },
        "rating": {
            "voteAverage": 0,
            "voteCounter": 0
        },
        "url": "https://images.marinetraffic.com/collection/4928804.webp?size=800"
    },
    {
        "photoId": 4924130,
        "placeTaken": null,
        "takenAt": 1669470660,
        "copyright": "Michael Hull",
        "description": null,
        "asset": {
            "id": 1033545,
            "type": "Cargo",
            "name": "CSL ST LAURENT"
        },
        "rating": {
            "voteAverage": 0,
            "voteCounter": 0
        },
        "url": "https://images.marinetraffic.com/collection/4924130.webp?size=800"
    },
    {
        "photoId": 4918750,
        "placeTaken": null,
        "takenAt": 948491700,
        "copyright": "RONALD BORTOLON",
        "description": "this is the CSL ST LAURENT leaving the port of Thunderbay with a cargo .",
        "asset": {
            "id": 1033545,
            "type": "Cargo",
            "name": "CSL ST LAURENT"
        },
        "rating": {
            "voteAverage": 5,
            "voteCounter": 1
        },
        "url": "https://images.marinetraffic.com/collection/4918750.webp?size=800"
    },
    {
        "photoId": 4916973,
        "placeTaken": null,
        "takenAt": 1669473660,
        "copyright": "Michael Hull",
        "description": null,
        "asset": {
            "id": 1033545,
            "type": "Cargo",
            "name": "CSL ST LAURENT"
        },
        "rating": {
            "voteAverage": 5,
            "voteCounter": 1
        },
        "url": "https://images.marinetraffic.com/collection/4916973.webp?size=800"
    },
    {
        "photoId": 4867311,
        "placeTaken": null,
        "takenAt": 1645808940,
        "copyright": "Michael Hull",
        "description": null,
        "asset": {
            "id": 1033545,
            "type": "Cargo",
            "name": "CSL ST LAURENT"
        },
        "rating": {
            "voteAverage": 5,
            "voteCounter": 1
        },
        "url": "https://images.marinetraffic.com/collection/4867311.webp?size=800"
    },
    {
        "photoId": 4865575,
        "placeTaken": "Hamilton Harbour, Hamilton, Ontario, Canada",
        "takenAt": 1664805480,
        "copyright": "John Heron",
        "description": "Inbound Hamilton Harbour",
        "asset": {
            "id": 1033545,
            "type": "Cargo",
            "name": "CSL ST LAURENT"
        },
        "rating": {
            "voteAverage": 0,
            "voteCounter": 0
        },
        "url": "https://images.marinetraffic.com/collection/4865575.webp?size=800"
    },
    {
        "photoId": 4865573,
        "placeTaken": "Hamilton Harbour, Hamilton, Ontario, Canada",
        "takenAt": 1664805420,
        "copyright": "John Heron",
        "description": "Inbound Hamilton Harbour",
        "asset": {
            "id": 1033545,
            "type": "Cargo",
            "name": "CSL ST LAURENT"
        },
        "rating": {
            "voteAverage": 0,
            "voteCounter": 0
        },
        "url": "https://images.marinetraffic.com/collection/4865573.webp?size=800"
    },
    {
        "photoId": 4845531,
        "placeTaken": "River Rouge, Mi, Usa",
        "takenAt": 1663009620,
        "copyright": "Carson Last",
        "description": null,
        "asset": {
            "id": 1033545,
            "type": "Cargo",
            "name": "CSL ST LAURENT"
        },
        "rating": {
            "voteAverage": 5,
            "voteCounter": 4
        },
        "url": "https://images.marinetraffic.com/collection/4845531.webp?size=800"
    },
    {
        "photoId": 4776592,
        "placeTaken": "Allanburg Thorold Ontario",
        "takenAt": 1659030000,
        "copyright": "TIM SHAFLEY",
        "description": "The CSL St Laurent, downbound, in the Welland Canal, passing under Bridge 1, the Allenburg Lift Bridge.",
        "asset": {
            "id": 1033545,
            "type": "Cargo",
            "name": "CSL ST LAURENT"
        },
        "rating": {
            "voteAverage": 0,
            "voteCounter": 0
        },
        "url": "https://images.marinetraffic.com/collection/4776592.webp?size=800"
    },
    {
        "photoId": 4695693,
        "placeTaken": "St. Catharines, Ontario, Canada",
        "takenAt": 1654170180,
        "copyright": "Ryan Bose",
        "description": null,
        "asset": {
            "id": 1033545,
            "type": "Cargo",
            "name": "CSL ST LAURENT"
        },
        "rating": {
            "voteAverage": 5,
            "voteCounter": 1
        },
        "url": "https://images.marinetraffic.com/collection/4695693.webp?size=800"
    },
    {
        "photoId": 4695690,
        "placeTaken": "St. Catharines, Ontario, Canada",
        "takenAt": 1654169940,
        "copyright": "Ryan Bose",
        "description": null,
        "asset": {
            "id": 1033545,
            "type": "Cargo",
            "name": "CSL ST LAURENT"
        },
        "rating": {
            "voteAverage": 5,
            "voteCounter": 1
        },
        "url": "https://images.marinetraffic.com/collection/4695690.webp?size=800"
    },
    {
        "photoId": 4691113,
        "placeTaken": "near mariatown ontario",
        "takenAt": 1654092360,
        "copyright": "brian stanley",
        "description": "upbound on the st lawrence river passing great republic downbound",
        "asset": {
            "id": 1033545,
            "type": "Cargo",
            "name": "CSL ST LAURENT"
        },
        "rating": {
            "voteAverage": 0,
            "voteCounter": 0
        },
        "url": "https://images.marinetraffic.com/collection/4691113.webp?size=800"
    },
    {
        "photoId": 4691109,
        "placeTaken": "near mariatown ontario",
        "takenAt": 1654092540,
        "copyright": "brian stanley",
        "description": "upbound on the st lawrence",
        "asset": {
            "id": 1033545,
            "type": "Cargo",
            "name": "CSL ST LAURENT"
        },
        "rating": {
            "voteAverage": 5,
            "voteCounter": 1
        },
        "url": "https://images.marinetraffic.com/collection/4691109.webp?size=800"
    },
    {
        "photoId": 4661840,
        "placeTaken": null,
        "takenAt": 1651171500,
        "copyright": "John Easton",
        "description": null,
        "asset": {
            "id": 1033545,
            "type": "Cargo",
            "name": "CSL ST LAURENT"
        },
        "rating": {
            "voteAverage": 0,
            "voteCounter": 0
        },
        "url": "https://images.marinetraffic.com/collection/4661840.webp?size=800"
    }
]