[
    {
        "photoId": 3873099,
        "placeTaken": "St. Catharines, Ontario, Canada",
        "takenAt": 1583745480,
        "copyright": "Quinn Riches",
        "description": "Upbound on the Welland Canal, departing Lock 1.",
        "asset": {
            "id": 1033545,
            "type": "Cargo",
            "name": "CSL ST LAURENT"
        },
        "rating": {
            "voteAverage": 0,
            "voteCounter": 0
        },
        "url": "https://images.marinetraffic.com/collection/3873099.webp?size=800"
    },
    {
        "photoId": 3869654,
        "placeTaken": "Port Huron, Michigan USA",
        "takenAt": 1537709340,
        "copyright": "Kevin Majewski",
        "description": "CSL St. Laurent entering the St. Clair River from Lake Huron at Port Huron, Michigan on September 23, 2018.",
        "asset": {
            "id": 1033545,
            "type": "Cargo",
            "name": "CSL ST LAURENT"
        },
        "rating": {
            "voteAverage": 5,
            "voteCounter": 21
        },
        "url": "https://images.marinetraffic.com/collection/3869654.webp?size=800"
    },
    {
        "photoId": 3849705,
        "placeTaken": "Port Weller, Ontario, Canada",
        "takenAt": 1567086840,
        "copyright": "Shiphotos...by Paul Beesley",
        "description": "CSL St Laurent upbound above Lock 1, Welland Canal, Canada.  August 29, 2019",
        "asset": {
            "id": 1033545,
            "type": "Cargo",
            "name": "CSL ST LAURENT"
        },
        "rating": {
            "voteAverage": 0,
            "voteCounter": 0
        },
        "url": "https://images.marinetraffic.com/collection/3849705.webp?size=800"
    },
    {
        "photoId": 3849703,
        "placeTaken": "Port Weller, Ontario, Canada",
        "takenAt": 1567086720,
        "copyright": "Shiphotos...by Paul Beesley",
        "description": "CSL St Laurent upbound above Lock 1, Welland Canal, Canada.  August 29, 2019",
        "asset": {
            "id": 1033545,
            "type": "Cargo",
            "name": "CSL ST LAURENT"
        },
        "rating": {
            "voteAverage": 0,
            "voteCounter": 0
        },
        "url": "https://images.marinetraffic.com/collection/3849703.webp?size=800"
    },
    {
        "photoId": 3846988,
        "placeTaken": null,
        "takenAt": 1587206580,
        "copyright": "Todd DeWeese",
        "description": "Upper Soo Locks",
        "asset": {
            "id": 1033545,
            "type": "Cargo",
            "name": "CSL ST LAURENT"
        },
        "rating": {
            "voteAverage": 0,
            "voteCounter": 0
        },
        "url": "https://images.marinetraffic.com/collection/3846988.webp?size=800"
    },
    {
        "photoId": 3816580,
        "placeTaken": "Thunder Bay,  ON Canada",
        "takenAt": 1584526980,
        "copyright": "Dianne Temple",
        "description": null,
        "asset": {
            "id": 1033545,
            "type": "Cargo",
            "name": "CSL ST LAURENT"
        },
        "rating": {
            "voteAverage": 5,
            "voteCounter": 77
        },
        "url": "https://images.marinetraffic.com/collection/3816580.webp?size=800"
    },
    {
        "photoId": 3684982,
        "placeTaken": "St. Catharines, Ontario, Canada",
        "takenAt": 1571064300,
        "copyright": "Russ Milland",
        "description": "Downbound in the Welland Canal between Locks 2 and 1",
        "asset": {
            "id": 1033545,
            "type": "Cargo",
            "name": "CSL ST LAURENT"
        },
        "rating": {
            "voteAverage": 5,
            "voteCounter": 1
        },
        "url": "https://images.marinetraffic.com/collection/3684982.webp?size=800"
    },
    {
        "photoId": 3684981,
        "placeTaken": "St. Catharines, Ontario, Canada",
        "takenAt": 1571064060,
        "copyright": "Russ Milland",
        "description": "Downbound in the Welland Canal between Locks 2 and 1",
        "asset": {
            "id": 1033545,
            "type": "Cargo",
            "name": "CSL ST LAURENT"
        },
        "rating": {
            "voteAverage": 5,
            "voteCounter": 1
        },
        "url": "https://images.marinetraffic.com/collection/3684981.webp?size=800"
    },
    {
        "photoId": 3684980,
        "placeTaken": "St. Catharines, Ontario, Canada",
        "takenAt": 1571063880,
        "copyright": "Russ Milland",
        "description": "Downbound in the Welland Canal between Locks 2 and 1",
        "asset": {
            "id": 1033545,
            "type": "Cargo",
            "name": "CSL ST LAURENT"
        },
        "rating": {
            "voteAverage": 5,
            "voteCounter": 2
        },
        "url": "https://images.marinetraffic.com/collection/3684980.webp?size=800"
    },
    {
        "photoId": 3608600,
        "placeTaken": "Salaberry-de-Valleyfield, QC, Canada",
        "takenAt": 1558146060,
        "copyright": "Steve P",
        "description": null,
        "asset": {
            "id": 1033545,
            "type": "Cargo",
            "name": "CSL ST LAURENT"
        },
        "rating": {
            "voteAverage": 0,
            "voteCounter": 0
        },
        "url": "https://images.marinetraffic.com/collection/3608600.webp?size=800"
    },
    {
        "photoId": 3608598,
        "placeTaken": "Salaberry-de-Valleyfield, QC, Canada",
        "takenAt": 1558145940,
        "copyright": "Steve P",
        "description": null,
        "asset": {
            "id": 1033545,
            "type": "Cargo",
            "name": "CSL ST LAURENT"
        },
        "rating": {
            "voteAverage": 0,
            "voteCounter": 0
        },
        "url": "https://images.marinetraffic.com/collection/3608598.webp?size=800"
    },
    {
        "photoId": 3608595,
        "placeTaken": "Salaberry-de-Valleyfield, QC, Canada",
        "takenAt": 1558145820,
        "copyright": "Steve P",
        "description": null,
        "asset": {
            "id": 1033545,
            "type": "Cargo",
            "name": "CSL ST LAURENT"
        },
        "rating": {
            "voteAverage": 5,
            "voteCounter": 1
        },
        "url": "https://images.marinetraffic.com/collection/3608595.webp?size=800"
    },
    {
        "photoId": 3608592,
        "placeTaken": "Salaberry-de-Valleyfield, QC, Canada",
        "takenAt": 1558145700,
        "copyright": "Steve P",
        "description": null,
        "asset": {
            "id": 1033545,
            "type": "Cargo",
            "name": "CSL ST LAURENT"
        },
        "rating": {
            "voteAverage": 0,
            "voteCounter": 0
        },
        "url": "https://images.marinetraffic.com/collection/3608592.webp?size=800"
    },
    {
        "photoId": 3438393,
        "placeTaken": null,
        "takenAt": 1524931680,
        "copyright": "Donald Falk",
        "description": null,
        "asset": {
            "id": 1033545,
            "type": "Cargo",
            "name": "CSL ST LAURENT"
        },
        "rating": {
            "voteAverage": 0,
            "voteCounter": 0
        },
        "url": "https://images.marinetraffic.com/collection/3438393.webp?size=800"
    },
    {
        "photoId": 3328252,
        "placeTaken": null,
        "takenAt": 943920000,
        "copyright": "Peter L Smith",
        "description": null,
        "asset": {
            "id": 1033545,
            "type": "Cargo",
            "name": "CSL ST LAURENT"
        },
        "rating": {
            "voteAverage": 0,
            "voteCounter": 0
        },
        "url": "https://images.marinetraffic.com/collection/3328252.webp?size=800"
    },
    {
        "photoId": 3304590,
        "placeTaken": "Welland Canal - Canada",
        "takenAt": 1540737420,
        "copyright": "Barry Andersen",
        "description": "up bound headed for Lk. 2 at St. Catharines, Ontario",
        "asset": {
            "id": 1033545,
            "type": "Cargo",
            "name": "CSL ST LAURENT"
        },
        "rating": {
            "voteAverage": 5,
            "voteCounter": 1
        },
        "url": "https://images.marinetraffic.com/collection/3304590.webp?size=800"
    },
    {
        "photoId": 3263454,
        "placeTaken": null,
        "takenAt": 1538927700,
        "copyright": "will s",
        "description": null,
        "asset": {
            "id": 1033545,
            "type": "Cargo",
            "name": "CSL ST LAURENT"
        },
        "rating": {
            "voteAverage": 0,
            "voteCounter": 0
        },
        "url": "https://images.marinetraffic.com/collection/3263454.webp?size=800"
    },
    {
        "photoId": 3260719,
        "placeTaken": "Marysville, MI",
        "takenAt": 1538673480,
        "copyright": "Jeff Poppe",
        "description": null,
        "asset": {
            "id": 1033545,
            "type": "Cargo",
            "name": "CSL ST LAURENT"
        },
        "rating": {
            "voteAverage": 5,
            "voteCounter": 1
        },
        "url": "https://images.marinetraffic.com/collection/3260719.webp?size=800"
    },
    {
        "photoId": 3260717,
        "placeTaken": "Marysville, MI",
        "takenAt": 1538673180,
        "copyright": "Jeff Poppe",
        "description": "Tanker ALGOMA HANSA following close behind.",
        "asset": {
            "id": 1033545,
            "type": "Cargo",
            "name": "CSL ST LAURENT"
        },
        "rating": {
            "voteAverage": 0,
            "voteCounter": 0
        },
        "url": "https://images.marinetraffic.com/collection/3260717.webp?size=800"
    },
    {
        "photoId": 3249919,
        "placeTaken": null,
        "takenAt": 1540304340,
        "copyright": "David Patterson",
        "description": null,
        "asset": {
            "id": 1033545,
            "type": "Cargo",
            "name": "CSL ST LAURENT"
        },
        "rating": {
            "voteAverage": 0,
            "voteCounter": 0
        },
        "url": "https://images.marinetraffic.com/collection/3249919.webp?size=800"
    }
]