[
    {
        "photoId": 4108085,
        "placeTaken": "St. Marys River",
        "takenAt": 1606567620,
        "copyright": "Rowan Morris",
        "description": null,
        "asset": {
            "id": 1033545,
            "type": "Cargo",
            "name": "CSL ST LAURENT"
        },
        "rating": {
            "voteAverage": 5,
            "voteCounter": 5
        },
        "url": "https://images.marinetraffic.com/collection/4108085.webp?size=800"
    },
    {
        "photoId": 4107157,
        "placeTaken": "Welland Canal Above Lock 7 Thorold",
        "takenAt": 1526261520,
        "copyright": "Wayne Huggins",
        "description": null,
        "asset": {
            "id": 1033545,
            "type": "Cargo",
            "name": "CSL ST LAURENT"
        },
        "rating": {
            "voteAverage": 0,
            "voteCounter": 0
        },
        "url": "https://images.marinetraffic.com/collection/4107157.webp?size=800"
    },
    {
        "photoId": 4107154,
        "placeTaken": "Welland Canal Above Lock 7 Thorold",
        "takenAt": 1526261220,
        "copyright": "Wayne Huggins",
        "description": null,
        "asset": {
            "id": 1033545,
            "type": "Cargo",
            "name": "CSL ST LAURENT"
        },
        "rating": {
            "voteAverage": 5,
            "voteCounter": 5
        },
        "url": "https://images.marinetraffic.com/collection/4107154.webp?size=800"
    },
    {
        "photoId": 4090746,
        "placeTaken": "Sault Ste Marie ont",
        "takenAt": null,
        "copyright": "jamie piccolo",
        "description": "the St Laurent leaving the Soo locks on the St Marys river going downstream to lake Huron",
        "asset": {
            "id": 1033545,
            "type": "Cargo",
            "name": "CSL ST LAURENT"
        },
        "rating": {
            "voteAverage": 0,
            "voteCounter": 0
        },
        "url": "https://images.marinetraffic.com/collection/4090746.webp?size=800"
    },
    {
        "photoId": 4088884,
        "placeTaken": "Sault Ste Marie ont",
        "takenAt": null,
        "copyright": "jamie piccolo",
        "description": "The St Laurent coming into the Sault locks into Lake Superior on the St Marys river",
        "asset": {
            "id": 1033545,
            "type": "Cargo",
            "name": "CSL ST LAURENT"
        },
        "rating": {
            "voteAverage": 4.5,
            "voteCounter": 2
        },
        "url": "https://images.marinetraffic.com/collection/4088884.webp?size=800"
    },
    {
        "photoId": 4088879,
        "placeTaken": "Sault Ste Marie ont",
        "takenAt": null,
        "copyright": "jamie piccolo",
        "description": "The St Laurent coming up the St Marys river towards the Soo locks",
        "asset": {
            "id": 1033545,
            "type": "Cargo",
            "name": "CSL ST LAURENT"
        },
        "rating": {
            "voteAverage": 0,
            "voteCounter": 0
        },
        "url": "https://images.marinetraffic.com/collection/4088879.webp?size=800"
    },
    {
        "photoId": 4065008,
        "placeTaken": null,
        "takenAt": 1603202520,
        "copyright": "charlie elliott",
        "description": null,
        "asset": {
            "id": 1033545,
            "type": "Cargo",
            "name": "CSL ST LAURENT"
        },
        "rating": {
            "voteAverage": 0,
            "voteCounter": 0
        },
        "url": "https://images.marinetraffic.com/collection/4065008.webp?size=800"
    },
    {
        "photoId": 4065007,
        "placeTaken": null,
        "takenAt": 1603202460,
        "copyright": "charlie elliott",
        "description": null,
        "asset": {
            "id": 1033545,
            "type": "Cargo",
            "name": "CSL ST LAURENT"
        },
        "rating": {
            "voteAverage": 0,
            "voteCounter": 0
        },
        "url": "https://images.marinetraffic.com/collection/4065007.webp?size=800"
    },
    {
        "photoId": 4040277,
        "placeTaken": "St. Catharines, Ontario, Canada",
        "takenAt": 1599321240,
        "copyright": "Russ Milland",
        "description": "Upbound in the Welland Canal below Lock 1",
        "asset": {
            "id": 1033545,
            "type": "Cargo",
            "name": "CSL ST LAURENT"
        },
        "rating": {
            "voteAverage": 0,
            "voteCounter": 0
        },
        "url": "https://images.marinetraffic.com/collection/4040277.webp?size=800"
    },
    {
        "photoId": 4040275,
        "placeTaken": "St. Catharines, Ontario, Canada",
        "takenAt": 1599320640,
        "copyright": "Russ Milland",
        "description": "Upbound in the Welland Canal below Lock 1",
        "asset": {
            "id": 1033545,
            "type": "Cargo",
            "name": "CSL ST LAURENT"
        },
        "rating": {
            "voteAverage": 0,
            "voteCounter": 0
        },
        "url": "https://images.marinetraffic.com/collection/4040275.webp?size=800"
    },
    {
        "photoId": 4040273,
        "placeTaken": "St. Catharines, Ontario, Canada",
        "takenAt": 1599320340,
        "copyright": "Russ Milland",
        "description": "Upbound in the Welland Canal below Lock 1",
        "asset": {
            "id": 1033545,
            "type": "Cargo",
            "name": "CSL ST LAURENT"
        },
        "rating": {
            "voteAverage": 0,
            "voteCounter": 0
        },
        "url": "https://images.marinetraffic.com/collection/4040273.webp?size=800"
    },
    {
        "photoId": 3974059,
        "placeTaken": "Welland Canal",
        "takenAt": 1593520920,
        "copyright": "Wayne Wilson",
        "description": null,
        "asset": {
            "id": 1033545,
            "type": "Cargo",
            "name": "CSL ST LAURENT"
        },
        "rating": {
            "voteAverage": 0,
            "voteCounter": 0
        },
        "url": "https://images.marinetraffic.com/collection/3974059.webp?size=800"
    },
    {
        "photoId": 3947454,
        "placeTaken": null,
        "takenAt": 1594733340,
        "copyright": "Nancy Green",
        "description": null,
        "asset": {
            "id": 1033545,
            "type": "Cargo",
            "name": "CSL ST LAURENT"
        },
        "rating": {
            "voteAverage": 0,
            "voteCounter": 0
        },
        "url": "https://images.marinetraffic.com/collection/3947454.webp?size=800"
    },
    {
        "photoId": 3947451,
        "placeTaken": null,
        "takenAt": 1594736340,
        "copyright": "Nancy Green",
        "description": null,
        "asset": {
            "id": 1033545,
            "type": "Cargo",
            "name": "CSL ST LAURENT"
        },
        "rating": {
            "voteAverage": 0,
            "voteCounter": 0
        },
        "url": "https://images.marinetraffic.com/collection/3947451.webp?size=800"
    },
    {
        "photoId": 3946141,
        "placeTaken": "Port Colborne",
        "takenAt": 1594642080,
        "copyright": "Kerry Epple",
        "description": "CSL ST LAURENT coming out of Lake Erie heading upbound to the Welland Canal.",
        "asset": {
            "id": 1033545,
            "type": "Cargo",
            "name": "CSL ST LAURENT"
        },
        "rating": {
            "voteAverage": 0,
            "voteCounter": 0
        },
        "url": "https://images.marinetraffic.com/collection/3946141.webp?size=800"
    },
    {
        "photoId": 3946136,
        "placeTaken": "Port Colborne",
        "takenAt": 1594641840,
        "copyright": "Kerry Epple",
        "description": "CSL ST LAURENT coming out of Lake Erie heading up to the Welland Canal.",
        "asset": {
            "id": 1033545,
            "type": "Cargo",
            "name": "CSL ST LAURENT"
        },
        "rating": {
            "voteAverage": 0,
            "voteCounter": 0
        },
        "url": "https://images.marinetraffic.com/collection/3946136.webp?size=800"
    },
    {
        "photoId": 3940627,
        "placeTaken": "Thunder Bay",
        "takenAt": 1594230600,
        "copyright": "Michael Hull",
        "description": null,
        "asset": {
            "id": 1033545,
            "type": "Cargo",
            "name": "CSL ST LAURENT"
        },
        "rating": {
            "voteAverage": 5,
            "voteCounter": 1
        },
        "url": "https://images.marinetraffic.com/collection/3940627.webp?size=800"
    },
    {
        "photoId": 3940626,
        "placeTaken": "Thunder Bay",
        "takenAt": 1594229880,
        "copyright": "Michael Hull",
        "description": null,
        "asset": {
            "id": 1033545,
            "type": "Cargo",
            "name": "CSL ST LAURENT"
        },
        "rating": {
            "voteAverage": 0,
            "voteCounter": 0
        },
        "url": "https://images.marinetraffic.com/collection/3940626.webp?size=800"
    },
    {
        "photoId": 3914204,
        "placeTaken": "st. Marys River",
        "takenAt": 1533550140,
        "copyright": "Kody Lucke",
        "description": null,
        "asset": {
            "id": 1033545,
            "type": "Cargo",
            "name": "CSL ST LAURENT"
        },
        "rating": {
            "voteAverage": 0,
            "voteCounter": 0
        },
        "url": "https://images.marinetraffic.com/collection/3914204.webp?size=800"
    },
    {
        "photoId": 3899168,
        "placeTaken": "Welland Canal by Glendale Bridge",
        "takenAt": 1591191540,
        "copyright": "Karen Andric",
        "description": null,
        "asset": {
            "id": 1033545,
            "type": "Cargo",
            "name": "CSL ST LAURENT"
        },
        "rating": {
            "voteAverage": 0,
            "voteCounter": 0
        },
        "url": "https://images.marinetraffic.com/collection/3899168.webp?size=800"
    }
]