[
    {
        "photoId": 4970159,
        "placeTaken": "Maasvlakte, Rotterdam, The Netherlands",
        "takenAt": 1554305280,
        "copyright": "Mikko Akerman",
        "description": null,
        "asset": {
            "id": 1169117,
            "type": "Cargo",
            "name": "MORTEN MAERSK"
        },
        "rating": {
            "voteAverage": 0,
            "voteCounter": 0
        },
        "url": "https://images.marinetraffic.com/collection/4970159.webp?size=800"
    },
    {
        "photoId": 4851948,
        "placeTaken": "Busan New Port, Rep. of Korea",
        "takenAt": 1608482580,
        "copyright": "V. Tonic",
        "description": "At Busan New Port.",
        "asset": {
            "id": 1169117,
            "type": "Cargo",
            "name": "MORTEN MAERSK"
        },
        "rating": {
            "voteAverage": 0,
            "voteCounter": 0
        },
        "url": "https://images.marinetraffic.com/collection/4851948.webp?size=800"
    },
    {
        "photoId": 4834367,
        "placeTaken": null,
        "takenAt": 1663053840,
        "copyright": "Christian Visan",
        "description": null,
        "asset": {
            "id": 1169117,
            "type": "Cargo",
            "name": "MORTEN MAERSK"
        },
        "rating": {
            "voteAverage": 5,
            "voteCounter": 1
        },
        "url": "https://images.marinetraffic.com/collection/4834367.webp?size=800"
    },
    {
        "photoId": 4830858,
        "placeTaken": "English Channel ",
        "takenAt": 1662320100,
        "copyright": "Jean-Pierre Le Roux",
        "description": "From Seven Sisters",
        "asset": {
            "id": 1169117,
            "type": "Cargo",
            "name": "MORTEN MAERSK"
        },
        "rating": {
            "voteAverage": 5,
            "voteCounter": 2
        },
        "url": "https://images.marinetraffic.com/collection/4830858.webp?size=800"
    },
    {
        "photoId": 4714415,
        "placeTaken": "GOTHENBURG",
        "takenAt": 1654588740,
        "copyright": "Cedric Hacke",
        "description": null,
        "asset": {
            "id": 1169117,
            "type": "Cargo",
            "name": "MORTEN MAERSK"
        },
        "rating": {
            "voteAverage": 5,
            "voteCounter": 1
        },
        "url": "https://images.marinetraffic.com/collection/4714415.webp?size=800"
    },
    {
        "photoId": 4688529,
        "placeTaken": "Hoek van Holland Port of Rotterdam",
        "takenAt": 1653909420,
        "copyright": "Frans Anemaet",
        "description": null,
        "asset": {
            "id": 1169117,
            "type": "Cargo",
            "name": "MORTEN MAERSK"
        },
        "rating": {
            "voteAverage": 0,
            "voteCounter": 0
        },
        "url": "https://images.marinetraffic.com/collection/4688529.webp?size=800"
    },
    {
        "photoId": 4688528,
        "placeTaken": "Hoek van Holland Port of Rotterdam",
        "takenAt": 1653909120,
        "copyright": "Frans Anemaet",
        "description": null,
        "asset": {
            "id": 1169117,
            "type": "Cargo",
            "name": "MORTEN MAERSK"
        },
        "rating": {
            "voteAverage": 0,
            "voteCounter": 0
        },
        "url": "https://images.marinetraffic.com/collection/4688528.webp?size=800"
    },
    {
        "photoId": 4546631,
        "placeTaken": "Great Belt, Denmark.",
        "takenAt": 1568548800,
        "copyright": "Jesper Brix",
        "description": null,
        "asset": {
            "id": 1169117,
            "type": "Cargo",
            "name": "MORTEN MAERSK"
        },
        "rating": {
            "voteAverage": 0,
            "voteCounter": 0
        },
        "url": "https://images.marinetraffic.com/collection/4546631.webp?size=800"
    },
    {
        "photoId": 4486984,
        "placeTaken": "Hamburg",
        "takenAt": 1587577440,
        "copyright": "Nico T.",
        "description": null,
        "asset": {
            "id": 1169117,
            "type": "Cargo",
            "name": "MORTEN MAERSK"
        },
        "rating": {
            "voteAverage": 4.833333,
            "voteCounter": 6
        },
        "url": "https://images.marinetraffic.com/collection/4486984.webp?size=800"
    },
    {
        "photoId": 4364820,
        "placeTaken": "Rotterdam",
        "takenAt": 1627550100,
        "copyright": "Hannes van Rijn",
        "description": "Outbound",
        "asset": {
            "id": 1169117,
            "type": "Cargo",
            "name": "MORTEN MAERSK"
        },
        "rating": {
            "voteAverage": 0,
            "voteCounter": 0
        },
        "url": "https://images.marinetraffic.com/collection/4364820.webp?size=800"
    },
    {
        "photoId": 4364815,
        "placeTaken": "Rotterdam",
        "takenAt": 1627549860,
        "copyright": "Hannes van Rijn",
        "description": "Outbound",
        "asset": {
            "id": 1169117,
            "type": "Cargo",
            "name": "MORTEN MAERSK"
        },
        "rating": {
            "voteAverage": 0,
            "voteCounter": 0
        },
        "url": "https://images.marinetraffic.com/collection/4364815.webp?size=800"
    },
    {
        "photoId": 4285659,
        "placeTaken": "Tanjung Pelepas, Malaysia.",
        "takenAt": 1617450960,
        "copyright": "smp",
        "description": null,
        "asset": {
            "id": 1169117,
            "type": "Cargo",
            "name": "MORTEN MAERSK"
        },
        "rating": {
            "voteAverage": 0,
            "voteCounter": 0
        },
        "url": "https://images.marinetraffic.com/collection/4285659.webp?size=800"
    },
    {
        "photoId": 4075321,
        "placeTaken": "Gteborg",
        "takenAt": 1604137320,
        "copyright": "Anton Jensvang",
        "description": null,
        "asset": {
            "id": 1169117,
            "type": "Cargo",
            "name": "MORTEN MAERSK"
        },
        "rating": {
            "voteAverage": 0,
            "voteCounter": 0
        },
        "url": "https://images.marinetraffic.com/collection/4075321.webp?size=800"
    },
    {
        "photoId": 4071158,
        "placeTaken": "Landtong NL",
        "takenAt": 1603635900,
        "copyright": "Peter Heiden",
        "description": null,
        "asset": {
            "id": 1169117,
            "type": "Cargo",
            "name": "MORTEN MAERSK"
        },
        "rating": {
            "voteAverage": 0,
            "voteCounter": 0
        },
        "url": "https://images.marinetraffic.com/collection/4071158.webp?size=800"
    },
    {
        "photoId": 4047431,
        "placeTaken": null,
        "takenAt": 1601760540,
        "copyright": "hamzah fansuri",
        "description": null,
        "asset": {
            "id": 1169117,
            "type": "Cargo",
            "name": "MORTEN MAERSK"
        },
        "rating": {
            "voteAverage": 4,
            "voteCounter": 1
        },
        "url": "https://images.marinetraffic.com/collection/4047431.webp?size=800"
    },
    {
        "photoId": 3978731,
        "placeTaken": "Sletterhage Lighthouse, Denmark",
        "takenAt": 1596739380,
        "copyright": "Ole Nordahn Lyndgaard",
        "description": null,
        "asset": {
            "id": 1169117,
            "type": "Cargo",
            "name": "MORTEN MAERSK"
        },
        "rating": {
            "voteAverage": 5,
            "voteCounter": 1
        },
        "url": "https://images.marinetraffic.com/collection/3978731.webp?size=800"
    },
    {
        "photoId": 3978722,
        "placeTaken": null,
        "takenAt": 1596739380,
        "copyright": "Ole Nordahn Lyndgaard",
        "description": "Sletterhage Lighthouse passage",
        "asset": {
            "id": 1169117,
            "type": "Cargo",
            "name": "MORTEN MAERSK"
        },
        "rating": {
            "voteAverage": 5,
            "voteCounter": 1
        },
        "url": "https://images.marinetraffic.com/collection/3978722.webp?size=800"
    },
    {
        "photoId": 3974391,
        "placeTaken": "skandiahamnen",
        "takenAt": 1596453000,
        "copyright": "Hans Lindskog",
        "description": null,
        "asset": {
            "id": 1169117,
            "type": "Cargo",
            "name": "MORTEN MAERSK"
        },
        "rating": {
            "voteAverage": 5,
            "voteCounter": 1
        },
        "url": "https://images.marinetraffic.com/collection/3974391.webp?size=800"
    },
    {
        "photoId": 3969957,
        "placeTaken": "Maasvlakte Rotterdam",
        "takenAt": 1596025800,
        "copyright": "Patrick Deenik",
        "description": null,
        "asset": {
            "id": 1169117,
            "type": "Cargo",
            "name": "MORTEN MAERSK"
        },
        "rating": {
            "voteAverage": 0,
            "voteCounter": 0
        },
        "url": "https://images.marinetraffic.com/collection/3969957.webp?size=800"
    },
    {
        "photoId": 3969955,
        "placeTaken": "Maasvlakte Rotterdam",
        "takenAt": 1596025500,
        "copyright": "Patrick Deenik",
        "description": null,
        "asset": {
            "id": 1169117,
            "type": "Cargo",
            "name": "MORTEN MAERSK"
        },
        "rating": {
            "voteAverage": 0,
            "voteCounter": 0
        },
        "url": "https://images.marinetraffic.com/collection/3969955.webp?size=800"
    }
]