[
    {
        "photoId": 2459514,
        "placeTaken": "Algeciras, Spain.",
        "takenAt": 1473497580,
        "copyright": "smp",
        "description": null,
        "asset": {
            "id": 1169117,
            "type": "Cargo",
            "name": "MORTEN MAERSK"
        },
        "rating": {
            "voteAverage": 0,
            "voteCounter": 0
        },
        "url": "https://images.marinetraffic.com/collection/2459514.webp?size=800"
    },
    {
        "photoId": 2459513,
        "placeTaken": "Algeciras, Spain",
        "takenAt": 1473496980,
        "copyright": "smp",
        "description": null,
        "asset": {
            "id": 1169117,
            "type": "Cargo",
            "name": "MORTEN MAERSK"
        },
        "rating": {
            "voteAverage": 0,
            "voteCounter": 0
        },
        "url": "https://images.marinetraffic.com/collection/2459513.webp?size=800"
    },
    {
        "photoId": 2459280,
        "placeTaken": "GIBRALTAR",
        "takenAt": 1473490380,
        "copyright": "GIBFRAN46",
        "description": null,
        "asset": {
            "id": 1169117,
            "type": "Cargo",
            "name": "MORTEN MAERSK"
        },
        "rating": {
            "voteAverage": 0,
            "voteCounter": 0
        },
        "url": "https://images.marinetraffic.com/collection/2459280.webp?size=800"
    },
    {
        "photoId": 2457550,
        "placeTaken": "Busan New Port, Rep. of Korea",
        "takenAt": 1430993880,
        "copyright": "V. Tonic",
        "description": "Arriving at Busan New Port.",
        "asset": {
            "id": 1169117,
            "type": "Cargo",
            "name": "MORTEN MAERSK"
        },
        "rating": {
            "voteAverage": 0,
            "voteCounter": 0
        },
        "url": "https://images.marinetraffic.com/collection/2457550.webp?size=800"
    },
    {
        "photoId": 2457549,
        "placeTaken": "Busan New Port, Rep. of Korea",
        "takenAt": 1430993160,
        "copyright": "V. Tonic",
        "description": "Arriving at Busan New Port.",
        "asset": {
            "id": 1169117,
            "type": "Cargo",
            "name": "MORTEN MAERSK"
        },
        "rating": {
            "voteAverage": 0,
            "voteCounter": 0
        },
        "url": "https://images.marinetraffic.com/collection/2457549.webp?size=800"
    },
    {
        "photoId": 2452901,
        "placeTaken": "Algeciras Dique Norte",
        "takenAt": 1473507600,
        "copyright": "Jes\u00fas Gonz\u00e1lez Alba",
        "description": null,
        "asset": {
            "id": 1169117,
            "type": "Cargo",
            "name": "MORTEN M  AELIGRSK"
        },
        "rating": {
            "voteAverage": 0,
            "voteCounter": 0
        },
        "url": "https://images.marinetraffic.com/collection/2452901.webp?size=800"
    },
    {
        "photoId": 2389061,
        "placeTaken": "Bremerhaven",
        "takenAt": 1459437300,
        "copyright": "Bettina Rohbrecht",
        "description": null,
        "asset": {
            "id": 1169117,
            "type": "Cargo",
            "name": "MORTEN MAERSK"
        },
        "rating": {
            "voteAverage": 0,
            "voteCounter": 0
        },
        "url": "https://images.marinetraffic.com/collection/2389061.webp?size=800"
    },
    {
        "photoId": 2389060,
        "placeTaken": "Bremerhaven",
        "takenAt": 1459437000,
        "copyright": "Bettina Rohbrecht",
        "description": null,
        "asset": {
            "id": 1169117,
            "type": "Cargo",
            "name": "MORTEN MAERSK"
        },
        "rating": {
            "voteAverage": 0,
            "voteCounter": 0
        },
        "url": "https://images.marinetraffic.com/collection/2389060.webp?size=800"
    },
    {
        "photoId": 2389054,
        "placeTaken": "Bremerhaven",
        "takenAt": 1459436400,
        "copyright": "Bettina Rohbrecht",
        "description": null,
        "asset": {
            "id": 1169117,
            "type": "Cargo",
            "name": "MORTEN MAERSK"
        },
        "rating": {
            "voteAverage": 0,
            "voteCounter": 0
        },
        "url": "https://images.marinetraffic.com/collection/2389054.webp?size=800"
    },
    {
        "photoId": 2360031,
        "placeTaken": "Bremerhaven",
        "takenAt": 1466022780,
        "copyright": "Rolf Bridde",
        "description": null,
        "asset": {
            "id": 1169117,
            "type": "Cargo",
            "name": "MORTEN MAERSK"
        },
        "rating": {
            "voteAverage": 0,
            "voteCounter": 0
        },
        "url": "https://images.marinetraffic.com/collection/2360031.webp?size=800"
    },
    {
        "photoId": 2325551,
        "placeTaken": "Busan New Port, Rep. of Korea",
        "takenAt": 1423584060,
        "copyright": "V. Tonic",
        "description": "At Busan New Port, PNC terminal.",
        "asset": {
            "id": 1169117,
            "type": "Cargo",
            "name": "MORTEN MAERSK"
        },
        "rating": {
            "voteAverage": 5,
            "voteCounter": 1
        },
        "url": "https://images.marinetraffic.com/collection/2325551.webp?size=800"
    },
    {
        "photoId": 2317749,
        "placeTaken": "Algeciras - SPAIN",
        "takenAt": 1434996540,
        "copyright": "Benjam\u00edn Marfil",
        "description": null,
        "asset": {
            "id": 1169117,
            "type": "Cargo",
            "name": "MORTEN MAERSK"
        },
        "rating": {
            "voteAverage": 0,
            "voteCounter": 0
        },
        "url": "https://images.marinetraffic.com/collection/2317749.webp?size=800"
    },
    {
        "photoId": 2314419,
        "placeTaken": "TANGER MED",
        "takenAt": 1434824760,
        "copyright": "Horst Nuernberger",
        "description": null,
        "asset": {
            "id": 1169117,
            "type": "Cargo",
            "name": "MORTEN MAERSK"
        },
        "rating": {
            "voteAverage": 4.5,
            "voteCounter": 2
        },
        "url": "https://images.marinetraffic.com/collection/2314419.webp?size=800"
    },
    {
        "photoId": 2211903,
        "placeTaken": "Rotterdam Europoort",
        "takenAt": 1453059120,
        "copyright": "Arjan Elmendorp",
        "description": "Cont. Ship 2014",
        "asset": {
            "id": 1169117,
            "type": "Cargo",
            "name": "MORTEN MAERSK"
        },
        "rating": {
            "voteAverage": 5,
            "voteCounter": 4
        },
        "url": "https://images.marinetraffic.com/collection/2211903.webp?size=800"
    },
    {
        "photoId": 2206837,
        "placeTaken": "Rotterdam Europoort",
        "takenAt": 1453058820,
        "copyright": "Arjan Elmendorp",
        "description": "Cont. Ship 2014",
        "asset": {
            "id": 1169117,
            "type": "Cargo",
            "name": "MORTEN MAERSK"
        },
        "rating": {
            "voteAverage": 5,
            "voteCounter": 3
        },
        "url": "https://images.marinetraffic.com/collection/2206837.webp?size=800"
    },
    {
        "photoId": 1984613,
        "placeTaken": "GIBRALTAR",
        "takenAt": 1433505240,
        "copyright": "GIBFRAN46",
        "description": "Inbound for Algeciras",
        "asset": {
            "id": 1169117,
            "type": "Cargo",
            "name": "MORTEN MAERSK"
        },
        "rating": {
            "voteAverage": 5,
            "voteCounter": 1
        },
        "url": "https://images.marinetraffic.com/collection/1984613.webp?size=800"
    },
    {
        "photoId": 1982377,
        "placeTaken": null,
        "takenAt": 1433501400,
        "copyright": "Juan G. Mata",
        "description": null,
        "asset": {
            "id": 1169117,
            "type": "Cargo",
            "name": "MORTEN MAERSK"
        },
        "rating": {
            "voteAverage": 5,
            "voteCounter": 2
        },
        "url": "https://images.marinetraffic.com/collection/1982377.webp?size=800"
    },
    {
        "photoId": 1942530,
        "placeTaken": "Algeciras",
        "takenAt": 1428340560,
        "copyright": "F.Rull",
        "description": null,
        "asset": {
            "id": 1169117,
            "type": "Cargo",
            "name": "MORTEN MAERSK"
        },
        "rating": {
            "voteAverage": 0,
            "voteCounter": 0
        },
        "url": "https://images.marinetraffic.com/collection/1942530.webp?size=800"
    },
    {
        "photoId": 1922554,
        "placeTaken": "Gibraltar",
        "takenAt": 1428318000,
        "copyright": "Tony Singh",
        "description": "06 April 2015. Arriving in the Bay of Gibraltar for Algeciras.",
        "asset": {
            "id": 1169117,
            "type": "Cargo",
            "name": "MORTEN MAERSK"
        },
        "rating": {
            "voteAverage": 5,
            "voteCounter": 1
        },
        "url": "https://images.marinetraffic.com/collection/1922554.webp?size=800"
    },
    {
        "photoId": 1917369,
        "placeTaken": "Landguard Terminal, Felixstowe",
        "takenAt": 1427805780,
        "copyright": "Ron Martin",
        "description": null,
        "asset": {
            "id": 1169117,
            "type": "Cargo",
            "name": "MORTEN MAERSK"
        },
        "rating": {
            "voteAverage": 0,
            "voteCounter": 0
        },
        "url": "https://images.marinetraffic.com/collection/1917369.webp?size=800"
    }
]