[
    {
        "photoId": 3644998,
        "placeTaken": "Spodsbjerg DK",
        "takenAt": 1530857400,
        "copyright": "Kerstin Fischer",
        "description": null,
        "asset": {
            "id": 1169117,
            "type": "Cargo",
            "name": "MORTEN MAERSK"
        },
        "rating": {
            "voteAverage": 0,
            "voteCounter": 0
        },
        "url": "https://images.marinetraffic.com/collection/3644998.webp?size=800"
    },
    {
        "photoId": 3644966,
        "placeTaken": "Spodsbjerg DK",
        "takenAt": 1530303900,
        "copyright": "Kerstin Fischer",
        "description": null,
        "asset": {
            "id": 1169117,
            "type": "Cargo",
            "name": "MORTEN MAERSK"
        },
        "rating": {
            "voteAverage": 5,
            "voteCounter": 1
        },
        "url": "https://images.marinetraffic.com/collection/3644966.webp?size=800"
    },
    {
        "photoId": 3644963,
        "placeTaken": "Spodsbjerg DK",
        "takenAt": 1530303480,
        "copyright": "Kerstin Fischer",
        "description": null,
        "asset": {
            "id": 1169117,
            "type": "Cargo",
            "name": "MORTEN MAERSK"
        },
        "rating": {
            "voteAverage": 5,
            "voteCounter": 1
        },
        "url": "https://images.marinetraffic.com/collection/3644963.webp?size=800"
    },
    {
        "photoId": 3548464,
        "placeTaken": "Rotterdam/Maasvlakte",
        "takenAt": 1562078820,
        "copyright": "Michael Brakhage",
        "description": null,
        "asset": {
            "id": 1169117,
            "type": "Cargo",
            "name": "MORTEN MAERSK"
        },
        "rating": {
            "voteAverage": 0,
            "voteCounter": 0
        },
        "url": "https://images.marinetraffic.com/collection/3548464.webp?size=800"
    },
    {
        "photoId": 3548463,
        "placeTaken": "Rotterdam/Maasvlakte",
        "takenAt": 1562078520,
        "copyright": "Michael Brakhage",
        "description": null,
        "asset": {
            "id": 1169117,
            "type": "Cargo",
            "name": "MORTEN MAERSK"
        },
        "rating": {
            "voteAverage": 0,
            "voteCounter": 0
        },
        "url": "https://images.marinetraffic.com/collection/3548463.webp?size=800"
    },
    {
        "photoId": 3548462,
        "placeTaken": "Rotterdam/Maasvlakte",
        "takenAt": 1562077680,
        "copyright": "Michael Brakhage",
        "description": null,
        "asset": {
            "id": 1169117,
            "type": "Cargo",
            "name": "MORTEN MAERSK"
        },
        "rating": {
            "voteAverage": 0,
            "voteCounter": 0
        },
        "url": "https://images.marinetraffic.com/collection/3548462.webp?size=800"
    },
    {
        "photoId": 3546205,
        "placeTaken": "Maasvlakte Rotterdam",
        "takenAt": 1562078520,
        "copyright": "Patrick Deenik",
        "description": null,
        "asset": {
            "id": 1169117,
            "type": "Cargo",
            "name": "MORTEN MAERSK"
        },
        "rating": {
            "voteAverage": 0,
            "voteCounter": 0
        },
        "url": "https://images.marinetraffic.com/collection/3546205.webp?size=800"
    },
    {
        "photoId": 3546203,
        "placeTaken": "Maasvlakte Rotterdam",
        "takenAt": 1562078040,
        "copyright": "Patrick Deenik",
        "description": null,
        "asset": {
            "id": 1169117,
            "type": "Cargo",
            "name": "MORTEN MAERSK"
        },
        "rating": {
            "voteAverage": 5,
            "voteCounter": 1
        },
        "url": "https://images.marinetraffic.com/collection/3546203.webp?size=800"
    },
    {
        "photoId": 3470829,
        "placeTaken": "Bremerhaven",
        "takenAt": 1538928660,
        "copyright": "pingi eisbar",
        "description": null,
        "asset": {
            "id": 1169117,
            "type": "Cargo",
            "name": "MORTEN MAERSK"
        },
        "rating": {
            "voteAverage": 0,
            "voteCounter": 0
        },
        "url": "https://images.marinetraffic.com/collection/3470829.webp?size=800"
    },
    {
        "photoId": 3342141,
        "placeTaken": "Gdansk, Poland",
        "takenAt": 1545730380,
        "copyright": "Wojtek Zientara",
        "description": "foto Jerzy Makiea",
        "asset": {
            "id": 1169117,
            "type": "Cargo",
            "name": "MORTEN MAERSK"
        },
        "rating": {
            "voteAverage": 0,
            "voteCounter": 0
        },
        "url": "https://images.marinetraffic.com/collection/3342141.webp?size=800"
    },
    {
        "photoId": 3263233,
        "placeTaken": "Bremerhaven",
        "takenAt": 1538925480,
        "copyright": "pingi eisbar",
        "description": null,
        "asset": {
            "id": 1169117,
            "type": "Cargo",
            "name": "MORTEN MAERSK"
        },
        "rating": {
            "voteAverage": 0,
            "voteCounter": 0
        },
        "url": "https://images.marinetraffic.com/collection/3263233.webp?size=800"
    },
    {
        "photoId": 3159442,
        "placeTaken": "Bremerhaven,Germany",
        "takenAt": 1530124560,
        "copyright": "John Pitcher",
        "description": null,
        "asset": {
            "id": 1169117,
            "type": "Cargo",
            "name": "MORTEN MAERSK"
        },
        "rating": {
            "voteAverage": 5,
            "voteCounter": 1
        },
        "url": "https://images.marinetraffic.com/collection/3159442.webp?size=800"
    },
    {
        "photoId": 3071339,
        "placeTaken": "Stromkaje, Bremerhaven, Germany",
        "takenAt": 1522871340,
        "copyright": "Sascha Raith",
        "description": null,
        "asset": {
            "id": 1169117,
            "type": "Cargo",
            "name": "MORTEN MAERSK"
        },
        "rating": {
            "voteAverage": 0,
            "voteCounter": 0
        },
        "url": "https://images.marinetraffic.com/collection/3071339.webp?size=800"
    },
    {
        "photoId": 3048067,
        "placeTaken": "bremerhaven",
        "takenAt": 1523803740,
        "copyright": "pingi eisbar",
        "description": null,
        "asset": {
            "id": 1169117,
            "type": "Cargo",
            "name": "MORTEN MAERSK"
        },
        "rating": {
            "voteAverage": 0,
            "voteCounter": 0
        },
        "url": "https://images.marinetraffic.com/collection/3048067.webp?size=800"
    },
    {
        "photoId": 3048066,
        "placeTaken": "bremerhaven",
        "takenAt": 1523803680,
        "copyright": "pingi eisbar",
        "description": null,
        "asset": {
            "id": 1169117,
            "type": "Cargo",
            "name": "MORTEN MAERSK"
        },
        "rating": {
            "voteAverage": 0,
            "voteCounter": 0
        },
        "url": "https://images.marinetraffic.com/collection/3048066.webp?size=800"
    },
    {
        "photoId": 3048065,
        "placeTaken": "bremerhaven",
        "takenAt": 1523803500,
        "copyright": "pingi eisbar",
        "description": null,
        "asset": {
            "id": 1169117,
            "type": "Cargo",
            "name": "MORTEN MAERSK"
        },
        "rating": {
            "voteAverage": 0,
            "voteCounter": 0
        },
        "url": "https://images.marinetraffic.com/collection/3048065.webp?size=800"
    },
    {
        "photoId": 3048064,
        "placeTaken": "bremerhaven",
        "takenAt": 1523803500,
        "copyright": "pingi eisbar",
        "description": null,
        "asset": {
            "id": 1169117,
            "type": "Cargo",
            "name": "MORTEN MAERSK"
        },
        "rating": {
            "voteAverage": 0,
            "voteCounter": 0
        },
        "url": "https://images.marinetraffic.com/collection/3048064.webp?size=800"
    },
    {
        "photoId": 2975365,
        "placeTaken": "Felixstowe, GB.",
        "takenAt": 1516707780,
        "copyright": "Michael Ludlow",
        "description": "Morten Maersk alongside, Felixstowe, GB.",
        "asset": {
            "id": 1169117,
            "type": "Cargo",
            "name": "MORTEN MAERSK"
        },
        "rating": {
            "voteAverage": 5,
            "voteCounter": 2
        },
        "url": "https://images.marinetraffic.com/collection/2975365.webp?size=800"
    },
    {
        "photoId": 2975364,
        "placeTaken": "Felixstowe, GB.",
        "takenAt": 1516707240,
        "copyright": "Michael Ludlow",
        "description": "Morten Maersk approaching No.9 berth, Felixstowe, GB.",
        "asset": {
            "id": 1169117,
            "type": "Cargo",
            "name": "MORTEN MAERSK"
        },
        "rating": {
            "voteAverage": 5,
            "voteCounter": 1
        },
        "url": "https://images.marinetraffic.com/collection/2975364.webp?size=800"
    },
    {
        "photoId": 2975363,
        "placeTaken": "Felixstowe, GB.",
        "takenAt": 1516706940,
        "copyright": "Michael Ludlow",
        "description": "Morten Maersk swinging, Felixstowe, GB.",
        "asset": {
            "id": 1169117,
            "type": "Cargo",
            "name": "MORTEN MAERSK"
        },
        "rating": {
            "voteAverage": 0,
            "voteCounter": 0
        },
        "url": "https://images.marinetraffic.com/collection/2975363.webp?size=800"
    }
]