[
    {
        "photoId": 1913765,
        "placeTaken": "Hooksiel",
        "takenAt": 1427457240,
        "copyright": "Winfried Schulmeyer",
        "description": null,
        "asset": {
            "id": 1169117,
            "type": "Cargo",
            "name": "MORTEN MAERSK"
        },
        "rating": {
            "voteAverage": 0,
            "voteCounter": 0
        },
        "url": "https://images.marinetraffic.com/collection/1913765.webp?size=800"
    },
    {
        "photoId": 1910440,
        "placeTaken": "Okpo, Rep. of Korea",
        "takenAt": 1403965380,
        "copyright": "V. Tonic",
        "description": "Floating out at DSME shipyard.",
        "asset": {
            "id": 1169117,
            "type": "Cargo",
            "name": "MORTEN MAERSK"
        },
        "rating": {
            "voteAverage": 5,
            "voteCounter": 2
        },
        "url": "https://images.marinetraffic.com/collection/1910440.webp?size=800"
    },
    {
        "photoId": 1910439,
        "placeTaken": "Okpo, Rep. of Korea",
        "takenAt": 1403965200,
        "copyright": "V. Tonic",
        "description": "Floating out at DSME shipyard.",
        "asset": {
            "id": 1169117,
            "type": "Cargo",
            "name": "MORTEN MAERSK"
        },
        "rating": {
            "voteAverage": 4,
            "voteCounter": 1
        },
        "url": "https://images.marinetraffic.com/collection/1910439.webp?size=800"
    },
    {
        "photoId": 1910438,
        "placeTaken": "Okpo, Rep. of Korea",
        "takenAt": 1403964960,
        "copyright": "V. Tonic",
        "description": "Floating out at DSME shipyard.",
        "asset": {
            "id": 1169117,
            "type": "Cargo",
            "name": "MORTEN MAERSK"
        },
        "rating": {
            "voteAverage": 5,
            "voteCounter": 2
        },
        "url": "https://images.marinetraffic.com/collection/1910438.webp?size=800"
    },
    {
        "photoId": 1908137,
        "placeTaken": "GIBRALTAR",
        "takenAt": 1426765980,
        "copyright": "GIBFRAN46",
        "description": "En route to Algeciras",
        "asset": {
            "id": 1169117,
            "type": "Cargo",
            "name": "MORTEN MAERSK"
        },
        "rating": {
            "voteAverage": 5,
            "voteCounter": 1
        },
        "url": "https://images.marinetraffic.com/collection/1908137.webp?size=800"
    },
    {
        "photoId": 1886590,
        "placeTaken": "Valencia",
        "takenAt": 1421342520,
        "copyright": "Manuel Hernndez",
        "description": null,
        "asset": {
            "id": 1169117,
            "type": "Cargo",
            "name": "MORTEN MAERSK"
        },
        "rating": {
            "voteAverage": 5,
            "voteCounter": 2
        },
        "url": "https://images.marinetraffic.com/collection/1886590.webp?size=800"
    },
    {
        "photoId": 1857514,
        "placeTaken": "VALENCIA",
        "takenAt": 1421342460,
        "copyright": "AGUSTIN ALAPONT",
        "description": "Valencia",
        "asset": {
            "id": 1169117,
            "type": "Cargo",
            "name": "MORTEN MAERSK"
        },
        "rating": {
            "voteAverage": 5,
            "voteCounter": 2
        },
        "url": "https://images.marinetraffic.com/collection/1857514.webp?size=800"
    },
    {
        "photoId": 1856951,
        "placeTaken": "Valencia",
        "takenAt": 1421342400,
        "copyright": "Manuel Hernndez",
        "description": null,
        "asset": {
            "id": 1169117,
            "type": "Cargo",
            "name": "MORTEN MAERSK"
        },
        "rating": {
            "voteAverage": 5,
            "voteCounter": 5
        },
        "url": "https://images.marinetraffic.com/collection/1856951.webp?size=800"
    },
    {
        "photoId": 1856950,
        "placeTaken": "Valencia",
        "takenAt": 1421342520,
        "copyright": "Manuel Hernndez",
        "description": null,
        "asset": {
            "id": 1169117,
            "type": "Cargo",
            "name": "MORTEN MAERSK"
        },
        "rating": {
            "voteAverage": 5,
            "voteCounter": 4
        },
        "url": "https://images.marinetraffic.com/collection/1856950.webp?size=800"
    },
    {
        "photoId": 1856949,
        "placeTaken": "Valencia",
        "takenAt": 1421342760,
        "copyright": "Manuel Hernndez",
        "description": null,
        "asset": {
            "id": 1169117,
            "type": "Cargo",
            "name": "MORTEN MAERSK"
        },
        "rating": {
            "voteAverage": 0,
            "voteCounter": 0
        },
        "url": "https://images.marinetraffic.com/collection/1856949.webp?size=800"
    },
    {
        "photoId": 1854879,
        "placeTaken": "Harwich",
        "takenAt": 1420733280,
        "copyright": "Simon Evans",
        "description": "Morten Maersk arriving at Felixstowe Dock",
        "asset": {
            "id": 1169117,
            "type": "Cargo",
            "name": "MORTEN MAERSK"
        },
        "rating": {
            "voteAverage": 5,
            "voteCounter": 2
        },
        "url": "https://images.marinetraffic.com/collection/1854879.webp?size=800"
    },
    {
        "photoId": 1853099,
        "placeTaken": "Felixstowe",
        "takenAt": 1420734420,
        "copyright": "Martin Bott",
        "description": null,
        "asset": {
            "id": 1169117,
            "type": "Cargo",
            "name": "MORTEN MAERSK"
        },
        "rating": {
            "voteAverage": 4,
            "voteCounter": 4
        },
        "url": "https://images.marinetraffic.com/collection/1853099.webp?size=800"
    },
    {
        "photoId": 1853098,
        "placeTaken": "Felixstowe",
        "takenAt": 1420733760,
        "copyright": "Martin Bott",
        "description": null,
        "asset": {
            "id": 1169117,
            "type": "Cargo",
            "name": "MORTEN MAERSK"
        },
        "rating": {
            "voteAverage": 4,
            "voteCounter": 4
        },
        "url": "https://images.marinetraffic.com/collection/1853098.webp?size=800"
    },
    {
        "photoId": 1853096,
        "placeTaken": "Felixstowe",
        "takenAt": 1420732560,
        "copyright": "Martin Bott",
        "description": null,
        "asset": {
            "id": 1169117,
            "type": "Cargo",
            "name": "MORTEN MAERSK"
        },
        "rating": {
            "voteAverage": 5,
            "voteCounter": 1
        },
        "url": "https://images.marinetraffic.com/collection/1853096.webp?size=800"
    },
    {
        "photoId": 1852647,
        "placeTaken": "Port of Antwerp Waaslandhaven Deurganckdock  ",
        "takenAt": 1420633980,
        "copyright": "herbert Smitz",
        "description": "Morten Maersk for the first time in Antwerp Deurganckdock ",
        "asset": {
            "id": 1169117,
            "type": "Cargo",
            "name": "MORTEN MAERSK"
        },
        "rating": {
            "voteAverage": 0,
            "voteCounter": 0
        },
        "url": "https://images.marinetraffic.com/collection/1852647.webp?size=800"
    },
    {
        "photoId": 1849457,
        "placeTaken": "ROTTERDAM-MAASVLAKTE",
        "takenAt": 1420222140,
        "copyright": "TEUN PUT",
        "description": null,
        "asset": {
            "id": 1169117,
            "type": "Cargo",
            "name": "MORTEN MAERSK"
        },
        "rating": {
            "voteAverage": 0,
            "voteCounter": 0
        },
        "url": "https://images.marinetraffic.com/collection/1849457.webp?size=800"
    },
    {
        "photoId": 1849455,
        "placeTaken": "ROTTERDAM-MAASVLAKTE",
        "takenAt": 1420221780,
        "copyright": "TEUN PUT",
        "description": null,
        "asset": {
            "id": 1169117,
            "type": "Cargo",
            "name": "MORTEN MAERSK"
        },
        "rating": {
            "voteAverage": 0,
            "voteCounter": 0
        },
        "url": "https://images.marinetraffic.com/collection/1849455.webp?size=800"
    },
    {
        "photoId": 1849352,
        "placeTaken": "Rotterdam",
        "takenAt": 1420220880,
        "copyright": "Hannes van Rijn",
        "description": "RTD",
        "asset": {
            "id": 1169117,
            "type": "Cargo",
            "name": "MORTEN MAERSK"
        },
        "rating": {
            "voteAverage": 5,
            "voteCounter": 1
        },
        "url": "https://images.marinetraffic.com/collection/1849352.webp?size=800"
    },
    {
        "photoId": 1849306,
        "placeTaken": "Rotterdam",
        "takenAt": 1420220640,
        "copyright": "Hannes van Rijn",
        "description": "RTD",
        "asset": {
            "id": 1169117,
            "type": "Cargo",
            "name": "MORTEN MAERSK"
        },
        "rating": {
            "voteAverage": 4.875,
            "voteCounter": 8
        },
        "url": "https://images.marinetraffic.com/collection/1849306.webp?size=800"
    },
    {
        "photoId": 1821345,
        "placeTaken": "Nakhodka, Russia",
        "takenAt": 1416241200,
        "copyright": "Tsarik Ruslan",
        "description": "Newly built Morten Maersk (Triple-E no. 13) on her maiden call no Vostochnyy. More photos on www.ship-photo-roster.com",
        "asset": {
            "id": 1169117,
            "type": "Cargo",
            "name": "MORTEN MAERSK"
        },
        "rating": {
            "voteAverage": 4,
            "voteCounter": 1
        },
        "url": "https://images.marinetraffic.com/collection/1821345.webp?size=800"
    }
]