[
    {
        "photoId": 3943509,
        "placeTaken": "East India Harbour, Greenock",
        "takenAt": 1594492740,
        "copyright": "David Mackinnon",
        "description": "Cargo Vessel OCEANIC passing Custom House Quay, Greenock - inward bound for Shieldhall Riverside Quay, Glasgow from El Ferrol, Spain.",
        "asset": {
            "id": 1242188,
            "type": "Cargo",
            "name": "OCEANIC"
        },
        "rating": {
            "voteAverage": 0,
            "voteCounter": 0
        },
        "url": "https://images.marinetraffic.com/collection/3943509.webp?size=800"
    },
    {
        "photoId": 3937198,
        "placeTaken": "Rotterdam - Nieuwe Maas",
        "takenAt": 1593612660,
        "copyright": "cmp klink",
        "description": null,
        "asset": {
            "id": 1242188,
            "type": "Cargo",
            "name": "OCEANIC"
        },
        "rating": {
            "voteAverage": 0,
            "voteCounter": 0
        },
        "url": "https://images.marinetraffic.com/collection/3937198.webp?size=800"
    },
    {
        "photoId": 3937196,
        "placeTaken": "Rotterdam - Nieuwe Maas",
        "takenAt": 1593612780,
        "copyright": "cmp klink",
        "description": null,
        "asset": {
            "id": 1242188,
            "type": "Cargo",
            "name": "OCEANIC"
        },
        "rating": {
            "voteAverage": 0,
            "voteCounter": 0
        },
        "url": "https://images.marinetraffic.com/collection/3937196.webp?size=800"
    },
    {
        "photoId": 3934208,
        "placeTaken": "Rotterdam",
        "takenAt": 1593421800,
        "copyright": "Gert Jan Kok",
        "description": null,
        "asset": {
            "id": 1242188,
            "type": "Cargo",
            "name": "OCEANIC"
        },
        "rating": {
            "voteAverage": 0,
            "voteCounter": 0
        },
        "url": "https://images.marinetraffic.com/collection/3934208.webp?size=800"
    },
    {
        "photoId": 3934207,
        "placeTaken": "Rotterdam",
        "takenAt": 1593421800,
        "copyright": "Gert Jan Kok",
        "description": null,
        "asset": {
            "id": 1242188,
            "type": "Cargo",
            "name": "OCEANIC"
        },
        "rating": {
            "voteAverage": 0,
            "voteCounter": 0
        },
        "url": "https://images.marinetraffic.com/collection/3934207.webp?size=800"
    },
    {
        "photoId": 3929086,
        "placeTaken": "MAASSLUIS, Het Scheur, NL ",
        "takenAt": 1593418380,
        "copyright": "RIA MAAT",
        "description": null,
        "asset": {
            "id": 1242188,
            "type": "Cargo",
            "name": "OCEANIC"
        },
        "rating": {
            "voteAverage": 0,
            "voteCounter": 0
        },
        "url": "https://images.marinetraffic.com/collection/3929086.webp?size=800"
    },
    {
        "photoId": 3909267,
        "placeTaken": "Glasgow.",
        "takenAt": 1591970280,
        "copyright": "Michael Ashe.",
        "description": "OCEANIC heading for KGV dock GLASGOW, cargo obvious.",
        "asset": {
            "id": 1242188,
            "type": "Cargo",
            "name": "OCEANIC"
        },
        "rating": {
            "voteAverage": 0,
            "voteCounter": 0
        },
        "url": "https://images.marinetraffic.com/collection/3909267.webp?size=800"
    },
    {
        "photoId": 3909263,
        "placeTaken": "Glasgow.",
        "takenAt": 1591970520,
        "copyright": "Michael Ashe.",
        "description": null,
        "asset": {
            "id": 1242188,
            "type": "Cargo",
            "name": "OCEANIC"
        },
        "rating": {
            "voteAverage": 0,
            "voteCounter": 0
        },
        "url": "https://images.marinetraffic.com/collection/3909263.webp?size=800"
    },
    {
        "photoId": 3909260,
        "placeTaken": "Glasgow.",
        "takenAt": 1591971000,
        "copyright": "Michael Ashe.",
        "description": null,
        "asset": {
            "id": 1242188,
            "type": "Cargo",
            "name": "OCEANIC"
        },
        "rating": {
            "voteAverage": 0,
            "voteCounter": 0
        },
        "url": "https://images.marinetraffic.com/collection/3909260.webp?size=800"
    },
    {
        "photoId": 3909258,
        "placeTaken": "Glasgow.",
        "takenAt": 1591971060,
        "copyright": "Michael Ashe.",
        "description": "Entering KGV dock aft end first, Assli can be seen on the right.",
        "asset": {
            "id": 1242188,
            "type": "Cargo",
            "name": "OCEANIC"
        },
        "rating": {
            "voteAverage": 0,
            "voteCounter": 0
        },
        "url": "https://images.marinetraffic.com/collection/3909258.webp?size=800"
    },
    {
        "photoId": 3909119,
        "placeTaken": "Cloch Point, Gourock",
        "takenAt": 1591958340,
        "copyright": "David Mackinnon",
        "description": "Cargo Vessel OCEANIC passing Loch Long, Argyll and Bute - inward bound for King George V Dock, Glasgow from Izmir, Turkey.",
        "asset": {
            "id": 1242188,
            "type": "Cargo",
            "name": "OCEANIC"
        },
        "rating": {
            "voteAverage": 0,
            "voteCounter": 0
        },
        "url": "https://images.marinetraffic.com/collection/3909119.webp?size=800"
    },
    {
        "photoId": 3909118,
        "placeTaken": "Cloch Point, Gourock",
        "takenAt": 1591957920,
        "copyright": "David Mackinnon",
        "description": "Cargo Vessel OCEANIC passing Holy Loch, Argyll and Bute - inward bound for King George V Dock, Glasgow from Izmir, Turkey.",
        "asset": {
            "id": 1242188,
            "type": "Cargo",
            "name": "OCEANIC"
        },
        "rating": {
            "voteAverage": 0,
            "voteCounter": 0
        },
        "url": "https://images.marinetraffic.com/collection/3909118.webp?size=800"
    },
    {
        "photoId": 3909085,
        "placeTaken": "Renfrew",
        "takenAt": 1591969560,
        "copyright": "John Cochrane",
        "description": null,
        "asset": {
            "id": 1242188,
            "type": "Cargo",
            "name": "OCEANIC"
        },
        "rating": {
            "voteAverage": 3,
            "voteCounter": 1
        },
        "url": "https://images.marinetraffic.com/collection/3909085.webp?size=800"
    },
    {
        "photoId": 3909084,
        "placeTaken": "Renfrew",
        "takenAt": 1591969440,
        "copyright": "John Cochrane",
        "description": "For Glasgow from Izmir, wind turbine blades.",
        "asset": {
            "id": 1242188,
            "type": "Cargo",
            "name": "OCEANIC"
        },
        "rating": {
            "voteAverage": 4,
            "voteCounter": 2
        },
        "url": "https://images.marinetraffic.com/collection/3909084.webp?size=800"
    },
    {
        "photoId": 3908871,
        "placeTaken": null,
        "takenAt": 1591957980,
        "copyright": "Peter Breslin",
        "description": "passing Gourock",
        "asset": {
            "id": 1242188,
            "type": "Cargo",
            "name": "OCEANIC"
        },
        "rating": {
            "voteAverage": 3,
            "voteCounter": 1
        },
        "url": "https://images.marinetraffic.com/collection/3908871.webp?size=800"
    },
    {
        "photoId": 3720825,
        "placeTaken": "Kristiansund",
        "takenAt": 1562689680,
        "copyright": "Stein \u00c5ge Gresset",
        "description": null,
        "asset": {
            "id": 1242188,
            "type": "Cargo",
            "name": "OCEANIC"
        },
        "rating": {
            "voteAverage": 0,
            "voteCounter": 0
        },
        "url": "https://images.marinetraffic.com/collection/3720825.webp?size=800"
    },
    {
        "photoId": 3720072,
        "placeTaken": "seville",
        "takenAt": 1574345280,
        "copyright": "abdelrhman arafa",
        "description": null,
        "asset": {
            "id": 1242188,
            "type": "Cargo",
            "name": "OCEANIC"
        },
        "rating": {
            "voteAverage": 0,
            "voteCounter": 0
        },
        "url": "https://images.marinetraffic.com/collection/3720072.webp?size=800"
    },
    {
        "photoId": 3640875,
        "placeTaken": null,
        "takenAt": 1568543220,
        "copyright": "Tetens, Jan-H.",
        "description": null,
        "asset": {
            "id": 1242188,
            "type": "Cargo",
            "name": "OCEANIC"
        },
        "rating": {
            "voteAverage": 5,
            "voteCounter": 1
        },
        "url": "https://images.marinetraffic.com/collection/3640875.webp?size=800"
    },
    {
        "photoId": 3517988,
        "placeTaken": "Greencastle",
        "takenAt": 1560286800,
        "copyright": "Martin McKenna",
        "description": "Oceanic outbound from Lough Foyle on a windy evening after delivering wind turbine components to Foyle Port.",
        "asset": {
            "id": 1242188,
            "type": "Cargo",
            "name": "OCEANIC"
        },
        "rating": {
            "voteAverage": 0,
            "voteCounter": 0
        },
        "url": "https://images.marinetraffic.com/collection/3517988.webp?size=800"
    },
    {
        "photoId": 3510760,
        "placeTaken": "Rotterdam Nieuwe Waterweg",
        "takenAt": 1558630740,
        "copyright": "Kick van den Dool",
        "description": null,
        "asset": {
            "id": 1242188,
            "type": "Cargo",
            "name": "OCEANIC"
        },
        "rating": {
            "voteAverage": 0,
            "voteCounter": 0
        },
        "url": "https://images.marinetraffic.com/collection/3510760.webp?size=800"
    }
]