[
    {
        "photoId": 2508047,
        "placeTaken": "Killybegs",
        "takenAt": 1476779460,
        "copyright": "Conor Mulligan",
        "description": null,
        "asset": {
            "id": 1242188,
            "type": "Cargo",
            "name": "OCEANIC"
        },
        "rating": {
            "voteAverage": 0,
            "voteCounter": 0
        },
        "url": "https://images.marinetraffic.com/collection/2508047.webp?size=800"
    },
    {
        "photoId": 2508045,
        "placeTaken": "Killybegs",
        "takenAt": 1476779280,
        "copyright": "Conor Mulligan",
        "description": null,
        "asset": {
            "id": 1242188,
            "type": "Cargo",
            "name": "OCEANIC"
        },
        "rating": {
            "voteAverage": 0,
            "voteCounter": 0
        },
        "url": "https://images.marinetraffic.com/collection/2508045.webp?size=800"
    },
    {
        "photoId": 2175423,
        "placeTaken": "A Corua",
        "takenAt": 1448974740,
        "copyright": "Carlos Somorrostro",
        "description": "El OCEANIC atracado en el muelle Calvo Sotelo - Sur 01-12-15.",
        "asset": {
            "id": 1242188,
            "type": "Cargo",
            "name": "OCEANIC"
        },
        "rating": {
            "voteAverage": 0,
            "voteCounter": 0
        },
        "url": "https://images.marinetraffic.com/collection/2175423.webp?size=800"
    },
    {
        "photoId": 2175422,
        "placeTaken": "A Corua",
        "takenAt": 1448973780,
        "copyright": "Carlos Somorrostro",
        "description": "El OCEANIC maniobrando para atracar en el muelle Calvo Sotelo - Sur 01-12-15.",
        "asset": {
            "id": 1242188,
            "type": "Cargo",
            "name": "OCEANIC"
        },
        "rating": {
            "voteAverage": 0,
            "voteCounter": 0
        },
        "url": "https://images.marinetraffic.com/collection/2175422.webp?size=800"
    },
    {
        "photoId": 2175419,
        "placeTaken": "A Corua",
        "takenAt": 1448973780,
        "copyright": "Carlos Somorrostro",
        "description": "El OCEANIC de popa a la c\u00e1mara 01-12-15.",
        "asset": {
            "id": 1242188,
            "type": "Cargo",
            "name": "OCEANIC"
        },
        "rating": {
            "voteAverage": 0,
            "voteCounter": 0
        },
        "url": "https://images.marinetraffic.com/collection/2175419.webp?size=800"
    },
    {
        "photoId": 2175416,
        "placeTaken": "A Corua",
        "takenAt": 1448973540,
        "copyright": "Carlos Somorrostro",
        "description": "El OCEANIC llegando al muelle Calvo Sotelo - Sur 01-12-15.",
        "asset": {
            "id": 1242188,
            "type": "Cargo",
            "name": "OCEANIC"
        },
        "rating": {
            "voteAverage": 5,
            "voteCounter": 1
        },
        "url": "https://images.marinetraffic.com/collection/2175416.webp?size=800"
    },
    {
        "photoId": 2112422,
        "placeTaken": "Bremerhaven",
        "takenAt": 1435406700,
        "copyright": "Helmut Seger",
        "description": null,
        "asset": {
            "id": 1242188,
            "type": "Cargo",
            "name": "OCEANIC"
        },
        "rating": {
            "voteAverage": 0,
            "voteCounter": 0
        },
        "url": "https://images.marinetraffic.com/collection/2112422.webp?size=800"
    },
    {
        "photoId": 2112419,
        "placeTaken": "Bremerhaven",
        "takenAt": 1435406700,
        "copyright": "Helmut Seger",
        "description": null,
        "asset": {
            "id": 1242188,
            "type": "Cargo",
            "name": "OCEANIC"
        },
        "rating": {
            "voteAverage": 0,
            "voteCounter": 0
        },
        "url": "https://images.marinetraffic.com/collection/2112419.webp?size=800"
    },
    {
        "photoId": 2094215,
        "placeTaken": "Harlingen",
        "takenAt": 1442313180,
        "copyright": "Wytze van de Witte",
        "description": "bij binnenkomst haven.",
        "asset": {
            "id": 1242188,
            "type": "Cargo",
            "name": "OCEANIC"
        },
        "rating": {
            "voteAverage": 4,
            "voteCounter": 1
        },
        "url": "https://images.marinetraffic.com/collection/2094215.webp?size=800"
    },
    {
        "photoId": 2092319,
        "placeTaken": "oude maas barendrecht",
        "takenAt": 1442173560,
        "copyright": "Jan Scheurwater",
        "description": null,
        "asset": {
            "id": 1242188,
            "type": "Cargo",
            "name": "OCEANIC"
        },
        "rating": {
            "voteAverage": 4,
            "voteCounter": 1
        },
        "url": "https://images.marinetraffic.com/collection/2092319.webp?size=800"
    },
    {
        "photoId": 2062949,
        "placeTaken": "Malmo",
        "takenAt": 1439635860,
        "copyright": "Johnny Nilsson KM-Malmo",
        "description": "Oceanic loading windmill blades at EWP in Malmo. Former shipyard Kockums bassin.",
        "asset": {
            "id": 1242188,
            "type": "Cargo",
            "name": "OCEANIC"
        },
        "rating": {
            "voteAverage": 0,
            "voteCounter": 0
        },
        "url": "https://images.marinetraffic.com/collection/2062949.webp?size=800"
    },
    {
        "photoId": 2006458,
        "placeTaken": "Brake",
        "takenAt": 1435411260,
        "copyright": "pingi eisbar",
        "description": null,
        "asset": {
            "id": 1242188,
            "type": "Cargo",
            "name": "OCEANIC"
        },
        "rating": {
            "voteAverage": 0,
            "voteCounter": 0
        },
        "url": "https://images.marinetraffic.com/collection/2006458.webp?size=800"
    },
    {
        "photoId": 1996744,
        "placeTaken": "Villequier, Seine river, France",
        "takenAt": 1434734400,
        "copyright": "Gerard Duquenne",
        "description": null,
        "asset": {
            "id": 1242188,
            "type": "Cargo",
            "name": "OCEANIC"
        },
        "rating": {
            "voteAverage": 0,
            "voteCounter": 0
        },
        "url": "https://images.marinetraffic.com/collection/1996744.webp?size=800"
    },
    {
        "photoId": 1971499,
        "placeTaken": "MAASSLUIS, Nieuwe Waterweg NL",
        "takenAt": 1432273320,
        "copyright": "Ria Maat",
        "description": null,
        "asset": {
            "id": 1242188,
            "type": "Cargo",
            "name": "OCEANIC"
        },
        "rating": {
            "voteAverage": 0,
            "voteCounter": 0
        },
        "url": "https://images.marinetraffic.com/collection/1971499.webp?size=800"
    },
    {
        "photoId": 1920085,
        "placeTaken": "Lerwick, Shetland Isles.",
        "takenAt": 1426956180,
        "copyright": "LARRY  SMITH",
        "description": null,
        "asset": {
            "id": 1242188,
            "type": "Cargo",
            "name": "OCEANIC"
        },
        "rating": {
            "voteAverage": 0,
            "voteCounter": 0
        },
        "url": "https://images.marinetraffic.com/collection/1920085.webp?size=800"
    },
    {
        "photoId": 1917204,
        "placeTaken": "Gdynia",
        "takenAt": 1427781240,
        "copyright": "Michal Renka",
        "description": null,
        "asset": {
            "id": 1242188,
            "type": "Cargo",
            "name": "OCEANIC"
        },
        "rating": {
            "voteAverage": 4,
            "voteCounter": 2
        },
        "url": "https://images.marinetraffic.com/collection/1917204.webp?size=800"
    },
    {
        "photoId": 1909897,
        "placeTaken": "Kristiansund",
        "takenAt": 1404513000,
        "copyright": "Stein Age Gresset",
        "description": null,
        "asset": {
            "id": 1242188,
            "type": "Cargo",
            "name": "OCEANIC"
        },
        "rating": {
            "voteAverage": 0,
            "voteCounter": 0
        },
        "url": "https://images.marinetraffic.com/collection/1909897.webp?size=800"
    },
    {
        "photoId": 1886960,
        "placeTaken": "Maasvlakte",
        "takenAt": 1368884220,
        "copyright": "Bettina Rohbrecht",
        "description": null,
        "asset": {
            "id": 1242188,
            "type": "Cargo",
            "name": "OCEANIC"
        },
        "rating": {
            "voteAverage": 0,
            "voteCounter": 0
        },
        "url": "https://images.marinetraffic.com/collection/1886960.webp?size=800"
    },
    {
        "photoId": 1876833,
        "placeTaken": "MAASSLUIS",
        "takenAt": 1373661360,
        "copyright": "Ria Maat",
        "description": "The general cargo ship OCEANIC passing Maassluis, outward from Rotterdam",
        "asset": {
            "id": 1242188,
            "type": "Cargo",
            "name": "OCEANIC"
        },
        "rating": {
            "voteAverage": 4,
            "voteCounter": 1
        },
        "url": "https://images.marinetraffic.com/collection/1876833.webp?size=800"
    },
    {
        "photoId": 1876830,
        "placeTaken": "MAASSLUIS",
        "takenAt": 1373661600,
        "copyright": "Ria Maat",
        "description": "The general cargo ship OCEANIC passing Maassluis, outward from Rotterdam",
        "asset": {
            "id": 1242188,
            "type": "Cargo",
            "name": "OCEANIC"
        },
        "rating": {
            "voteAverage": 4,
            "voteCounter": 1
        },
        "url": "https://images.marinetraffic.com/collection/1876830.webp?size=800"
    }
]