[
    {
        "photoId": 3510759,
        "placeTaken": "Rotterdam Nieuwe Waterweg",
        "takenAt": 1558630560,
        "copyright": "Kick van den Dool",
        "description": null,
        "asset": {
            "id": 1242188,
            "type": "Cargo",
            "name": "OCEANIC"
        },
        "rating": {
            "voteAverage": 5,
            "voteCounter": 1
        },
        "url": "https://images.marinetraffic.com/collection/3510759.webp?size=800"
    },
    {
        "photoId": 3509265,
        "placeTaken": "Magilligan Point Co Derry",
        "takenAt": 1559614080,
        "copyright": "Desmond Kelly",
        "description": null,
        "asset": {
            "id": 1242188,
            "type": "Cargo",
            "name": "OCEANIC"
        },
        "rating": {
            "voteAverage": 0,
            "voteCounter": 0
        },
        "url": "https://images.marinetraffic.com/collection/3509265.webp?size=800"
    },
    {
        "photoId": 3493701,
        "placeTaken": "oude maas river Barendrecht",
        "takenAt": 1558621800,
        "copyright": "Jan Scheurwater",
        "description": null,
        "asset": {
            "id": 1242188,
            "type": "Cargo",
            "name": "OCEANIC"
        },
        "rating": {
            "voteAverage": 0,
            "voteCounter": 0
        },
        "url": "https://images.marinetraffic.com/collection/3493701.webp?size=800"
    },
    {
        "photoId": 3493699,
        "placeTaken": "oude maas river Barendrecht",
        "takenAt": 1558621740,
        "copyright": "Jan Scheurwater",
        "description": null,
        "asset": {
            "id": 1242188,
            "type": "Cargo",
            "name": "OCEANIC"
        },
        "rating": {
            "voteAverage": 5,
            "voteCounter": 1
        },
        "url": "https://images.marinetraffic.com/collection/3493699.webp?size=800"
    },
    {
        "photoId": 3428535,
        "placeTaken": "Terneuzen Margarethapolder",
        "takenAt": 1552814760,
        "copyright": "Alex Van Herrewege",
        "description": null,
        "asset": {
            "id": 1242188,
            "type": "Cargo",
            "name": "OCEANIC"
        },
        "rating": {
            "voteAverage": 0,
            "voteCounter": 0
        },
        "url": "https://images.marinetraffic.com/collection/3428535.webp?size=800"
    },
    {
        "photoId": 3428534,
        "placeTaken": "Terneuzen Margarethapolder",
        "takenAt": 1552814400,
        "copyright": "Alex Van Herrewege",
        "description": null,
        "asset": {
            "id": 1242188,
            "type": "Cargo",
            "name": "OCEANIC"
        },
        "rating": {
            "voteAverage": 0,
            "voteCounter": 0
        },
        "url": "https://images.marinetraffic.com/collection/3428534.webp?size=800"
    },
    {
        "photoId": 3406279,
        "placeTaken": "Kieler Foerde",
        "takenAt": 1551804480,
        "copyright": "uwe heimhold",
        "description": null,
        "asset": {
            "id": 1242188,
            "type": "Cargo",
            "name": "OCEANIC"
        },
        "rating": {
            "voteAverage": 5,
            "voteCounter": 2
        },
        "url": "https://images.marinetraffic.com/collection/3406279.webp?size=800"
    },
    {
        "photoId": 3406278,
        "placeTaken": "Kieler Foerde",
        "takenAt": 1551804360,
        "copyright": "uwe heimhold",
        "description": null,
        "asset": {
            "id": 1242188,
            "type": "Cargo",
            "name": "OCEANIC"
        },
        "rating": {
            "voteAverage": 5,
            "voteCounter": 1
        },
        "url": "https://images.marinetraffic.com/collection/3406278.webp?size=800"
    },
    {
        "photoId": 3406276,
        "placeTaken": "Kieler Foerde",
        "takenAt": 1551804060,
        "copyright": "uwe heimhold",
        "description": null,
        "asset": {
            "id": 1242188,
            "type": "Cargo",
            "name": "OCEANIC"
        },
        "rating": {
            "voteAverage": 5,
            "voteCounter": 1
        },
        "url": "https://images.marinetraffic.com/collection/3406276.webp?size=800"
    },
    {
        "photoId": 3219507,
        "placeTaken": null,
        "takenAt": 1535633760,
        "copyright": "Airdrone Romania",
        "description": null,
        "asset": {
            "id": 1242188,
            "type": "Cargo",
            "name": "OCEANIC"
        },
        "rating": {
            "voteAverage": 0,
            "voteCounter": 0
        },
        "url": "https://images.marinetraffic.com/collection/3219507.webp?size=800"
    },
    {
        "photoId": 3184417,
        "placeTaken": "Sortland.",
        "takenAt": 1532899800,
        "copyright": "Geir Vinnes",
        "description": null,
        "asset": {
            "id": 1242188,
            "type": "Cargo",
            "name": "OCEANIC"
        },
        "rating": {
            "voteAverage": 0,
            "voteCounter": 0
        },
        "url": "https://images.marinetraffic.com/collection/3184417.webp?size=800"
    },
    {
        "photoId": 3184416,
        "placeTaken": "Sortland.",
        "takenAt": 1532899800,
        "copyright": "Geir Vinnes",
        "description": null,
        "asset": {
            "id": 1242188,
            "type": "Cargo",
            "name": "OCEANIC"
        },
        "rating": {
            "voteAverage": 0,
            "voteCounter": 0
        },
        "url": "https://images.marinetraffic.com/collection/3184416.webp?size=800"
    },
    {
        "photoId": 3147518,
        "placeTaken": "Ceuta - SPAIN",
        "takenAt": 1520611860,
        "copyright": "Benjam\u00edn Marfil",
        "description": null,
        "asset": {
            "id": 1242188,
            "type": "Cargo",
            "name": "OCEANIC"
        },
        "rating": {
            "voteAverage": 0,
            "voteCounter": 0
        },
        "url": "https://images.marinetraffic.com/collection/3147518.webp?size=800"
    },
    {
        "photoId": 3131874,
        "placeTaken": "Nieuwe Waterweg Rotterdam.",
        "takenAt": 1396095480,
        "copyright": "Ed Kaas",
        "description": null,
        "asset": {
            "id": 1242188,
            "type": "Cargo",
            "name": "OCEANIC"
        },
        "rating": {
            "voteAverage": 0,
            "voteCounter": 0
        },
        "url": "https://images.marinetraffic.com/collection/3131874.webp?size=800"
    },
    {
        "photoId": 3086792,
        "placeTaken": "Hamburg",
        "takenAt": 1526405040,
        "copyright": "Matthias  Schmitt",
        "description": null,
        "asset": {
            "id": 1242188,
            "type": "Cargo",
            "name": "OCEANIC"
        },
        "rating": {
            "voteAverage": 0,
            "voteCounter": 0
        },
        "url": "https://images.marinetraffic.com/collection/3086792.webp?size=800"
    },
    {
        "photoId": 3078027,
        "placeTaken": "Greencastle",
        "takenAt": 1525806000,
        "copyright": "Martin McKenna",
        "description": "Oceanic outbound from Lough Foyle on a sunny but windy afternoon, captured by drone.",
        "asset": {
            "id": 1242188,
            "type": "Cargo",
            "name": "OCEANIC"
        },
        "rating": {
            "voteAverage": 5,
            "voteCounter": 1
        },
        "url": "https://images.marinetraffic.com/collection/3078027.webp?size=800"
    },
    {
        "photoId": 3078026,
        "placeTaken": "Greencastle",
        "takenAt": 1525806000,
        "copyright": "Martin McKenna",
        "description": "Oceanic outbound from Lough Foyle on a sunny but windy afternoon, captured by drone.",
        "asset": {
            "id": 1242188,
            "type": "Cargo",
            "name": "OCEANIC"
        },
        "rating": {
            "voteAverage": 4.75,
            "voteCounter": 4
        },
        "url": "https://images.marinetraffic.com/collection/3078026.webp?size=800"
    },
    {
        "photoId": 3078025,
        "placeTaken": "Greencastle",
        "takenAt": 1525806000,
        "copyright": "Martin McKenna",
        "description": "Oceanic outbound from Lough Foyle on a sunny but windy afternoon, captured by drone.",
        "asset": {
            "id": 1242188,
            "type": "Cargo",
            "name": "OCEANIC"
        },
        "rating": {
            "voteAverage": 0,
            "voteCounter": 0
        },
        "url": "https://images.marinetraffic.com/collection/3078025.webp?size=800"
    },
    {
        "photoId": 3078003,
        "placeTaken": "Magilligan point co Derry  NI",
        "takenAt": 1525764840,
        "copyright": "Desmond Kelly",
        "description": null,
        "asset": {
            "id": 1242188,
            "type": "Cargo",
            "name": "OCEANIC"
        },
        "rating": {
            "voteAverage": 0,
            "voteCounter": 0
        },
        "url": "https://images.marinetraffic.com/collection/3078003.webp?size=800"
    },
    {
        "photoId": 2986102,
        "placeTaken": "Peterhead , UK",
        "takenAt": 1355024340,
        "copyright": "Roger Solem",
        "description": null,
        "asset": {
            "id": 1242188,
            "type": "Cargo",
            "name": "OCEANIC"
        },
        "rating": {
            "voteAverage": 0,
            "voteCounter": 0
        },
        "url": "https://images.marinetraffic.com/collection/2986102.webp?size=800"
    }
]