[
    {
        "photoId": 2889307,
        "placeTaken": "Harwich, GB.",
        "takenAt": 1508859060,
        "copyright": "Michael Ludlow",
        "description": "Oceanic at the Container Terminal, Harwich, GB.",
        "asset": {
            "id": 1242188,
            "type": "Cargo",
            "name": "OCEANIC"
        },
        "rating": {
            "voteAverage": 0,
            "voteCounter": 0
        },
        "url": "https://images.marinetraffic.com/collection/2889307.webp?size=800"
    },
    {
        "photoId": 2882048,
        "placeTaken": null,
        "takenAt": 1495649100,
        "copyright": "pieter de vries",
        "description": null,
        "asset": {
            "id": 1242188,
            "type": "Cargo",
            "name": "OCEANIC"
        },
        "rating": {
            "voteAverage": 0,
            "voteCounter": 0
        },
        "url": "https://images.marinetraffic.com/collection/2882048.webp?size=800"
    },
    {
        "photoId": 2842652,
        "placeTaken": "Vet\u00e5s",
        "takenAt": 1505418300,
        "copyright": "H\u00e5vard Askeland",
        "description": null,
        "asset": {
            "id": 1242188,
            "type": "Cargo",
            "name": "OCEANIC"
        },
        "rating": {
            "voteAverage": 5,
            "voteCounter": 1
        },
        "url": "https://images.marinetraffic.com/collection/2842652.webp?size=800"
    },
    {
        "photoId": 2842010,
        "placeTaken": "Vetts, Rady, Norge.",
        "takenAt": 1505391240,
        "copyright": "Arne Johan Egge",
        "description": "Deliver to Rad\u00f8ygruppen, S\u00e6b\u00f8v\u00e5gen, Norway",
        "asset": {
            "id": 1242188,
            "type": "Cargo",
            "name": "OCEANIC"
        },
        "rating": {
            "voteAverage": 5,
            "voteCounter": 1
        },
        "url": "https://images.marinetraffic.com/collection/2842010.webp?size=800"
    },
    {
        "photoId": 2670501,
        "placeTaken": "Off Aveiro / Portugal",
        "takenAt": 1401477660,
        "copyright": "Francisco de Jesus Fernandes",
        "description": null,
        "asset": {
            "id": 1242188,
            "type": "Cargo",
            "name": "OCEANIC"
        },
        "rating": {
            "voteAverage": 5,
            "voteCounter": 4
        },
        "url": "https://images.marinetraffic.com/collection/2670501.webp?size=800"
    },
    {
        "photoId": 2670495,
        "placeTaken": "Gafanha da Nazar Aveiro/Portugal",
        "takenAt": 1401475680,
        "copyright": "Francisco de Jesus Fernandes",
        "description": null,
        "asset": {
            "id": 1242188,
            "type": "Cargo",
            "name": "OCEANIC"
        },
        "rating": {
            "voteAverage": 4.5,
            "voteCounter": 2
        },
        "url": "https://images.marinetraffic.com/collection/2670495.webp?size=800"
    },
    {
        "photoId": 2670479,
        "placeTaken": "Off Aveiro / Portugal",
        "takenAt": 1401474360,
        "copyright": "Francisco de Jesus Fernandes",
        "description": null,
        "asset": {
            "id": 1242188,
            "type": "Cargo",
            "name": "OCEANIC"
        },
        "rating": {
            "voteAverage": 4.333333,
            "voteCounter": 3
        },
        "url": "https://images.marinetraffic.com/collection/2670479.webp?size=800"
    },
    {
        "photoId": 2670458,
        "placeTaken": "Barra-Aveiro/Portugal",
        "takenAt": 1401474060,
        "copyright": "Francisco de Jesus Fernandes",
        "description": null,
        "asset": {
            "id": 1242188,
            "type": "Cargo",
            "name": "OCEANIC"
        },
        "rating": {
            "voteAverage": 4.5,
            "voteCounter": 4
        },
        "url": "https://images.marinetraffic.com/collection/2670458.webp?size=800"
    },
    {
        "photoId": 2632656,
        "placeTaken": "terneuzen",
        "takenAt": 1479824640,
        "copyright": "Carlos van Hecke",
        "description": null,
        "asset": {
            "id": 1242188,
            "type": "Cargo",
            "name": "OCEANIC"
        },
        "rating": {
            "voteAverage": 5,
            "voteCounter": 1
        },
        "url": "https://images.marinetraffic.com/collection/2632656.webp?size=800"
    },
    {
        "photoId": 2556628,
        "placeTaken": "Nordkai",
        "takenAt": 1483691040,
        "copyright": "K. Nikiel",
        "description": null,
        "asset": {
            "id": 1242188,
            "type": "Cargo",
            "name": "OCEANIC"
        },
        "rating": {
            "voteAverage": 0,
            "voteCounter": 0
        },
        "url": "https://images.marinetraffic.com/collection/2556628.webp?size=800"
    },
    {
        "photoId": 2550360,
        "placeTaken": "AVONMOUTH - SOUTH DOCK",
        "takenAt": 1480419300,
        "copyright": "MARTIN PICK",
        "description": null,
        "asset": {
            "id": 1242188,
            "type": "Cargo",
            "name": "OCEANIC"
        },
        "rating": {
            "voteAverage": 0,
            "voteCounter": 0
        },
        "url": "https://images.marinetraffic.com/collection/2550360.webp?size=800"
    },
    {
        "photoId": 2550358,
        "placeTaken": "AVONMOUTH - SOUTH DOCK",
        "takenAt": 1480419240,
        "copyright": "MARTIN PICK",
        "description": null,
        "asset": {
            "id": 1242188,
            "type": "Cargo",
            "name": "OCEANIC"
        },
        "rating": {
            "voteAverage": 0,
            "voteCounter": 0
        },
        "url": "https://images.marinetraffic.com/collection/2550358.webp?size=800"
    },
    {
        "photoId": 2550356,
        "placeTaken": "AVONMOUTH - SOUTH DOCK",
        "takenAt": 1480419120,
        "copyright": "MARTIN PICK",
        "description": null,
        "asset": {
            "id": 1242188,
            "type": "Cargo",
            "name": "OCEANIC"
        },
        "rating": {
            "voteAverage": 0,
            "voteCounter": 0
        },
        "url": "https://images.marinetraffic.com/collection/2550356.webp?size=800"
    },
    {
        "photoId": 2550353,
        "placeTaken": "AVONMOUTH SWINGING BASIN.",
        "takenAt": 1480326600,
        "copyright": "MARTIN PICK",
        "description": null,
        "asset": {
            "id": 1242188,
            "type": "Cargo",
            "name": "OCEANIC"
        },
        "rating": {
            "voteAverage": 0,
            "voteCounter": 0
        },
        "url": "https://images.marinetraffic.com/collection/2550353.webp?size=800"
    },
    {
        "photoId": 2525025,
        "placeTaken": "Port of Antwerp",
        "takenAt": 1479908340,
        "copyright": "frans truyens",
        "description": null,
        "asset": {
            "id": 1242188,
            "type": "Cargo",
            "name": "OCEANIC"
        },
        "rating": {
            "voteAverage": 0,
            "voteCounter": 0
        },
        "url": "https://images.marinetraffic.com/collection/2525025.webp?size=800"
    },
    {
        "photoId": 2523630,
        "placeTaken": "Seine river France",
        "takenAt": 1479743280,
        "copyright": "Bernard Delmont",
        "description": null,
        "asset": {
            "id": 1242188,
            "type": "Cargo",
            "name": "OCEANIC"
        },
        "rating": {
            "voteAverage": 0,
            "voteCounter": 0
        },
        "url": "https://images.marinetraffic.com/collection/2523630.webp?size=800"
    },
    {
        "photoId": 2523627,
        "placeTaken": "Seine river France",
        "takenAt": 1479741840,
        "copyright": "Bernard Delmont",
        "description": null,
        "asset": {
            "id": 1242188,
            "type": "Cargo",
            "name": "OCEANIC"
        },
        "rating": {
            "voteAverage": 5,
            "voteCounter": 1
        },
        "url": "https://images.marinetraffic.com/collection/2523627.webp?size=800"
    },
    {
        "photoId": 2508059,
        "placeTaken": "Killybegs",
        "takenAt": 1476888960,
        "copyright": "Conor Mulligan",
        "description": null,
        "asset": {
            "id": 1242188,
            "type": "Cargo",
            "name": "OCEANIC"
        },
        "rating": {
            "voteAverage": 0,
            "voteCounter": 0
        },
        "url": "https://images.marinetraffic.com/collection/2508059.webp?size=800"
    },
    {
        "photoId": 2508055,
        "placeTaken": "Killybegs",
        "takenAt": 1476888780,
        "copyright": "Conor Mulligan",
        "description": null,
        "asset": {
            "id": 1242188,
            "type": "Cargo",
            "name": "OCEANIC"
        },
        "rating": {
            "voteAverage": 0,
            "voteCounter": 0
        },
        "url": "https://images.marinetraffic.com/collection/2508055.webp?size=800"
    },
    {
        "photoId": 2508052,
        "placeTaken": "Killybegs",
        "takenAt": 1476888720,
        "copyright": "Conor Mulligan",
        "description": null,
        "asset": {
            "id": 1242188,
            "type": "Cargo",
            "name": "OCEANIC"
        },
        "rating": {
            "voteAverage": 0,
            "voteCounter": 0
        },
        "url": "https://images.marinetraffic.com/collection/2508052.webp?size=800"
    }
]