[
    {
        "photoId": 3193400,
        "placeTaken": "Seattle, WA.",
        "takenAt": 1533465480,
        "copyright": "Chaz Hitz",
        "description": null,
        "asset": {
            "id": 152466,
            "type": "Cargo",
            "name": "HONG KONG EXPRESS"
        },
        "rating": {
            "voteAverage": 5,
            "voteCounter": 1
        },
        "url": "https://images.marinetraffic.com/collection/3193400.webp?size=800"
    },
    {
        "photoId": 2860845,
        "placeTaken": "Port of Sohar, OMAN OICT",
        "takenAt": 1506248820,
        "copyright": "Rik van Marle",
        "description": null,
        "asset": {
            "id": 152466,
            "type": "Cargo",
            "name": "HONG KONG EXPRESS"
        },
        "rating": {
            "voteAverage": 0,
            "voteCounter": 0
        },
        "url": "https://images.marinetraffic.com/collection/2860845.webp?size=800"
    },
    {
        "photoId": 2702135,
        "placeTaken": null,
        "takenAt": null,
        "copyright": "Maik Ebel - www.ship-photos.de",
        "description": null,
        "asset": {
            "id": 152466,
            "type": "Cargo",
            "name": "HONG KONG EXPRESS"
        },
        "rating": {
            "voteAverage": 0,
            "voteCounter": 0
        },
        "url": "https://images.marinetraffic.com/collection/2702135.webp?size=800"
    },
    {
        "photoId": 2701280,
        "placeTaken": null,
        "takenAt": null,
        "copyright": "Maik Ebel - www.ship-photos.de",
        "description": null,
        "asset": {
            "id": 152466,
            "type": "Cargo",
            "name": "HONG KONG EXPRESS"
        },
        "rating": {
            "voteAverage": 0,
            "voteCounter": 0
        },
        "url": "https://images.marinetraffic.com/collection/2701280.webp?size=800"
    },
    {
        "photoId": 2678989,
        "placeTaken": "Pusan New Port",
        "takenAt": 1490703600,
        "copyright": "Peer Dordel",
        "description": null,
        "asset": {
            "id": 152466,
            "type": "Cargo",
            "name": "HONG KONG EXPRESS"
        },
        "rating": {
            "voteAverage": 0,
            "voteCounter": 0
        },
        "url": "https://images.marinetraffic.com/collection/2678989.webp?size=800"
    },
    {
        "photoId": 2495358,
        "placeTaken": "Vlissingen",
        "takenAt": 1476722040,
        "copyright": "Jan Daniels",
        "description": null,
        "asset": {
            "id": 152466,
            "type": "Cargo",
            "name": "HONG KONG EXPRESS"
        },
        "rating": {
            "voteAverage": 0,
            "voteCounter": 0
        },
        "url": "https://images.marinetraffic.com/collection/2495358.webp?size=800"
    },
    {
        "photoId": 2488230,
        "placeTaken": "walsoorden",
        "takenAt": 1476557280,
        "copyright": "kees verschuren",
        "description": null,
        "asset": {
            "id": 152466,
            "type": "Cargo",
            "name": "HONG KONG EXPRESS"
        },
        "rating": {
            "voteAverage": 5,
            "voteCounter": 1
        },
        "url": "https://images.marinetraffic.com/collection/2488230.webp?size=800"
    },
    {
        "photoId": 2488227,
        "placeTaken": "walsoorden",
        "takenAt": 1476557100,
        "copyright": "kees verschuren",
        "description": null,
        "asset": {
            "id": 152466,
            "type": "Cargo",
            "name": "HONG KONG EXPRESS"
        },
        "rating": {
            "voteAverage": 0,
            "voteCounter": 0
        },
        "url": "https://images.marinetraffic.com/collection/2488227.webp?size=800"
    },
    {
        "photoId": 2466651,
        "placeTaken": "Gteborg",
        "takenAt": 1461332520,
        "copyright": "Donald McKay",
        "description": null,
        "asset": {
            "id": 152466,
            "type": "Cargo",
            "name": "HONG KONG EXPRESS"
        },
        "rating": {
            "voteAverage": 0,
            "voteCounter": 0
        },
        "url": "https://images.marinetraffic.com/collection/2466651.webp?size=800"
    },
    {
        "photoId": 2409809,
        "placeTaken": "Southampton Docks off 106",
        "takenAt": 1468937580,
        "copyright": "Christopher Priest",
        "description": "Hong Kong Express passing Arcadia",
        "asset": {
            "id": 152466,
            "type": "Cargo",
            "name": "HONG KONG EXPRESS"
        },
        "rating": {
            "voteAverage": 1,
            "voteCounter": 1
        },
        "url": "https://images.marinetraffic.com/collection/2409809.webp?size=800"
    },
    {
        "photoId": 2409801,
        "placeTaken": "Southampton Docks",
        "takenAt": 1468936620,
        "copyright": "Christopher Priest",
        "description": "Hong Kong Express entering Southampton docks",
        "asset": {
            "id": 152466,
            "type": "Cargo",
            "name": "HONG KONG EXPRESS"
        },
        "rating": {
            "voteAverage": 4,
            "voteCounter": 1
        },
        "url": "https://images.marinetraffic.com/collection/2409801.webp?size=800"
    },
    {
        "photoId": 2384328,
        "placeTaken": "Maasvlakte,Rotterdam",
        "takenAt": 1467848520,
        "copyright": "Krijn Hamelink",
        "description": null,
        "asset": {
            "id": 152466,
            "type": "Cargo",
            "name": "HONG KONG EXPRESS"
        },
        "rating": {
            "voteAverage": 5,
            "voteCounter": 1
        },
        "url": "https://images.marinetraffic.com/collection/2384328.webp?size=800"
    },
    {
        "photoId": 2383799,
        "placeTaken": "Maasvlakte,Rotterdam",
        "takenAt": 1467826380,
        "copyright": "Krijn Hamelink",
        "description": null,
        "asset": {
            "id": 152466,
            "type": "Cargo",
            "name": "HONG KONG EXPRESS"
        },
        "rating": {
            "voteAverage": 5,
            "voteCounter": 1
        },
        "url": "https://images.marinetraffic.com/collection/2383799.webp?size=800"
    },
    {
        "photoId": 2382060,
        "placeTaken": "Maasvlakte, Rotterdam",
        "takenAt": 1467826320,
        "copyright": "Krijn Hamelink",
        "description": null,
        "asset": {
            "id": 152466,
            "type": "Cargo",
            "name": "HONG KONG EXPRESS"
        },
        "rating": {
            "voteAverage": 4.5,
            "voteCounter": 2
        },
        "url": "https://images.marinetraffic.com/collection/2382060.webp?size=800"
    },
    {
        "photoId": 2301292,
        "placeTaken": "Southampton Docks",
        "takenAt": 1461771600,
        "copyright": "Les Rickman",
        "description": null,
        "asset": {
            "id": 152466,
            "type": "Cargo",
            "name": "HONG KONG EXPRESS"
        },
        "rating": {
            "voteAverage": 0,
            "voteCounter": 0
        },
        "url": "https://images.marinetraffic.com/collection/2301292.webp?size=800"
    },
    {
        "photoId": 2298476,
        "placeTaken": "Hamburg",
        "takenAt": 1460642640,
        "copyright": "Gerd Frick",
        "description": null,
        "asset": {
            "id": 152466,
            "type": "Cargo",
            "name": "HONG KONG EXPRESS"
        },
        "rating": {
            "voteAverage": 4.5,
            "voteCounter": 2
        },
        "url": "https://images.marinetraffic.com/collection/2298476.webp?size=800"
    },
    {
        "photoId": 2287089,
        "placeTaken": "Hamburg",
        "takenAt": 1460642580,
        "copyright": "Gerd Frick",
        "description": null,
        "asset": {
            "id": 152466,
            "type": "Cargo",
            "name": "HONG KONG EXPRESS"
        },
        "rating": {
            "voteAverage": 0,
            "voteCounter": 0
        },
        "url": "https://images.marinetraffic.com/collection/2287089.webp?size=800"
    },
    {
        "photoId": 2286966,
        "placeTaken": "Maasvlakte, Rotterdam",
        "takenAt": 1460566140,
        "copyright": "Krijn Hamelink",
        "description": null,
        "asset": {
            "id": 152466,
            "type": "Cargo",
            "name": "HONG KONG EXPRESS"
        },
        "rating": {
            "voteAverage": 0,
            "voteCounter": 0
        },
        "url": "https://images.marinetraffic.com/collection/2286966.webp?size=800"
    },
    {
        "photoId": 2220770,
        "placeTaken": "Southampton Docks",
        "takenAt": 1454584740,
        "copyright": "Les Rickman",
        "description": null,
        "asset": {
            "id": 152466,
            "type": "Cargo",
            "name": "HONG KONG EXPRESS"
        },
        "rating": {
            "voteAverage": 5,
            "voteCounter": 1
        },
        "url": "https://images.marinetraffic.com/collection/2220770.webp?size=800"
    },
    {
        "photoId": 2213194,
        "placeTaken": "Dser Strand vor der Kugelbake in Cuxhaven",
        "takenAt": 1453561020,
        "copyright": "Hans-J\u00fcrgen Rockmann",
        "description": "HONG KONG EXPRESS passiert die Kugelbake  in Richtung Nordsee",
        "asset": {
            "id": 152466,
            "type": "Cargo",
            "name": "HONG KONG EXPRESS"
        },
        "rating": {
            "voteAverage": 0,
            "voteCounter": 0
        },
        "url": "https://images.marinetraffic.com/collection/2213194.webp?size=800"
    }
]