[
    {
        "photoId": 2310515,
        "placeTaken": "Deurganckdok-Doel Antwerpen-Belgium",
        "takenAt": 1462466280,
        "copyright": "Luc van Haute",
        "description": "lens 24-2000mm.",
        "asset": {
            "id": 157484,
            "type": "Cargo",
            "name": "MERETE MAERSK"
        },
        "rating": {
            "voteAverage": 5,
            "voteCounter": 6
        },
        "url": "https://images.marinetraffic.com/collection/2310515.webp?size=800"
    },
    {
        "photoId": 2301740,
        "placeTaken": "Port of Aarhus, Denmark",
        "takenAt": 1461834000,
        "copyright": "Allan J. Kortsen",
        "description": "www.skyaviator.dk",
        "asset": {
            "id": 157484,
            "type": "Cargo",
            "name": "MERETE MAERSK"
        },
        "rating": {
            "voteAverage": 0,
            "voteCounter": 0
        },
        "url": "https://images.marinetraffic.com/collection/2301740.webp?size=800"
    },
    {
        "photoId": 2295954,
        "placeTaken": "Deurganckdok-Doel Antwerpen-Belgium",
        "takenAt": 1461345900,
        "copyright": "Luc van Haute",
        "description": "lens 24-2000mm.",
        "asset": {
            "id": 157484,
            "type": "Cargo",
            "name": "MERETE MAERSK"
        },
        "rating": {
            "voteAverage": 5,
            "voteCounter": 6
        },
        "url": "https://images.marinetraffic.com/collection/2295954.webp?size=800"
    },
    {
        "photoId": 2226114,
        "placeTaken": "river Schelde // Doel Antwerpen-Belgium",
        "takenAt": 1455193260,
        "copyright": "Luc van Haute",
        "description": "lens 24-2000mm.",
        "asset": {
            "id": 157484,
            "type": "Cargo",
            "name": "MERETE MAERSK"
        },
        "rating": {
            "voteAverage": 0,
            "voteCounter": 0
        },
        "url": "https://images.marinetraffic.com/collection/2226114.webp?size=800"
    },
    {
        "photoId": 2226113,
        "placeTaken": "river Schelde // Doel Antwerpen-Belgium",
        "takenAt": 1455193020,
        "copyright": "Luc van Haute",
        "description": "lens 24-2000mm.",
        "asset": {
            "id": 157484,
            "type": "Cargo",
            "name": "MERETE MAERSK"
        },
        "rating": {
            "voteAverage": 5,
            "voteCounter": 5
        },
        "url": "https://images.marinetraffic.com/collection/2226113.webp?size=800"
    },
    {
        "photoId": 2225781,
        "placeTaken": "Hooksiel",
        "takenAt": 1455023340,
        "copyright": "Winfried Schulmeyer",
        "description": null,
        "asset": {
            "id": 157484,
            "type": "Cargo",
            "name": "MERETE MAERSK"
        },
        "rating": {
            "voteAverage": 0,
            "voteCounter": 0
        },
        "url": "https://images.marinetraffic.com/collection/2225781.webp?size=800"
    },
    {
        "photoId": 2223948,
        "placeTaken": "Hooksiel",
        "takenAt": 1455023280,
        "copyright": "Winfried Schulmeyer",
        "description": null,
        "asset": {
            "id": 157484,
            "type": "Cargo",
            "name": "MERETE MAERSK"
        },
        "rating": {
            "voteAverage": 0,
            "voteCounter": 0
        },
        "url": "https://images.marinetraffic.com/collection/2223948.webp?size=800"
    },
    {
        "photoId": 2206047,
        "placeTaken": "Kelibia",
        "takenAt": 1442142600,
        "copyright": "Eduard Legkii",
        "description": null,
        "asset": {
            "id": 157484,
            "type": "Cargo",
            "name": "MERETE MAERSK"
        },
        "rating": {
            "voteAverage": 4,
            "voteCounter": 1
        },
        "url": "https://images.marinetraffic.com/collection/2206047.webp?size=800"
    },
    {
        "photoId": 2086767,
        "placeTaken": "Great Belt",
        "takenAt": 1434479640,
        "copyright": "Roman Stankiewicz",
        "description": null,
        "asset": {
            "id": 157484,
            "type": "Cargo",
            "name": "MERETE MAERSK"
        },
        "rating": {
            "voteAverage": 0,
            "voteCounter": 0
        },
        "url": "https://images.marinetraffic.com/collection/2086767.webp?size=800"
    },
    {
        "photoId": 2081834,
        "placeTaken": "Port of Aarhus, Denmark",
        "takenAt": 1441210020,
        "copyright": "Allan J. Kortsen",
        "description": "www.skyaviator.dk",
        "asset": {
            "id": 157484,
            "type": "Cargo",
            "name": "MERETE MAERSK"
        },
        "rating": {
            "voteAverage": 5,
            "voteCounter": 2
        },
        "url": "https://images.marinetraffic.com/collection/2081834.webp?size=800"
    },
    {
        "photoId": 2081833,
        "placeTaken": "Port of Aarhus, Denmark",
        "takenAt": 1441209960,
        "copyright": "Allan J. Kortsen",
        "description": "www.skyaviator.dk",
        "asset": {
            "id": 157484,
            "type": "Cargo",
            "name": "MERETE MAERSK"
        },
        "rating": {
            "voteAverage": 5,
            "voteCounter": 2
        },
        "url": "https://images.marinetraffic.com/collection/2081833.webp?size=800"
    },
    {
        "photoId": 2080094,
        "placeTaken": "Gdansk",
        "takenAt": 1440760800,
        "copyright": "GagaS",
        "description": null,
        "asset": {
            "id": 157484,
            "type": "Cargo",
            "name": "MERETE MAERSK"
        },
        "rating": {
            "voteAverage": 4,
            "voteCounter": 1
        },
        "url": "https://images.marinetraffic.com/collection/2080094.webp?size=800"
    },
    {
        "photoId": 2035606,
        "placeTaken": null,
        "takenAt": 1434490440,
        "copyright": "Ole Sonne",
        "description": null,
        "asset": {
            "id": 157484,
            "type": "Cargo",
            "name": "MERETE MAERSK"
        },
        "rating": {
            "voteAverage": 5,
            "voteCounter": 1
        },
        "url": "https://images.marinetraffic.com/collection/2035606.webp?size=800"
    },
    {
        "photoId": 2035604,
        "placeTaken": null,
        "takenAt": 1434490440,
        "copyright": "Ole Sonne",
        "description": null,
        "asset": {
            "id": 157484,
            "type": "Cargo",
            "name": "MERETE MAERSK"
        },
        "rating": {
            "voteAverage": 5,
            "voteCounter": 1
        },
        "url": "https://images.marinetraffic.com/collection/2035604.webp?size=800"
    },
    {
        "photoId": 2008520,
        "placeTaken": null,
        "takenAt": 1428234360,
        "copyright": "Brian van der Linden",
        "description": null,
        "asset": {
            "id": 157484,
            "type": "Cargo",
            "name": "MERETE MAERSK"
        },
        "rating": {
            "voteAverage": 0,
            "voteCounter": 0
        },
        "url": "https://images.marinetraffic.com/collection/2008520.webp?size=800"
    },
    {
        "photoId": 2008278,
        "placeTaken": "Bremerhaven, Germany",
        "takenAt": 1413477660,
        "copyright": "Seemann235",
        "description": null,
        "asset": {
            "id": 157484,
            "type": "Cargo",
            "name": "MERETE MAERSK"
        },
        "rating": {
            "voteAverage": 0,
            "voteCounter": 0
        },
        "url": "https://images.marinetraffic.com/collection/2008278.webp?size=800"
    },
    {
        "photoId": 1990791,
        "placeTaken": "River Orwell",
        "takenAt": 1433672940,
        "copyright": "M.E.Davis",
        "description": "Merete Maersk leaving Felixstowe",
        "asset": {
            "id": 157484,
            "type": "Cargo",
            "name": "MERETE MAERSK"
        },
        "rating": {
            "voteAverage": 0,
            "voteCounter": 0
        },
        "url": "https://images.marinetraffic.com/collection/1990791.webp?size=800"
    },
    {
        "photoId": 1990788,
        "placeTaken": "River Orwell.",
        "takenAt": 1433672460,
        "copyright": "M.E.Davis",
        "description": "Merete Maersk leaving Felixstowe.",
        "asset": {
            "id": 157484,
            "type": "Cargo",
            "name": "MERETE MAERSK"
        },
        "rating": {
            "voteAverage": 5,
            "voteCounter": 1
        },
        "url": "https://images.marinetraffic.com/collection/1990788.webp?size=800"
    },
    {
        "photoId": 1990458,
        "placeTaken": "Gdansk",
        "takenAt": 1434121920,
        "copyright": "Slawomir Burzynski",
        "description": "DCT Gdansk",
        "asset": {
            "id": 157484,
            "type": "Cargo",
            "name": "MERETE MAERSK"
        },
        "rating": {
            "voteAverage": 0,
            "voteCounter": 0
        },
        "url": "https://images.marinetraffic.com/collection/1990458.webp?size=800"
    },
    {
        "photoId": 1985531,
        "placeTaken": "Hooksiel",
        "takenAt": 1433770080,
        "copyright": "Winfried Schulmeyer",
        "description": null,
        "asset": {
            "id": 157484,
            "type": "Cargo",
            "name": "MERETE MAERSK"
        },
        "rating": {
            "voteAverage": 0,
            "voteCounter": 0
        },
        "url": "https://images.marinetraffic.com/collection/1985531.webp?size=800"
    }
]