[
    {
        "photoId": 3406217,
        "placeTaken": "Schelde, Doel BE",
        "takenAt": 1550155920,
        "copyright": "Stefan Lemmens",
        "description": null,
        "asset": {
            "id": 157484,
            "type": "Cargo",
            "name": "MERETE MAERSK"
        },
        "rating": {
            "voteAverage": 0,
            "voteCounter": 0
        },
        "url": "https://images.marinetraffic.com/collection/3406217.webp?size=800"
    },
    {
        "photoId": 3406215,
        "placeTaken": "Schelde, Doel BE",
        "takenAt": 1550155140,
        "copyright": "Stefan Lemmens",
        "description": null,
        "asset": {
            "id": 157484,
            "type": "Cargo",
            "name": "MERETE MAERSK"
        },
        "rating": {
            "voteAverage": 5,
            "voteCounter": 2
        },
        "url": "https://images.marinetraffic.com/collection/3406215.webp?size=800"
    },
    {
        "photoId": 3406213,
        "placeTaken": "Schelde, Doel BE",
        "takenAt": 1550154960,
        "copyright": "Stefan Lemmens",
        "description": null,
        "asset": {
            "id": 157484,
            "type": "Cargo",
            "name": "MERETE MAERSK"
        },
        "rating": {
            "voteAverage": 5,
            "voteCounter": 1
        },
        "url": "https://images.marinetraffic.com/collection/3406213.webp?size=800"
    },
    {
        "photoId": 3393283,
        "placeTaken": "Bay of Gibraltar",
        "takenAt": 1550680020,
        "copyright": "Jim Watt",
        "description": null,
        "asset": {
            "id": 157484,
            "type": "Cargo",
            "name": "MERETE MAERSK"
        },
        "rating": {
            "voteAverage": 5,
            "voteCounter": 1
        },
        "url": "https://images.marinetraffic.com/collection/3393283.webp?size=800"
    },
    {
        "photoId": 3264949,
        "placeTaken": null,
        "takenAt": 1533291300,
        "copyright": "Jonathan Quack",
        "description": null,
        "asset": {
            "id": 157484,
            "type": "Cargo",
            "name": "MERETE MAERSK"
        },
        "rating": {
            "voteAverage": 5,
            "voteCounter": 1
        },
        "url": "https://images.marinetraffic.com/collection/3264949.webp?size=800"
    },
    {
        "photoId": 3088765,
        "placeTaken": "Maasvlakte,Rotterdam",
        "takenAt": 1525906920,
        "copyright": "Krijn Hamelink",
        "description": null,
        "asset": {
            "id": 157484,
            "type": "Cargo",
            "name": "MERETE MAERSK"
        },
        "rating": {
            "voteAverage": 0,
            "voteCounter": 0
        },
        "url": "https://images.marinetraffic.com/collection/3088765.webp?size=800"
    },
    {
        "photoId": 3082962,
        "placeTaken": "Nieuwe Waterweg Rotterdam.",
        "takenAt": 1476971100,
        "copyright": "Ed Kaas",
        "description": null,
        "asset": {
            "id": 157484,
            "type": "Cargo",
            "name": "MERETE MAERSK"
        },
        "rating": {
            "voteAverage": 0,
            "voteCounter": 0
        },
        "url": "https://images.marinetraffic.com/collection/3082962.webp?size=800"
    },
    {
        "photoId": 3080540,
        "placeTaken": "Maasvlakte",
        "takenAt": 1525610220,
        "copyright": "Stefan Sill",
        "description": null,
        "asset": {
            "id": 157484,
            "type": "Cargo",
            "name": "MERETE MAERSK"
        },
        "rating": {
            "voteAverage": 0,
            "voteCounter": 0
        },
        "url": "https://images.marinetraffic.com/collection/3080540.webp?size=800"
    },
    {
        "photoId": 2957722,
        "placeTaken": "Maasvlakte,Holland",
        "takenAt": 1437499140,
        "copyright": "John Pitcher",
        "description": null,
        "asset": {
            "id": 157484,
            "type": "Cargo",
            "name": "MERETE MAERSK"
        },
        "rating": {
            "voteAverage": 5,
            "voteCounter": 1
        },
        "url": "https://images.marinetraffic.com/collection/2957722.webp?size=800"
    },
    {
        "photoId": 2946566,
        "placeTaken": "Rotterdam Maasvlakte",
        "takenAt": 1497201000,
        "copyright": "Shawn Glaeser",
        "description": null,
        "asset": {
            "id": 157484,
            "type": "Cargo",
            "name": "MERETE MAERSK"
        },
        "rating": {
            "voteAverage": 0,
            "voteCounter": 0
        },
        "url": "https://images.marinetraffic.com/collection/2946566.webp?size=800"
    },
    {
        "photoId": 2911095,
        "placeTaken": null,
        "takenAt": -2208988800,
        "copyright": "Pedro Gonz\u00e1lez Ruiz",
        "description": null,
        "asset": {
            "id": 157484,
            "type": "Cargo",
            "name": "MERETE MAERSK"
        },
        "rating": {
            "voteAverage": 0,
            "voteCounter": 0
        },
        "url": "https://images.marinetraffic.com/collection/2911095.webp?size=800"
    },
    {
        "photoId": 2911093,
        "placeTaken": null,
        "takenAt": -2208988800,
        "copyright": "Pedro Gonz\u00e1lez Ruiz",
        "description": null,
        "asset": {
            "id": 157484,
            "type": "Cargo",
            "name": "MERETE MAERSK"
        },
        "rating": {
            "voteAverage": 0,
            "voteCounter": 0
        },
        "url": "https://images.marinetraffic.com/collection/2911093.webp?size=800"
    },
    {
        "photoId": 2911092,
        "placeTaken": null,
        "takenAt": -2208988800,
        "copyright": "Pedro Gonz\u00e1lez Ruiz",
        "description": null,
        "asset": {
            "id": 157484,
            "type": "Cargo",
            "name": "MERETE MAERSK"
        },
        "rating": {
            "voteAverage": 0,
            "voteCounter": 0
        },
        "url": "https://images.marinetraffic.com/collection/2911092.webp?size=800"
    },
    {
        "photoId": 2911091,
        "placeTaken": null,
        "takenAt": -2208988800,
        "copyright": "Pedro Gonz\u00e1lez Ruiz",
        "description": null,
        "asset": {
            "id": 157484,
            "type": "Cargo",
            "name": "MERETE MAERSK"
        },
        "rating": {
            "voteAverage": 0,
            "voteCounter": 0
        },
        "url": "https://images.marinetraffic.com/collection/2911091.webp?size=800"
    },
    {
        "photoId": 2827316,
        "placeTaken": "Marchwood Southampton ",
        "takenAt": 1504362120,
        "copyright": "Bruce Hunter",
        "description": null,
        "asset": {
            "id": 157484,
            "type": "Cargo",
            "name": "MERETE MAERSK"
        },
        "rating": {
            "voteAverage": 5,
            "voteCounter": 1
        },
        "url": "https://images.marinetraffic.com/collection/2827316.webp?size=800"
    },
    {
        "photoId": 2810335,
        "placeTaken": "Hamburg-Ferryboat",
        "takenAt": 1503254520,
        "copyright": "S.Seelemann",
        "description": null,
        "asset": {
            "id": 157484,
            "type": "Cargo",
            "name": "MERETE MAERSK"
        },
        "rating": {
            "voteAverage": 5,
            "voteCounter": 1
        },
        "url": "https://images.marinetraffic.com/collection/2810335.webp?size=800"
    },
    {
        "photoId": 2809864,
        "placeTaken": "Hamburg",
        "takenAt": 1503246000,
        "copyright": "Thomas Tauchert",
        "description": null,
        "asset": {
            "id": 157484,
            "type": "Cargo",
            "name": "MERETE MAERSK"
        },
        "rating": {
            "voteAverage": 0,
            "voteCounter": 0
        },
        "url": "https://images.marinetraffic.com/collection/2809864.webp?size=800"
    },
    {
        "photoId": 2751132,
        "placeTaken": "Bremerhaven",
        "takenAt": 1497043440,
        "copyright": "Paillette Sylvain",
        "description": "europort Bremerhaven",
        "asset": {
            "id": 157484,
            "type": "Cargo",
            "name": "MERETE MAERSK"
        },
        "rating": {
            "voteAverage": 0,
            "voteCounter": 0
        },
        "url": "https://images.marinetraffic.com/collection/2751132.webp?size=800"
    },
    {
        "photoId": 2751131,
        "placeTaken": "Bremerhaven",
        "takenAt": 1497043080,
        "copyright": "Paillette Sylvain",
        "description": "europort Bremerhaven",
        "asset": {
            "id": 157484,
            "type": "Cargo",
            "name": "MERETE MAERSK"
        },
        "rating": {
            "voteAverage": 0,
            "voteCounter": 0
        },
        "url": "https://images.marinetraffic.com/collection/2751131.webp?size=800"
    },
    {
        "photoId": 2751129,
        "placeTaken": "Bremerhaven",
        "takenAt": 1496951160,
        "copyright": "Paillette Sylvain",
        "description": "europort Bremerhaven",
        "asset": {
            "id": 157484,
            "type": "Cargo",
            "name": "MERETE MAERSK"
        },
        "rating": {
            "voteAverage": 0,
            "voteCounter": 0
        },
        "url": "https://images.marinetraffic.com/collection/2751129.webp?size=800"
    }
]