[
    {
        "photoId": 2211061,
        "placeTaken": "Valencia",
        "takenAt": 1453540200,
        "copyright": "Manuel Hern\u00e1ndez",
        "description": null,
        "asset": {
            "id": 1474,
            "type": "Cargo",
            "name": "JEBEL ALI"
        },
        "rating": {
            "voteAverage": 5,
            "voteCounter": 1
        },
        "url": "https://images.marinetraffic.com/collection/2211061.webp?size=800"
    },
    {
        "photoId": 2208392,
        "placeTaken": "Genova Voltri",
        "takenAt": 1453194180,
        "copyright": "Andrea Ferrando",
        "description": "Jebel Ali appena uscita, per la prima, dal VTE. E in direzione di Fos Sur Mer.",
        "asset": {
            "id": 1474,
            "type": "Cargo",
            "name": "JEBEL ALI"
        },
        "rating": {
            "voteAverage": 0,
            "voteCounter": 0
        },
        "url": "https://images.marinetraffic.com/collection/2208392.webp?size=800"
    },
    {
        "photoId": 2166949,
        "placeTaken": "Lamma Channel, Hong Kong",
        "takenAt": 1418132940,
        "copyright": "V. Tonic",
        "description": "Hong Kong outbound in Lamma Channel.",
        "asset": {
            "id": 1474,
            "type": "Cargo",
            "name": "JEBEL ALI"
        },
        "rating": {
            "voteAverage": 0,
            "voteCounter": 0
        },
        "url": "https://images.marinetraffic.com/collection/2166949.webp?size=800"
    },
    {
        "photoId": 2166948,
        "placeTaken": "Lamma Channel, Hong Kong",
        "takenAt": 1418132520,
        "copyright": "V. Tonic",
        "description": "Hong Kong outbound in Lamma Channel.",
        "asset": {
            "id": 1474,
            "type": "Cargo",
            "name": "JEBEL ALI"
        },
        "rating": {
            "voteAverage": 0,
            "voteCounter": 0
        },
        "url": "https://images.marinetraffic.com/collection/2166948.webp?size=800"
    },
    {
        "photoId": 2036042,
        "placeTaken": "Geoje Island, Korea",
        "takenAt": 1413299160,
        "copyright": "V. Tonic",
        "description": "Off Geoje Island.",
        "asset": {
            "id": 1474,
            "type": "Cargo",
            "name": "JEBEL ALI"
        },
        "rating": {
            "voteAverage": 0,
            "voteCounter": 0
        },
        "url": "https://images.marinetraffic.com/collection/2036042.webp?size=800"
    },
    {
        "photoId": 1960813,
        "placeTaken": "Malta Freeport",
        "takenAt": 1340789640,
        "copyright": "Philip Andrew Muscat",
        "description": null,
        "asset": {
            "id": 1474,
            "type": "Cargo",
            "name": "JEBEL ALI"
        },
        "rating": {
            "voteAverage": 0,
            "voteCounter": 0
        },
        "url": "https://images.marinetraffic.com/collection/1960813.webp?size=800"
    },
    {
        "photoId": 1960807,
        "placeTaken": "Malta Freeport",
        "takenAt": 1340777760,
        "copyright": "Philip Andrew Muscat",
        "description": null,
        "asset": {
            "id": 1474,
            "type": "Cargo",
            "name": "JEBEL ALI"
        },
        "rating": {
            "voteAverage": 5,
            "voteCounter": 1
        },
        "url": "https://images.marinetraffic.com/collection/1960807.webp?size=800"
    },
    {
        "photoId": 1960805,
        "placeTaken": "Malta Freeport",
        "takenAt": 1340777760,
        "copyright": "Philip Andrew Muscat",
        "description": null,
        "asset": {
            "id": 1474,
            "type": "Cargo",
            "name": "JEBEL ALI"
        },
        "rating": {
            "voteAverage": 0,
            "voteCounter": 0
        },
        "url": "https://images.marinetraffic.com/collection/1960805.webp?size=800"
    },
    {
        "photoId": 1960795,
        "placeTaken": "Malta Freeport",
        "takenAt": 1340733780,
        "copyright": "Philip Andrew Muscat",
        "description": null,
        "asset": {
            "id": 1474,
            "type": "Cargo",
            "name": "JEBEL ALI"
        },
        "rating": {
            "voteAverage": 0,
            "voteCounter": 0
        },
        "url": "https://images.marinetraffic.com/collection/1960795.webp?size=800"
    },
    {
        "photoId": 1894243,
        "placeTaken": "Cuxhaven",
        "takenAt": 1380358680,
        "copyright": "Bettina Rohbrecht",
        "description": null,
        "asset": {
            "id": 1474,
            "type": "Cargo",
            "name": "JEBEL ALI"
        },
        "rating": {
            "voteAverage": 0,
            "voteCounter": 0
        },
        "url": "https://images.marinetraffic.com/collection/1894243.webp?size=800"
    },
    {
        "photoId": 1892992,
        "placeTaken": "Arabian Sea",
        "takenAt": 1351508940,
        "copyright": "Philip Andrew Muscat",
        "description": null,
        "asset": {
            "id": 1474,
            "type": "Cargo",
            "name": "JEBEL ALI"
        },
        "rating": {
            "voteAverage": 0,
            "voteCounter": 0
        },
        "url": "https://images.marinetraffic.com/collection/1892992.webp?size=800"
    },
    {
        "photoId": 1542359,
        "placeTaken": null,
        "takenAt": 1392742560,
        "copyright": "Vladimir Serebryanskiy",
        "description": null,
        "asset": {
            "id": 1474,
            "type": "Cargo",
            "name": "JEBEL ALI"
        },
        "rating": {
            "voteAverage": 0,
            "voteCounter": 0
        },
        "url": "https://images.marinetraffic.com/collection/1542359.webp?size=800"
    },
    {
        "photoId": 1525700,
        "placeTaken": null,
        "takenAt": 1379950920,
        "copyright": "Gillian Moy",
        "description": "Jebel Ali arriving at Southampton Container Port - September, 2013",
        "asset": {
            "id": 1474,
            "type": "Cargo",
            "name": "JEBEL ALI"
        },
        "rating": {
            "voteAverage": 0,
            "voteCounter": 0
        },
        "url": "https://images.marinetraffic.com/collection/1525700.webp?size=800"
    },
    {
        "photoId": 1525694,
        "placeTaken": null,
        "takenAt": 1379950260,
        "copyright": "Gillian Moy",
        "description": "Jebel Ali arriving at Southampton Container Port - September, 2013",
        "asset": {
            "id": 1474,
            "type": "Cargo",
            "name": "JEBEL ALI"
        },
        "rating": {
            "voteAverage": 0,
            "voteCounter": 0
        },
        "url": "https://images.marinetraffic.com/collection/1525694.webp?size=800"
    },
    {
        "photoId": 1514897,
        "placeTaken": "Hamburg  Germany",
        "takenAt": 1366804380,
        "copyright": "Muhsen Hussein",
        "description": "Hamburg  Germany",
        "asset": {
            "id": 1474,
            "type": "Cargo",
            "name": "JEBEL ALI"
        },
        "rating": {
            "voteAverage": 0,
            "voteCounter": 0
        },
        "url": "https://images.marinetraffic.com/collection/1514897.webp?size=800"
    },
    {
        "photoId": 1514895,
        "placeTaken": "Hamburg  Germany",
        "takenAt": 1366804200,
        "copyright": "Muhsen Hussein",
        "description": "Hamburg  Germany",
        "asset": {
            "id": 1474,
            "type": "Cargo",
            "name": "JEBEL ALI"
        },
        "rating": {
            "voteAverage": 0,
            "voteCounter": 0
        },
        "url": "https://images.marinetraffic.com/collection/1514895.webp?size=800"
    },
    {
        "photoId": 1503003,
        "placeTaken": "Rotterdam Europoort",
        "takenAt": 1388067780,
        "copyright": "Arjan Elmendorp",
        "description": "Container Ship 2012",
        "asset": {
            "id": 1474,
            "type": "Cargo",
            "name": "JEBEL ALI"
        },
        "rating": {
            "voteAverage": 5,
            "voteCounter": 1
        },
        "url": "https://images.marinetraffic.com/collection/1503003.webp?size=800"
    },
    {
        "photoId": 1502674,
        "placeTaken": "Rotterdam",
        "takenAt": 1388067780,
        "copyright": "Martin le Bruin",
        "description": "RotterdamMaasmond",
        "asset": {
            "id": 1474,
            "type": "Cargo",
            "name": "JEBEL ALI"
        },
        "rating": {
            "voteAverage": 4,
            "voteCounter": 2
        },
        "url": "https://images.marinetraffic.com/collection/1502674.webp?size=800"
    },
    {
        "photoId": 1417303,
        "placeTaken": "Maasvlakte",
        "takenAt": 1380622440,
        "copyright": "Hannes van Rijn",
        "description": null,
        "asset": {
            "id": 1474,
            "type": "Cargo",
            "name": "JEBEL ALI"
        },
        "rating": {
            "voteAverage": 4.5,
            "voteCounter": 2
        },
        "url": "https://images.marinetraffic.com/collection/1417303.webp?size=800"
    },
    {
        "photoId": 1417260,
        "placeTaken": "MAASVLAKTE",
        "takenAt": 1380624660,
        "copyright": "TEUN PUT",
        "description": null,
        "asset": {
            "id": 1474,
            "type": "Cargo",
            "name": "JEBEL ALI"
        },
        "rating": {
            "voteAverage": 5,
            "voteCounter": 1
        },
        "url": "https://images.marinetraffic.com/collection/1417260.webp?size=800"
    }
]