[
    {
        "photoId": 3427500,
        "placeTaken": "Lamma Channel, Hong Kong",
        "takenAt": 1506854760,
        "copyright": "V. Tonic",
        "description": "Arriving at Hong Kong.",
        "asset": {
            "id": 1474,
            "type": "Cargo",
            "name": "JEBEL ALI"
        },
        "rating": {
            "voteAverage": 0,
            "voteCounter": 0
        },
        "url": "https://images.marinetraffic.com/collection/3427500.webp?size=800"
    },
    {
        "photoId": 3427498,
        "placeTaken": "Lamma Channel, Hong Kong",
        "takenAt": 1506854580,
        "copyright": "V. Tonic",
        "description": "Arriving at Hong Kong.",
        "asset": {
            "id": 1474,
            "type": "Cargo",
            "name": "JEBEL ALI"
        },
        "rating": {
            "voteAverage": 0,
            "voteCounter": 0
        },
        "url": "https://images.marinetraffic.com/collection/3427498.webp?size=800"
    },
    {
        "photoId": 3361389,
        "placeTaken": "Felixstowe, GB.",
        "takenAt": 1509970620,
        "copyright": "Michael Ludlow",
        "description": "Jebel Ali approaching Landguard Jetty, Felixstowe, GB, on her way to Trinity No.6 berth.",
        "asset": {
            "id": 1474,
            "type": "Cargo",
            "name": "JEBEL ALI"
        },
        "rating": {
            "voteAverage": 0,
            "voteCounter": 0
        },
        "url": "https://images.marinetraffic.com/collection/3361389.webp?size=800"
    },
    {
        "photoId": 3126538,
        "placeTaken": "Bayonne, NJ",
        "takenAt": 1529128020,
        "copyright": "Marcin Kocoj",
        "description": "Jebel Ali arriving at GCT Bayonne.",
        "asset": {
            "id": 1474,
            "type": "Cargo",
            "name": "JEBEL ALI"
        },
        "rating": {
            "voteAverage": 5,
            "voteCounter": 2
        },
        "url": "https://images.marinetraffic.com/collection/3126538.webp?size=800"
    },
    {
        "photoId": 3011051,
        "placeTaken": "Bayonne, NJ",
        "takenAt": 1520790420,
        "copyright": "Marcin Kocoj",
        "description": "Jebel Ali leaving GCT Bayonne.",
        "asset": {
            "id": 1474,
            "type": "Cargo",
            "name": "JEBEL ALI"
        },
        "rating": {
            "voteAverage": 5,
            "voteCounter": 1
        },
        "url": "https://images.marinetraffic.com/collection/3011051.webp?size=800"
    },
    {
        "photoId": 3009384,
        "placeTaken": "Bayonne, NJ",
        "takenAt": 1520670780,
        "copyright": "Marcin Kocoj",
        "description": "Jebel Ali at GCT Bayonne.",
        "asset": {
            "id": 1474,
            "type": "Cargo",
            "name": "JEBEL ALI"
        },
        "rating": {
            "voteAverage": 5,
            "voteCounter": 3
        },
        "url": "https://images.marinetraffic.com/collection/3009384.webp?size=800"
    },
    {
        "photoId": 2910986,
        "placeTaken": "Euromax Terminal,Yangtzekanaal,Rotterdam",
        "takenAt": 1509782880,
        "copyright": "Krijn Hamelink",
        "description": null,
        "asset": {
            "id": 1474,
            "type": "Cargo",
            "name": "JEBEL ALI"
        },
        "rating": {
            "voteAverage": 0,
            "voteCounter": 0
        },
        "url": "https://images.marinetraffic.com/collection/2910986.webp?size=800"
    },
    {
        "photoId": 2896486,
        "placeTaken": "Hamburg ",
        "takenAt": 1509454020,
        "copyright": "Claus Gaser",
        "description": "Hamburg Bubendeyufer ",
        "asset": {
            "id": 1474,
            "type": "Cargo",
            "name": "JEBEL ALI"
        },
        "rating": {
            "voteAverage": 5,
            "voteCounter": 10
        },
        "url": "https://images.marinetraffic.com/collection/2896486.webp?size=800"
    },
    {
        "photoId": 2896386,
        "placeTaken": "Westerschelde",
        "takenAt": 1509212220,
        "copyright": "JK",
        "description": null,
        "asset": {
            "id": 1474,
            "type": "Cargo",
            "name": "JEBEL ALI"
        },
        "rating": {
            "voteAverage": 0,
            "voteCounter": 0
        },
        "url": "https://images.marinetraffic.com/collection/2896386.webp?size=800"
    },
    {
        "photoId": 2887184,
        "placeTaken": "Piraeus",
        "takenAt": 1502264580,
        "copyright": "Sakis Antoniou",
        "description": null,
        "asset": {
            "id": 1474,
            "type": "Cargo",
            "name": "JEBEL ALI"
        },
        "rating": {
            "voteAverage": 0,
            "voteCounter": 0
        },
        "url": "https://images.marinetraffic.com/collection/2887184.webp?size=800"
    },
    {
        "photoId": 2887183,
        "placeTaken": "Piraeus",
        "takenAt": 1502265180,
        "copyright": "Sakis Antoniou",
        "description": null,
        "asset": {
            "id": 1474,
            "type": "Cargo",
            "name": "JEBEL ALI"
        },
        "rating": {
            "voteAverage": 0,
            "voteCounter": 0
        },
        "url": "https://images.marinetraffic.com/collection/2887183.webp?size=800"
    },
    {
        "photoId": 2887182,
        "placeTaken": "Piraeus",
        "takenAt": 1502265360,
        "copyright": "Sakis Antoniou",
        "description": null,
        "asset": {
            "id": 1474,
            "type": "Cargo",
            "name": "JEBEL ALI"
        },
        "rating": {
            "voteAverage": 0,
            "voteCounter": 0
        },
        "url": "https://images.marinetraffic.com/collection/2887182.webp?size=800"
    },
    {
        "photoId": 2833035,
        "placeTaken": "Piraeus",
        "takenAt": 1497425520,
        "copyright": "Sakis Antoniou",
        "description": null,
        "asset": {
            "id": 1474,
            "type": "Cargo",
            "name": "JEBEL ALI"
        },
        "rating": {
            "voteAverage": 0,
            "voteCounter": 0
        },
        "url": "https://images.marinetraffic.com/collection/2833035.webp?size=800"
    },
    {
        "photoId": 2805785,
        "placeTaken": "Piraeus",
        "takenAt": 1496129760,
        "copyright": "Sakis Antoniou",
        "description": null,
        "asset": {
            "id": 1474,
            "type": "Cargo",
            "name": "JEBEL ALI"
        },
        "rating": {
            "voteAverage": 0,
            "voteCounter": 0
        },
        "url": "https://images.marinetraffic.com/collection/2805785.webp?size=800"
    },
    {
        "photoId": 2624745,
        "placeTaken": "Busan New Port, Rep. of Korea",
        "takenAt": 1440578340,
        "copyright": "V. Tonic",
        "description": "Arriving at Busan New Port.",
        "asset": {
            "id": 1474,
            "type": "Cargo",
            "name": "JEBEL ALI"
        },
        "rating": {
            "voteAverage": 0,
            "voteCounter": 0
        },
        "url": "https://images.marinetraffic.com/collection/2624745.webp?size=800"
    },
    {
        "photoId": 2624743,
        "placeTaken": "Geoje Island, Rep. of Korea",
        "takenAt": 1440577440,
        "copyright": "V. Tonic",
        "description": "Off Geoje Island.",
        "asset": {
            "id": 1474,
            "type": "Cargo",
            "name": "JEBEL ALI"
        },
        "rating": {
            "voteAverage": 4,
            "voteCounter": 1
        },
        "url": "https://images.marinetraffic.com/collection/2624743.webp?size=800"
    },
    {
        "photoId": 2543320,
        "placeTaken": "Hamburg, Rschpark",
        "takenAt": 1482326340,
        "copyright": "Gerd Frick",
        "description": null,
        "asset": {
            "id": 1474,
            "type": "Cargo",
            "name": "JEBEL ALI"
        },
        "rating": {
            "voteAverage": 5,
            "voteCounter": 1
        },
        "url": "https://images.marinetraffic.com/collection/2543320.webp?size=800"
    },
    {
        "photoId": 2543000,
        "placeTaken": null,
        "takenAt": 1482325980,
        "copyright": "S.Seelemann",
        "description": null,
        "asset": {
            "id": 1474,
            "type": "Cargo",
            "name": "JEBEL ALI"
        },
        "rating": {
            "voteAverage": 5,
            "voteCounter": 1
        },
        "url": "https://images.marinetraffic.com/collection/2543000.webp?size=800"
    },
    {
        "photoId": 2542998,
        "placeTaken": "Hamburg-Rueschpark",
        "takenAt": 1482326100,
        "copyright": "S.Seelemann",
        "description": null,
        "asset": {
            "id": 1474,
            "type": "Cargo",
            "name": "JEBEL ALI"
        },
        "rating": {
            "voteAverage": 5,
            "voteCounter": 2
        },
        "url": "https://images.marinetraffic.com/collection/2542998.webp?size=800"
    },
    {
        "photoId": 2260548,
        "placeTaken": "Hamburg",
        "takenAt": 1380283260,
        "copyright": "Glyn Lowe",
        "description": null,
        "asset": {
            "id": 1474,
            "type": "Cargo",
            "name": "JEBEL ALI"
        },
        "rating": {
            "voteAverage": 0,
            "voteCounter": 0
        },
        "url": "https://images.marinetraffic.com/collection/2260548.webp?size=800"
    }
]