[
    {
        "photoId": 1410137,
        "placeTaken": "Bremerhaven",
        "takenAt": 1380458100,
        "copyright": "Rolf Bridde",
        "description": null,
        "asset": {
            "id": 1474,
            "type": "Cargo",
            "name": "JEBEL ALI"
        },
        "rating": {
            "voteAverage": 4,
            "voteCounter": 2
        },
        "url": "https://images.marinetraffic.com/collection/1410137.webp?size=800"
    },
    {
        "photoId": 1405232,
        "placeTaken": "Hamburg-Blankenese",
        "takenAt": 1380188880,
        "copyright": "Buggi Porschien",
        "description": "Inbound port",
        "asset": {
            "id": 1474,
            "type": "Cargo",
            "name": "JEBEL ALI"
        },
        "rating": {
            "voteAverage": 3.5,
            "voteCounter": 2
        },
        "url": "https://images.marinetraffic.com/collection/1405232.webp?size=800"
    },
    {
        "photoId": 1404205,
        "placeTaken": "Southampton",
        "takenAt": 1380025020,
        "copyright": "Brian Daniels",
        "description": null,
        "asset": {
            "id": 1474,
            "type": "Cargo",
            "name": "JEBEL ALI"
        },
        "rating": {
            "voteAverage": 4,
            "voteCounter": 1
        },
        "url": "https://images.marinetraffic.com/collection/1404205.webp?size=800"
    },
    {
        "photoId": 1404201,
        "placeTaken": "Southampton",
        "takenAt": 1380024420,
        "copyright": "Brian Daniels",
        "description": null,
        "asset": {
            "id": 1474,
            "type": "Cargo",
            "name": "JEBEL ALI"
        },
        "rating": {
            "voteAverage": 3,
            "voteCounter": 1
        },
        "url": "https://images.marinetraffic.com/collection/1404201.webp?size=800"
    },
    {
        "photoId": 1298671,
        "placeTaken": "Bremerhaven",
        "takenAt": 1373999760,
        "copyright": "Peter Zimmermann",
        "description": null,
        "asset": {
            "id": 1474,
            "type": "Cargo",
            "name": "JEBEL ALI"
        },
        "rating": {
            "voteAverage": 5,
            "voteCounter": 1
        },
        "url": "https://images.marinetraffic.com/collection/1298671.webp?size=800"
    },
    {
        "photoId": 1296643,
        "placeTaken": "Stadersand, Germany",
        "takenAt": 1373910060,
        "copyright": "Marvin L.",
        "description": null,
        "asset": {
            "id": 1474,
            "type": "Cargo",
            "name": "JEBEL ALI"
        },
        "rating": {
            "voteAverage": 4.5,
            "voteCounter": 2
        },
        "url": "https://images.marinetraffic.com/collection/1296643.webp?size=800"
    },
    {
        "photoId": 1296260,
        "placeTaken": "(D)Wedel/Schulau",
        "takenAt": 1373910660,
        "copyright": "elbwasser",
        "description": null,
        "asset": {
            "id": 1474,
            "type": "Cargo",
            "name": "JEBEL ALI"
        },
        "rating": {
            "voteAverage": 0,
            "voteCounter": 0
        },
        "url": "https://images.marinetraffic.com/collection/1296260.webp?size=800"
    },
    {
        "photoId": 1295957,
        "placeTaken": "Elbe bei Wedel / Schulau",
        "takenAt": 1373910840,
        "copyright": "Dieter Napiwotzki",
        "description": "auslaufend Hamburg vor Schulau",
        "asset": {
            "id": 1474,
            "type": "Cargo",
            "name": "JEBEL ALI"
        },
        "rating": {
            "voteAverage": 3,
            "voteCounter": 1
        },
        "url": "https://images.marinetraffic.com/collection/1295957.webp?size=800"
    },
    {
        "photoId": 1191847,
        "placeTaken": "Zeebrugge",
        "takenAt": 1367418180,
        "copyright": "De Busscher Hubert",
        "description": null,
        "asset": {
            "id": 1474,
            "type": "Cargo",
            "name": "JEBEL ALI"
        },
        "rating": {
            "voteAverage": 3,
            "voteCounter": 1
        },
        "url": "https://images.marinetraffic.com/collection/1191847.webp?size=800"
    },
    {
        "photoId": 1082633,
        "placeTaken": "Southampton",
        "takenAt": 1359384240,
        "copyright": "Christopher Evans",
        "description": "Unloading at Southampton, having arrived earlier in the day from Tangier",
        "asset": {
            "id": 1474,
            "type": "Cargo",
            "name": "JEBEL ALI"
        },
        "rating": {
            "voteAverage": 4,
            "voteCounter": 2
        },
        "url": "https://images.marinetraffic.com/collection/1082633.webp?size=800"
    },
    {
        "photoId": 1038196,
        "placeTaken": "Cuxhaven",
        "takenAt": 1339840380,
        "copyright": "A. Modersitzki",
        "description": null,
        "asset": {
            "id": 1474,
            "type": "Cargo",
            "name": "JEBEL ALI"
        },
        "rating": {
            "voteAverage": 4.6,
            "voteCounter": 5
        },
        "url": "https://images.marinetraffic.com/collection/1038196.webp?size=800"
    },
    {
        "photoId": 1038194,
        "placeTaken": "Cuxhaven",
        "takenAt": 1339840200,
        "copyright": "A. Modersitzki",
        "description": null,
        "asset": {
            "id": 1474,
            "type": "Cargo",
            "name": "JEBEL ALI"
        },
        "rating": {
            "voteAverage": 5,
            "voteCounter": 6
        },
        "url": "https://images.marinetraffic.com/collection/1038194.webp?size=800"
    },
    {
        "photoId": 1038193,
        "placeTaken": "Cuxhaven",
        "takenAt": 1339840080,
        "copyright": "A. Modersitzki",
        "description": null,
        "asset": {
            "id": 1474,
            "type": "Cargo",
            "name": "JEBEL ALI"
        },
        "rating": {
            "voteAverage": 4.4,
            "voteCounter": 10
        },
        "url": "https://images.marinetraffic.com/collection/1038193.webp?size=800"
    },
    {
        "photoId": 1000013,
        "placeTaken": "Le Havre",
        "takenAt": 1346405940,
        "copyright": "smp",
        "description": null,
        "asset": {
            "id": 1474,
            "type": "Cargo",
            "name": "JEBEL ALI"
        },
        "rating": {
            "voteAverage": 4.857143,
            "voteCounter": 14
        },
        "url": "https://images.marinetraffic.com/collection/1000013.webp?size=800"
    },
    {
        "photoId": 973961,
        "placeTaken": "Bremerhaven",
        "takenAt": 1340124060,
        "copyright": "Borislav Bankov",
        "description": null,
        "asset": {
            "id": 1474,
            "type": "Cargo",
            "name": "JEBEL ALI"
        },
        "rating": {
            "voteAverage": 3.666667,
            "voteCounter": 3
        },
        "url": "https://images.marinetraffic.com/collection/973961.webp?size=800"
    },
    {
        "photoId": 961201,
        "placeTaken": "Noordzee,Maasvlakte",
        "takenAt": 1346025600,
        "copyright": "Ruud Glimmerveen",
        "description": null,
        "asset": {
            "id": 1474,
            "type": "Cargo",
            "name": "JEBEL ALI"
        },
        "rating": {
            "voteAverage": 4.75,
            "voteCounter": 4
        },
        "url": "https://images.marinetraffic.com/collection/961201.webp?size=800"
    },
    {
        "photoId": 936842,
        "placeTaken": "Hamburg",
        "takenAt": 1345805160,
        "copyright": "kees booster",
        "description": null,
        "asset": {
            "id": 1474,
            "type": "Cargo",
            "name": "JEBEL ALI"
        },
        "rating": {
            "voteAverage": 3,
            "voteCounter": 1
        },
        "url": "https://images.marinetraffic.com/collection/936842.webp?size=800"
    },
    {
        "photoId": 932234,
        "placeTaken": "Le Havre (France)",
        "takenAt": 1346328360,
        "copyright": "Pascal Bredel",
        "description": null,
        "asset": {
            "id": 1474,
            "type": "Cargo",
            "name": "JEBEL ALI"
        },
        "rating": {
            "voteAverage": 5,
            "voteCounter": 1
        },
        "url": "https://images.marinetraffic.com/collection/932234.webp?size=800"
    },
    {
        "photoId": 924718,
        "placeTaken": "Bremerhaven",
        "takenAt": 1345829220,
        "copyright": "Rolf Bridde",
        "description": null,
        "asset": {
            "id": 1474,
            "type": "Cargo",
            "name": "JEBEL ALI"
        },
        "rating": {
            "voteAverage": 4.285714,
            "voteCounter": 7
        },
        "url": "https://images.marinetraffic.com/collection/924718.webp?size=800"
    },
    {
        "photoId": 922137,
        "placeTaken": "Cuxhaven",
        "takenAt": 1345654260,
        "copyright": "Claus Schaefe",
        "description": null,
        "asset": {
            "id": 1474,
            "type": "Cargo",
            "name": "JEBEL ALI"
        },
        "rating": {
            "voteAverage": 5,
            "voteCounter": 2
        },
        "url": "https://images.marinetraffic.com/collection/922137.webp?size=800"
    }
]