[
    {
        "photoId": 1780743,
        "placeTaken": "Stadersand",
        "takenAt": 1411830480,
        "copyright": "Erich Mund",
        "description": "ANTWERPEN EXPRESS outbound Hamburg on river Elbe",
        "asset": {
            "id": 153164,
            "type": "Cargo",
            "name": "ANTWERPEN EXPRESS"
        },
        "rating": {
            "voteAverage": 5,
            "voteCounter": 1
        },
        "url": "https://images.marinetraffic.com/collection/1780743.webp?size=800"
    },
    {
        "photoId": 1780533,
        "placeTaken": "Hollern-Twielenflet",
        "takenAt": 1411829460,
        "copyright": "Karl-Heinz Krebs",
        "description": null,
        "asset": {
            "id": 153164,
            "type": "Cargo",
            "name": "ANTWERPEN EXPRESS"
        },
        "rating": {
            "voteAverage": 5,
            "voteCounter": 1
        },
        "url": "https://images.marinetraffic.com/collection/1780533.webp?size=800"
    },
    {
        "photoId": 1774815,
        "placeTaken": "Maasvlakte",
        "takenAt": 1411394280,
        "copyright": "Bram van Broekhoven",
        "description": "Place of Photo Maasvlakte, Amazonehaven",
        "asset": {
            "id": 153164,
            "type": "Cargo",
            "name": "ANTWERPEN EXPRESS"
        },
        "rating": {
            "voteAverage": 0,
            "voteCounter": 0
        },
        "url": "https://images.marinetraffic.com/collection/1774815.webp?size=800"
    },
    {
        "photoId": 1750803,
        "placeTaken": "Hamburg",
        "takenAt": 1398171300,
        "copyright": "Lukasz Blaszczak",
        "description": null,
        "asset": {
            "id": 153164,
            "type": "Cargo",
            "name": "ANTWERPEN EXPRESS"
        },
        "rating": {
            "voteAverage": 5,
            "voteCounter": 2
        },
        "url": "https://images.marinetraffic.com/collection/1750803.webp?size=800"
    },
    {
        "photoId": 1706369,
        "placeTaken": "Hamburg",
        "takenAt": 1405263420,
        "copyright": "rannug",
        "description": "ANTWERPEN EXPRESS Hamburg",
        "asset": {
            "id": 153164,
            "type": "Cargo",
            "name": "ANTWERPEN EXPRESS"
        },
        "rating": {
            "voteAverage": 0,
            "voteCounter": 0
        },
        "url": "https://images.marinetraffic.com/collection/1706369.webp?size=800"
    },
    {
        "photoId": 1700757,
        "placeTaken": "Hamburg",
        "takenAt": 1405185480,
        "copyright": "Benno Hafas",
        "description": "Hamburg-Altenwerder",
        "asset": {
            "id": 153164,
            "type": "Cargo",
            "name": "ANTWERPEN EXPRESS"
        },
        "rating": {
            "voteAverage": 0,
            "voteCounter": 0
        },
        "url": "https://images.marinetraffic.com/collection/1700757.webp?size=800"
    },
    {
        "photoId": 1700519,
        "placeTaken": "Stadersand",
        "takenAt": 1405097700,
        "copyright": "Erich Mund",
        "description": "inbound Hamburg on river Elbe",
        "asset": {
            "id": 153164,
            "type": "Cargo",
            "name": "ANTWERPEN EXPRESS"
        },
        "rating": {
            "voteAverage": 0,
            "voteCounter": 0
        },
        "url": "https://images.marinetraffic.com/collection/1700519.webp?size=800"
    },
    {
        "photoId": 1698962,
        "placeTaken": "Hamburg",
        "takenAt": 1405105380,
        "copyright": "S.Seelemann",
        "description": null,
        "asset": {
            "id": 153164,
            "type": "Cargo",
            "name": "ANTWERPEN EXPRESS"
        },
        "rating": {
            "voteAverage": 5,
            "voteCounter": 1
        },
        "url": "https://images.marinetraffic.com/collection/1698962.webp?size=800"
    },
    {
        "photoId": 1698766,
        "placeTaken": "Elbe River, Germany",
        "takenAt": 1405084380,
        "copyright": "Ian Greenwood",
        "description": null,
        "asset": {
            "id": 153164,
            "type": "Cargo",
            "name": "ANTWERPEN EXPRESS"
        },
        "rating": {
            "voteAverage": 0,
            "voteCounter": 0
        },
        "url": "https://images.marinetraffic.com/collection/1698766.webp?size=800"
    },
    {
        "photoId": 1698765,
        "placeTaken": "Elbe River, Germany",
        "takenAt": 1405084140,
        "copyright": "Ian Greenwood",
        "description": null,
        "asset": {
            "id": 153164,
            "type": "Cargo",
            "name": "ANTWERPEN EXPRESS"
        },
        "rating": {
            "voteAverage": 0,
            "voteCounter": 0
        },
        "url": "https://images.marinetraffic.com/collection/1698765.webp?size=800"
    },
    {
        "photoId": 1698764,
        "placeTaken": "Elbe River, Germany",
        "takenAt": 1405083720,
        "copyright": "Ian Greenwood",
        "description": null,
        "asset": {
            "id": 153164,
            "type": "Cargo",
            "name": "ANTWERPEN EXPRESS"
        },
        "rating": {
            "voteAverage": 0,
            "voteCounter": 0
        },
        "url": "https://images.marinetraffic.com/collection/1698764.webp?size=800"
    },
    {
        "photoId": 1606350,
        "placeTaken": "Hamburg-Blankenese",
        "takenAt": 1398168120,
        "copyright": "Buggi Porschien",
        "description": "Inbound port",
        "asset": {
            "id": 153164,
            "type": "Cargo",
            "name": "ANTWERPEN EXPRESS"
        },
        "rating": {
            "voteAverage": 0,
            "voteCounter": 0
        },
        "url": "https://images.marinetraffic.com/collection/1606350.webp?size=800"
    },
    {
        "photoId": 1587629,
        "placeTaken": "Maasvlakte",
        "takenAt": 1391258700,
        "copyright": "Michael R Thom",
        "description": "Berthing in Amazonehaven, Rotterdam",
        "asset": {
            "id": 153164,
            "type": "Cargo",
            "name": "ANTWERPEN EXPRESS"
        },
        "rating": {
            "voteAverage": 0,
            "voteCounter": 0
        },
        "url": "https://images.marinetraffic.com/collection/1587629.webp?size=800"
    },
    {
        "photoId": 1550864,
        "placeTaken": null,
        "takenAt": 1391344980,
        "copyright": "Arjan Elmendorp",
        "description": "Outbound",
        "asset": {
            "id": 153164,
            "type": "Cargo",
            "name": "ANTWERPEN EXPRESS"
        },
        "rating": {
            "voteAverage": 4,
            "voteCounter": 1
        },
        "url": "https://images.marinetraffic.com/collection/1550864.webp?size=800"
    },
    {
        "photoId": 1534110,
        "placeTaken": "Rotterdam",
        "takenAt": 1391344980,
        "copyright": "paul gerdes",
        "description": null,
        "asset": {
            "id": 153164,
            "type": "Cargo",
            "name": "ANTWERPEN EXPRESS"
        },
        "rating": {
            "voteAverage": 0,
            "voteCounter": 0
        },
        "url": "https://images.marinetraffic.com/collection/1534110.webp?size=800"
    },
    {
        "photoId": 1534109,
        "placeTaken": "Rotterdam",
        "takenAt": 1391344920,
        "copyright": "paul gerdes",
        "description": null,
        "asset": {
            "id": 153164,
            "type": "Cargo",
            "name": "ANTWERPEN EXPRESS"
        },
        "rating": {
            "voteAverage": 0,
            "voteCounter": 0
        },
        "url": "https://images.marinetraffic.com/collection/1534109.webp?size=800"
    },
    {
        "photoId": 1489539,
        "placeTaken": "p",
        "takenAt": 1386430920,
        "copyright": "Jim Croucher",
        "description": "Arriving at Southampton 16-11-13.",
        "asset": {
            "id": 153164,
            "type": "Cargo",
            "name": "ANTWERPEN EXPRESS"
        },
        "rating": {
            "voteAverage": 0,
            "voteCounter": 0
        },
        "url": "https://images.marinetraffic.com/collection/1489539.webp?size=800"
    },
    {
        "photoId": 1471938,
        "placeTaken": "Hamburg",
        "takenAt": 1384387200,
        "copyright": "Thomas Sohst",
        "description": null,
        "asset": {
            "id": 153164,
            "type": "Fishing",
            "name": "ANTWERPEN EXPRESS"
        },
        "rating": {
            "voteAverage": 0,
            "voteCounter": 0
        },
        "url": "https://images.marinetraffic.com/collection/1471938.webp?size=800"
    },
    {
        "photoId": 1471937,
        "placeTaken": "Hamburg",
        "takenAt": 1384387200,
        "copyright": "Thomas Sohst",
        "description": null,
        "asset": {
            "id": 153164,
            "type": "Fishing",
            "name": "ANTWERPEN EXPRESS"
        },
        "rating": {
            "voteAverage": 4.666667,
            "voteCounter": 3
        },
        "url": "https://images.marinetraffic.com/collection/1471937.webp?size=800"
    },
    {
        "photoId": 1467549,
        "placeTaken": "Rotterdam Maasvlakte",
        "takenAt": 1383999780,
        "copyright": "paul gerdes",
        "description": null,
        "asset": {
            "id": 153164,
            "type": "Cargo",
            "name": "ANTWERPEN EXPRESS"
        },
        "rating": {
            "voteAverage": 3,
            "voteCounter": 1
        },
        "url": "https://images.marinetraffic.com/collection/1467549.webp?size=800"
    }
]