[
    {
        "photoId": 4136570,
        "placeTaken": "Enroute to New York Harbor ",
        "takenAt": 1567963680,
        "copyright": "John Geddes",
        "description": null,
        "asset": {
            "id": 153164,
            "type": "Cargo",
            "name": "ANTWERPEN EXPRESS"
        },
        "rating": {
            "voteAverage": 0,
            "voteCounter": 0
        },
        "url": "https://images.marinetraffic.com/collection/4136570.webp?size=800"
    },
    {
        "photoId": 4075215,
        "placeTaken": null,
        "takenAt": 1604138220,
        "copyright": "Alex Fan",
        "description": null,
        "asset": {
            "id": 153164,
            "type": "Cargo",
            "name": "ANTWERPEN EXPRESS"
        },
        "rating": {
            "voteAverage": 0,
            "voteCounter": 0
        },
        "url": "https://images.marinetraffic.com/collection/4075215.webp?size=800"
    },
    {
        "photoId": 4075214,
        "placeTaken": null,
        "takenAt": 1604138400,
        "copyright": "Alex Fan",
        "description": null,
        "asset": {
            "id": 153164,
            "type": "Cargo",
            "name": "ANTWERPEN EXPRESS"
        },
        "rating": {
            "voteAverage": 0,
            "voteCounter": 0
        },
        "url": "https://images.marinetraffic.com/collection/4075214.webp?size=800"
    },
    {
        "photoId": 4075213,
        "placeTaken": null,
        "takenAt": 1604138100,
        "copyright": "Alex Fan",
        "description": null,
        "asset": {
            "id": 153164,
            "type": "Cargo",
            "name": "ANTWERPEN EXPRESS"
        },
        "rating": {
            "voteAverage": 0,
            "voteCounter": 0
        },
        "url": "https://images.marinetraffic.com/collection/4075213.webp?size=800"
    },
    {
        "photoId": 4043756,
        "placeTaken": null,
        "takenAt": 1538255340,
        "copyright": "Justin Chomicz",
        "description": null,
        "asset": {
            "id": 153164,
            "type": "Cargo",
            "name": "ANTWERPEN EXPRESS"
        },
        "rating": {
            "voteAverage": 0,
            "voteCounter": 0
        },
        "url": "https://images.marinetraffic.com/collection/4043756.webp?size=800"
    },
    {
        "photoId": 4043755,
        "placeTaken": null,
        "takenAt": 1538239920,
        "copyright": "Justin Chomicz",
        "description": null,
        "asset": {
            "id": 153164,
            "type": "Cargo",
            "name": "ANTWERPEN EXPRESS"
        },
        "rating": {
            "voteAverage": 0,
            "voteCounter": 0
        },
        "url": "https://images.marinetraffic.com/collection/4043755.webp?size=800"
    },
    {
        "photoId": 3774089,
        "placeTaken": "Nieuwe Waterweg Rotterdam.",
        "takenAt": 1374231900,
        "copyright": "Ed Kaas",
        "description": null,
        "asset": {
            "id": 153164,
            "type": "Cargo",
            "name": "ANTWERPEN EXPRESS"
        },
        "rating": {
            "voteAverage": 0,
            "voteCounter": 0
        },
        "url": "https://images.marinetraffic.com/collection/3774089.webp?size=800"
    },
    {
        "photoId": 3774078,
        "placeTaken": "Nieuwe Waterweg Rotterdam.",
        "takenAt": 1374231840,
        "copyright": "Ed Kaas",
        "description": null,
        "asset": {
            "id": 153164,
            "type": "Cargo",
            "name": "ANTWERPEN EXPRESS"
        },
        "rating": {
            "voteAverage": 0,
            "voteCounter": 0
        },
        "url": "https://images.marinetraffic.com/collection/3774078.webp?size=800"
    },
    {
        "photoId": 3703600,
        "placeTaken": "TSING YI, HONG KONG ",
        "takenAt": 1572794400,
        "copyright": "Fok  Tat Hei",
        "description": null,
        "asset": {
            "id": 153164,
            "type": "Cargo",
            "name": "ANTWERPEN EXPRESS"
        },
        "rating": {
            "voteAverage": 0,
            "voteCounter": 0
        },
        "url": "https://images.marinetraffic.com/collection/3703600.webp?size=800"
    },
    {
        "photoId": 3688090,
        "placeTaken": "New York",
        "takenAt": 1569532200,
        "copyright": "Hartmut Brockmueller",
        "description": null,
        "asset": {
            "id": 153164,
            "type": "Cargo",
            "name": "ANTWERPEN EXPRESS"
        },
        "rating": {
            "voteAverage": 5,
            "voteCounter": 3
        },
        "url": "https://images.marinetraffic.com/collection/3688090.webp?size=800"
    },
    {
        "photoId": 3601414,
        "placeTaken": "Savannah",
        "takenAt": 1561303800,
        "copyright": "smp",
        "description": null,
        "asset": {
            "id": 153164,
            "type": "Cargo",
            "name": "ANTWERPEN EXPRESS"
        },
        "rating": {
            "voteAverage": 4,
            "voteCounter": 1
        },
        "url": "https://images.marinetraffic.com/collection/3601414.webp?size=800"
    },
    {
        "photoId": 3537451,
        "placeTaken": "Bayonne, NJ",
        "takenAt": 1561574340,
        "copyright": "Marcin Kocoj",
        "description": "Antwerpen Express arriving at GCT Bayonne.",
        "asset": {
            "id": 153164,
            "type": "Cargo",
            "name": "ANTWERPEN EXPRESS"
        },
        "rating": {
            "voteAverage": 5,
            "voteCounter": 4
        },
        "url": "https://images.marinetraffic.com/collection/3537451.webp?size=800"
    },
    {
        "photoId": 3440332,
        "placeTaken": "New York Bay. ",
        "takenAt": 1554639540,
        "copyright": "John Chomicz",
        "description": "The ANTWERPEN EXPRESS is shoved out of Global Container Terminals, Bayonne. ",
        "asset": {
            "id": 153164,
            "type": "Cargo",
            "name": "ANTWERPEN EXPRESS"
        },
        "rating": {
            "voteAverage": 5,
            "voteCounter": 1
        },
        "url": "https://images.marinetraffic.com/collection/3440332.webp?size=800"
    },
    {
        "photoId": 3425821,
        "placeTaken": "New York Bay.",
        "takenAt": 1553363520,
        "copyright": "John Chomicz",
        "description": "The ANTWERPEN EXPRESS departs Global Container Terminals, Bayonne.",
        "asset": {
            "id": 153164,
            "type": "Cargo",
            "name": "ANTWERPEN EXPRESS"
        },
        "rating": {
            "voteAverage": 5,
            "voteCounter": 3
        },
        "url": "https://images.marinetraffic.com/collection/3425821.webp?size=800"
    },
    {
        "photoId": 3369366,
        "placeTaken": null,
        "takenAt": 1522314240,
        "copyright": "Sergii Moisov",
        "description": null,
        "asset": {
            "id": 153164,
            "type": "Cargo",
            "name": "ANTWERPEN EXPRESS"
        },
        "rating": {
            "voteAverage": 0,
            "voteCounter": 0
        },
        "url": "https://images.marinetraffic.com/collection/3369366.webp?size=800"
    },
    {
        "photoId": 3368044,
        "placeTaken": "Busan New Port",
        "takenAt": 1510042080,
        "copyright": "Sergii Moisov",
        "description": null,
        "asset": {
            "id": 153164,
            "type": "Cargo",
            "name": "ANTWERPEN EXPRESS"
        },
        "rating": {
            "voteAverage": 0,
            "voteCounter": 0
        },
        "url": "https://images.marinetraffic.com/collection/3368044.webp?size=800"
    },
    {
        "photoId": 3342866,
        "placeTaken": "New York Harbor",
        "takenAt": 1545557100,
        "copyright": "Basil M Karatzas",
        "description": "MV Antwerpen Express and Verrazzano-Narrows Bridge",
        "asset": {
            "id": 153164,
            "type": "Cargo",
            "name": "ANTWERPEN EXPRESS"
        },
        "rating": {
            "voteAverage": 0,
            "voteCounter": 0
        },
        "url": "https://images.marinetraffic.com/collection/3342866.webp?size=800"
    },
    {
        "photoId": 3342864,
        "placeTaken": "New York Harbor",
        "takenAt": 1545557700,
        "copyright": "Basil M Karatzas",
        "description": "MV Antwerpen Express and the Statue of Liberty",
        "asset": {
            "id": 153164,
            "type": "Cargo",
            "name": "ANTWERPEN EXPRESS"
        },
        "rating": {
            "voteAverage": 5,
            "voteCounter": 1
        },
        "url": "https://images.marinetraffic.com/collection/3342864.webp?size=800"
    },
    {
        "photoId": 3340098,
        "placeTaken": "Bayonne, NJ",
        "takenAt": 1545552000,
        "copyright": "Marcin Kocoj",
        "description": "Antwerpen Express arriving at GCT Bayonne.",
        "asset": {
            "id": 153164,
            "type": "Cargo",
            "name": "ANTWERPEN EXPRESS"
        },
        "rating": {
            "voteAverage": 5,
            "voteCounter": 2
        },
        "url": "https://images.marinetraffic.com/collection/3340098.webp?size=800"
    },
    {
        "photoId": 3274994,
        "placeTaken": "Bayonne, NJ",
        "takenAt": 1539804240,
        "copyright": "Marcin Kocoj",
        "description": "Antwerpen Express arriving at GCT Bayonne. ",
        "asset": {
            "id": 153164,
            "type": "Cargo",
            "name": "ANTWERPEN EXPRESS"
        },
        "rating": {
            "voteAverage": 5,
            "voteCounter": 5
        },
        "url": "https://images.marinetraffic.com/collection/3274994.webp?size=800"
    }
]