[
    {
        "photoId": 3659916,
        "placeTaken": "Maasmond",
        "takenAt": 1569764580,
        "copyright": "Peter Heiden",
        "description": null,
        "asset": {
            "id": 1037085,
            "type": "Cargo",
            "name": "SELANDIA SEAWAYS"
        },
        "rating": {
            "voteAverage": 0,
            "voteCounter": 0
        },
        "url": "https://images.marinetraffic.com/collection/3659916.webp?size=800"
    },
    {
        "photoId": 3641323,
        "placeTaken": "Maasvlakte",
        "takenAt": 1568463000,
        "copyright": "paul gerdes",
        "description": null,
        "asset": {
            "id": 1037085,
            "type": "Cargo",
            "name": "SELANDIA SEAWAYS"
        },
        "rating": {
            "voteAverage": 0,
            "voteCounter": 0
        },
        "url": "https://images.marinetraffic.com/collection/3641323.webp?size=800"
    },
    {
        "photoId": 3641321,
        "placeTaken": "Maasvlakte",
        "takenAt": 1568462760,
        "copyright": "paul gerdes",
        "description": null,
        "asset": {
            "id": 1037085,
            "type": "Cargo",
            "name": "SELANDIA SEAWAYS"
        },
        "rating": {
            "voteAverage": 0,
            "voteCounter": 0
        },
        "url": "https://images.marinetraffic.com/collection/3641321.webp?size=800"
    },
    {
        "photoId": 3599867,
        "placeTaken": "Vondelingenplaat - Rotterdam",
        "takenAt": 1565524740,
        "copyright": "Peter Grashoff",
        "description": "Op Het Scheur bij Vondelingenplaat",
        "asset": {
            "id": 1037085,
            "type": "Cargo",
            "name": "SELANDIA SEAWAYS"
        },
        "rating": {
            "voteAverage": 0,
            "voteCounter": 0
        },
        "url": "https://images.marinetraffic.com/collection/3599867.webp?size=800"
    },
    {
        "photoId": 3599860,
        "placeTaken": "Vondelingenplaat - Rotterdam",
        "takenAt": 1565524860,
        "copyright": "Peter Grashoff",
        "description": "Op Het Scheur bij Vondelingenplaat",
        "asset": {
            "id": 1037085,
            "type": "Cargo",
            "name": "SELANDIA SEAWAYS"
        },
        "rating": {
            "voteAverage": 0,
            "voteCounter": 0
        },
        "url": "https://images.marinetraffic.com/collection/3599860.webp?size=800"
    },
    {
        "photoId": 3598049,
        "placeTaken": "Hoek van Holland",
        "takenAt": 1564842420,
        "copyright": "Erwin Willemse",
        "description": null,
        "asset": {
            "id": 1037085,
            "type": "Cargo",
            "name": "SELANDIA SEAWAYS"
        },
        "rating": {
            "voteAverage": 0,
            "voteCounter": 0
        },
        "url": "https://images.marinetraffic.com/collection/3598049.webp?size=800"
    },
    {
        "photoId": 3598047,
        "placeTaken": "Hoek van Holland",
        "takenAt": 1564842120,
        "copyright": "Erwin Willemse",
        "description": null,
        "asset": {
            "id": 1037085,
            "type": "Cargo",
            "name": "SELANDIA SEAWAYS"
        },
        "rating": {
            "voteAverage": 5,
            "voteCounter": 1
        },
        "url": "https://images.marinetraffic.com/collection/3598047.webp?size=800"
    },
    {
        "photoId": 3573944,
        "placeTaken": "Hoek van Holland",
        "takenAt": 1563716880,
        "copyright": "paul gerdes",
        "description": null,
        "asset": {
            "id": 1037085,
            "type": "Cargo",
            "name": "SELANDIA SEAWAYS"
        },
        "rating": {
            "voteAverage": 0,
            "voteCounter": 0
        },
        "url": "https://images.marinetraffic.com/collection/3573944.webp?size=800"
    },
    {
        "photoId": 3573942,
        "placeTaken": "Hoek van Holland",
        "takenAt": 1563716460,
        "copyright": "paul gerdes",
        "description": null,
        "asset": {
            "id": 1037085,
            "type": "Cargo",
            "name": "SELANDIA SEAWAYS"
        },
        "rating": {
            "voteAverage": 5,
            "voteCounter": 1
        },
        "url": "https://images.marinetraffic.com/collection/3573942.webp?size=800"
    },
    {
        "photoId": 3533844,
        "placeTaken": "Rozenburg",
        "takenAt": 1561127520,
        "copyright": "Henk Jungerius",
        "description": "Het Scheur, Nieuwe Waterweg",
        "asset": {
            "id": 1037085,
            "type": "Cargo",
            "name": "SELANDIA SEAWAYS"
        },
        "rating": {
            "voteAverage": 5,
            "voteCounter": 1
        },
        "url": "https://images.marinetraffic.com/collection/3533844.webp?size=800"
    },
    {
        "photoId": 3482791,
        "placeTaken": "vlissingen",
        "takenAt": 1557160440,
        "copyright": "Jan Daniels",
        "description": null,
        "asset": {
            "id": 1037085,
            "type": "Cargo",
            "name": "SELANDIA SEAWAYS"
        },
        "rating": {
            "voteAverage": 0,
            "voteCounter": 0
        },
        "url": "https://images.marinetraffic.com/collection/3482791.webp?size=800"
    },
    {
        "photoId": 3474578,
        "placeTaken": null,
        "takenAt": 943920000,
        "copyright": "Segert van Wensen",
        "description": null,
        "asset": {
            "id": 1037085,
            "type": "Cargo",
            "name": "SELANDIA SEAWAYS"
        },
        "rating": {
            "voteAverage": 0,
            "voteCounter": 0
        },
        "url": "https://images.marinetraffic.com/collection/3474578.webp?size=800"
    },
    {
        "photoId": 3407804,
        "placeTaken": "Westkapelle",
        "takenAt": 1551954900,
        "copyright": "K. Faasse",
        "description": null,
        "asset": {
            "id": 1037085,
            "type": "Cargo",
            "name": "SELANDIA SEAWAYS"
        },
        "rating": {
            "voteAverage": 0,
            "voteCounter": 0
        },
        "url": "https://images.marinetraffic.com/collection/3407804.webp?size=800"
    },
    {
        "photoId": 3381860,
        "placeTaken": "Vlissingen",
        "takenAt": 1549536120,
        "copyright": "Ed Francissen",
        "description": "Ship for the coast of Vlissingen, Netherlands",
        "asset": {
            "id": 1037085,
            "type": "Cargo",
            "name": "SELANDIA SEAWAYS"
        },
        "rating": {
            "voteAverage": 0,
            "voteCounter": 0
        },
        "url": "https://images.marinetraffic.com/collection/3381860.webp?size=800"
    },
    {
        "photoId": 3332957,
        "placeTaken": "Rotterdam Nieuwe Waterweg",
        "takenAt": 1541524140,
        "copyright": "Kick van den Dool",
        "description": null,
        "asset": {
            "id": 1037085,
            "type": "Cargo",
            "name": "SELANDIA SEAWAYS"
        },
        "rating": {
            "voteAverage": 0,
            "voteCounter": 0
        },
        "url": "https://images.marinetraffic.com/collection/3332957.webp?size=800"
    },
    {
        "photoId": 3332956,
        "placeTaken": "Rotterdam Nieuwe Waterweg",
        "takenAt": 1541524020,
        "copyright": "Kick van den Dool",
        "description": null,
        "asset": {
            "id": 1037085,
            "type": "Cargo",
            "name": "SELANDIA SEAWAYS"
        },
        "rating": {
            "voteAverage": 0,
            "voteCounter": 0
        },
        "url": "https://images.marinetraffic.com/collection/3332956.webp?size=800"
    },
    {
        "photoId": 3321056,
        "placeTaken": "Rotterdam-Maasvlakte Smickel-Inn Balcony of Europe",
        "takenAt": 1534930860,
        "copyright": "Ingo Kulz",
        "description": null,
        "asset": {
            "id": 1037085,
            "type": "Cargo",
            "name": "SELANDIA SEAWAYS"
        },
        "rating": {
            "voteAverage": 0,
            "voteCounter": 0
        },
        "url": "https://images.marinetraffic.com/collection/3321056.webp?size=800"
    },
    {
        "photoId": 3312813,
        "placeTaken": "Rotterdam Het Scheur",
        "takenAt": 1539186600,
        "copyright": "Kick van den Dool",
        "description": null,
        "asset": {
            "id": 1037085,
            "type": "Cargo",
            "name": "SELANDIA SEAWAYS"
        },
        "rating": {
            "voteAverage": 0,
            "voteCounter": 0
        },
        "url": "https://images.marinetraffic.com/collection/3312813.webp?size=800"
    },
    {
        "photoId": 3312812,
        "placeTaken": "Rotterdam Het Scheur",
        "takenAt": 1539186540,
        "copyright": "Kick van den Dool",
        "description": null,
        "asset": {
            "id": 1037085,
            "type": "Cargo",
            "name": "SELANDIA SEAWAYS"
        },
        "rating": {
            "voteAverage": 0,
            "voteCounter": 0
        },
        "url": "https://images.marinetraffic.com/collection/3312812.webp?size=800"
    },
    {
        "photoId": 3312811,
        "placeTaken": "Rotterdam Het Scheur",
        "takenAt": 1539186420,
        "copyright": "Kick van den Dool",
        "description": null,
        "asset": {
            "id": 1037085,
            "type": "Cargo",
            "name": "SELANDIA SEAWAYS"
        },
        "rating": {
            "voteAverage": 0,
            "voteCounter": 0
        },
        "url": "https://images.marinetraffic.com/collection/3312811.webp?size=800"
    }
]