[
    {
        "photoId": 4474329,
        "placeTaken": "Humber, UK",
        "takenAt": 1635610560,
        "copyright": "Ian Greenwood",
        "description": null,
        "asset": {
            "id": 1037085,
            "type": "Cargo",
            "name": "SELANDIA SEAWAYS"
        },
        "rating": {
            "voteAverage": 5,
            "voteCounter": 2
        },
        "url": "https://images.marinetraffic.com/collection/4474329.webp?size=800"
    },
    {
        "photoId": 4474328,
        "placeTaken": "Humber, UK",
        "takenAt": 1635610620,
        "copyright": "Ian Greenwood",
        "description": null,
        "asset": {
            "id": 1037085,
            "type": "Cargo",
            "name": "SELANDIA SEAWAYS"
        },
        "rating": {
            "voteAverage": 0,
            "voteCounter": 0
        },
        "url": "https://images.marinetraffic.com/collection/4474328.webp?size=800"
    },
    {
        "photoId": 4450326,
        "placeTaken": "Cuxhaven",
        "takenAt": 1631557860,
        "copyright": "Bettina Rohbrecht",
        "description": null,
        "asset": {
            "id": 1037085,
            "type": "Cargo",
            "name": "SELANDIA SEAWAYS"
        },
        "rating": {
            "voteAverage": 0,
            "voteCounter": 0
        },
        "url": "https://images.marinetraffic.com/collection/4450326.webp?size=800"
    },
    {
        "photoId": 4450322,
        "placeTaken": "Cuxhaven",
        "takenAt": 1631557680,
        "copyright": "Bettina Rohbrecht",
        "description": null,
        "asset": {
            "id": 1037085,
            "type": "Cargo",
            "name": "SELANDIA SEAWAYS"
        },
        "rating": {
            "voteAverage": 0,
            "voteCounter": 0
        },
        "url": "https://images.marinetraffic.com/collection/4450322.webp?size=800"
    },
    {
        "photoId": 4429807,
        "placeTaken": "In front of Cuxhaven.",
        "takenAt": 1630951740,
        "copyright": "Rainer Meyer",
        "description": null,
        "asset": {
            "id": 1037085,
            "type": "Cargo",
            "name": "SELANDIA SEAWAYS"
        },
        "rating": {
            "voteAverage": 0,
            "voteCounter": 0
        },
        "url": "https://images.marinetraffic.com/collection/4429807.webp?size=800"
    },
    {
        "photoId": 4429721,
        "placeTaken": "Cuxhaven.",
        "takenAt": 1630920780,
        "copyright": "Rainer Meyer",
        "description": null,
        "asset": {
            "id": 1037085,
            "type": "Cargo",
            "name": "SELANDIA SEAWAYS"
        },
        "rating": {
            "voteAverage": 0,
            "voteCounter": 0
        },
        "url": "https://images.marinetraffic.com/collection/4429721.webp?size=800"
    },
    {
        "photoId": 4429719,
        "placeTaken": "Cuxhaven.",
        "takenAt": 1630920720,
        "copyright": "Rainer Meyer",
        "description": null,
        "asset": {
            "id": 1037085,
            "type": "Cargo",
            "name": "SELANDIA SEAWAYS"
        },
        "rating": {
            "voteAverage": 0,
            "voteCounter": 0
        },
        "url": "https://images.marinetraffic.com/collection/4429719.webp?size=800"
    },
    {
        "photoId": 4423337,
        "placeTaken": "In front of Cuxhaven.",
        "takenAt": 1630506540,
        "copyright": "Rainer Meyer",
        "description": null,
        "asset": {
            "id": 1037085,
            "type": "Cargo",
            "name": "SELANDIA SEAWAYS"
        },
        "rating": {
            "voteAverage": 5,
            "voteCounter": 1
        },
        "url": "https://images.marinetraffic.com/collection/4423337.webp?size=800"
    },
    {
        "photoId": 4418000,
        "placeTaken": "Cuxhaven.",
        "takenAt": 1630506360,
        "copyright": "Rainer Meyer",
        "description": null,
        "asset": {
            "id": 1037085,
            "type": "Cargo",
            "name": "SELANDIA SEAWAYS"
        },
        "rating": {
            "voteAverage": 0,
            "voteCounter": 0
        },
        "url": "https://images.marinetraffic.com/collection/4418000.webp?size=800"
    },
    {
        "photoId": 4334528,
        "placeTaken": "River Elbe , Cuxhaven",
        "takenAt": 1625331000,
        "copyright": "Peter aus Holtenau",
        "description": null,
        "asset": {
            "id": 1037085,
            "type": "Cargo",
            "name": "SELANDIA SEAWAYS"
        },
        "rating": {
            "voteAverage": 5,
            "voteCounter": 2
        },
        "url": "https://images.marinetraffic.com/collection/4334528.webp?size=800"
    },
    {
        "photoId": 4334525,
        "placeTaken": "River Elbe , Cuxhaven",
        "takenAt": 1625330820,
        "copyright": "Peter aus Holtenau",
        "description": null,
        "asset": {
            "id": 1037085,
            "type": "Cargo",
            "name": "SELANDIA SEAWAYS"
        },
        "rating": {
            "voteAverage": 5,
            "voteCounter": 1
        },
        "url": "https://images.marinetraffic.com/collection/4334525.webp?size=800"
    },
    {
        "photoId": 4334522,
        "placeTaken": "River Elbe , Cuxhaven",
        "takenAt": 1625330640,
        "copyright": "Peter aus Holtenau",
        "description": null,
        "asset": {
            "id": 1037085,
            "type": "Cargo",
            "name": "SELANDIA SEAWAYS"
        },
        "rating": {
            "voteAverage": 5,
            "voteCounter": 4
        },
        "url": "https://images.marinetraffic.com/collection/4334522.webp?size=800"
    },
    {
        "photoId": 4098091,
        "placeTaken": "Maasvlakte 2.",
        "takenAt": 1474715160,
        "copyright": "Ed Kaas",
        "description": null,
        "asset": {
            "id": 1037085,
            "type": "Cargo",
            "name": "SELANDIA SEAWAYS"
        },
        "rating": {
            "voteAverage": 5,
            "voteCounter": 2
        },
        "url": "https://images.marinetraffic.com/collection/4098091.webp?size=800"
    },
    {
        "photoId": 4077741,
        "placeTaken": "Rozenburg",
        "takenAt": 1600098720,
        "copyright": "Norbert Poller",
        "description": null,
        "asset": {
            "id": 1037085,
            "type": "Cargo",
            "name": "SELANDIA SEAWAYS"
        },
        "rating": {
            "voteAverage": 5,
            "voteCounter": 1
        },
        "url": "https://images.marinetraffic.com/collection/4077741.webp?size=800"
    },
    {
        "photoId": 4068612,
        "placeTaken": "Elbe bei Cuxhaven",
        "takenAt": 1603461060,
        "copyright": "Uwe Benn",
        "description": null,
        "asset": {
            "id": 1037085,
            "type": "Cargo",
            "name": "SELANDIA SEAWAYS"
        },
        "rating": {
            "voteAverage": 0,
            "voteCounter": 0
        },
        "url": "https://images.marinetraffic.com/collection/4068612.webp?size=800"
    },
    {
        "photoId": 4053724,
        "placeTaken": "Maasvlakte 2.",
        "takenAt": 1418464440,
        "copyright": "Ed Kaas",
        "description": null,
        "asset": {
            "id": 1037085,
            "type": "Cargo",
            "name": "SELANDIA SEAWAYS"
        },
        "rating": {
            "voteAverage": 0,
            "voteCounter": 0
        },
        "url": "https://images.marinetraffic.com/collection/4053724.webp?size=800"
    },
    {
        "photoId": 4023211,
        "placeTaken": "Nieuwe Waterweg.",
        "takenAt": 1599904260,
        "copyright": "Ed Kaas",
        "description": null,
        "asset": {
            "id": 1037085,
            "type": "Cargo",
            "name": "SELANDIA SEAWAYS"
        },
        "rating": {
            "voteAverage": 0,
            "voteCounter": 0
        },
        "url": "https://images.marinetraffic.com/collection/4023211.webp?size=800"
    },
    {
        "photoId": 3994982,
        "placeTaken": "Rozenburg",
        "takenAt": 1596369300,
        "copyright": "Henk Jungerius",
        "description": "Het Scheur, Nieuwe Waterweg",
        "asset": {
            "id": 1037085,
            "type": "Cargo",
            "name": "SELANDIA SEAWAYS"
        },
        "rating": {
            "voteAverage": 0,
            "voteCounter": 0
        },
        "url": "https://images.marinetraffic.com/collection/3994982.webp?size=800"
    },
    {
        "photoId": 3994981,
        "placeTaken": "Rozenburg",
        "takenAt": 1596369060,
        "copyright": "Henk Jungerius",
        "description": "Het Scheur, Nieuwe Waterweg",
        "asset": {
            "id": 1037085,
            "type": "Cargo",
            "name": "SELANDIA SEAWAYS"
        },
        "rating": {
            "voteAverage": 0,
            "voteCounter": 0
        },
        "url": "https://images.marinetraffic.com/collection/3994981.webp?size=800"
    },
    {
        "photoId": 3912981,
        "placeTaken": "Nieuwe Waterweg, Hoek van Holland, Nederland",
        "takenAt": 1590934080,
        "copyright": "Aloys Eijgermans",
        "description": null,
        "asset": {
            "id": 1037085,
            "type": "Cargo",
            "name": "SELANDIA SEAWAYS"
        },
        "rating": {
            "voteAverage": 0,
            "voteCounter": 0
        },
        "url": "https://images.marinetraffic.com/collection/3912981.webp?size=800"
    }
]