[
    {
        "photoId": 5046791,
        "placeTaken": "Valencia, Spain",
        "takenAt": 1678443720,
        "copyright": "Capt. Turboboss",
        "description": null,
        "asset": {
            "id": 143854,
            "type": "Cargo",
            "name": "CHICAGO EXPRESS"
        },
        "rating": {
            "voteAverage": 0,
            "voteCounter": 0
        },
        "url": "https://images.marinetraffic.com/collection/5046791.webp?size=800"
    },
    {
        "photoId": 5046790,
        "placeTaken": "Valencia, Spain",
        "takenAt": 1678443660,
        "copyright": "Capt. Turboboss",
        "description": null,
        "asset": {
            "id": 143854,
            "type": "Cargo",
            "name": "CHICAGO EXPRESS"
        },
        "rating": {
            "voteAverage": 0,
            "voteCounter": 0
        },
        "url": "https://images.marinetraffic.com/collection/5046790.webp?size=800"
    },
    {
        "photoId": 5046789,
        "placeTaken": "Valencia, Spain",
        "takenAt": 1678443540,
        "copyright": "Capt. Turboboss",
        "description": null,
        "asset": {
            "id": 143854,
            "type": "Cargo",
            "name": "CHICAGO EXPRESS"
        },
        "rating": {
            "voteAverage": 0,
            "voteCounter": 0
        },
        "url": "https://images.marinetraffic.com/collection/5046789.webp?size=800"
    },
    {
        "photoId": 5046788,
        "placeTaken": "Valencia, Spain",
        "takenAt": 1678443360,
        "copyright": "Capt. Turboboss",
        "description": null,
        "asset": {
            "id": 143854,
            "type": "Cargo",
            "name": "CHICAGO EXPRESS"
        },
        "rating": {
            "voteAverage": 0,
            "voteCounter": 0
        },
        "url": "https://images.marinetraffic.com/collection/5046788.webp?size=800"
    },
    {
        "photoId": 5046787,
        "placeTaken": "Valencia, Spain",
        "takenAt": 1678443120,
        "copyright": "Capt. Turboboss",
        "description": null,
        "asset": {
            "id": 143854,
            "type": "Cargo",
            "name": "CHICAGO EXPRESS"
        },
        "rating": {
            "voteAverage": 0,
            "voteCounter": 0
        },
        "url": "https://images.marinetraffic.com/collection/5046787.webp?size=800"
    },
    {
        "photoId": 4959774,
        "placeTaken": "Valencia",
        "takenAt": 1397124600,
        "copyright": "Manuel Hern\u00e1ndez",
        "description": null,
        "asset": {
            "id": 143854,
            "type": "Cargo",
            "name": "CHICAGO EXPRESS"
        },
        "rating": {
            "voteAverage": 5,
            "voteCounter": 1
        },
        "url": "https://images.marinetraffic.com/collection/4959774.webp?size=800"
    },
    {
        "photoId": 4820048,
        "placeTaken": "Staten Island NY",
        "takenAt": 1661976720,
        "copyright": "Dallas mayson",
        "description": "Starboard broadside.",
        "asset": {
            "id": 143854,
            "type": "Cargo",
            "name": "CHICAGO EXPRESS"
        },
        "rating": {
            "voteAverage": 0,
            "voteCounter": 0
        },
        "url": "https://images.marinetraffic.com/collection/4820048.webp?size=800"
    },
    {
        "photoId": 4820046,
        "placeTaken": "Staten Island NY",
        "takenAt": 1661976600,
        "copyright": "Dallas mayson",
        "description": "Turning toward the Bayonne Bridge",
        "asset": {
            "id": 143854,
            "type": "Cargo",
            "name": "CHICAGO EXPRESS"
        },
        "rating": {
            "voteAverage": 0,
            "voteCounter": 0
        },
        "url": "https://images.marinetraffic.com/collection/4820046.webp?size=800"
    },
    {
        "photoId": 4820044,
        "placeTaken": "Staten Island NY",
        "takenAt": 1661976600,
        "copyright": "Dallas mayson",
        "description": "Coming south out of Port Newark.",
        "asset": {
            "id": 143854,
            "type": "Cargo",
            "name": "CHICAGO EXPRESS"
        },
        "rating": {
            "voteAverage": 0,
            "voteCounter": 0
        },
        "url": "https://images.marinetraffic.com/collection/4820044.webp?size=800"
    },
    {
        "photoId": 4510726,
        "placeTaken": "Rotterdam, Netherlands.",
        "takenAt": 1376841600,
        "copyright": "Jesper Brix",
        "description": null,
        "asset": {
            "id": 143854,
            "type": "Cargo",
            "name": "CHICAGO EXPRESS"
        },
        "rating": {
            "voteAverage": 0,
            "voteCounter": 0
        },
        "url": "https://images.marinetraffic.com/collection/4510726.webp?size=800"
    },
    {
        "photoId": 4510725,
        "placeTaken": "Rotterdam, Netherlands.",
        "takenAt": 1376841600,
        "copyright": "Jesper Brix",
        "description": null,
        "asset": {
            "id": 143854,
            "type": "Cargo",
            "name": "CHICAGO EXPRESS"
        },
        "rating": {
            "voteAverage": 0,
            "voteCounter": 0
        },
        "url": "https://images.marinetraffic.com/collection/4510725.webp?size=800"
    },
    {
        "photoId": 4129237,
        "placeTaken": "Bayonne, NJ.",
        "takenAt": 1609173120,
        "copyright": "John Chomicz",
        "description": "The CHICAGO EXPRESS turns towards the Kill Van Kull on its arrival to the Port of Elizabeth, New Jersey. ",
        "asset": {
            "id": 143854,
            "type": "Cargo",
            "name": "CHICAGO EXPRESS"
        },
        "rating": {
            "voteAverage": 0,
            "voteCounter": 0
        },
        "url": "https://images.marinetraffic.com/collection/4129237.webp?size=800"
    },
    {
        "photoId": 4009775,
        "placeTaken": "hong kong",
        "takenAt": 1547986860,
        "copyright": "leung thoman",
        "description": null,
        "asset": {
            "id": 143854,
            "type": "Cargo",
            "name": "CHICAGO EXPRESS"
        },
        "rating": {
            "voteAverage": 0,
            "voteCounter": 0
        },
        "url": "https://images.marinetraffic.com/collection/4009775.webp?size=800"
    },
    {
        "photoId": 3877056,
        "placeTaken": null,
        "takenAt": 1438588020,
        "copyright": "Frank Tribull",
        "description": "als CHICAGO EXPRESS am 03.08.2015 bei Hamburg H\u00f6he Container Terminal Altenwerder",
        "asset": {
            "id": 143854,
            "type": "Cargo",
            "name": "CHICAGO EXPRESS"
        },
        "rating": {
            "voteAverage": 0,
            "voteCounter": 0
        },
        "url": "https://images.marinetraffic.com/collection/3877056.webp?size=800"
    },
    {
        "photoId": 3855552,
        "placeTaken": "Hamburg, Elbe",
        "takenAt": 1338967560,
        "copyright": "Dietmar Reichert",
        "description": null,
        "asset": {
            "id": 143854,
            "type": "Cargo",
            "name": "CHICAGO EXPRESS"
        },
        "rating": {
            "voteAverage": 5,
            "voteCounter": 6
        },
        "url": "https://images.marinetraffic.com/collection/3855552.webp?size=800"
    },
    {
        "photoId": 3768065,
        "placeTaken": "La Spezia, Italy",
        "takenAt": 1560707880,
        "copyright": "Vera Zec Deskovic",
        "description": null,
        "asset": {
            "id": 143854,
            "type": "Cargo",
            "name": "CHICAGO EXPRESS"
        },
        "rating": {
            "voteAverage": 0,
            "voteCounter": 0
        },
        "url": "https://images.marinetraffic.com/collection/3768065.webp?size=800"
    },
    {
        "photoId": 3768060,
        "placeTaken": "La Spezia, Italy",
        "takenAt": 1560707580,
        "copyright": "Vera Zec Deskovic",
        "description": null,
        "asset": {
            "id": 143854,
            "type": "Cargo",
            "name": "CHICAGO EXPRESS"
        },
        "rating": {
            "voteAverage": 0,
            "voteCounter": 0
        },
        "url": "https://images.marinetraffic.com/collection/3768060.webp?size=800"
    },
    {
        "photoId": 3706240,
        "placeTaken": "Staten Island NY",
        "takenAt": 1573446720,
        "copyright": "Dallas mayson",
        "description": "About a thousand feet from the Bayonne Bridge, Eastbound.",
        "asset": {
            "id": 143854,
            "type": "Cargo",
            "name": "CHICAGO EXPRESS"
        },
        "rating": {
            "voteAverage": 0,
            "voteCounter": 0
        },
        "url": "https://images.marinetraffic.com/collection/3706240.webp?size=800"
    },
    {
        "photoId": 3706237,
        "placeTaken": "Staten Island NY",
        "takenAt": 1573446600,
        "copyright": "Dallas mayson",
        "description": "Turning toward the Bayonne Bridge off of Elm Park Staten Island",
        "asset": {
            "id": 143854,
            "type": "Cargo",
            "name": "CHICAGO EXPRESS"
        },
        "rating": {
            "voteAverage": 5,
            "voteCounter": 1
        },
        "url": "https://images.marinetraffic.com/collection/3706237.webp?size=800"
    },
    {
        "photoId": 3706234,
        "placeTaken": "Staten Island NY",
        "takenAt": 1573446240,
        "copyright": "Dallas mayson",
        "description": "From Newark toward sea.",
        "asset": {
            "id": 143854,
            "type": "Cargo",
            "name": "CHICAGO EXPRESS"
        },
        "rating": {
            "voteAverage": 0,
            "voteCounter": 0
        },
        "url": "https://images.marinetraffic.com/collection/3706234.webp?size=800"
    }
]