[
    {
        "photoId": 3706232,
        "placeTaken": "Staten Island NY",
        "takenAt": 1573446540,
        "copyright": "Dallas mayson",
        "description": "Leaving Port Newark",
        "asset": {
            "id": 143854,
            "type": "Cargo",
            "name": "CHICAGO EXPRESS"
        },
        "rating": {
            "voteAverage": 4,
            "voteCounter": 1
        },
        "url": "https://images.marinetraffic.com/collection/3706232.webp?size=800"
    },
    {
        "photoId": 3580154,
        "placeTaken": "Genova",
        "takenAt": 1564258140,
        "copyright": "ships@tin.it",
        "description": null,
        "asset": {
            "id": 143854,
            "type": "Cargo",
            "name": "CHICAGO EXPRESS"
        },
        "rating": {
            "voteAverage": 0,
            "voteCounter": 0
        },
        "url": "https://images.marinetraffic.com/collection/3580154.webp?size=800"
    },
    {
        "photoId": 3331602,
        "placeTaken": "Genova",
        "takenAt": 1544618400,
        "copyright": "ships@tin.it",
        "description": null,
        "asset": {
            "id": 143854,
            "type": "Cargo",
            "name": "CHICAGO EXPRESS"
        },
        "rating": {
            "voteAverage": 0,
            "voteCounter": 0
        },
        "url": "https://images.marinetraffic.com/collection/3331602.webp?size=800"
    },
    {
        "photoId": 3070346,
        "placeTaken": "Maasvlakte,Holland",
        "takenAt": 1245581100,
        "copyright": "John Pitcher",
        "description": null,
        "asset": {
            "id": 143854,
            "type": "Cargo",
            "name": "CHICAGO EXPRESS"
        },
        "rating": {
            "voteAverage": 5,
            "voteCounter": 1
        },
        "url": "https://images.marinetraffic.com/collection/3070346.webp?size=800"
    },
    {
        "photoId": 3070338,
        "placeTaken": "Maasvlakte,Holland",
        "takenAt": 1245580860,
        "copyright": "John Pitcher",
        "description": null,
        "asset": {
            "id": 143854,
            "type": "Cargo",
            "name": "CHICAGO EXPRESS"
        },
        "rating": {
            "voteAverage": 0,
            "voteCounter": 0
        },
        "url": "https://images.marinetraffic.com/collection/3070338.webp?size=800"
    },
    {
        "photoId": 3012844,
        "placeTaken": "Europort, Netherlands",
        "takenAt": 1214051580,
        "copyright": "Tony Hogwood",
        "description": null,
        "asset": {
            "id": 143854,
            "type": "Cargo",
            "name": "CHICAGO EXPRESS"
        },
        "rating": {
            "voteAverage": 0,
            "voteCounter": 0
        },
        "url": "https://images.marinetraffic.com/collection/3012844.webp?size=800"
    },
    {
        "photoId": 3012843,
        "placeTaken": "Europort, Netherlands",
        "takenAt": 1214051760,
        "copyright": "Tony Hogwood",
        "description": null,
        "asset": {
            "id": 143854,
            "type": "Cargo",
            "name": "CHICAGO EXPRESS"
        },
        "rating": {
            "voteAverage": 0,
            "voteCounter": 0
        },
        "url": "https://images.marinetraffic.com/collection/3012843.webp?size=800"
    },
    {
        "photoId": 3008651,
        "placeTaken": "Genova",
        "takenAt": 1520620680,
        "copyright": "ships@tin.it",
        "description": null,
        "asset": {
            "id": 143854,
            "type": "Cargo",
            "name": "CHICAGO EXPRESS"
        },
        "rating": {
            "voteAverage": 0,
            "voteCounter": 0
        },
        "url": "https://images.marinetraffic.com/collection/3008651.webp?size=800"
    },
    {
        "photoId": 2986590,
        "placeTaken": null,
        "takenAt": 1507828440,
        "copyright": "Luca Spurtzem",
        "description": null,
        "asset": {
            "id": 143854,
            "type": "Cargo",
            "name": "CHICAGO EXPRESS"
        },
        "rating": {
            "voteAverage": 0,
            "voteCounter": 0
        },
        "url": "https://images.marinetraffic.com/collection/2986590.webp?size=800"
    },
    {
        "photoId": 2876311,
        "placeTaken": "Berendrecht Antwerpen Pier Berendrechtsluis",
        "takenAt": 1507990320,
        "copyright": "Martine Janssens",
        "description": null,
        "asset": {
            "id": 143854,
            "type": "Cargo",
            "name": "CHICAGO EXPRESS"
        },
        "rating": {
            "voteAverage": 0,
            "voteCounter": 0
        },
        "url": "https://images.marinetraffic.com/collection/2876311.webp?size=800"
    },
    {
        "photoId": 2875773,
        "placeTaken": "Panoramaweg Breskens",
        "takenAt": 1507916340,
        "copyright": "W.J.M. Uytterhoeven",
        "description": null,
        "asset": {
            "id": 143854,
            "type": "Cargo",
            "name": "CHICAGO EXPRESS"
        },
        "rating": {
            "voteAverage": 0,
            "voteCounter": 0
        },
        "url": "https://images.marinetraffic.com/collection/2875773.webp?size=800"
    },
    {
        "photoId": 2875772,
        "placeTaken": "Panoramaweg Breskens",
        "takenAt": 1507916460,
        "copyright": "W.J.M. Uytterhoeven",
        "description": "Bestemming Antwerpen",
        "asset": {
            "id": 143854,
            "type": "Cargo",
            "name": "CHICAGO EXPRESS"
        },
        "rating": {
            "voteAverage": 0,
            "voteCounter": 0
        },
        "url": "https://images.marinetraffic.com/collection/2875772.webp?size=800"
    },
    {
        "photoId": 2873631,
        "placeTaken": "Hamburg Blankenese",
        "takenAt": 1507829220,
        "copyright": "Carsten Feldhusen",
        "description": "CHICAGO EXPRESS am 12.10.2017 vor Blankenese in Hamburg",
        "asset": {
            "id": 143854,
            "type": "Cargo",
            "name": "CHICAGO EXPRESS"
        },
        "rating": {
            "voteAverage": 5,
            "voteCounter": 14
        },
        "url": "https://images.marinetraffic.com/collection/2873631.webp?size=800"
    },
    {
        "photoId": 2731957,
        "placeTaken": "Berendrecht Antwerpen  Berendrechtsluis Pier",
        "takenAt": 1497187860,
        "copyright": "Martine Janssens",
        "description": null,
        "asset": {
            "id": 143854,
            "type": "Cargo",
            "name": "CHICAGO EXPRESS"
        },
        "rating": {
            "voteAverage": 5,
            "voteCounter": 1
        },
        "url": "https://images.marinetraffic.com/collection/2731957.webp?size=800"
    },
    {
        "photoId": 2576623,
        "placeTaken": "Cuxhaven",
        "takenAt": 1485530820,
        "copyright": "Claus Schaefe",
        "description": null,
        "asset": {
            "id": 143854,
            "type": "Cargo",
            "name": "CHICAGO EXPRESS"
        },
        "rating": {
            "voteAverage": 5,
            "voteCounter": 5
        },
        "url": "https://images.marinetraffic.com/collection/2576623.webp?size=800"
    },
    {
        "photoId": 2576622,
        "placeTaken": "Cuxhaven",
        "takenAt": 1485530700,
        "copyright": "Claus Schaefe",
        "description": null,
        "asset": {
            "id": 143854,
            "type": "Cargo",
            "name": "CHICAGO EXPRESS"
        },
        "rating": {
            "voteAverage": 5,
            "voteCounter": 2
        },
        "url": "https://images.marinetraffic.com/collection/2576622.webp?size=800"
    },
    {
        "photoId": 2576621,
        "placeTaken": "Cuxhaven",
        "takenAt": 1485530520,
        "copyright": "Claus Schaefe",
        "description": null,
        "asset": {
            "id": 143854,
            "type": "Cargo",
            "name": "CHICAGO EXPRESS"
        },
        "rating": {
            "voteAverage": 5,
            "voteCounter": 3
        },
        "url": "https://images.marinetraffic.com/collection/2576621.webp?size=800"
    },
    {
        "photoId": 2576620,
        "placeTaken": "Cuxhaven",
        "takenAt": 1485530340,
        "copyright": "Claus Schaefe",
        "description": null,
        "asset": {
            "id": 143854,
            "type": "Cargo",
            "name": "CHICAGO EXPRESS"
        },
        "rating": {
            "voteAverage": 5,
            "voteCounter": 6
        },
        "url": "https://images.marinetraffic.com/collection/2576620.webp?size=800"
    },
    {
        "photoId": 2574145,
        "placeTaken": "Cuxhaven",
        "takenAt": 1485530760,
        "copyright": "Juergen Braker",
        "description": "River Elbe, outside Cuxhavenupload with kind permission from my friend Willi",
        "asset": {
            "id": 143854,
            "type": "Cargo",
            "name": "CHICAGO EXPRESS"
        },
        "rating": {
            "voteAverage": 0,
            "voteCounter": 0
        },
        "url": "https://images.marinetraffic.com/collection/2574145.webp?size=800"
    },
    {
        "photoId": 2574143,
        "placeTaken": "Cuxhaven",
        "takenAt": 1485530880,
        "copyright": "Juergen Braker",
        "description": "River Elbe, outside Cuxhavenupload with kind permission from my friend Willi",
        "asset": {
            "id": 143854,
            "type": "Cargo",
            "name": "CHICAGO EXPRESS"
        },
        "rating": {
            "voteAverage": 0,
            "voteCounter": 0
        },
        "url": "https://images.marinetraffic.com/collection/2574143.webp?size=800"
    }
]