[
    {
        "photoId": 1290158,
        "placeTaken": "Wedel",
        "takenAt": 1373401380,
        "copyright": "Hauke B",
        "description": null,
        "asset": {
            "id": 143854,
            "type": "Cargo",
            "name": "CHICAGO EXPRESS"
        },
        "rating": {
            "voteAverage": 0,
            "voteCounter": 0
        },
        "url": "https://images.marinetraffic.com/collection/1290158.webp?size=800"
    },
    {
        "photoId": 1288810,
        "placeTaken": "Elbe, Tonne 115",
        "takenAt": 1373400060,
        "copyright": "Gernot Modrok",
        "description": null,
        "asset": {
            "id": 143854,
            "type": "Cargo",
            "name": "CHICAGO EXPRESS"
        },
        "rating": {
            "voteAverage": 0,
            "voteCounter": 0
        },
        "url": "https://images.marinetraffic.com/collection/1288810.webp?size=800"
    },
    {
        "photoId": 1083850,
        "placeTaken": "Hamburg",
        "takenAt": 1359037080,
        "copyright": "Kay Andresen",
        "description": null,
        "asset": {
            "id": 143854,
            "type": "Cargo",
            "name": "CHICAGO EXPRESS"
        },
        "rating": {
            "voteAverage": 5,
            "voteCounter": 3
        },
        "url": "https://images.marinetraffic.com/collection/1083850.webp?size=800"
    },
    {
        "photoId": 1083849,
        "placeTaken": "Hamburg",
        "takenAt": 1359036960,
        "copyright": "Kay Andresen",
        "description": null,
        "asset": {
            "id": 143854,
            "type": "Cargo",
            "name": "CHICAGO EXPRESS"
        },
        "rating": {
            "voteAverage": 0,
            "voteCounter": 0
        },
        "url": "https://images.marinetraffic.com/collection/1083849.webp?size=800"
    },
    {
        "photoId": 1037800,
        "placeTaken": "Hamburg",
        "takenAt": 1316460000,
        "copyright": "Jan Ladendorf",
        "description": null,
        "asset": {
            "id": 143854,
            "type": "Cargo",
            "name": "CHICAGO EXPRESS"
        },
        "rating": {
            "voteAverage": 2.666667,
            "voteCounter": 3
        },
        "url": "https://images.marinetraffic.com/collection/1037800.webp?size=800"
    },
    {
        "photoId": 915028,
        "placeTaken": "Bremerhaven",
        "takenAt": 1345122120,
        "copyright": "Rolf Bridde",
        "description": null,
        "asset": {
            "id": 143854,
            "type": "Cargo",
            "name": "CHICAGO EXPRESS"
        },
        "rating": {
            "voteAverage": 4.5,
            "voteCounter": 4
        },
        "url": "https://images.marinetraffic.com/collection/915028.webp?size=800"
    },
    {
        "photoId": 846493,
        "placeTaken": "Marchwood",
        "takenAt": 1339085880,
        "copyright": "Gianni Capocci",
        "description": null,
        "asset": {
            "id": 143854,
            "type": "Cargo",
            "name": "CHICAGO EXPRESS"
        },
        "rating": {
            "voteAverage": 3.5,
            "voteCounter": 2
        },
        "url": "https://images.marinetraffic.com/collection/846493.webp?size=800"
    },
    {
        "photoId": 836200,
        "placeTaken": "seaview, Isle of Wight",
        "takenAt": 1339250700,
        "copyright": "graham farmer",
        "description": "Spinnaker town in background",
        "asset": {
            "id": 143854,
            "type": "Cargo",
            "name": "CHICAGO EXPRESS"
        },
        "rating": {
            "voteAverage": 3,
            "voteCounter": 2
        },
        "url": "https://images.marinetraffic.com/collection/836200.webp?size=800"
    },
    {
        "photoId": 836196,
        "placeTaken": "seaview, Isle of Wight",
        "takenAt": 1339250640,
        "copyright": "graham farmer",
        "description": "Taken from priory woods",
        "asset": {
            "id": 143854,
            "type": "Cargo",
            "name": "CHICAGO EXPRESS"
        },
        "rating": {
            "voteAverage": 5,
            "voteCounter": 2
        },
        "url": "https://images.marinetraffic.com/collection/836196.webp?size=800"
    },
    {
        "photoId": 792774,
        "placeTaken": "Suez",
        "takenAt": 1310576940,
        "copyright": "burty wooster",
        "description": null,
        "asset": {
            "id": 143854,
            "type": "Cargo",
            "name": "CHICAGO EXPRESS"
        },
        "rating": {
            "voteAverage": 4.666667,
            "voteCounter": 3
        },
        "url": "https://images.marinetraffic.com/collection/792774.webp?size=800"
    },
    {
        "photoId": 689067,
        "placeTaken": "Cuxhaven",
        "takenAt": 1213995600,
        "copyright": "Popelier Ludo",
        "description": null,
        "asset": {
            "id": 143854,
            "type": "Cargo",
            "name": "CHICAGO EXPRESS"
        },
        "rating": {
            "voteAverage": 4.333333,
            "voteCounter": 3
        },
        "url": "https://images.marinetraffic.com/collection/689067.webp?size=800"
    },
    {
        "photoId": 597677,
        "placeTaken": "Antverpen, B",
        "takenAt": 1316866860,
        "copyright": "Kristian L\u00fcders",
        "description": null,
        "asset": {
            "id": 143854,
            "type": "Cargo",
            "name": "CHICAGO EXPRESS"
        },
        "rating": {
            "voteAverage": 3.5,
            "voteCounter": 2
        },
        "url": "https://images.marinetraffic.com/collection/597677.webp?size=800"
    },
    {
        "photoId": 587542,
        "placeTaken": "Southampton",
        "takenAt": 1234003740,
        "copyright": "Rod SAdler.Shipshapephotography.com",
        "description": null,
        "asset": {
            "id": 143854,
            "type": "Cargo",
            "name": "CHICAGO EXPRESS"
        },
        "rating": {
            "voteAverage": 4.666667,
            "voteCounter": 6
        },
        "url": "https://images.marinetraffic.com/collection/587542.webp?size=800"
    },
    {
        "photoId": 541546,
        "placeTaken": "Twielenfleth/Elbe",
        "takenAt": 1214152260,
        "copyright": "Kalle Rutkowski",
        "description": null,
        "asset": {
            "id": 143854,
            "type": "Cargo",
            "name": "CHICAGO EXPRESS"
        },
        "rating": {
            "voteAverage": 4.444445,
            "voteCounter": 9
        },
        "url": "https://images.marinetraffic.com/collection/541546.webp?size=800"
    },
    {
        "photoId": 522145,
        "placeTaken": "river Elbe",
        "takenAt": 1309257900,
        "copyright": "PixelOpa",
        "description": "passing Glueckstadt on 28.06.2011",
        "asset": {
            "id": 143854,
            "type": "Cargo",
            "name": "CHICAGO EXPRESS"
        },
        "rating": {
            "voteAverage": 4.625,
            "voteCounter": 8
        },
        "url": "https://images.marinetraffic.com/collection/522145.webp?size=800"
    },
    {
        "photoId": 509511,
        "placeTaken": "Hamburg - Wedel",
        "takenAt": 1309451100,
        "copyright": "Hajo Schaefer",
        "description": null,
        "asset": {
            "id": 143854,
            "type": "Cargo",
            "name": "CHICAGO EXPRESS"
        },
        "rating": {
            "voteAverage": 3,
            "voteCounter": 1
        },
        "url": "https://images.marinetraffic.com/collection/509511.webp?size=800"
    },
    {
        "photoId": 509508,
        "placeTaken": "Hamburg - Wedel",
        "takenAt": 1309450500,
        "copyright": "Hajo Schaefer",
        "description": null,
        "asset": {
            "id": 143854,
            "type": "Cargo",
            "name": "CHICAGO EXPRESS"
        },
        "rating": {
            "voteAverage": 4,
            "voteCounter": 1
        },
        "url": "https://images.marinetraffic.com/collection/509508.webp?size=800"
    },
    {
        "photoId": 509506,
        "placeTaken": "Hamburg - Wedel",
        "takenAt": 1309450080,
        "copyright": "Hajo Schaefer",
        "description": null,
        "asset": {
            "id": 143854,
            "type": "Cargo",
            "name": "CHICAGO EXPRESS"
        },
        "rating": {
            "voteAverage": 0,
            "voteCounter": 0
        },
        "url": "https://images.marinetraffic.com/collection/509506.webp?size=800"
    },
    {
        "photoId": 506735,
        "placeTaken": "Kollmar",
        "takenAt": 1309260660,
        "copyright": "K. Schumacher",
        "description": null,
        "asset": {
            "id": 143854,
            "type": "Cargo",
            "name": "CHICAGO EXPRESS"
        },
        "rating": {
            "voteAverage": 3,
            "voteCounter": 2
        },
        "url": "https://images.marinetraffic.com/collection/506735.webp?size=800"
    },
    {
        "photoId": 506733,
        "placeTaken": "Kollmar",
        "takenAt": 1309260960,
        "copyright": "K. Schumacher",
        "description": null,
        "asset": {
            "id": 143854,
            "type": "Cargo",
            "name": "CHICAGO EXPRESS"
        },
        "rating": {
            "voteAverage": 5,
            "voteCounter": 1
        },
        "url": "https://images.marinetraffic.com/collection/506733.webp?size=800"
    }
]