[
    {
        "photoId": 1936611,
        "placeTaken": "Cuxhaven",
        "takenAt": 1429527420,
        "copyright": "Claus Schaefe",
        "description": "on the way to Hamburg",
        "asset": {
            "id": 143854,
            "type": "Cargo",
            "name": "CHICAGO EXPRESS"
        },
        "rating": {
            "voteAverage": 5,
            "voteCounter": 2
        },
        "url": "https://images.marinetraffic.com/collection/1936611.webp?size=800"
    },
    {
        "photoId": 1936609,
        "placeTaken": "Cuxhaven",
        "takenAt": 1429527360,
        "copyright": "Claus Schaefe",
        "description": "on the way to Hamburg",
        "asset": {
            "id": 143854,
            "type": "Cargo",
            "name": "CHICAGO EXPRESS"
        },
        "rating": {
            "voteAverage": 5,
            "voteCounter": 1
        },
        "url": "https://images.marinetraffic.com/collection/1936609.webp?size=800"
    },
    {
        "photoId": 1936608,
        "placeTaken": "Cuxhaven",
        "takenAt": 1429527300,
        "copyright": "Claus Schaefe",
        "description": "on the way to Hamburg",
        "asset": {
            "id": 143854,
            "type": "Cargo",
            "name": "CHICAGO EXPRESS"
        },
        "rating": {
            "voteAverage": 5,
            "voteCounter": 2
        },
        "url": "https://images.marinetraffic.com/collection/1936608.webp?size=800"
    },
    {
        "photoId": 1936607,
        "placeTaken": "Cuxhaven",
        "takenAt": 1429527240,
        "copyright": "Claus Schaefe",
        "description": "on the way to Hamburg",
        "asset": {
            "id": 143854,
            "type": "Cargo",
            "name": "CHICAGO EXPRESS"
        },
        "rating": {
            "voteAverage": 5,
            "voteCounter": 1
        },
        "url": "https://images.marinetraffic.com/collection/1936607.webp?size=800"
    },
    {
        "photoId": 1936606,
        "placeTaken": "Cuxhaven",
        "takenAt": 1429527180,
        "copyright": "Claus Schaefe",
        "description": "on the way to Hamburg",
        "asset": {
            "id": 143854,
            "type": "Cargo",
            "name": "CHICAGO EXPRESS"
        },
        "rating": {
            "voteAverage": 0,
            "voteCounter": 0
        },
        "url": "https://images.marinetraffic.com/collection/1936606.webp?size=800"
    },
    {
        "photoId": 1936191,
        "placeTaken": "Hamburg",
        "takenAt": 1429542780,
        "copyright": "S.Seelemann",
        "description": null,
        "asset": {
            "id": 143854,
            "type": "Cargo",
            "name": "CHICAGO EXPRESS"
        },
        "rating": {
            "voteAverage": 0,
            "voteCounter": 0
        },
        "url": "https://images.marinetraffic.com/collection/1936191.webp?size=800"
    },
    {
        "photoId": 1860260,
        "placeTaken": "fos sur mer",
        "takenAt": 1421505240,
        "copyright": "Bonici Emmanuel",
        "description": null,
        "asset": {
            "id": 143854,
            "type": "Cargo",
            "name": "CHICAGO EXPRESS"
        },
        "rating": {
            "voteAverage": 0,
            "voteCounter": 0
        },
        "url": "https://images.marinetraffic.com/collection/1860260.webp?size=800"
    },
    {
        "photoId": 1860259,
        "placeTaken": "Fos sur mer",
        "takenAt": 1421504580,
        "copyright": "Bonici Emmanuel",
        "description": null,
        "asset": {
            "id": 143854,
            "type": "Cargo",
            "name": "CHICAGO EXPRESS"
        },
        "rating": {
            "voteAverage": 5,
            "voteCounter": 1
        },
        "url": "https://images.marinetraffic.com/collection/1860259.webp?size=800"
    },
    {
        "photoId": 1668522,
        "placeTaken": "Genova Voltri",
        "takenAt": 1402848900,
        "copyright": "Andrea Ferrando",
        "description": "Chicago Express sta' per entrare nel VTE. Proviene da Jeddah.",
        "asset": {
            "id": 143854,
            "type": "Cargo",
            "name": "CHICAGO EXPRESS"
        },
        "rating": {
            "voteAverage": 5,
            "voteCounter": 1
        },
        "url": "https://images.marinetraffic.com/collection/1668522.webp?size=800"
    },
    {
        "photoId": 1594290,
        "placeTaken": null,
        "takenAt": 1397123940,
        "copyright": "Manuel Hern\u00e1ndez",
        "description": null,
        "asset": {
            "id": 143854,
            "type": "Cargo",
            "name": "CHICAGO EXPRESS"
        },
        "rating": {
            "voteAverage": 5,
            "voteCounter": 1
        },
        "url": "https://images.marinetraffic.com/collection/1594290.webp?size=800"
    },
    {
        "photoId": 1587704,
        "placeTaken": "Genova Voltri",
        "takenAt": 1396541220,
        "copyright": "Andrea Ferrando",
        "description": "Chicago Express sta' per entrare per la prima volta nel VTE. Lavora sul servizio EUM insieme ad OOCL. Proviene da Port Said.",
        "asset": {
            "id": 143854,
            "type": "Cargo",
            "name": "CHICAGO EXPRESS"
        },
        "rating": {
            "voteAverage": 5,
            "voteCounter": 1
        },
        "url": "https://images.marinetraffic.com/collection/1587704.webp?size=800"
    },
    {
        "photoId": 1574219,
        "placeTaken": "Brunsb\u00fcttel",
        "takenAt": 1381152660,
        "copyright": "Lars Nienhaus",
        "description": null,
        "asset": {
            "id": 143854,
            "type": "Cargo",
            "name": "CHICAGO EXPRESS"
        },
        "rating": {
            "voteAverage": 0,
            "voteCounter": 0
        },
        "url": "https://images.marinetraffic.com/collection/1574219.webp?size=800"
    },
    {
        "photoId": 1516472,
        "placeTaken": "antwerp",
        "takenAt": 1389534180,
        "copyright": "dewaepenaert alain",
        "description": "at berth 913",
        "asset": {
            "id": 143854,
            "type": "Cargo",
            "name": "CHICAGO EXPRESS"
        },
        "rating": {
            "voteAverage": 0,
            "voteCounter": 0
        },
        "url": "https://images.marinetraffic.com/collection/1516472.webp?size=800"
    },
    {
        "photoId": 1499873,
        "placeTaken": "Singapore",
        "takenAt": 1384175460,
        "copyright": "Owen Foley",
        "description": ".",
        "asset": {
            "id": 143854,
            "type": "Tanker",
            "name": "CHICAGO EXPRESS"
        },
        "rating": {
            "voteAverage": 0,
            "voteCounter": 0
        },
        "url": "https://images.marinetraffic.com/collection/1499873.webp?size=800"
    },
    {
        "photoId": 1472021,
        "placeTaken": "Singapore",
        "takenAt": 1384175400,
        "copyright": "Owen Foley",
        "description": null,
        "asset": {
            "id": 143854,
            "type": "Fishing",
            "name": "CHICAGO EXPRESS"
        },
        "rating": {
            "voteAverage": 0,
            "voteCounter": 0
        },
        "url": "https://images.marinetraffic.com/collection/1472021.webp?size=800"
    },
    {
        "photoId": 1423563,
        "placeTaken": "Terneuzen",
        "takenAt": 1109580300,
        "copyright": "Lennart Jaensch",
        "description": null,
        "asset": {
            "id": 143854,
            "type": "Cargo",
            "name": "CHICAGO EXPRESS"
        },
        "rating": {
            "voteAverage": 4,
            "voteCounter": 1
        },
        "url": "https://images.marinetraffic.com/collection/1423563.webp?size=800"
    },
    {
        "photoId": 1368212,
        "placeTaken": "port of kaohsiung",
        "takenAt": 1378042560,
        "copyright": "Aching chen",
        "description": null,
        "asset": {
            "id": 143854,
            "type": "Cargo",
            "name": "CHICAGO EXPRESS"
        },
        "rating": {
            "voteAverage": 4.5,
            "voteCounter": 2
        },
        "url": "https://images.marinetraffic.com/collection/1368212.webp?size=800"
    },
    {
        "photoId": 1329861,
        "placeTaken": "English Channel",
        "takenAt": 1372981260,
        "copyright": "Brian Crocker 2013",
        "description": null,
        "asset": {
            "id": 143854,
            "type": "Cargo",
            "name": "CHICAGO EXPRESS"
        },
        "rating": {
            "voteAverage": 4,
            "voteCounter": 1
        },
        "url": "https://images.marinetraffic.com/collection/1329861.webp?size=800"
    },
    {
        "photoId": 1328898,
        "placeTaken": "English Channel",
        "takenAt": 1372981080,
        "copyright": "Brian Crocker 2013",
        "description": null,
        "asset": {
            "id": 143854,
            "type": "Cargo",
            "name": "CHICAGO EXPRESS"
        },
        "rating": {
            "voteAverage": 5,
            "voteCounter": 4
        },
        "url": "https://images.marinetraffic.com/collection/1328898.webp?size=800"
    },
    {
        "photoId": 1290160,
        "placeTaken": "Wedel",
        "takenAt": 1373401560,
        "copyright": "Hauke B",
        "description": null,
        "asset": {
            "id": 143854,
            "type": "Cargo",
            "name": "CHICAGO EXPRESS"
        },
        "rating": {
            "voteAverage": 3,
            "voteCounter": 1
        },
        "url": "https://images.marinetraffic.com/collection/1290160.webp?size=800"
    }
]