[
    {
        "photoId": 3908423,
        "placeTaken": "MAASSLUIS, Het Scheur, NL ",
        "takenAt": 1591867680,
        "copyright": "RIA MAAT",
        "description": null,
        "asset": {
            "id": 1148905,
            "type": "Cargo",
            "name": "BALTIC PETREL"
        },
        "rating": {
            "voteAverage": 5,
            "voteCounter": 1
        },
        "url": "https://images.marinetraffic.com/collection/3908423.webp?size=800"
    },
    {
        "photoId": 3907248,
        "placeTaken": "Hoek van Holland",
        "takenAt": 1591788240,
        "copyright": "Henk Jungerius",
        "description": "Hoek van Holland, outward bound",
        "asset": {
            "id": 1148905,
            "type": "Cargo",
            "name": "BALTIC PETREL"
        },
        "rating": {
            "voteAverage": 0,
            "voteCounter": 0
        },
        "url": "https://images.marinetraffic.com/collection/3907248.webp?size=800"
    },
    {
        "photoId": 3898162,
        "placeTaken": "Sundsvall/ Tunadal",
        "takenAt": 1591108140,
        "copyright": "Per Handspik",
        "description": null,
        "asset": {
            "id": 1148905,
            "type": "Cargo",
            "name": "BALTIC PETREL"
        },
        "rating": {
            "voteAverage": 0,
            "voteCounter": 0
        },
        "url": "https://images.marinetraffic.com/collection/3898162.webp?size=800"
    },
    {
        "photoId": 3892432,
        "placeTaken": "MAASSLUIS, Scheur, NL",
        "takenAt": 1589296200,
        "copyright": "RIA MAAT",
        "description": null,
        "asset": {
            "id": 1148905,
            "type": "Cargo",
            "name": "BALTIC PETREL"
        },
        "rating": {
            "voteAverage": 0,
            "voteCounter": 0
        },
        "url": "https://images.marinetraffic.com/collection/3892432.webp?size=800"
    },
    {
        "photoId": 3892427,
        "placeTaken": "MAASSLUIS, Scheur, NL",
        "takenAt": 1589296320,
        "copyright": "RIA MAAT",
        "description": null,
        "asset": {
            "id": 1148905,
            "type": "Cargo",
            "name": "BALTIC PETREL"
        },
        "rating": {
            "voteAverage": 0,
            "voteCounter": 0
        },
        "url": "https://images.marinetraffic.com/collection/3892427.webp?size=800"
    },
    {
        "photoId": 3890100,
        "placeTaken": "MAASSLUIS, Het Scheur, NL ",
        "takenAt": 1590497220,
        "copyright": "RIA MAAT",
        "description": null,
        "asset": {
            "id": 1148905,
            "type": "Cargo",
            "name": "BALTIC PETREL"
        },
        "rating": {
            "voteAverage": 0,
            "voteCounter": 0
        },
        "url": "https://images.marinetraffic.com/collection/3890100.webp?size=800"
    },
    {
        "photoId": 3889116,
        "placeTaken": "Rozenburg",
        "takenAt": 1590493080,
        "copyright": "Henk Jungerius",
        "description": "Het Scheur, Nieuwe Waterweg",
        "asset": {
            "id": 1148905,
            "type": "Cargo",
            "name": "BALTIC PETREL"
        },
        "rating": {
            "voteAverage": 0,
            "voteCounter": 0
        },
        "url": "https://images.marinetraffic.com/collection/3889116.webp?size=800"
    },
    {
        "photoId": 3889115,
        "placeTaken": "Rozenburg",
        "takenAt": 1590492840,
        "copyright": "Henk Jungerius",
        "description": "Het Scheur, Nieuwe Waterweg",
        "asset": {
            "id": 1148905,
            "type": "Cargo",
            "name": "BALTIC PETREL"
        },
        "rating": {
            "voteAverage": 0,
            "voteCounter": 0
        },
        "url": "https://images.marinetraffic.com/collection/3889115.webp?size=800"
    },
    {
        "photoId": 3885845,
        "placeTaken": "Maassluis",
        "takenAt": 1589297340,
        "copyright": "cmp klink",
        "description": null,
        "asset": {
            "id": 1148905,
            "type": "Cargo",
            "name": "BALTIC PETREL"
        },
        "rating": {
            "voteAverage": 0,
            "voteCounter": 0
        },
        "url": "https://images.marinetraffic.com/collection/3885845.webp?size=800"
    },
    {
        "photoId": 3885844,
        "placeTaken": "Maassluis",
        "takenAt": 1589297220,
        "copyright": "cmp klink",
        "description": null,
        "asset": {
            "id": 1148905,
            "type": "Cargo",
            "name": "BALTIC PETREL"
        },
        "rating": {
            "voteAverage": 5,
            "voteCounter": 1
        },
        "url": "https://images.marinetraffic.com/collection/3885844.webp?size=800"
    },
    {
        "photoId": 3880757,
        "placeTaken": "MAASSLUIS, Het Scheur, NL ",
        "takenAt": 1589296140,
        "copyright": "RIA MAAT",
        "description": null,
        "asset": {
            "id": 1148905,
            "type": "Cargo",
            "name": "BALTIC PETREL"
        },
        "rating": {
            "voteAverage": 0,
            "voteCounter": 0
        },
        "url": "https://images.marinetraffic.com/collection/3880757.webp?size=800"
    },
    {
        "photoId": 3874889,
        "placeTaken": "Rozenburg",
        "takenAt": 1589541780,
        "copyright": "Henk Jungerius",
        "description": "Het Scheur, Nieuwe Waterweg",
        "asset": {
            "id": 1148905,
            "type": "Cargo",
            "name": "BALTIC PETREL"
        },
        "rating": {
            "voteAverage": 0,
            "voteCounter": 0
        },
        "url": "https://images.marinetraffic.com/collection/3874889.webp?size=800"
    },
    {
        "photoId": 3778206,
        "placeTaken": "Hoek van Holland",
        "takenAt": 1580996220,
        "copyright": "R. Engelsman",
        "description": null,
        "asset": {
            "id": 1148905,
            "type": "Cargo",
            "name": "BALTIC PETREL"
        },
        "rating": {
            "voteAverage": 0,
            "voteCounter": 0
        },
        "url": "https://images.marinetraffic.com/collection/3778206.webp?size=800"
    },
    {
        "photoId": 3768863,
        "placeTaken": null,
        "takenAt": 943920000,
        "copyright": "AJ Buurveld",
        "description": null,
        "asset": {
            "id": 1148905,
            "type": "Cargo",
            "name": "BALTIC PETREL"
        },
        "rating": {
            "voteAverage": 0,
            "voteCounter": 0
        },
        "url": "https://images.marinetraffic.com/collection/3768863.webp?size=800"
    },
    {
        "photoId": 3768861,
        "placeTaken": null,
        "takenAt": 943920000,
        "copyright": "AJ Buurveld",
        "description": null,
        "asset": {
            "id": 1148905,
            "type": "Cargo",
            "name": "BALTIC PETREL"
        },
        "rating": {
            "voteAverage": 0,
            "voteCounter": 0
        },
        "url": "https://images.marinetraffic.com/collection/3768861.webp?size=800"
    },
    {
        "photoId": 3688083,
        "placeTaken": "River Elbe",
        "takenAt": 1572083100,
        "copyright": "Sven Beer",
        "description": null,
        "asset": {
            "id": 1148905,
            "type": "Cargo",
            "name": "BALTIC PETREL"
        },
        "rating": {
            "voteAverage": 5,
            "voteCounter": 1
        },
        "url": "https://images.marinetraffic.com/collection/3688083.webp?size=800"
    },
    {
        "photoId": 3680266,
        "placeTaken": "Hamburg",
        "takenAt": 1569691620,
        "copyright": "Pascal DROUAN",
        "description": null,
        "asset": {
            "id": 1148905,
            "type": "Cargo",
            "name": "BALTIC PETREL"
        },
        "rating": {
            "voteAverage": 0,
            "voteCounter": 0
        },
        "url": "https://images.marinetraffic.com/collection/3680266.webp?size=800"
    },
    {
        "photoId": 3680257,
        "placeTaken": "Hamburg",
        "takenAt": 1569691200,
        "copyright": "Pascal DROUAN",
        "description": null,
        "asset": {
            "id": 1148905,
            "type": "Cargo",
            "name": "BALTIC PETREL"
        },
        "rating": {
            "voteAverage": 0,
            "voteCounter": 0
        },
        "url": "https://images.marinetraffic.com/collection/3680257.webp?size=800"
    },
    {
        "photoId": 3680241,
        "placeTaken": "Hamburg",
        "takenAt": 1569689880,
        "copyright": "Pascal DROUAN",
        "description": null,
        "asset": {
            "id": 1148905,
            "type": "Cargo",
            "name": "BALTIC PETREL"
        },
        "rating": {
            "voteAverage": 0,
            "voteCounter": 0
        },
        "url": "https://images.marinetraffic.com/collection/3680241.webp?size=800"
    },
    {
        "photoId": 3671239,
        "placeTaken": "Hamburg, Norderelbe",
        "takenAt": 1570703760,
        "copyright": "Oliver Boltz",
        "description": null,
        "asset": {
            "id": 1148905,
            "type": "Cargo",
            "name": "BALTIC PETREL"
        },
        "rating": {
            "voteAverage": 0,
            "voteCounter": 0
        },
        "url": "https://images.marinetraffic.com/collection/3671239.webp?size=800"
    }
]