[
    {
        "photoId": 4417954,
        "placeTaken": "SPb LED",
        "takenAt": 1631196480,
        "copyright": "Pavel S.",
        "description": null,
        "asset": {
            "id": 1148905,
            "type": "Cargo",
            "name": "BALTIC PETREL"
        },
        "rating": {
            "voteAverage": 0,
            "voteCounter": 0
        },
        "url": "https://images.marinetraffic.com/collection/4417954.webp?size=800"
    },
    {
        "photoId": 4408608,
        "placeTaken": null,
        "takenAt": 1627304520,
        "copyright": "Philippe Guichot",
        "description": null,
        "asset": {
            "id": 1148905,
            "type": "Cargo",
            "name": "BALTIC PETREL"
        },
        "rating": {
            "voteAverage": 0,
            "voteCounter": 0
        },
        "url": "https://images.marinetraffic.com/collection/4408608.webp?size=800"
    },
    {
        "photoId": 4408607,
        "placeTaken": null,
        "takenAt": 1627304160,
        "copyright": "Philippe Guichot",
        "description": null,
        "asset": {
            "id": 1148905,
            "type": "Cargo",
            "name": "BALTIC PETREL"
        },
        "rating": {
            "voteAverage": 0,
            "voteCounter": 0
        },
        "url": "https://images.marinetraffic.com/collection/4408607.webp?size=800"
    },
    {
        "photoId": 4386330,
        "placeTaken": "Maasmond",
        "takenAt": 1629033780,
        "copyright": "paul gerdes",
        "description": null,
        "asset": {
            "id": 1148905,
            "type": "Cargo",
            "name": "BALTIC PETREL"
        },
        "rating": {
            "voteAverage": 0,
            "voteCounter": 0
        },
        "url": "https://images.marinetraffic.com/collection/4386330.webp?size=800"
    },
    {
        "photoId": 4386019,
        "placeTaken": "Rozenburg",
        "takenAt": 1629037140,
        "copyright": "Henk Jungerius",
        "description": "Nieuwe Waterweg",
        "asset": {
            "id": 1148905,
            "type": "Cargo",
            "name": "BALTIC PETREL"
        },
        "rating": {
            "voteAverage": 0,
            "voteCounter": 0
        },
        "url": "https://images.marinetraffic.com/collection/4386019.webp?size=800"
    },
    {
        "photoId": 4386017,
        "placeTaken": "Rozenburg",
        "takenAt": 1629036960,
        "copyright": "Henk Jungerius",
        "description": "Nieuwe Waterweg",
        "asset": {
            "id": 1148905,
            "type": "Cargo",
            "name": "BALTIC PETREL"
        },
        "rating": {
            "voteAverage": 0,
            "voteCounter": 0
        },
        "url": "https://images.marinetraffic.com/collection/4386017.webp?size=800"
    },
    {
        "photoId": 4326879,
        "placeTaken": "Walsoorden - Zeedijk",
        "takenAt": 1622398320,
        "copyright": "Etienne Verberckmoes",
        "description": "Westerschelde - inbound Antwerp",
        "asset": {
            "id": 1148905,
            "type": "Cargo",
            "name": "BALTIC PETREL"
        },
        "rating": {
            "voteAverage": 5,
            "voteCounter": 14
        },
        "url": "https://images.marinetraffic.com/collection/4326879.webp?size=800"
    },
    {
        "photoId": 4316392,
        "placeTaken": "Maassluis, Het Scheur",
        "takenAt": 1623331680,
        "copyright": "RIA MAAT",
        "description": null,
        "asset": {
            "id": 1148905,
            "type": "Cargo",
            "name": "BALTIC PETREL"
        },
        "rating": {
            "voteAverage": 0,
            "voteCounter": 0
        },
        "url": "https://images.marinetraffic.com/collection/4316392.webp?size=800"
    },
    {
        "photoId": 4302899,
        "placeTaken": "Rozenburg",
        "takenAt": 1623332520,
        "copyright": "Henk Jungerius",
        "description": "Nieuwe Waterweg",
        "asset": {
            "id": 1148905,
            "type": "Cargo",
            "name": "BALTIC PETREL"
        },
        "rating": {
            "voteAverage": 0,
            "voteCounter": 0
        },
        "url": "https://images.marinetraffic.com/collection/4302899.webp?size=800"
    },
    {
        "photoId": 4272145,
        "placeTaken": "Maasvlakte,Rotterdam",
        "takenAt": 1620208080,
        "copyright": "Krijn Hamelink",
        "description": null,
        "asset": {
            "id": 1148905,
            "type": "Cargo",
            "name": "BALTIC PETREL"
        },
        "rating": {
            "voteAverage": 0,
            "voteCounter": 0
        },
        "url": "https://images.marinetraffic.com/collection/4272145.webp?size=800"
    },
    {
        "photoId": 4261919,
        "placeTaken": "Brunsbttel",
        "takenAt": 1617477240,
        "copyright": "www.zech-foto.de",
        "description": null,
        "asset": {
            "id": 1148905,
            "type": "Cargo",
            "name": "BALTIC PETREL"
        },
        "rating": {
            "voteAverage": 0,
            "voteCounter": 0
        },
        "url": "https://images.marinetraffic.com/collection/4261919.webp?size=800"
    },
    {
        "photoId": 4221508,
        "placeTaken": "\u00d8RESUND",
        "takenAt": 1615204380,
        "copyright": "Bendt Jakobsen",
        "description": null,
        "asset": {
            "id": 1148905,
            "type": "Cargo",
            "name": "SCA TUNADAL"
        },
        "rating": {
            "voteAverage": 0,
            "voteCounter": 0
        },
        "url": "https://images.marinetraffic.com/collection/4221508.webp?size=800"
    },
    {
        "photoId": 4221506,
        "placeTaken": "\u00d8RESUND",
        "takenAt": 1615204260,
        "copyright": "Bendt Jakobsen",
        "description": null,
        "asset": {
            "id": 1148905,
            "type": "Cargo",
            "name": "SCA TUNADAL"
        },
        "rating": {
            "voteAverage": 5,
            "voteCounter": 1
        },
        "url": "https://images.marinetraffic.com/collection/4221506.webp?size=800"
    },
    {
        "photoId": 4218587,
        "placeTaken": "Nieuwe Waterweg",
        "takenAt": 1617365940,
        "copyright": "Marcel Schouten",
        "description": "Afvarend Nieuwe Waterweg",
        "asset": {
            "id": 1148905,
            "type": "Cargo",
            "name": "SCA TUNADAL"
        },
        "rating": {
            "voteAverage": 0,
            "voteCounter": 0
        },
        "url": "https://images.marinetraffic.com/collection/4218587.webp?size=800"
    },
    {
        "photoId": 4217839,
        "placeTaken": "GDYNIA, POLAND",
        "takenAt": 1381572660,
        "copyright": "JANURY",
        "description": null,
        "asset": {
            "id": 1148905,
            "type": "Cargo",
            "name": "SCA TUNADAL"
        },
        "rating": {
            "voteAverage": 0,
            "voteCounter": 0
        },
        "url": "https://images.marinetraffic.com/collection/4217839.webp?size=800"
    },
    {
        "photoId": 4188597,
        "placeTaken": "NOK - Rade",
        "takenAt": 1614777600,
        "copyright": "Peter aus Holtenau",
        "description": null,
        "asset": {
            "id": 1148905,
            "type": "Cargo",
            "name": "SCA TUNADAL"
        },
        "rating": {
            "voteAverage": 5,
            "voteCounter": 4
        },
        "url": "https://images.marinetraffic.com/collection/4188597.webp?size=800"
    },
    {
        "photoId": 4186547,
        "placeTaken": "Nord-Ostsee-Kanal, Landwehr",
        "takenAt": 1614772800,
        "copyright": "Niels Annuschat",
        "description": null,
        "asset": {
            "id": 1148905,
            "type": "Cargo",
            "name": "SCA TUNADAL"
        },
        "rating": {
            "voteAverage": 0,
            "voteCounter": 0
        },
        "url": "https://images.marinetraffic.com/collection/4186547.webp?size=800"
    },
    {
        "photoId": 4186546,
        "placeTaken": "Nord-Ostsee-Kanal, Landwehr",
        "takenAt": 1614772800,
        "copyright": "Niels Annuschat",
        "description": null,
        "asset": {
            "id": 1148905,
            "type": "Cargo",
            "name": "SCA TUNADAL"
        },
        "rating": {
            "voteAverage": 5,
            "voteCounter": 1
        },
        "url": "https://images.marinetraffic.com/collection/4186546.webp?size=800"
    },
    {
        "photoId": 4174920,
        "placeTaken": "Kiel Canal Grnental",
        "takenAt": 1437656280,
        "copyright": "Peter Albers",
        "description": null,
        "asset": {
            "id": 1148905,
            "type": "Cargo",
            "name": "SCA TUNADAL"
        },
        "rating": {
            "voteAverage": 0,
            "voteCounter": 0
        },
        "url": "https://images.marinetraffic.com/collection/4174920.webp?size=800"
    },
    {
        "photoId": 4162767,
        "placeTaken": "Sehestedt/NOK",
        "takenAt": 1612273800,
        "copyright": "Helmut Ivers",
        "description": null,
        "asset": {
            "id": 1148905,
            "type": "Cargo",
            "name": "SCA TUNADAL"
        },
        "rating": {
            "voteAverage": 0,
            "voteCounter": 0
        },
        "url": "https://images.marinetraffic.com/collection/4162767.webp?size=800"
    }
]