[
    {
        "photoId": 3671742,
        "placeTaken": null,
        "takenAt": 1567702200,
        "copyright": "Philippe Guichot",
        "description": null,
        "asset": {
            "id": 157073,
            "type": "Cargo",
            "name": "BEGONIA SEAWAYS"
        },
        "rating": {
            "voteAverage": 0,
            "voteCounter": 0
        },
        "url": "https://images.marinetraffic.com/collection/3671742.webp?size=800"
    },
    {
        "photoId": 3664320,
        "placeTaken": null,
        "takenAt": 1304718540,
        "copyright": "Philippe Guichot",
        "description": null,
        "asset": {
            "id": 157073,
            "type": "Cargo",
            "name": "BEGONIA SEAWAYS"
        },
        "rating": {
            "voteAverage": 0,
            "voteCounter": 0
        },
        "url": "https://images.marinetraffic.com/collection/3664320.webp?size=800"
    },
    {
        "photoId": 3663730,
        "placeTaken": "Kanaal Gent Terneuzen",
        "takenAt": 1569147240,
        "copyright": "Alex Van Herrewege",
        "description": null,
        "asset": {
            "id": 157073,
            "type": "Cargo",
            "name": "BEGONIA SEAWAYS"
        },
        "rating": {
            "voteAverage": 5,
            "voteCounter": 2
        },
        "url": "https://images.marinetraffic.com/collection/3663730.webp?size=800"
    },
    {
        "photoId": 3638169,
        "placeTaken": "Breskens",
        "takenAt": 1568305980,
        "copyright": "W.J.M. Uytterhoeven",
        "description": "Bestemming Goteborg SE",
        "asset": {
            "id": 157073,
            "type": "Cargo",
            "name": "BEGONIA SEAWAYS"
        },
        "rating": {
            "voteAverage": 0,
            "voteCounter": 0
        },
        "url": "https://images.marinetraffic.com/collection/3638169.webp?size=800"
    },
    {
        "photoId": 3624750,
        "placeTaken": "Westerschelde",
        "takenAt": 1567333680,
        "copyright": "Jeannot Hermes",
        "description": null,
        "asset": {
            "id": 157073,
            "type": "Cargo",
            "name": "BEGONIA SEAWAYS"
        },
        "rating": {
            "voteAverage": 0,
            "voteCounter": 0
        },
        "url": "https://images.marinetraffic.com/collection/3624750.webp?size=800"
    },
    {
        "photoId": 3568772,
        "placeTaken": "Northen part of \u00d8resund",
        "takenAt": 1563442200,
        "copyright": "Jan Williams",
        "description": "Begonia on the way to Gdansk to get to the yard ...",
        "asset": {
            "id": 157073,
            "type": "Cargo",
            "name": "BEGONIA SEAWAYS"
        },
        "rating": {
            "voteAverage": 0,
            "voteCounter": 0
        },
        "url": "https://images.marinetraffic.com/collection/3568772.webp?size=800"
    },
    {
        "photoId": 3565417,
        "placeTaken": "South beach Zoutelande ",
        "takenAt": 1563302700,
        "copyright": "Gijs Hooftman",
        "description": null,
        "asset": {
            "id": 157073,
            "type": "Cargo",
            "name": "BEGONIA SEAWAYS"
        },
        "rating": {
            "voteAverage": 0,
            "voteCounter": 0
        },
        "url": "https://images.marinetraffic.com/collection/3565417.webp?size=800"
    },
    {
        "photoId": 3396483,
        "placeTaken": "Kanaal Gent Terneuzen",
        "takenAt": 1540121820,
        "copyright": "Alex Van Herrewege",
        "description": null,
        "asset": {
            "id": 157073,
            "type": "Cargo",
            "name": "BEGONIA SEAWAYS"
        },
        "rating": {
            "voteAverage": 0,
            "voteCounter": 0
        },
        "url": "https://images.marinetraffic.com/collection/3396483.webp?size=800"
    },
    {
        "photoId": 3393967,
        "placeTaken": "Kanaal Gent Terneuzen",
        "takenAt": 1540122000,
        "copyright": "Alex Van Herrewege",
        "description": null,
        "asset": {
            "id": 157073,
            "type": "Cargo",
            "name": "BEGONIA SEAWAYS"
        },
        "rating": {
            "voteAverage": 0,
            "voteCounter": 0
        },
        "url": "https://images.marinetraffic.com/collection/3393967.webp?size=800"
    },
    {
        "photoId": 3393965,
        "placeTaken": "Kanaal Gent Terneuzen",
        "takenAt": 1540121880,
        "copyright": "Alex Van Herrewege",
        "description": null,
        "asset": {
            "id": 157073,
            "type": "Cargo",
            "name": "BEGONIA SEAWAYS"
        },
        "rating": {
            "voteAverage": 5,
            "voteCounter": 1
        },
        "url": "https://images.marinetraffic.com/collection/3393965.webp?size=800"
    },
    {
        "photoId": 3327807,
        "placeTaken": "Terneuzen",
        "takenAt": 1541937360,
        "copyright": "patrick westeel",
        "description": null,
        "asset": {
            "id": 157073,
            "type": "Cargo",
            "name": "BEGONIA SEAWAYS"
        },
        "rating": {
            "voteAverage": 4.875,
            "voteCounter": 8
        },
        "url": "https://images.marinetraffic.com/collection/3327807.webp?size=800"
    },
    {
        "photoId": 3327806,
        "placeTaken": "Terneuzen",
        "takenAt": 1541937240,
        "copyright": "patrick westeel",
        "description": null,
        "asset": {
            "id": 157073,
            "type": "Cargo",
            "name": "BEGONIA SEAWAYS"
        },
        "rating": {
            "voteAverage": 5,
            "voteCounter": 10
        },
        "url": "https://images.marinetraffic.com/collection/3327806.webp?size=800"
    },
    {
        "photoId": 3327805,
        "placeTaken": "Terneuzen",
        "takenAt": 1541937000,
        "copyright": "patrick westeel",
        "description": null,
        "asset": {
            "id": 157073,
            "type": "Cargo",
            "name": "BEGONIA SEAWAYS"
        },
        "rating": {
            "voteAverage": 5,
            "voteCounter": 16
        },
        "url": "https://images.marinetraffic.com/collection/3327805.webp?size=800"
    },
    {
        "photoId": 3300941,
        "placeTaken": null,
        "takenAt": 1500396360,
        "copyright": "Philippe Guichot",
        "description": null,
        "asset": {
            "id": 157073,
            "type": "Cargo",
            "name": "BEGONIA SEAWAYS"
        },
        "rating": {
            "voteAverage": 0,
            "voteCounter": 0
        },
        "url": "https://images.marinetraffic.com/collection/3300941.webp?size=800"
    },
    {
        "photoId": 3264195,
        "placeTaken": null,
        "takenAt": 1537375320,
        "copyright": "Philippe Guichot",
        "description": null,
        "asset": {
            "id": 157073,
            "type": "Cargo",
            "name": "BEGONIA SEAWAYS"
        },
        "rating": {
            "voteAverage": 0,
            "voteCounter": 0
        },
        "url": "https://images.marinetraffic.com/collection/3264195.webp?size=800"
    },
    {
        "photoId": 3245150,
        "placeTaken": "vlissingen",
        "takenAt": 1537000380,
        "copyright": "Jan Daniels",
        "description": null,
        "asset": {
            "id": 157073,
            "type": "Cargo",
            "name": "BEGONIA SEAWAYS"
        },
        "rating": {
            "voteAverage": 0,
            "voteCounter": 0
        },
        "url": "https://images.marinetraffic.com/collection/3245150.webp?size=800"
    },
    {
        "photoId": 3245148,
        "placeTaken": "vlissingen",
        "takenAt": 1537000140,
        "copyright": "Jan Daniels",
        "description": null,
        "asset": {
            "id": 157073,
            "type": "Cargo",
            "name": "BEGONIA SEAWAYS"
        },
        "rating": {
            "voteAverage": 0,
            "voteCounter": 0
        },
        "url": "https://images.marinetraffic.com/collection/3245148.webp?size=800"
    },
    {
        "photoId": 3212053,
        "placeTaken": "Flushing Nl",
        "takenAt": 1534580100,
        "copyright": "Hans Francken",
        "description": null,
        "asset": {
            "id": 157073,
            "type": "Cargo",
            "name": "BEGONIA SEAWAYS"
        },
        "rating": {
            "voteAverage": 0,
            "voteCounter": 0
        },
        "url": "https://images.marinetraffic.com/collection/3212053.webp?size=800"
    },
    {
        "photoId": 3076994,
        "placeTaken": "Gteborg",
        "takenAt": 1525775340,
        "copyright": "Donald McKay",
        "description": null,
        "asset": {
            "id": 157073,
            "type": "Cargo",
            "name": "BEGONIA SEAWAYS"
        },
        "rating": {
            "voteAverage": 0,
            "voteCounter": 0
        },
        "url": "https://images.marinetraffic.com/collection/3076994.webp?size=800"
    },
    {
        "photoId": 3076984,
        "placeTaken": "Gteborg",
        "takenAt": 1525779240,
        "copyright": "Donald McKay",
        "description": null,
        "asset": {
            "id": 157073,
            "type": "Cargo",
            "name": "BEGONIA SEAWAYS"
        },
        "rating": {
            "voteAverage": 0,
            "voteCounter": 0
        },
        "url": "https://images.marinetraffic.com/collection/3076984.webp?size=800"
    }
]