[
    {
        "photoId": 4268636,
        "placeTaken": null,
        "takenAt": 1538672520,
        "copyright": "Rene van Quekelberghe",
        "description": null,
        "asset": {
            "id": 157073,
            "type": "Cargo",
            "name": "BEGONIA SEAWAYS"
        },
        "rating": {
            "voteAverage": 0,
            "voteCounter": 0
        },
        "url": "https://images.marinetraffic.com/collection/4268636.webp?size=800"
    },
    {
        "photoId": 4256635,
        "placeTaken": "Sas van Gent",
        "takenAt": 1620227100,
        "copyright": "W.J.M. Uytterhoeven",
        "description": "Bestemming Goteborg",
        "asset": {
            "id": 157073,
            "type": "Cargo",
            "name": "BEGONIA SEAWAYS"
        },
        "rating": {
            "voteAverage": 0,
            "voteCounter": 0
        },
        "url": "https://images.marinetraffic.com/collection/4256635.webp?size=800"
    },
    {
        "photoId": 4252264,
        "placeTaken": "NL",
        "takenAt": 1597482600,
        "copyright": "Segert van Wensen",
        "description": null,
        "asset": {
            "id": 157073,
            "type": "Cargo",
            "name": "BEGONIA SEAWAYS"
        },
        "rating": {
            "voteAverage": 0,
            "voteCounter": 0
        },
        "url": "https://images.marinetraffic.com/collection/4252264.webp?size=800"
    },
    {
        "photoId": 4167520,
        "placeTaken": "Westkapelle",
        "takenAt": 1613210520,
        "copyright": "Jan Sturm",
        "description": null,
        "asset": {
            "id": 157073,
            "type": "Cargo",
            "name": "BEGONIA SEAWAYS"
        },
        "rating": {
            "voteAverage": 5,
            "voteCounter": 1
        },
        "url": "https://images.marinetraffic.com/collection/4167520.webp?size=800"
    },
    {
        "photoId": 4165566,
        "placeTaken": "Sas van Gent",
        "takenAt": 1612969020,
        "copyright": "W.J.M. Uytterhoeven",
        "description": "Bestemming Gotenborg ",
        "asset": {
            "id": 157073,
            "type": "Cargo",
            "name": "BEGONIA SEAWAYS"
        },
        "rating": {
            "voteAverage": 0,
            "voteCounter": 0
        },
        "url": "https://images.marinetraffic.com/collection/4165566.webp?size=800"
    },
    {
        "photoId": 4140962,
        "placeTaken": " NL",
        "takenAt": 1596792600,
        "copyright": "Segert van Wensen",
        "description": null,
        "asset": {
            "id": 157073,
            "type": "Cargo",
            "name": "BEGONIA SEAWAYS"
        },
        "rating": {
            "voteAverage": 0,
            "voteCounter": 0
        },
        "url": "https://images.marinetraffic.com/collection/4140962.webp?size=800"
    },
    {
        "photoId": 4119935,
        "placeTaken": "Vlissingen",
        "takenAt": 1608373620,
        "copyright": "Ed Francissen",
        "description": "Ship in the early sunlight for the coast of Vlissingen, the Netherlands.",
        "asset": {
            "id": 157073,
            "type": "Cargo",
            "name": "BEGONIA SEAWAYS"
        },
        "rating": {
            "voteAverage": 0,
            "voteCounter": 0
        },
        "url": "https://images.marinetraffic.com/collection/4119935.webp?size=800"
    },
    {
        "photoId": 4101710,
        "placeTaken": "Westkapelle",
        "takenAt": 1606556460,
        "copyright": "Jan Sturm",
        "description": null,
        "asset": {
            "id": 157073,
            "type": "Cargo",
            "name": "BEGONIA SEAWAYS"
        },
        "rating": {
            "voteAverage": 0,
            "voteCounter": 0
        },
        "url": "https://images.marinetraffic.com/collection/4101710.webp?size=800"
    },
    {
        "photoId": 4101709,
        "placeTaken": "Westkapelle",
        "takenAt": 1606556280,
        "copyright": "Jan Sturm",
        "description": null,
        "asset": {
            "id": 157073,
            "type": "Cargo",
            "name": "BEGONIA SEAWAYS"
        },
        "rating": {
            "voteAverage": 0,
            "voteCounter": 0
        },
        "url": "https://images.marinetraffic.com/collection/4101709.webp?size=800"
    },
    {
        "photoId": 4089384,
        "placeTaken": "Vlissingen / NL",
        "takenAt": 1596792600,
        "copyright": "Segert van Wensen",
        "description": null,
        "asset": {
            "id": 157073,
            "type": "Cargo",
            "name": "BEGONIA SEAWAYS"
        },
        "rating": {
            "voteAverage": 0,
            "voteCounter": 0
        },
        "url": "https://images.marinetraffic.com/collection/4089384.webp?size=800"
    },
    {
        "photoId": 4058717,
        "placeTaken": "Sas van Gent",
        "takenAt": 1602686340,
        "copyright": "W.J.M. Uytterhoeven",
        "description": null,
        "asset": {
            "id": 157073,
            "type": "Cargo",
            "name": "BEGONIA SEAWAYS"
        },
        "rating": {
            "voteAverage": 5,
            "voteCounter": 2
        },
        "url": "https://images.marinetraffic.com/collection/4058717.webp?size=800"
    },
    {
        "photoId": 4058716,
        "placeTaken": "Sas van Gent",
        "takenAt": 1602686580,
        "copyright": "W.J.M. Uytterhoeven",
        "description": "Bestemming Goteburg",
        "asset": {
            "id": 157073,
            "type": "Cargo",
            "name": "BEGONIA SEAWAYS"
        },
        "rating": {
            "voteAverage": 0,
            "voteCounter": 0
        },
        "url": "https://images.marinetraffic.com/collection/4058716.webp?size=800"
    },
    {
        "photoId": 4031424,
        "placeTaken": "Kanaal Gent Terneuzen",
        "takenAt": 1599659520,
        "copyright": "Alex Van Herrewege",
        "description": null,
        "asset": {
            "id": 157073,
            "type": "Cargo",
            "name": "BEGONIA SEAWAYS"
        },
        "rating": {
            "voteAverage": 5,
            "voteCounter": 2
        },
        "url": "https://images.marinetraffic.com/collection/4031424.webp?size=800"
    },
    {
        "photoId": 4030325,
        "placeTaken": "Kanaal Gent Terneuzen",
        "takenAt": 1599660780,
        "copyright": "Alex Van Herrewege",
        "description": null,
        "asset": {
            "id": 157073,
            "type": "Cargo",
            "name": "BEGONIA SEAWAYS"
        },
        "rating": {
            "voteAverage": 0,
            "voteCounter": 0
        },
        "url": "https://images.marinetraffic.com/collection/4030325.webp?size=800"
    },
    {
        "photoId": 4030323,
        "placeTaken": "Kanaal Gent Terneuzen",
        "takenAt": 1599659340,
        "copyright": "Alex Van Herrewege",
        "description": null,
        "asset": {
            "id": 157073,
            "type": "Cargo",
            "name": "BEGONIA SEAWAYS"
        },
        "rating": {
            "voteAverage": 0,
            "voteCounter": 0
        },
        "url": "https://images.marinetraffic.com/collection/4030323.webp?size=800"
    },
    {
        "photoId": 4015056,
        "placeTaken": "terneuzen",
        "takenAt": 1599301020,
        "copyright": "Patrick Roos",
        "description": null,
        "asset": {
            "id": 157073,
            "type": "Cargo",
            "name": "BEGONIA SEAWAYS"
        },
        "rating": {
            "voteAverage": 0,
            "voteCounter": 0
        },
        "url": "https://images.marinetraffic.com/collection/4015056.webp?size=800"
    },
    {
        "photoId": 4015055,
        "placeTaken": "terneuzen",
        "takenAt": 1599301020,
        "copyright": "Patrick Roos",
        "description": null,
        "asset": {
            "id": 157073,
            "type": "Cargo",
            "name": "BEGONIA SEAWAYS"
        },
        "rating": {
            "voteAverage": 0,
            "voteCounter": 0
        },
        "url": "https://images.marinetraffic.com/collection/4015055.webp?size=800"
    },
    {
        "photoId": 3932423,
        "placeTaken": "Kanaal Gent Terneuzen",
        "takenAt": 1589552280,
        "copyright": "Alex Van Herrewege",
        "description": null,
        "asset": {
            "id": 157073,
            "type": "Cargo",
            "name": "BEGONIA SEAWAYS"
        },
        "rating": {
            "voteAverage": 0,
            "voteCounter": 0
        },
        "url": "https://images.marinetraffic.com/collection/3932423.webp?size=800"
    },
    {
        "photoId": 3917509,
        "placeTaken": "Vlissingen",
        "takenAt": 1592037120,
        "copyright": "Frank-Peter Mecklenbeck",
        "description": null,
        "asset": {
            "id": 157073,
            "type": "Cargo",
            "name": "BEGONIA SEAWAYS"
        },
        "rating": {
            "voteAverage": 5,
            "voteCounter": 9
        },
        "url": "https://images.marinetraffic.com/collection/3917509.webp?size=800"
    },
    {
        "photoId": 3909821,
        "placeTaken": "Vlissingen Westerschelde NL",
        "takenAt": 1592040480,
        "copyright": "Peter van Gils",
        "description": null,
        "asset": {
            "id": 157073,
            "type": "Cargo",
            "name": "BEGONIA SEAWAYS"
        },
        "rating": {
            "voteAverage": 0,
            "voteCounter": 0
        },
        "url": "https://images.marinetraffic.com/collection/3909821.webp?size=800"
    }
]