[
    {
        "photoId": 4135809,
        "placeTaken": "Cuxhaven",
        "takenAt": 1591374780,
        "copyright": "Reinhard Schmidt",
        "description": null,
        "asset": {
            "id": 6278089,
            "type": "Cargo",
            "name": "VILLE DE BORDEAUX"
        },
        "rating": {
            "voteAverage": 0,
            "voteCounter": 0
        },
        "url": "https://images.marinetraffic.com/collection/4135809.webp?size=800"
    },
    {
        "photoId": 4135605,
        "placeTaken": "ROYAL PORTBURY DOCKS",
        "takenAt": 1609932180,
        "copyright": "MARTIN PICK",
        "description": null,
        "asset": {
            "id": 6278089,
            "type": "Cargo",
            "name": "VILLE DE BORDEAUX"
        },
        "rating": {
            "voteAverage": 0,
            "voteCounter": 0
        },
        "url": "https://images.marinetraffic.com/collection/4135605.webp?size=800"
    },
    {
        "photoId": 4071309,
        "placeTaken": null,
        "takenAt": 943920000,
        "copyright": "Alberto Montes",
        "description": "recien salido del dique seco ya sin las letras de A380",
        "asset": {
            "id": 6278089,
            "type": "Cargo",
            "name": "VILLE DE BORDEAUX"
        },
        "rating": {
            "voteAverage": 0,
            "voteCounter": 0
        },
        "url": "https://images.marinetraffic.com/collection/4071309.webp?size=800"
    },
    {
        "photoId": 4040619,
        "placeTaken": "Astander, El Astillero ",
        "takenAt": 1601223480,
        "copyright": "Alberto Montes",
        "description": null,
        "asset": {
            "id": 6278089,
            "type": "Cargo",
            "name": "VILLE DE BORDEAUX"
        },
        "rating": {
            "voteAverage": 0,
            "voteCounter": 0
        },
        "url": "https://images.marinetraffic.com/collection/4040619.webp?size=800"
    },
    {
        "photoId": 3996447,
        "placeTaken": "Otterndorf",
        "takenAt": 1598025420,
        "copyright": "Rene Mieder",
        "description": null,
        "asset": {
            "id": 6278089,
            "type": "Cargo",
            "name": "VILLE DE BORDEAUX"
        },
        "rating": {
            "voteAverage": 0,
            "voteCounter": 0
        },
        "url": "https://images.marinetraffic.com/collection/3996447.webp?size=800"
    },
    {
        "photoId": 3996446,
        "placeTaken": "Otterndorf",
        "takenAt": 1598025360,
        "copyright": "Rene Mieder",
        "description": null,
        "asset": {
            "id": 6278089,
            "type": "Cargo",
            "name": "VILLE DE BORDEAUX"
        },
        "rating": {
            "voteAverage": 0,
            "voteCounter": 0
        },
        "url": "https://images.marinetraffic.com/collection/3996446.webp?size=800"
    },
    {
        "photoId": 3948134,
        "placeTaken": "Elbe / Glckstadt",
        "takenAt": 1589553720,
        "copyright": "Hartema Heyken",
        "description": null,
        "asset": {
            "id": 6278089,
            "type": "Cargo",
            "name": "VILLE DE BORDEAUX"
        },
        "rating": {
            "voteAverage": 0,
            "voteCounter": 0
        },
        "url": "https://images.marinetraffic.com/collection/3948134.webp?size=800"
    },
    {
        "photoId": 3948133,
        "placeTaken": "Elbe / Glckstadt",
        "takenAt": 1589553840,
        "copyright": "Hartema Heyken",
        "description": null,
        "asset": {
            "id": 6278089,
            "type": "Cargo",
            "name": "VILLE DE BORDEAUX"
        },
        "rating": {
            "voteAverage": 0,
            "voteCounter": 0
        },
        "url": "https://images.marinetraffic.com/collection/3948133.webp?size=800"
    },
    {
        "photoId": 3936273,
        "placeTaken": "Cuxhaven, Alte Liebe, Germany",
        "takenAt": 1593187920,
        "copyright": "Felix R\u00f6ben",
        "description": null,
        "asset": {
            "id": 6278089,
            "type": "Cargo",
            "name": "VILLE DE BORDEAUX"
        },
        "rating": {
            "voteAverage": 5,
            "voteCounter": 1
        },
        "url": "https://images.marinetraffic.com/collection/3936273.webp?size=800"
    },
    {
        "photoId": 3870423,
        "placeTaken": "Cuxhaven",
        "takenAt": 1584463800,
        "copyright": "Reinhard Schmidt",
        "description": null,
        "asset": {
            "id": 6278089,
            "type": "Cargo",
            "name": "VILLE DE BORDEAUX"
        },
        "rating": {
            "voteAverage": 0,
            "voteCounter": 0
        },
        "url": "https://images.marinetraffic.com/collection/3870423.webp?size=800"
    },
    {
        "photoId": 3848325,
        "placeTaken": "fontygary",
        "takenAt": 1584885720,
        "copyright": "Mark Parsons",
        "description": null,
        "asset": {
            "id": 6278089,
            "type": "Cargo",
            "name": "VILLE DE BORDEAUX"
        },
        "rating": {
            "voteAverage": 0,
            "voteCounter": 0
        },
        "url": "https://images.marinetraffic.com/collection/3848325.webp?size=800"
    },
    {
        "photoId": 3841419,
        "placeTaken": null,
        "takenAt": 1531498980,
        "copyright": "Frank Tribull",
        "description": "als VILLE DE BORDEAUX aufgenommen am 13.07.2018 bei Cuxhaven H\u00f6he Steubenh\u00f6ft",
        "asset": {
            "id": 6278089,
            "type": "Cargo",
            "name": "VILLE DE BORDEAUX"
        },
        "rating": {
            "voteAverage": 0,
            "voteCounter": 0
        },
        "url": "https://images.marinetraffic.com/collection/3841419.webp?size=800"
    },
    {
        "photoId": 3824682,
        "placeTaken": "Portishead Point",
        "takenAt": 1584889680,
        "copyright": "Peter Stockwell",
        "description": "Ville De Bordeaux inbound passing Portishead Point",
        "asset": {
            "id": 6278089,
            "type": "Cargo",
            "name": "VILLE DE BORDEAUX"
        },
        "rating": {
            "voteAverage": 5,
            "voteCounter": 2
        },
        "url": "https://images.marinetraffic.com/collection/3824682.webp?size=800"
    },
    {
        "photoId": 3822370,
        "placeTaken": "Portishead",
        "takenAt": 1584894180,
        "copyright": "Huw Gibby",
        "description": "Passing Battery Point, Portishead inbound for Royal Portbury Dock from Montoir, France.",
        "asset": {
            "id": 6278089,
            "type": "Cargo",
            "name": "VILLE DE BORDEAUX"
        },
        "rating": {
            "voteAverage": 0,
            "voteCounter": 0
        },
        "url": "https://images.marinetraffic.com/collection/3822370.webp?size=800"
    },
    {
        "photoId": 3820267,
        "placeTaken": "Battery Point Portishead Bristol",
        "takenAt": 1584894420,
        "copyright": "Ernie Horler",
        "description": null,
        "asset": {
            "id": 6278089,
            "type": "Cargo",
            "name": "VILLE DE BORDEAUX"
        },
        "rating": {
            "voteAverage": 0,
            "voteCounter": 0
        },
        "url": "https://images.marinetraffic.com/collection/3820267.webp?size=800"
    },
    {
        "photoId": 3807771,
        "placeTaken": "Cuxhaven",
        "takenAt": 1583251380,
        "copyright": "Claus Schaefe",
        "description": null,
        "asset": {
            "id": 6278089,
            "type": "Cargo",
            "name": "VILLE DE BORDEAUX"
        },
        "rating": {
            "voteAverage": 5,
            "voteCounter": 7
        },
        "url": "https://images.marinetraffic.com/collection/3807771.webp?size=800"
    },
    {
        "photoId": 3807770,
        "placeTaken": "Cuxhaven",
        "takenAt": 1583251320,
        "copyright": "Claus Schaefe",
        "description": null,
        "asset": {
            "id": 6278089,
            "type": "Cargo",
            "name": "VILLE DE BORDEAUX"
        },
        "rating": {
            "voteAverage": 5,
            "voteCounter": 9
        },
        "url": "https://images.marinetraffic.com/collection/3807770.webp?size=800"
    },
    {
        "photoId": 3807769,
        "placeTaken": "Cuxhaven",
        "takenAt": 1583251140,
        "copyright": "Claus Schaefe",
        "description": null,
        "asset": {
            "id": 6278089,
            "type": "Cargo",
            "name": "VILLE DE BORDEAUX"
        },
        "rating": {
            "voteAverage": 5,
            "voteCounter": 6
        },
        "url": "https://images.marinetraffic.com/collection/3807769.webp?size=800"
    },
    {
        "photoId": 3807768,
        "placeTaken": "Cuxhaven",
        "takenAt": 1583250960,
        "copyright": "Claus Schaefe",
        "description": null,
        "asset": {
            "id": 6278089,
            "type": "Cargo",
            "name": "VILLE DE BORDEAUX"
        },
        "rating": {
            "voteAverage": 5,
            "voteCounter": 7
        },
        "url": "https://images.marinetraffic.com/collection/3807768.webp?size=800"
    },
    {
        "photoId": 3750346,
        "placeTaken": "Hamburg",
        "takenAt": 1577972340,
        "copyright": "pingi eisbar",
        "description": null,
        "asset": {
            "id": 6278089,
            "type": "Cargo",
            "name": "VILLE DE BORDEAUX"
        },
        "rating": {
            "voteAverage": 0,
            "voteCounter": 0
        },
        "url": "https://images.marinetraffic.com/collection/3750346.webp?size=800"
    }
]