[
    {
        "photoId": 4482577,
        "placeTaken": null,
        "takenAt": 1628698680,
        "copyright": "Philippe Guichot",
        "description": null,
        "asset": {
            "id": 6278089,
            "type": "Cargo",
            "name": "VILLE DE BORDEAUX"
        },
        "rating": {
            "voteAverage": 0,
            "voteCounter": 0
        },
        "url": "https://images.marinetraffic.com/collection/4482577.webp?size=800"
    },
    {
        "photoId": 4482576,
        "placeTaken": null,
        "takenAt": 1628698320,
        "copyright": "Philippe Guichot",
        "description": null,
        "asset": {
            "id": 6278089,
            "type": "Cargo",
            "name": "VILLE DE BORDEAUX"
        },
        "rating": {
            "voteAverage": 0,
            "voteCounter": 0
        },
        "url": "https://images.marinetraffic.com/collection/4482576.webp?size=800"
    },
    {
        "photoId": 4468936,
        "placeTaken": null,
        "takenAt": 1628698560,
        "copyright": "Philippe Guichot",
        "description": null,
        "asset": {
            "id": 6278089,
            "type": "Cargo",
            "name": "VILLE DE BORDEAUX"
        },
        "rating": {
            "voteAverage": 0,
            "voteCounter": 0
        },
        "url": "https://images.marinetraffic.com/collection/4468936.webp?size=800"
    },
    {
        "photoId": 4468935,
        "placeTaken": null,
        "takenAt": 1628698260,
        "copyright": "Philippe Guichot",
        "description": null,
        "asset": {
            "id": 6278089,
            "type": "Cargo",
            "name": "VILLE DE BORDEAUX"
        },
        "rating": {
            "voteAverage": 0,
            "voteCounter": 0
        },
        "url": "https://images.marinetraffic.com/collection/4468935.webp?size=800"
    },
    {
        "photoId": 4421617,
        "placeTaken": "Portishead Point",
        "takenAt": 1631449680,
        "copyright": "Peter Stockwell",
        "description": "Villa De Bordeaux outbound passing Portishead Point",
        "asset": {
            "id": 6278089,
            "type": "Cargo",
            "name": "VILLE DE BORDEAUX"
        },
        "rating": {
            "voteAverage": 5,
            "voteCounter": 1
        },
        "url": "https://images.marinetraffic.com/collection/4421617.webp?size=800"
    },
    {
        "photoId": 4421323,
        "placeTaken": "Portishead",
        "takenAt": 1631450940,
        "copyright": "Huw Gibby",
        "description": "Passing dredger City of Cardiff off Portishead outbound from Royal Portbury Dock for Hamburg.",
        "asset": {
            "id": 6278089,
            "type": "Cargo",
            "name": "VILLE DE BORDEAUX"
        },
        "rating": {
            "voteAverage": 5,
            "voteCounter": 1
        },
        "url": "https://images.marinetraffic.com/collection/4421323.webp?size=800"
    },
    {
        "photoId": 4421319,
        "placeTaken": "Portishead",
        "takenAt": 1631450760,
        "copyright": "Huw Gibby",
        "description": "Passing Portishead outbound from Royal Portbury Dock for Hamburg.",
        "asset": {
            "id": 6278089,
            "type": "Cargo",
            "name": "VILLE DE BORDEAUX"
        },
        "rating": {
            "voteAverage": 0,
            "voteCounter": 0
        },
        "url": "https://images.marinetraffic.com/collection/4421319.webp?size=800"
    },
    {
        "photoId": 4389702,
        "placeTaken": "Northsea / Cuxhafen",
        "takenAt": 1628694300,
        "copyright": "Nils Junge",
        "description": null,
        "asset": {
            "id": 6278089,
            "type": "Cargo",
            "name": "VILLE DE BORDEAUX"
        },
        "rating": {
            "voteAverage": 5,
            "voteCounter": 6
        },
        "url": "https://images.marinetraffic.com/collection/4389702.webp?size=800"
    },
    {
        "photoId": 4389701,
        "placeTaken": "Northsea / Cuxhafen",
        "takenAt": 1628694660,
        "copyright": "Nils Junge",
        "description": null,
        "asset": {
            "id": 6278089,
            "type": "Cargo",
            "name": "VILLE DE BORDEAUX"
        },
        "rating": {
            "voteAverage": 5,
            "voteCounter": 1
        },
        "url": "https://images.marinetraffic.com/collection/4389701.webp?size=800"
    },
    {
        "photoId": 4389699,
        "placeTaken": "Northsea / Cuxhafen",
        "takenAt": 1628694480,
        "copyright": "Nils Junge",
        "description": null,
        "asset": {
            "id": 6278089,
            "type": "Cargo",
            "name": "VILLE DE BORDEAUX"
        },
        "rating": {
            "voteAverage": 5,
            "voteCounter": 2
        },
        "url": "https://images.marinetraffic.com/collection/4389699.webp?size=800"
    },
    {
        "photoId": 4322881,
        "placeTaken": "Cuxhaven",
        "takenAt": 1624635840,
        "copyright": "Jens Grabbe",
        "description": null,
        "asset": {
            "id": 6278089,
            "type": "Cargo",
            "name": "VILLE DE BORDEAUX"
        },
        "rating": {
            "voteAverage": 5,
            "voteCounter": 1
        },
        "url": "https://images.marinetraffic.com/collection/4322881.webp?size=800"
    },
    {
        "photoId": 4312299,
        "placeTaken": "Portishead",
        "takenAt": 1624010640,
        "copyright": "Huw Gibby",
        "description": "Passing Battery Point, Portishead inbound for Royal Portbury Dock from Mobile, USA.",
        "asset": {
            "id": 6278089,
            "type": "Cargo",
            "name": "VILLE DE BORDEAUX"
        },
        "rating": {
            "voteAverage": 0,
            "voteCounter": 0
        },
        "url": "https://images.marinetraffic.com/collection/4312299.webp?size=800"
    },
    {
        "photoId": 4312298,
        "placeTaken": "Portishead",
        "takenAt": 1624010160,
        "copyright": "Huw Gibby",
        "description": "Passing Portishead inbound for Royal Portbury Dock from Mobile, USA.",
        "asset": {
            "id": 6278089,
            "type": "Cargo",
            "name": "VILLE DE BORDEAUX"
        },
        "rating": {
            "voteAverage": 0,
            "voteCounter": 0
        },
        "url": "https://images.marinetraffic.com/collection/4312298.webp?size=800"
    },
    {
        "photoId": 4179911,
        "placeTaken": "Krautsand/Elbe",
        "takenAt": 1614180300,
        "copyright": "Michael Brakhage",
        "description": null,
        "asset": {
            "id": 6278089,
            "type": "Cargo",
            "name": "VILLE DE BORDEAUX"
        },
        "rating": {
            "voteAverage": 0,
            "voteCounter": 0
        },
        "url": "https://images.marinetraffic.com/collection/4179911.webp?size=800"
    },
    {
        "photoId": 4179909,
        "placeTaken": "Krautsand/Elbe",
        "takenAt": 1614180120,
        "copyright": "Michael Brakhage",
        "description": null,
        "asset": {
            "id": 6278089,
            "type": "Cargo",
            "name": "VILLE DE BORDEAUX"
        },
        "rating": {
            "voteAverage": 0,
            "voteCounter": 0
        },
        "url": "https://images.marinetraffic.com/collection/4179909.webp?size=800"
    },
    {
        "photoId": 4167644,
        "placeTaken": "Portishead",
        "takenAt": 1613217240,
        "copyright": "Huw Gibby",
        "description": "Passing Portishead outbound from Royal Portbury Dock for Cuxhaven.",
        "asset": {
            "id": 6278089,
            "type": "Cargo",
            "name": "VILLE DE BORDEAUX"
        },
        "rating": {
            "voteAverage": 0,
            "voteCounter": 0
        },
        "url": "https://images.marinetraffic.com/collection/4167644.webp?size=800"
    },
    {
        "photoId": 4167642,
        "placeTaken": "Portishead",
        "takenAt": 1613217060,
        "copyright": "Huw Gibby",
        "description": "Passing Portishead outbound from Royal Portbury Dock for Cuxhaven.",
        "asset": {
            "id": 6278089,
            "type": "Cargo",
            "name": "VILLE DE BORDEAUX"
        },
        "rating": {
            "voteAverage": 0,
            "voteCounter": 0
        },
        "url": "https://images.marinetraffic.com/collection/4167642.webp?size=800"
    },
    {
        "photoId": 4167641,
        "placeTaken": "Portishead",
        "takenAt": 1613216940,
        "copyright": "Huw Gibby",
        "description": "Passing Battery Point, Portishead outbound from Royal Portbury Dock for Cuxhaven.",
        "asset": {
            "id": 6278089,
            "type": "Cargo",
            "name": "VILLE DE BORDEAUX"
        },
        "rating": {
            "voteAverage": 0,
            "voteCounter": 0
        },
        "url": "https://images.marinetraffic.com/collection/4167641.webp?size=800"
    },
    {
        "photoId": 4140241,
        "placeTaken": "Ville De Bordeaux  Hamburg  Airbus ",
        "takenAt": 1610203680,
        "copyright": "rannug",
        "description": "Ville De Bordeaux  Hamburg  Airbus ",
        "asset": {
            "id": 6278089,
            "type": "Cargo",
            "name": "VILLE DE BORDEAUX"
        },
        "rating": {
            "voteAverage": 5,
            "voteCounter": 1
        },
        "url": "https://images.marinetraffic.com/collection/4140241.webp?size=800"
    },
    {
        "photoId": 4136007,
        "placeTaken": "ROYAL PORTBURY DOCKS - BERTH 3",
        "takenAt": 1609938240,
        "copyright": "MARTIN PICK",
        "description": null,
        "asset": {
            "id": 6278089,
            "type": "Cargo",
            "name": "VILLE DE BORDEAUX"
        },
        "rating": {
            "voteAverage": 0,
            "voteCounter": 0
        },
        "url": "https://images.marinetraffic.com/collection/4136007.webp?size=800"
    }
]