[
    {
        "photoId": 3750345,
        "placeTaken": "Hamburg",
        "takenAt": 1577972340,
        "copyright": "pingi eisbar",
        "description": null,
        "asset": {
            "id": 6278089,
            "type": "Cargo",
            "name": "VILLE DE BORDEAUX"
        },
        "rating": {
            "voteAverage": 5,
            "voteCounter": 1
        },
        "url": "https://images.marinetraffic.com/collection/3750345.webp?size=800"
    },
    {
        "photoId": 3750344,
        "placeTaken": "Hamburg",
        "takenAt": 1577971860,
        "copyright": "pingi eisbar",
        "description": null,
        "asset": {
            "id": 6278089,
            "type": "Cargo",
            "name": "VILLE DE BORDEAUX"
        },
        "rating": {
            "voteAverage": 5,
            "voteCounter": 3
        },
        "url": "https://images.marinetraffic.com/collection/3750344.webp?size=800"
    },
    {
        "photoId": 3747130,
        "placeTaken": "grnendeich",
        "takenAt": 1566587880,
        "copyright": "ludwigson",
        "description": null,
        "asset": {
            "id": 6278089,
            "type": "Cargo",
            "name": "VILLE DE BORDEAUX"
        },
        "rating": {
            "voteAverage": 0,
            "voteCounter": 0
        },
        "url": "https://images.marinetraffic.com/collection/3747130.webp?size=800"
    },
    {
        "photoId": 3747129,
        "placeTaken": "grnendeich",
        "takenAt": 1566587760,
        "copyright": "ludwigson",
        "description": null,
        "asset": {
            "id": 6278089,
            "type": "Cargo",
            "name": "VILLE DE BORDEAUX"
        },
        "rating": {
            "voteAverage": 0,
            "voteCounter": 0
        },
        "url": "https://images.marinetraffic.com/collection/3747129.webp?size=800"
    },
    {
        "photoId": 3746026,
        "placeTaken": "grnendeich",
        "takenAt": 1566588120,
        "copyright": "ludwigson",
        "description": null,
        "asset": {
            "id": 6278089,
            "type": "Cargo",
            "name": "VILLE DE BORDEAUX"
        },
        "rating": {
            "voteAverage": 5,
            "voteCounter": 1
        },
        "url": "https://images.marinetraffic.com/collection/3746026.webp?size=800"
    },
    {
        "photoId": 3591120,
        "placeTaken": "Blankanese, Hamburg",
        "takenAt": 1564749660,
        "copyright": "Andrew McGonnell",
        "description": null,
        "asset": {
            "id": 6278089,
            "type": "Cargo",
            "name": "VILLE DE BORDEAUX"
        },
        "rating": {
            "voteAverage": 5,
            "voteCounter": 1
        },
        "url": "https://images.marinetraffic.com/collection/3591120.webp?size=800"
    },
    {
        "photoId": 3588155,
        "placeTaken": "Krautsand/Elbe",
        "takenAt": 1564756440,
        "copyright": "Kalle Rutkowski",
        "description": null,
        "asset": {
            "id": 6278089,
            "type": "Cargo",
            "name": "VILLE DE BORDEAUX"
        },
        "rating": {
            "voteAverage": 5,
            "voteCounter": 2
        },
        "url": "https://images.marinetraffic.com/collection/3588155.webp?size=800"
    },
    {
        "photoId": 3577690,
        "placeTaken": "Elbe, Cuxhaven GER",
        "takenAt": 1558709820,
        "copyright": "FBN Raiger",
        "description": "Elbe, Cuxhaven GER",
        "asset": {
            "id": 6278089,
            "type": "Cargo",
            "name": "VILLE DE BORDEAUX"
        },
        "rating": {
            "voteAverage": 5,
            "voteCounter": 20
        },
        "url": "https://images.marinetraffic.com/collection/3577690.webp?size=800"
    },
    {
        "photoId": 3577689,
        "placeTaken": "Elbe, Cuxhaven GER",
        "takenAt": 1558709940,
        "copyright": "FBN Raiger",
        "description": "Elbe, Cuxhaven GER",
        "asset": {
            "id": 6278089,
            "type": "Cargo",
            "name": "VILLE DE BORDEAUX"
        },
        "rating": {
            "voteAverage": 5,
            "voteCounter": 21
        },
        "url": "https://images.marinetraffic.com/collection/3577689.webp?size=800"
    },
    {
        "photoId": 3570875,
        "placeTaken": "Cuxhaven",
        "takenAt": 1539964080,
        "copyright": "Bettina Rohbrecht",
        "description": null,
        "asset": {
            "id": 6278089,
            "type": "Cargo",
            "name": "VILLE DE BORDEAUX"
        },
        "rating": {
            "voteAverage": 5,
            "voteCounter": 1
        },
        "url": "https://images.marinetraffic.com/collection/3570875.webp?size=800"
    },
    {
        "photoId": 3570871,
        "placeTaken": "Cuxhaven",
        "takenAt": 1539963900,
        "copyright": "Bettina Rohbrecht",
        "description": null,
        "asset": {
            "id": 6278089,
            "type": "Cargo",
            "name": "VILLE DE BORDEAUX"
        },
        "rating": {
            "voteAverage": 5,
            "voteCounter": 1
        },
        "url": "https://images.marinetraffic.com/collection/3570871.webp?size=800"
    },
    {
        "photoId": 3551945,
        "placeTaken": "Cuxhaven",
        "takenAt": 1561133400,
        "copyright": "Horst Cierullies",
        "description": null,
        "asset": {
            "id": 6278089,
            "type": "Cargo",
            "name": "VILLE DE BORDEAUX"
        },
        "rating": {
            "voteAverage": 5,
            "voteCounter": 4
        },
        "url": "https://images.marinetraffic.com/collection/3551945.webp?size=800"
    },
    {
        "photoId": 3496604,
        "placeTaken": "Finkenwerder. Airbuswerk",
        "takenAt": 1556887980,
        "copyright": "Arnoud Ackermans",
        "description": null,
        "asset": {
            "id": 6278089,
            "type": "Cargo",
            "name": "VILLE DE BORDEAUX"
        },
        "rating": {
            "voteAverage": 5,
            "voteCounter": 1
        },
        "url": "https://images.marinetraffic.com/collection/3496604.webp?size=800"
    },
    {
        "photoId": 3441527,
        "placeTaken": "Cuxhaven",
        "takenAt": 1554548160,
        "copyright": "Peter Heiden",
        "description": null,
        "asset": {
            "id": 6278089,
            "type": "Cargo",
            "name": "VILLE DE BORDEAUX"
        },
        "rating": {
            "voteAverage": 0,
            "voteCounter": 0
        },
        "url": "https://images.marinetraffic.com/collection/3441527.webp?size=800"
    },
    {
        "photoId": 3370226,
        "placeTaken": "Cuxhaven",
        "takenAt": 1535733240,
        "copyright": "Albert Forster",
        "description": null,
        "asset": {
            "id": 6278089,
            "type": "Cargo",
            "name": "VILLE DE BORDEAUX"
        },
        "rating": {
            "voteAverage": 0,
            "voteCounter": 0
        },
        "url": "https://images.marinetraffic.com/collection/3370226.webp?size=800"
    },
    {
        "photoId": 3350528,
        "placeTaken": "Cuxhaven, auf H\u00f6he der Kugelbake",
        "takenAt": 1546177620,
        "copyright": "C Right",
        "description": null,
        "asset": {
            "id": 6278089,
            "type": "Cargo",
            "name": "VILLE DE BORDEAUX"
        },
        "rating": {
            "voteAverage": 0,
            "voteCounter": 0
        },
        "url": "https://images.marinetraffic.com/collection/3350528.webp?size=800"
    },
    {
        "photoId": 3348257,
        "placeTaken": "Hamburg-Finkenwerder",
        "takenAt": 1546436580,
        "copyright": "S.Seelemann",
        "description": null,
        "asset": {
            "id": 6278089,
            "type": "Cargo",
            "name": "VILLE DE BORDEAUX"
        },
        "rating": {
            "voteAverage": 5,
            "voteCounter": 1
        },
        "url": "https://images.marinetraffic.com/collection/3348257.webp?size=800"
    },
    {
        "photoId": 3328175,
        "placeTaken": "Elbe, Hamburg GER",
        "takenAt": 1535107140,
        "copyright": "FBN Raiger",
        "description": "AIRBUS Finkenwerder",
        "asset": {
            "id": 6278089,
            "type": "Cargo",
            "name": "VILLE DE BORDEAUX"
        },
        "rating": {
            "voteAverage": 4.9375,
            "voteCounter": 16
        },
        "url": "https://images.marinetraffic.com/collection/3328175.webp?size=800"
    },
    {
        "photoId": 3237249,
        "placeTaken": null,
        "takenAt": 1536937020,
        "copyright": "Jan Kuhlmann",
        "description": "Elbe River near Brunsbuettel",
        "asset": {
            "id": 6278089,
            "type": "Cargo",
            "name": "VILLE DE BORDEAUX"
        },
        "rating": {
            "voteAverage": 0,
            "voteCounter": 0
        },
        "url": "https://images.marinetraffic.com/collection/3237249.webp?size=800"
    },
    {
        "photoId": 3232616,
        "placeTaken": "HAMBURG",
        "takenAt": 1534487760,
        "copyright": "Darren Round",
        "description": "Arriving at the Airbus factory Hamburg",
        "asset": {
            "id": 6278089,
            "type": "Cargo",
            "name": "VILLE DE BORDEAUX"
        },
        "rating": {
            "voteAverage": 5,
            "voteCounter": 1
        },
        "url": "https://images.marinetraffic.com/collection/3232616.webp?size=800"
    }
]