[
    {
        "photoId": 4784228,
        "placeTaken": "NOK Sehestedt",
        "takenAt": 1659790320,
        "copyright": "Helge Schilling",
        "description": null,
        "asset": {
            "id": 143875,
            "type": "Cargo",
            "name": "CAP SAN DIEGO"
        },
        "rating": {
            "voteAverage": 5,
            "voteCounter": 1
        },
        "url": "https://images.marinetraffic.com/collection/4784228.webp?size=800"
    },
    {
        "photoId": 4784226,
        "placeTaken": "NOK Sehestedt",
        "takenAt": 1659790260,
        "copyright": "Helge Schilling",
        "description": null,
        "asset": {
            "id": 143875,
            "type": "Cargo",
            "name": "CAP SAN DIEGO"
        },
        "rating": {
            "voteAverage": 5,
            "voteCounter": 1
        },
        "url": "https://images.marinetraffic.com/collection/4784226.webp?size=800"
    },
    {
        "photoId": 4784224,
        "placeTaken": "NOK Sehestedt",
        "takenAt": 1659790200,
        "copyright": "Helge Schilling",
        "description": null,
        "asset": {
            "id": 143875,
            "type": "Cargo",
            "name": "CAP SAN DIEGO"
        },
        "rating": {
            "voteAverage": 5,
            "voteCounter": 1
        },
        "url": "https://images.marinetraffic.com/collection/4784224.webp?size=800"
    },
    {
        "photoId": 4784222,
        "placeTaken": "Rendsburg Kreishafen",
        "takenAt": 1659730980,
        "copyright": "Helge Schilling",
        "description": null,
        "asset": {
            "id": 143875,
            "type": "Cargo",
            "name": "CAP SAN DIEGO"
        },
        "rating": {
            "voteAverage": 5,
            "voteCounter": 2
        },
        "url": "https://images.marinetraffic.com/collection/4784222.webp?size=800"
    },
    {
        "photoId": 4784012,
        "placeTaken": "NOK-Audorfer See",
        "takenAt": 1659786660,
        "copyright": "Hans-Peter Schroeder",
        "description": "Das Museumsschiff wird von den Schleppern Falckenstein und Holtenau r\u00fcckw\u00e4rts auf dem Nord-Ostsee-Kanal geschleppt.",
        "asset": {
            "id": 143875,
            "type": "Cargo",
            "name": "CAP SAN DIEGO"
        },
        "rating": {
            "voteAverage": 5,
            "voteCounter": 21
        },
        "url": "https://images.marinetraffic.com/collection/4784012.webp?size=800"
    },
    {
        "photoId": 4783775,
        "placeTaken": "Kiel Canal / Germany",
        "takenAt": null,
        "copyright": "Nils Junge",
        "description": null,
        "asset": {
            "id": 143875,
            "type": "Cargo",
            "name": "CAP SAN DIEGO"
        },
        "rating": {
            "voteAverage": 5,
            "voteCounter": 5
        },
        "url": "https://images.marinetraffic.com/collection/4783775.webp?size=800"
    },
    {
        "photoId": 4783323,
        "placeTaken": "Rendsburg",
        "takenAt": null,
        "copyright": "Alex Vavilin",
        "description": "NOK - Rendburg",
        "asset": {
            "id": 143875,
            "type": "Cargo",
            "name": "CAP SAN DIEGO"
        },
        "rating": {
            "voteAverage": 5,
            "voteCounter": 1
        },
        "url": "https://images.marinetraffic.com/collection/4783323.webp?size=800"
    },
    {
        "photoId": 4782887,
        "placeTaken": null,
        "takenAt": 1658826780,
        "copyright": "Svend-Ole Reimers",
        "description": null,
        "asset": {
            "id": 143875,
            "type": "Cargo",
            "name": "CAP SAN DIEGO"
        },
        "rating": {
            "voteAverage": 0,
            "voteCounter": 0
        },
        "url": "https://images.marinetraffic.com/collection/4782887.webp?size=800"
    },
    {
        "photoId": 4782886,
        "placeTaken": null,
        "takenAt": 1658826840,
        "copyright": "Svend-Ole Reimers",
        "description": null,
        "asset": {
            "id": 143875,
            "type": "Cargo",
            "name": "CAP SAN DIEGO"
        },
        "rating": {
            "voteAverage": 5,
            "voteCounter": 1
        },
        "url": "https://images.marinetraffic.com/collection/4782886.webp?size=800"
    },
    {
        "photoId": 4752551,
        "placeTaken": null,
        "takenAt": 1586850600,
        "copyright": "Lutz Schapke",
        "description": null,
        "asset": {
            "id": 143875,
            "type": "Cargo",
            "name": "CAP SAN DIEGO"
        },
        "rating": {
            "voteAverage": 5,
            "voteCounter": 1
        },
        "url": "https://images.marinetraffic.com/collection/4752551.webp?size=800"
    },
    {
        "photoId": 4749003,
        "placeTaken": "Hamburg, Bubendeyufer",
        "takenAt": 1654876800,
        "copyright": "Oliver Boltz",
        "description": null,
        "asset": {
            "id": 143875,
            "type": "Cargo",
            "name": "CAP SAN DIEGO"
        },
        "rating": {
            "voteAverage": 5,
            "voteCounter": 1
        },
        "url": "https://images.marinetraffic.com/collection/4749003.webp?size=800"
    },
    {
        "photoId": 4749002,
        "placeTaken": "Hamburg, Bubendeyufer",
        "takenAt": 1654876740,
        "copyright": "Oliver Boltz",
        "description": null,
        "asset": {
            "id": 143875,
            "type": "Cargo",
            "name": "CAP SAN DIEGO"
        },
        "rating": {
            "voteAverage": 5,
            "voteCounter": 1
        },
        "url": "https://images.marinetraffic.com/collection/4749002.webp?size=800"
    },
    {
        "photoId": 4748999,
        "placeTaken": "Hamburg, Bubendeyufer",
        "takenAt": 1654876740,
        "copyright": "Oliver Boltz",
        "description": null,
        "asset": {
            "id": 143875,
            "type": "Cargo",
            "name": "CAP SAN DIEGO"
        },
        "rating": {
            "voteAverage": 5,
            "voteCounter": 1
        },
        "url": "https://images.marinetraffic.com/collection/4748999.webp?size=800"
    },
    {
        "photoId": 4748201,
        "placeTaken": null,
        "takenAt": 943920000,
        "copyright": "KORHAN BIROL",
        "description": null,
        "asset": {
            "id": 143875,
            "type": "Cargo",
            "name": "CAP SAN DIEGO"
        },
        "rating": {
            "voteAverage": 5,
            "voteCounter": 1
        },
        "url": "https://images.marinetraffic.com/collection/4748201.webp?size=800"
    },
    {
        "photoId": 4746733,
        "placeTaken": null,
        "takenAt": 943920000,
        "copyright": "KORHAN BIROL",
        "description": null,
        "asset": {
            "id": 143875,
            "type": "Cargo",
            "name": "CAP SAN DIEGO"
        },
        "rating": {
            "voteAverage": 5,
            "voteCounter": 1
        },
        "url": "https://images.marinetraffic.com/collection/4746733.webp?size=800"
    },
    {
        "photoId": 4745279,
        "placeTaken": "Hamburg Blankenese",
        "takenAt": 1657388280,
        "copyright": "Carsten Feldhusen",
        "description": "Die CAP SAN DIEGO passiert am 09.07.2022 das Airbus-Werk Finkenwerder in Hamburg",
        "asset": {
            "id": 143875,
            "type": "Cargo",
            "name": "CAP SAN DIEGO"
        },
        "rating": {
            "voteAverage": 5,
            "voteCounter": 48
        },
        "url": "https://images.marinetraffic.com/collection/4745279.webp?size=800"
    },
    {
        "photoId": 4745275,
        "placeTaken": "Hamburg Blankenese",
        "takenAt": 1657388220,
        "copyright": "Carsten Feldhusen",
        "description": "Die CAP SAN DIEGO, das gr\u00f6\u00dfte noch fahrt\u00fcchtige Museums-Frachtschiff der Welt, am 09.07.2022 H\u00f6he Blankenese in Hamburg",
        "asset": {
            "id": 143875,
            "type": "Cargo",
            "name": "CAP SAN DIEGO"
        },
        "rating": {
            "voteAverage": 5,
            "voteCounter": 48
        },
        "url": "https://images.marinetraffic.com/collection/4745275.webp?size=800"
    },
    {
        "photoId": 4745271,
        "placeTaken": "Hamburg Blankenese",
        "takenAt": 1657388100,
        "copyright": "Carsten Feldhusen",
        "description": "Der 160 m lange St\u00fcckgutfrachter CAP SAN DIEGO am 09.07.2022 H\u00f6he Blankenese in Hamburg",
        "asset": {
            "id": 143875,
            "type": "Cargo",
            "name": "CAP SAN DIEGO"
        },
        "rating": {
            "voteAverage": 5,
            "voteCounter": 51
        },
        "url": "https://images.marinetraffic.com/collection/4745271.webp?size=800"
    },
    {
        "photoId": 4719060,
        "placeTaken": "DE HAM, River Elbe",
        "takenAt": 1655895480,
        "copyright": "Bernd-Ruediger Wulff",
        "description": null,
        "asset": {
            "id": 143875,
            "type": "Cargo",
            "name": "CAP SAN DIEGO"
        },
        "rating": {
            "voteAverage": 5,
            "voteCounter": 3
        },
        "url": "https://images.marinetraffic.com/collection/4719060.webp?size=800"
    },
    {
        "photoId": 4555557,
        "placeTaken": "Hamburg",
        "takenAt": null,
        "copyright": "Siegfried Haase",
        "description": null,
        "asset": {
            "id": 143875,
            "type": "Cargo",
            "name": "CAP SAN DIEGO"
        },
        "rating": {
            "voteAverage": 0,
            "voteCounter": 0
        },
        "url": "https://images.marinetraffic.com/collection/4555557.webp?size=800"
    }
]