[
    {
        "photoId": 4121747,
        "placeTaken": "Hamburg Germany",
        "takenAt": 1565090880,
        "copyright": "Rodel Ni\u00f1o Servas",
        "description": "seAnaVIgATOR18",
        "asset": {
            "id": 143875,
            "type": "Cargo",
            "name": "CAP SAN DIEGO"
        },
        "rating": {
            "voteAverage": 0,
            "voteCounter": 0
        },
        "url": "https://images.marinetraffic.com/collection/4121747.webp?size=800"
    },
    {
        "photoId": 4121740,
        "placeTaken": "Hamburg Germany",
        "takenAt": 1565206260,
        "copyright": "Rodel Ni\u00f1o Servas",
        "description": "seAnaVIgATOR18",
        "asset": {
            "id": 143875,
            "type": "Cargo",
            "name": "CAP SAN DIEGO"
        },
        "rating": {
            "voteAverage": 0,
            "voteCounter": 0
        },
        "url": "https://images.marinetraffic.com/collection/4121740.webp?size=800"
    },
    {
        "photoId": 4120429,
        "placeTaken": "Hamburg",
        "takenAt": 1602657900,
        "copyright": "Oliver Boltz",
        "description": null,
        "asset": {
            "id": 143875,
            "type": "Cargo",
            "name": "CAP SAN DIEGO"
        },
        "rating": {
            "voteAverage": 5,
            "voteCounter": 1
        },
        "url": "https://images.marinetraffic.com/collection/4120429.webp?size=800"
    },
    {
        "photoId": 3916857,
        "placeTaken": "Bremerhaven",
        "takenAt": 1458741000,
        "copyright": "Rolf Bridde",
        "description": null,
        "asset": {
            "id": 143875,
            "type": "Cargo",
            "name": "CAP SAN DIEGO"
        },
        "rating": {
            "voteAverage": 5,
            "voteCounter": 2
        },
        "url": "https://images.marinetraffic.com/collection/3916857.webp?size=800"
    },
    {
        "photoId": 3916855,
        "placeTaken": "Bremerhaven",
        "takenAt": 1458740760,
        "copyright": "Rolf Bridde",
        "description": null,
        "asset": {
            "id": 143875,
            "type": "Cargo",
            "name": "CAP SAN DIEGO"
        },
        "rating": {
            "voteAverage": 5,
            "voteCounter": 1
        },
        "url": "https://images.marinetraffic.com/collection/3916855.webp?size=800"
    },
    {
        "photoId": 3916854,
        "placeTaken": "Bremerhaven",
        "takenAt": 1458739560,
        "copyright": "Rolf Bridde",
        "description": null,
        "asset": {
            "id": 143875,
            "type": "Cargo",
            "name": "CAP SAN DIEGO"
        },
        "rating": {
            "voteAverage": 5,
            "voteCounter": 1
        },
        "url": "https://images.marinetraffic.com/collection/3916854.webp?size=800"
    },
    {
        "photoId": 3873354,
        "placeTaken": null,
        "takenAt": 1582213380,
        "copyright": "Jeremia Osadchuk",
        "description": null,
        "asset": {
            "id": 143875,
            "type": "Cargo",
            "name": "CAP SAN DIEGO"
        },
        "rating": {
            "voteAverage": 0,
            "voteCounter": 0
        },
        "url": "https://images.marinetraffic.com/collection/3873354.webp?size=800"
    },
    {
        "photoId": 3845422,
        "placeTaken": "Hamburg",
        "takenAt": 1411145100,
        "copyright": "Anja Ludwig",
        "description": null,
        "asset": {
            "id": 143875,
            "type": "Cargo",
            "name": "CAP SAN DIEGO"
        },
        "rating": {
            "voteAverage": 5,
            "voteCounter": 1
        },
        "url": "https://images.marinetraffic.com/collection/3845422.webp?size=800"
    },
    {
        "photoId": 3833325,
        "placeTaken": null,
        "takenAt": 1563099900,
        "copyright": "Frank Tribull",
        "description": "als CAP SAN DIEGO am 14.07.2019 bei Cuxhaven H\u00f6he Steubenh\u00f6ft",
        "asset": {
            "id": 143875,
            "type": "Cargo",
            "name": "CAP SAN DIEGO"
        },
        "rating": {
            "voteAverage": 5,
            "voteCounter": 3
        },
        "url": "https://images.marinetraffic.com/collection/3833325.webp?size=800"
    },
    {
        "photoId": 3778702,
        "placeTaken": "Nord-Ostsee-Kanal",
        "takenAt": 1470061800,
        "copyright": "Matthias Mania",
        "description": null,
        "asset": {
            "id": 143875,
            "type": "Cargo",
            "name": "CAP SAN DIEGO"
        },
        "rating": {
            "voteAverage": 5,
            "voteCounter": 2
        },
        "url": "https://images.marinetraffic.com/collection/3778702.webp?size=800"
    },
    {
        "photoId": 3766316,
        "placeTaken": "grnendeich",
        "takenAt": 1566658260,
        "copyright": "ludwigson",
        "description": null,
        "asset": {
            "id": 143875,
            "type": "Cargo",
            "name": "CAP SAN DIEGO"
        },
        "rating": {
            "voteAverage": 5,
            "voteCounter": 1
        },
        "url": "https://images.marinetraffic.com/collection/3766316.webp?size=800"
    },
    {
        "photoId": 3763111,
        "placeTaken": "Hamburg",
        "takenAt": 1579435620,
        "copyright": "Thomas Tauchert",
        "description": null,
        "asset": {
            "id": 143875,
            "type": "Cargo",
            "name": "CAP SAN DIEGO"
        },
        "rating": {
            "voteAverage": 0,
            "voteCounter": 0
        },
        "url": "https://images.marinetraffic.com/collection/3763111.webp?size=800"
    },
    {
        "photoId": 3758204,
        "placeTaken": "grnendeich",
        "takenAt": 1566658380,
        "copyright": "ludwigson",
        "description": null,
        "asset": {
            "id": 143875,
            "type": "Cargo",
            "name": "CAP SAN DIEGO"
        },
        "rating": {
            "voteAverage": 5,
            "voteCounter": 3
        },
        "url": "https://images.marinetraffic.com/collection/3758204.webp?size=800"
    },
    {
        "photoId": 3750339,
        "placeTaken": "Hamburg",
        "takenAt": 1577974560,
        "copyright": "pingi eisbar",
        "description": null,
        "asset": {
            "id": 143875,
            "type": "Cargo",
            "name": "CAP SAN DIEGO"
        },
        "rating": {
            "voteAverage": 0,
            "voteCounter": 0
        },
        "url": "https://images.marinetraffic.com/collection/3750339.webp?size=800"
    },
    {
        "photoId": 3741163,
        "placeTaken": "Hamburg",
        "takenAt": 1577085780,
        "copyright": "Ritter Ramon",
        "description": null,
        "asset": {
            "id": 143875,
            "type": "Cargo",
            "name": "CAP SAN DIEGO"
        },
        "rating": {
            "voteAverage": 5,
            "voteCounter": 1
        },
        "url": "https://images.marinetraffic.com/collection/3741163.webp?size=800"
    },
    {
        "photoId": 3688005,
        "placeTaken": "Port of Hamburg     DE",
        "takenAt": 1565700840,
        "copyright": "Claus-Peter Geiler",
        "description": null,
        "asset": {
            "id": 143875,
            "type": "Cargo",
            "name": "CAP SAN DIEGO"
        },
        "rating": {
            "voteAverage": 5,
            "voteCounter": 13
        },
        "url": "https://images.marinetraffic.com/collection/3688005.webp?size=800"
    },
    {
        "photoId": 3634731,
        "placeTaken": "Hamburg",
        "takenAt": 1568056260,
        "copyright": "Alexandru Durlea",
        "description": null,
        "asset": {
            "id": 143875,
            "type": "Cargo",
            "name": "CAP SAN DIEGO"
        },
        "rating": {
            "voteAverage": 5,
            "voteCounter": 2
        },
        "url": "https://images.marinetraffic.com/collection/3634731.webp?size=800"
    },
    {
        "photoId": 3634570,
        "placeTaken": "Kiel Canal",
        "takenAt": 1568032260,
        "copyright": "Helge Massmann",
        "description": null,
        "asset": {
            "id": 143875,
            "type": "Cargo",
            "name": "CAP SAN DIEGO"
        },
        "rating": {
            "voteAverage": 5,
            "voteCounter": 26
        },
        "url": "https://images.marinetraffic.com/collection/3634570.webp?size=800"
    },
    {
        "photoId": 3634560,
        "placeTaken": "Kiel Canal",
        "takenAt": 1568032380,
        "copyright": "Helge Massmann",
        "description": null,
        "asset": {
            "id": 143875,
            "type": "Cargo",
            "name": "CAP SAN DIEGO"
        },
        "rating": {
            "voteAverage": 5,
            "voteCounter": 18
        },
        "url": "https://images.marinetraffic.com/collection/3634560.webp?size=800"
    },
    {
        "photoId": 3634500,
        "placeTaken": null,
        "takenAt": 1568037120,
        "copyright": "Tobias S.",
        "description": null,
        "asset": {
            "id": 143875,
            "type": "Cargo",
            "name": "CAP SAN DIEGO"
        },
        "rating": {
            "voteAverage": 5,
            "voteCounter": 2
        },
        "url": "https://images.marinetraffic.com/collection/3634500.webp?size=800"
    }
]