[
    {
        "photoId": 4651813,
        "placeTaken": "NOK Breiholz",
        "takenAt": 1651252260,
        "copyright": "Helge Schilling",
        "description": null,
        "asset": {
            "id": 152768,
            "type": "Cargo",
            "name": "VERA RAMBOW"
        },
        "rating": {
            "voteAverage": 0,
            "voteCounter": 0
        },
        "url": "https://images.marinetraffic.com/collection/4651813.webp?size=800"
    },
    {
        "photoId": 4645522,
        "placeTaken": "Cuxhaven",
        "takenAt": 1627389480,
        "copyright": "Lukas R",
        "description": null,
        "asset": {
            "id": 152768,
            "type": "Cargo",
            "name": "VERA RAMBOW"
        },
        "rating": {
            "voteAverage": 5,
            "voteCounter": 1
        },
        "url": "https://images.marinetraffic.com/collection/4645522.webp?size=800"
    },
    {
        "photoId": 4632334,
        "placeTaken": "NOK - Breiholz",
        "takenAt": 1649593320,
        "copyright": "Peter aus Holtenau",
        "description": null,
        "asset": {
            "id": 152768,
            "type": "Cargo",
            "name": "VERA RAMBOW"
        },
        "rating": {
            "voteAverage": 5,
            "voteCounter": 4
        },
        "url": "https://images.marinetraffic.com/collection/4632334.webp?size=800"
    },
    {
        "photoId": 4632331,
        "placeTaken": "NOK - Breiholz",
        "takenAt": 1649593200,
        "copyright": "Peter aus Holtenau",
        "description": null,
        "asset": {
            "id": 152768,
            "type": "Cargo",
            "name": "VERA RAMBOW"
        },
        "rating": {
            "voteAverage": 5,
            "voteCounter": 3
        },
        "url": "https://images.marinetraffic.com/collection/4632331.webp?size=800"
    },
    {
        "photoId": 4630869,
        "placeTaken": "Eurogate Bremerhaven",
        "takenAt": 1649880480,
        "copyright": "Dustin M",
        "description": null,
        "asset": {
            "id": 152768,
            "type": "Cargo",
            "name": "VERA RAMBOW"
        },
        "rating": {
            "voteAverage": 0,
            "voteCounter": 0
        },
        "url": "https://images.marinetraffic.com/collection/4630869.webp?size=800"
    },
    {
        "photoId": 4630862,
        "placeTaken": "Lhe",
        "takenAt": 1649793120,
        "copyright": "Lucas B.",
        "description": null,
        "asset": {
            "id": 152768,
            "type": "Cargo",
            "name": "VERA RAMBOW"
        },
        "rating": {
            "voteAverage": 0,
            "voteCounter": 0
        },
        "url": "https://images.marinetraffic.com/collection/4630862.webp?size=800"
    },
    {
        "photoId": 4527038,
        "placeTaken": "Rendsburg",
        "takenAt": 1632153840,
        "copyright": "Marc Riedesel",
        "description": null,
        "asset": {
            "id": 152768,
            "type": "Cargo",
            "name": "VERA RAMBOW"
        },
        "rating": {
            "voteAverage": 5,
            "voteCounter": 1
        },
        "url": "https://images.marinetraffic.com/collection/4527038.webp?size=800"
    },
    {
        "photoId": 4503959,
        "placeTaken": "NOK - Sehestedt",
        "takenAt": 1637670480,
        "copyright": "Peter aus Holtenau",
        "description": null,
        "asset": {
            "id": 152768,
            "type": "Cargo",
            "name": "VERA RAMBOW"
        },
        "rating": {
            "voteAverage": 5,
            "voteCounter": 3
        },
        "url": "https://images.marinetraffic.com/collection/4503959.webp?size=800"
    },
    {
        "photoId": 4500512,
        "placeTaken": null,
        "takenAt": 1637679600,
        "copyright": "Malte Schwarz",
        "description": null,
        "asset": {
            "id": 152768,
            "type": "Cargo",
            "name": "VERA RAMBOW"
        },
        "rating": {
            "voteAverage": 0,
            "voteCounter": 0
        },
        "url": "https://images.marinetraffic.com/collection/4500512.webp?size=800"
    },
    {
        "photoId": 4500258,
        "placeTaken": "Elbe, Stadersand GER",
        "takenAt": 1602606780,
        "copyright": "FBN Raiger",
        "description": "Elbe, Stadersand GER",
        "asset": {
            "id": 152768,
            "type": "Cargo",
            "name": "VERA RAMBOW"
        },
        "rating": {
            "voteAverage": 5,
            "voteCounter": 29
        },
        "url": "https://images.marinetraffic.com/collection/4500258.webp?size=800"
    },
    {
        "photoId": 4500257,
        "placeTaken": "Elbe, Stadersand GER",
        "takenAt": 1602607080,
        "copyright": "FBN Raiger",
        "description": "Elbe, Stadersand GER",
        "asset": {
            "id": 152768,
            "type": "Cargo",
            "name": "VERA RAMBOW"
        },
        "rating": {
            "voteAverage": 5,
            "voteCounter": 24
        },
        "url": "https://images.marinetraffic.com/collection/4500257.webp?size=800"
    },
    {
        "photoId": 4499508,
        "placeTaken": null,
        "takenAt": 1637679600,
        "copyright": "Malte Schwarz",
        "description": null,
        "asset": {
            "id": 152768,
            "type": "Cargo",
            "name": "VERA RAMBOW"
        },
        "rating": {
            "voteAverage": 0,
            "voteCounter": 0
        },
        "url": "https://images.marinetraffic.com/collection/4499508.webp?size=800"
    },
    {
        "photoId": 4482906,
        "placeTaken": null,
        "takenAt": 1628709420,
        "copyright": "Philippe Guichot",
        "description": null,
        "asset": {
            "id": 152768,
            "type": "Cargo",
            "name": "VERA RAMBOW"
        },
        "rating": {
            "voteAverage": 0,
            "voteCounter": 0
        },
        "url": "https://images.marinetraffic.com/collection/4482906.webp?size=800"
    },
    {
        "photoId": 4482904,
        "placeTaken": null,
        "takenAt": 1628709120,
        "copyright": "Philippe Guichot",
        "description": null,
        "asset": {
            "id": 152768,
            "type": "Cargo",
            "name": "VERA RAMBOW"
        },
        "rating": {
            "voteAverage": 0,
            "voteCounter": 0
        },
        "url": "https://images.marinetraffic.com/collection/4482904.webp?size=800"
    },
    {
        "photoId": 4477968,
        "placeTaken": null,
        "takenAt": 1635950880,
        "copyright": "Malte Schwarz",
        "description": null,
        "asset": {
            "id": 152768,
            "type": "Cargo",
            "name": "VERA RAMBOW"
        },
        "rating": {
            "voteAverage": 0,
            "voteCounter": 0
        },
        "url": "https://images.marinetraffic.com/collection/4477968.webp?size=800"
    },
    {
        "photoId": 4474247,
        "placeTaken": null,
        "takenAt": 1628709300,
        "copyright": "Philippe Guichot",
        "description": null,
        "asset": {
            "id": 152768,
            "type": "Cargo",
            "name": "VERA RAMBOW"
        },
        "rating": {
            "voteAverage": 0,
            "voteCounter": 0
        },
        "url": "https://images.marinetraffic.com/collection/4474247.webp?size=800"
    },
    {
        "photoId": 4474246,
        "placeTaken": null,
        "takenAt": 1628709060,
        "copyright": "Philippe Guichot",
        "description": null,
        "asset": {
            "id": 152768,
            "type": "Cargo",
            "name": "VERA RAMBOW"
        },
        "rating": {
            "voteAverage": 0,
            "voteCounter": 0
        },
        "url": "https://images.marinetraffic.com/collection/4474246.webp?size=800"
    },
    {
        "photoId": 4473429,
        "placeTaken": null,
        "takenAt": 1601833140,
        "copyright": "Wolfgang Barnitzke",
        "description": "04.10.2020 Kiel Canal",
        "asset": {
            "id": 152768,
            "type": "Cargo",
            "name": "VERA RAMBOW"
        },
        "rating": {
            "voteAverage": 5,
            "voteCounter": 1
        },
        "url": "https://images.marinetraffic.com/collection/4473429.webp?size=800"
    },
    {
        "photoId": 4473427,
        "placeTaken": null,
        "takenAt": 1601833020,
        "copyright": "Wolfgang Barnitzke",
        "description": "04.10.2020 Kiel Canal",
        "asset": {
            "id": 152768,
            "type": "Cargo",
            "name": "VERA RAMBOW"
        },
        "rating": {
            "voteAverage": 0,
            "voteCounter": 0
        },
        "url": "https://images.marinetraffic.com/collection/4473427.webp?size=800"
    },
    {
        "photoId": 4435608,
        "placeTaken": null,
        "takenAt": 1631619840,
        "copyright": "Andreas Muhl",
        "description": null,
        "asset": {
            "id": 152768,
            "type": "Cargo",
            "name": "VERA RAMBOW"
        },
        "rating": {
            "voteAverage": 0,
            "voteCounter": 0
        },
        "url": "https://images.marinetraffic.com/collection/4435608.webp?size=800"
    }
]