[
    {
        "photoId": 4115734,
        "placeTaken": "NOK Hoehe Claustal Kurs  DE BRB",
        "takenAt": 1607674260,
        "copyright": "Arno Bruegmann",
        "description": null,
        "asset": {
            "id": 152768,
            "type": "Cargo",
            "name": "VERA RAMBOW"
        },
        "rating": {
            "voteAverage": 0,
            "voteCounter": 0
        },
        "url": "https://images.marinetraffic.com/collection/4115734.webp?size=800"
    },
    {
        "photoId": 4103530,
        "placeTaken": "NOK - Holtenau -Kiel ",
        "takenAt": 1606225980,
        "copyright": "Peter aus Holtenau",
        "description": null,
        "asset": {
            "id": 152768,
            "type": "Cargo",
            "name": "VERA RAMBOW"
        },
        "rating": {
            "voteAverage": 0,
            "voteCounter": 0
        },
        "url": "https://images.marinetraffic.com/collection/4103530.webp?size=800"
    },
    {
        "photoId": 4103527,
        "placeTaken": "NOK - Holtenau -Kiel ",
        "takenAt": 1606225860,
        "copyright": "Peter aus Holtenau",
        "description": null,
        "asset": {
            "id": 152768,
            "type": "Cargo",
            "name": "VERA RAMBOW"
        },
        "rating": {
            "voteAverage": 0,
            "voteCounter": 0
        },
        "url": "https://images.marinetraffic.com/collection/4103527.webp?size=800"
    },
    {
        "photoId": 4099925,
        "placeTaken": "Nord-Ostsee-Kanal / Kiel Canal",
        "takenAt": 1586359200,
        "copyright": "Karsten Kaulfuss",
        "description": null,
        "asset": {
            "id": 152768,
            "type": "Cargo",
            "name": "VERA RAMBOW"
        },
        "rating": {
            "voteAverage": 0,
            "voteCounter": 0
        },
        "url": "https://images.marinetraffic.com/collection/4099925.webp?size=800"
    },
    {
        "photoId": 4063460,
        "placeTaken": "Kiel Canal",
        "takenAt": 1601826900,
        "copyright": "Nils Junge",
        "description": null,
        "asset": {
            "id": 152768,
            "type": "Cargo",
            "name": "VERA RAMBOW"
        },
        "rating": {
            "voteAverage": 5,
            "voteCounter": 2
        },
        "url": "https://images.marinetraffic.com/collection/4063460.webp?size=800"
    },
    {
        "photoId": 4062944,
        "placeTaken": "GDYNIA, POLAND",
        "takenAt": 1603038600,
        "copyright": "JANURY",
        "description": null,
        "asset": {
            "id": 152768,
            "type": "Cargo",
            "name": "VERA RAMBOW"
        },
        "rating": {
            "voteAverage": 0,
            "voteCounter": 0
        },
        "url": "https://images.marinetraffic.com/collection/4062944.webp?size=800"
    },
    {
        "photoId": 4062912,
        "placeTaken": "GDYNIA, POLAND",
        "takenAt": 1603038480,
        "copyright": "JANURY",
        "description": null,
        "asset": {
            "id": 152768,
            "type": "Cargo",
            "name": "VERA RAMBOW"
        },
        "rating": {
            "voteAverage": 0,
            "voteCounter": 0
        },
        "url": "https://images.marinetraffic.com/collection/4062912.webp?size=800"
    },
    {
        "photoId": 4062907,
        "placeTaken": "GDYNIA, POLAND",
        "takenAt": 1603038300,
        "copyright": "JANURY",
        "description": null,
        "asset": {
            "id": 152768,
            "type": "Cargo",
            "name": "VERA RAMBOW"
        },
        "rating": {
            "voteAverage": 5,
            "voteCounter": 2
        },
        "url": "https://images.marinetraffic.com/collection/4062907.webp?size=800"
    },
    {
        "photoId": 4060434,
        "placeTaken": "Cuxhaven, Germany",
        "takenAt": 1602591780,
        "copyright": "Thoralf Doehring, navysite.de",
        "description": null,
        "asset": {
            "id": 152768,
            "type": "Cargo",
            "name": "VERA RAMBOW"
        },
        "rating": {
            "voteAverage": 5,
            "voteCounter": 4
        },
        "url": "https://images.marinetraffic.com/collection/4060434.webp?size=800"
    },
    {
        "photoId": 4049105,
        "placeTaken": "NOK - Gruenental",
        "takenAt": 1601830380,
        "copyright": "Peter aus Holtenau",
        "description": null,
        "asset": {
            "id": 152768,
            "type": "Cargo",
            "name": "VERA RAMBOW"
        },
        "rating": {
            "voteAverage": 5,
            "voteCounter": 4
        },
        "url": "https://images.marinetraffic.com/collection/4049105.webp?size=800"
    },
    {
        "photoId": 4047756,
        "placeTaken": null,
        "takenAt": 1601830260,
        "copyright": "Tetens, Jan-H.",
        "description": null,
        "asset": {
            "id": 152768,
            "type": "Cargo",
            "name": "VERA RAMBOW"
        },
        "rating": {
            "voteAverage": 5,
            "voteCounter": 2
        },
        "url": "https://images.marinetraffic.com/collection/4047756.webp?size=800"
    },
    {
        "photoId": 4021261,
        "placeTaken": "river Elbe",
        "takenAt": 1599473100,
        "copyright": "Helmut Seger",
        "description": null,
        "asset": {
            "id": 152768,
            "type": "Cargo",
            "name": "VERA RAMBOW"
        },
        "rating": {
            "voteAverage": 5,
            "voteCounter": 2
        },
        "url": "https://images.marinetraffic.com/collection/4021261.webp?size=800"
    },
    {
        "photoId": 4021260,
        "placeTaken": "river Elbe",
        "takenAt": 1599473100,
        "copyright": "Helmut Seger",
        "description": null,
        "asset": {
            "id": 152768,
            "type": "Cargo",
            "name": "VERA RAMBOW"
        },
        "rating": {
            "voteAverage": 5,
            "voteCounter": 1
        },
        "url": "https://images.marinetraffic.com/collection/4021260.webp?size=800"
    },
    {
        "photoId": 4019837,
        "placeTaken": "Hamburg, River Elbe",
        "takenAt": 1599497580,
        "copyright": "Bernd-Ruediger Wulff",
        "description": null,
        "asset": {
            "id": 152768,
            "type": "Cargo",
            "name": "VERA RAMBOW"
        },
        "rating": {
            "voteAverage": 0,
            "voteCounter": 0
        },
        "url": "https://images.marinetraffic.com/collection/4019837.webp?size=800"
    },
    {
        "photoId": 4018244,
        "placeTaken": "Stade Stadersand",
        "takenAt": 1599472620,
        "copyright": "Ritter Ramon",
        "description": null,
        "asset": {
            "id": 152768,
            "type": "Cargo",
            "name": "VERA RAMBOW"
        },
        "rating": {
            "voteAverage": 0,
            "voteCounter": 0
        },
        "url": "https://images.marinetraffic.com/collection/4018244.webp?size=800"
    },
    {
        "photoId": 3981798,
        "placeTaken": "Elbe bei Cuxhaven",
        "takenAt": 1596827280,
        "copyright": "Uwe Benn",
        "description": null,
        "asset": {
            "id": 152768,
            "type": "Cargo",
            "name": "VERA RAMBOW"
        },
        "rating": {
            "voteAverage": 5,
            "voteCounter": 3
        },
        "url": "https://images.marinetraffic.com/collection/3981798.webp?size=800"
    },
    {
        "photoId": 3976876,
        "placeTaken": "Kiel Canal",
        "takenAt": 1596126480,
        "copyright": "Nils Junge",
        "description": null,
        "asset": {
            "id": 152768,
            "type": "Cargo",
            "name": "VERA RAMBOW"
        },
        "rating": {
            "voteAverage": 5,
            "voteCounter": 6
        },
        "url": "https://images.marinetraffic.com/collection/3976876.webp?size=800"
    },
    {
        "photoId": 3949433,
        "placeTaken": "Hamburg, Elbe",
        "takenAt": 1374159300,
        "copyright": "Dietmar Reichert",
        "description": null,
        "asset": {
            "id": 152768,
            "type": "Cargo",
            "name": "VERA RAMBOW"
        },
        "rating": {
            "voteAverage": 5,
            "voteCounter": 12
        },
        "url": "https://images.marinetraffic.com/collection/3949433.webp?size=800"
    },
    {
        "photoId": 3938541,
        "placeTaken": "Kieler Foerde",
        "takenAt": 1592930100,
        "copyright": "Manfred Sesemann",
        "description": null,
        "asset": {
            "id": 152768,
            "type": "Cargo",
            "name": "VERA RAMBOW"
        },
        "rating": {
            "voteAverage": 5,
            "voteCounter": 3
        },
        "url": "https://images.marinetraffic.com/collection/3938541.webp?size=800"
    },
    {
        "photoId": 3938539,
        "placeTaken": "Kieler Foerde",
        "takenAt": 1592928720,
        "copyright": "Manfred Sesemann",
        "description": null,
        "asset": {
            "id": 152768,
            "type": "Cargo",
            "name": "VERA RAMBOW"
        },
        "rating": {
            "voteAverage": 5,
            "voteCounter": 4
        },
        "url": "https://images.marinetraffic.com/collection/3938539.webp?size=800"
    }
]