[
    {
        "photoId": 4430854,
        "placeTaken": null,
        "takenAt": 1631619720,
        "copyright": "Andreas Muhl",
        "description": null,
        "asset": {
            "id": 152768,
            "type": "Cargo",
            "name": "VERA RAMBOW"
        },
        "rating": {
            "voteAverage": 0,
            "voteCounter": 0
        },
        "url": "https://images.marinetraffic.com/collection/4430854.webp?size=800"
    },
    {
        "photoId": 4429592,
        "placeTaken": null,
        "takenAt": 1631619660,
        "copyright": "Andreas Muhl",
        "description": null,
        "asset": {
            "id": 152768,
            "type": "Cargo",
            "name": "VERA RAMBOW"
        },
        "rating": {
            "voteAverage": 5,
            "voteCounter": 1
        },
        "url": "https://images.marinetraffic.com/collection/4429592.webp?size=800"
    },
    {
        "photoId": 4428595,
        "placeTaken": null,
        "takenAt": 1631619660,
        "copyright": "Andreas Muhl",
        "description": null,
        "asset": {
            "id": 152768,
            "type": "Cargo",
            "name": "VERA RAMBOW"
        },
        "rating": {
            "voteAverage": 5,
            "voteCounter": 1
        },
        "url": "https://images.marinetraffic.com/collection/4428595.webp?size=800"
    },
    {
        "photoId": 4423842,
        "placeTaken": "NOK Kurs Schleuse DE KEL",
        "takenAt": 1631612940,
        "copyright": "Arno Bruegmann",
        "description": null,
        "asset": {
            "id": 152768,
            "type": "Cargo",
            "name": "VERA RAMBOW"
        },
        "rating": {
            "voteAverage": 0,
            "voteCounter": 0
        },
        "url": "https://images.marinetraffic.com/collection/4423842.webp?size=800"
    },
    {
        "photoId": 4423841,
        "placeTaken": "NOK Kurs Schleuse DE KEL",
        "takenAt": 1631612760,
        "copyright": "Arno Bruegmann",
        "description": null,
        "asset": {
            "id": 152768,
            "type": "Cargo",
            "name": "VERA RAMBOW"
        },
        "rating": {
            "voteAverage": 0,
            "voteCounter": 0
        },
        "url": "https://images.marinetraffic.com/collection/4423841.webp?size=800"
    },
    {
        "photoId": 4423840,
        "placeTaken": "NOK Kurs Schleuse DE KEL",
        "takenAt": 1631612700,
        "copyright": "Arno Bruegmann",
        "description": null,
        "asset": {
            "id": 152768,
            "type": "Cargo",
            "name": "VERA RAMBOW"
        },
        "rating": {
            "voteAverage": 5,
            "voteCounter": 1
        },
        "url": "https://images.marinetraffic.com/collection/4423840.webp?size=800"
    },
    {
        "photoId": 4423839,
        "placeTaken": "NOK Kurs Schleuse DE KEL",
        "takenAt": 1631612640,
        "copyright": "Arno Bruegmann",
        "description": null,
        "asset": {
            "id": 152768,
            "type": "Cargo",
            "name": "VERA RAMBOW"
        },
        "rating": {
            "voteAverage": 0,
            "voteCounter": 0
        },
        "url": "https://images.marinetraffic.com/collection/4423839.webp?size=800"
    },
    {
        "photoId": 4423838,
        "placeTaken": "NOK Kurs Schleuse DE KEL",
        "takenAt": 1631612280,
        "copyright": "Arno Bruegmann",
        "description": null,
        "asset": {
            "id": 152768,
            "type": "Cargo",
            "name": "VERA RAMBOW"
        },
        "rating": {
            "voteAverage": 0,
            "voteCounter": 0
        },
        "url": "https://images.marinetraffic.com/collection/4423838.webp?size=800"
    },
    {
        "photoId": 4417110,
        "placeTaken": "GDYNIA, POLAND",
        "takenAt": 1631007660,
        "copyright": "JANURY",
        "description": null,
        "asset": {
            "id": 152768,
            "type": "Cargo",
            "name": "VERA RAMBOW"
        },
        "rating": {
            "voteAverage": 0,
            "voteCounter": 0
        },
        "url": "https://images.marinetraffic.com/collection/4417110.webp?size=800"
    },
    {
        "photoId": 4414312,
        "placeTaken": "GDYNIA, POLAND",
        "takenAt": 1630935900,
        "copyright": "JANURY",
        "description": null,
        "asset": {
            "id": 152768,
            "type": "Cargo",
            "name": "VERA RAMBOW"
        },
        "rating": {
            "voteAverage": 0,
            "voteCounter": 0
        },
        "url": "https://images.marinetraffic.com/collection/4414312.webp?size=800"
    },
    {
        "photoId": 4393351,
        "placeTaken": "Hamburg Bubendey Ufer",
        "takenAt": 1629371280,
        "copyright": "Michael Hatje",
        "description": null,
        "asset": {
            "id": 152768,
            "type": "Cargo",
            "name": "VERA RAMBOW"
        },
        "rating": {
            "voteAverage": 0,
            "voteCounter": 0
        },
        "url": "https://images.marinetraffic.com/collection/4393351.webp?size=800"
    },
    {
        "photoId": 4385110,
        "placeTaken": "NOK",
        "takenAt": 1626182820,
        "copyright": "Oliver Boltz",
        "description": null,
        "asset": {
            "id": 152768,
            "type": "Cargo",
            "name": "VERA RAMBOW"
        },
        "rating": {
            "voteAverage": 0,
            "voteCounter": 0
        },
        "url": "https://images.marinetraffic.com/collection/4385110.webp?size=800"
    },
    {
        "photoId": 4377911,
        "placeTaken": "Hamburg, River Elbe, Ellerholzhafen",
        "takenAt": 1628406240,
        "copyright": "Bernd-Ruediger Wulff",
        "description": null,
        "asset": {
            "id": 152768,
            "type": "Cargo",
            "name": "VERA RAMBOW"
        },
        "rating": {
            "voteAverage": 5,
            "voteCounter": 1
        },
        "url": "https://images.marinetraffic.com/collection/4377911.webp?size=800"
    },
    {
        "photoId": 4373770,
        "placeTaken": null,
        "takenAt": 1628190960,
        "copyright": "Johannes Fahr",
        "description": null,
        "asset": {
            "id": 152768,
            "type": "Cargo",
            "name": "VERA RAMBOW"
        },
        "rating": {
            "voteAverage": 0,
            "voteCounter": 0
        },
        "url": "https://images.marinetraffic.com/collection/4373770.webp?size=800"
    },
    {
        "photoId": 4366016,
        "placeTaken": "HAMBURG",
        "takenAt": 1627564080,
        "copyright": "Jannik P.",
        "description": null,
        "asset": {
            "id": 152768,
            "type": "Cargo",
            "name": "VERA RAMBOW"
        },
        "rating": {
            "voteAverage": 0,
            "voteCounter": 0
        },
        "url": "https://images.marinetraffic.com/collection/4366016.webp?size=800"
    },
    {
        "photoId": 4363927,
        "placeTaken": null,
        "takenAt": 1627567140,
        "copyright": "Kai Bretschneider",
        "description": null,
        "asset": {
            "id": 152768,
            "type": "Cargo",
            "name": "VERA RAMBOW"
        },
        "rating": {
            "voteAverage": 5,
            "voteCounter": 1
        },
        "url": "https://images.marinetraffic.com/collection/4363927.webp?size=800"
    },
    {
        "photoId": 4349559,
        "placeTaken": "NOK - Sehestedt",
        "takenAt": 1626538260,
        "copyright": "Peter aus Holtenau",
        "description": null,
        "asset": {
            "id": 152768,
            "type": "Cargo",
            "name": "VERA RAMBOW"
        },
        "rating": {
            "voteAverage": 5,
            "voteCounter": 2
        },
        "url": "https://images.marinetraffic.com/collection/4349559.webp?size=800"
    },
    {
        "photoId": 4349557,
        "placeTaken": "NOK - Sehestedt",
        "takenAt": 1626538200,
        "copyright": "Peter aus Holtenau",
        "description": null,
        "asset": {
            "id": 152768,
            "type": "Cargo",
            "name": "VERA RAMBOW"
        },
        "rating": {
            "voteAverage": 5,
            "voteCounter": 2
        },
        "url": "https://images.marinetraffic.com/collection/4349557.webp?size=800"
    },
    {
        "photoId": 4331629,
        "placeTaken": null,
        "takenAt": 1542054060,
        "copyright": "Mario Gressler",
        "description": null,
        "asset": {
            "id": 152768,
            "type": "Cargo",
            "name": "VERA RAMBOW"
        },
        "rating": {
            "voteAverage": 0,
            "voteCounter": 0
        },
        "url": "https://images.marinetraffic.com/collection/4331629.webp?size=800"
    },
    {
        "photoId": 4322352,
        "placeTaken": null,
        "takenAt": 946684800,
        "copyright": "Mario Gressler",
        "description": null,
        "asset": {
            "id": 152768,
            "type": "Cargo",
            "name": "VERA RAMBOW"
        },
        "rating": {
            "voteAverage": 5,
            "voteCounter": 1
        },
        "url": "https://images.marinetraffic.com/collection/4322352.webp?size=800"
    }
]