[
    {
        "photoId": 4037827,
        "placeTaken": "Kiel Canal - near Oldenbttel",
        "takenAt": 1599746100,
        "copyright": "Peter Rychener",
        "description": null,
        "asset": {
            "id": 127966,
            "type": "Cargo",
            "name": "BIANCA RAMBOW"
        },
        "rating": {
            "voteAverage": 0,
            "voteCounter": 0
        },
        "url": "https://images.marinetraffic.com/collection/4037827.webp?size=800"
    },
    {
        "photoId": 4033129,
        "placeTaken": "Kiel Canal",
        "takenAt": 1600364760,
        "copyright": "Nils Junge",
        "description": null,
        "asset": {
            "id": 127966,
            "type": "Cargo",
            "name": "BIANCA RAMBOW"
        },
        "rating": {
            "voteAverage": 5,
            "voteCounter": 7
        },
        "url": "https://images.marinetraffic.com/collection/4033129.webp?size=800"
    },
    {
        "photoId": 4030381,
        "placeTaken": "NOK - Holtenau -Kiel ",
        "takenAt": 1600356060,
        "copyright": "Peter aus Holtenau",
        "description": null,
        "asset": {
            "id": 127966,
            "type": "Cargo",
            "name": "BIANCA RAMBOW"
        },
        "rating": {
            "voteAverage": 5,
            "voteCounter": 1
        },
        "url": "https://images.marinetraffic.com/collection/4030381.webp?size=800"
    },
    {
        "photoId": 3997292,
        "placeTaken": "elbabwaerts",
        "takenAt": 1596833400,
        "copyright": "Christoph Bo",
        "description": null,
        "asset": {
            "id": 127966,
            "type": "Cargo",
            "name": "BIANCA RAMBOW"
        },
        "rating": {
            "voteAverage": 0,
            "voteCounter": 0
        },
        "url": "https://images.marinetraffic.com/collection/3997292.webp?size=800"
    },
    {
        "photoId": 3986667,
        "placeTaken": "Kieler Foerde",
        "takenAt": 1597307100,
        "copyright": "Niels Annuschat",
        "description": null,
        "asset": {
            "id": 127966,
            "type": "Cargo",
            "name": "BIANCA RAMBOW"
        },
        "rating": {
            "voteAverage": 0,
            "voteCounter": 0
        },
        "url": "https://images.marinetraffic.com/collection/3986667.webp?size=800"
    },
    {
        "photoId": 3970320,
        "placeTaken": "Hamburg - Blankenese / GER",
        "takenAt": 1596203700,
        "copyright": "Buggi Porschien",
        "description": null,
        "asset": {
            "id": 127966,
            "type": "Cargo",
            "name": "BIANCA RAMBOW"
        },
        "rating": {
            "voteAverage": 0,
            "voteCounter": 0
        },
        "url": "https://images.marinetraffic.com/collection/3970320.webp?size=800"
    },
    {
        "photoId": 3956577,
        "placeTaken": "Elbe River",
        "takenAt": 1594979700,
        "copyright": "David Hemkes",
        "description": null,
        "asset": {
            "id": 127966,
            "type": "Cargo",
            "name": "BIANCA RAMBOW"
        },
        "rating": {
            "voteAverage": 0,
            "voteCounter": 0
        },
        "url": "https://images.marinetraffic.com/collection/3956577.webp?size=800"
    },
    {
        "photoId": 3953529,
        "placeTaken": "Hamburg Bubendey-Ufer",
        "takenAt": 1594991820,
        "copyright": "Oliver Boltz",
        "description": null,
        "asset": {
            "id": 127966,
            "type": "Cargo",
            "name": "BIANCA RAMBOW"
        },
        "rating": {
            "voteAverage": 5,
            "voteCounter": 1
        },
        "url": "https://images.marinetraffic.com/collection/3953529.webp?size=800"
    },
    {
        "photoId": 3899615,
        "placeTaken": "Kiel Canal",
        "takenAt": 1591271160,
        "copyright": "Helge Massmann",
        "description": null,
        "asset": {
            "id": 127966,
            "type": "Cargo",
            "name": "BIANCA RAMBOW"
        },
        "rating": {
            "voteAverage": 5,
            "voteCounter": 20
        },
        "url": "https://images.marinetraffic.com/collection/3899615.webp?size=800"
    },
    {
        "photoId": 3889217,
        "placeTaken": "Hamburg- Wittenbergen",
        "takenAt": 1590521760,
        "copyright": "Hartmut Brockmueller",
        "description": null,
        "asset": {
            "id": 127966,
            "type": "Cargo",
            "name": "BIANCA RAMBOW"
        },
        "rating": {
            "voteAverage": 5,
            "voteCounter": 6
        },
        "url": "https://images.marinetraffic.com/collection/3889217.webp?size=800"
    },
    {
        "photoId": 3889215,
        "placeTaken": "Hamburg- Wittenbergen",
        "takenAt": 1590521700,
        "copyright": "Hartmut Brockmueller",
        "description": null,
        "asset": {
            "id": 127966,
            "type": "Cargo",
            "name": "BIANCA RAMBOW"
        },
        "rating": {
            "voteAverage": 5,
            "voteCounter": 5
        },
        "url": "https://images.marinetraffic.com/collection/3889215.webp?size=800"
    },
    {
        "photoId": 3882401,
        "placeTaken": "NOK - Holtenau-Kiel",
        "takenAt": 1589997660,
        "copyright": "Peter aus Holtenau",
        "description": null,
        "asset": {
            "id": 127966,
            "type": "Cargo",
            "name": "BIANCA RAMBOW"
        },
        "rating": {
            "voteAverage": 5,
            "voteCounter": 3
        },
        "url": "https://images.marinetraffic.com/collection/3882401.webp?size=800"
    },
    {
        "photoId": 3881148,
        "placeTaken": "NOK, Schleuse Holtenau",
        "takenAt": 1589997540,
        "copyright": "uwe heimhold",
        "description": null,
        "asset": {
            "id": 127966,
            "type": "Cargo",
            "name": "BIANCA RAMBOW"
        },
        "rating": {
            "voteAverage": 5,
            "voteCounter": 1
        },
        "url": "https://images.marinetraffic.com/collection/3881148.webp?size=800"
    },
    {
        "photoId": 3881147,
        "placeTaken": "NOK, Schleuse Holtenau",
        "takenAt": 1589997600,
        "copyright": "uwe heimhold",
        "description": null,
        "asset": {
            "id": 127966,
            "type": "Cargo",
            "name": "BIANCA RAMBOW"
        },
        "rating": {
            "voteAverage": 5,
            "voteCounter": 2
        },
        "url": "https://images.marinetraffic.com/collection/3881147.webp?size=800"
    },
    {
        "photoId": 3881146,
        "placeTaken": "NOK, Schleuse Holtenau",
        "takenAt": 1589997780,
        "copyright": "uwe heimhold",
        "description": null,
        "asset": {
            "id": 127966,
            "type": "Cargo",
            "name": "BIANCA RAMBOW"
        },
        "rating": {
            "voteAverage": 5,
            "voteCounter": 1
        },
        "url": "https://images.marinetraffic.com/collection/3881146.webp?size=800"
    },
    {
        "photoId": 3869810,
        "placeTaken": "Kl.Koenigsfoerde /NOK",
        "takenAt": 1588872480,
        "copyright": "Helmut Ivers",
        "description": null,
        "asset": {
            "id": 127966,
            "type": "Cargo",
            "name": "BIANCA RAMBOW"
        },
        "rating": {
            "voteAverage": 5,
            "voteCounter": 1
        },
        "url": "https://images.marinetraffic.com/collection/3869810.webp?size=800"
    },
    {
        "photoId": 3869809,
        "placeTaken": "Kl.Koenigsfoerde /NOK",
        "takenAt": 1588872540,
        "copyright": "Helmut Ivers",
        "description": null,
        "asset": {
            "id": 127966,
            "type": "Cargo",
            "name": "BIANCA RAMBOW"
        },
        "rating": {
            "voteAverage": 5,
            "voteCounter": 1
        },
        "url": "https://images.marinetraffic.com/collection/3869809.webp?size=800"
    },
    {
        "photoId": 3867559,
        "placeTaken": "NOK - Holtenau-Kiel",
        "takenAt": 1588881780,
        "copyright": "Peter aus Holtenau",
        "description": null,
        "asset": {
            "id": 127966,
            "type": "Cargo",
            "name": "BIANCA RAMBOW"
        },
        "rating": {
            "voteAverage": 0,
            "voteCounter": 0
        },
        "url": "https://images.marinetraffic.com/collection/3867559.webp?size=800"
    },
    {
        "photoId": 3867558,
        "placeTaken": "NOK - Holtenau-Kiel",
        "takenAt": 1588881420,
        "copyright": "Peter aus Holtenau",
        "description": null,
        "asset": {
            "id": 127966,
            "type": "Cargo",
            "name": "BIANCA RAMBOW"
        },
        "rating": {
            "voteAverage": 0,
            "voteCounter": 0
        },
        "url": "https://images.marinetraffic.com/collection/3867558.webp?size=800"
    },
    {
        "photoId": 3867380,
        "placeTaken": "Copenhagen, Denmark",
        "takenAt": 1588936920,
        "copyright": "smp",
        "description": null,
        "asset": {
            "id": 127966,
            "type": "Cargo",
            "name": "BIANCA RAMBOW"
        },
        "rating": {
            "voteAverage": 0,
            "voteCounter": 0
        },
        "url": "https://images.marinetraffic.com/collection/3867380.webp?size=800"
    }
]