[
    {
        "photoId": 4854027,
        "placeTaken": "NOK Breiholz",
        "takenAt": 1650637620,
        "copyright": "Andreas Muhl",
        "description": null,
        "asset": {
            "id": 127966,
            "type": "Cargo",
            "name": "BIANCA RAMBOW"
        },
        "rating": {
            "voteAverage": 5,
            "voteCounter": 4
        },
        "url": "https://images.marinetraffic.com/collection/4854027.webp?size=800"
    },
    {
        "photoId": 4854026,
        "placeTaken": "NOK Breiholz",
        "takenAt": 1650637500,
        "copyright": "Andreas Muhl",
        "description": null,
        "asset": {
            "id": 127966,
            "type": "Cargo",
            "name": "BIANCA RAMBOW"
        },
        "rating": {
            "voteAverage": 5,
            "voteCounter": 3
        },
        "url": "https://images.marinetraffic.com/collection/4854026.webp?size=800"
    },
    {
        "photoId": 4852014,
        "placeTaken": "NOK bei Landwehr",
        "takenAt": 1663775460,
        "copyright": "Peter aus Holtenau",
        "description": null,
        "asset": {
            "id": 127966,
            "type": "Cargo",
            "name": "BIANCA RAMBOW"
        },
        "rating": {
            "voteAverage": 5,
            "voteCounter": 6
        },
        "url": "https://images.marinetraffic.com/collection/4852014.webp?size=800"
    },
    {
        "photoId": 4845638,
        "placeTaken": "NOK Kurs Schleuse KIEL  DE KEL",
        "takenAt": 1663763280,
        "copyright": "Arno Bruegmann",
        "description": null,
        "asset": {
            "id": 127966,
            "type": "Cargo",
            "name": "BIANCA RAMBOW"
        },
        "rating": {
            "voteAverage": 0,
            "voteCounter": 0
        },
        "url": "https://images.marinetraffic.com/collection/4845638.webp?size=800"
    },
    {
        "photoId": 4845637,
        "placeTaken": "NOK Kurs Schleuse KIEL  DE KEL",
        "takenAt": 1663763160,
        "copyright": "Arno Bruegmann",
        "description": null,
        "asset": {
            "id": 127966,
            "type": "Cargo",
            "name": "BIANCA RAMBOW"
        },
        "rating": {
            "voteAverage": 5,
            "voteCounter": 1
        },
        "url": "https://images.marinetraffic.com/collection/4845637.webp?size=800"
    },
    {
        "photoId": 4845635,
        "placeTaken": "NOK Kurs Schleuse KIEL  DE KEL",
        "takenAt": 1663763160,
        "copyright": "Arno Bruegmann",
        "description": null,
        "asset": {
            "id": 127966,
            "type": "Cargo",
            "name": "BIANCA RAMBOW"
        },
        "rating": {
            "voteAverage": 0,
            "voteCounter": 0
        },
        "url": "https://images.marinetraffic.com/collection/4845635.webp?size=800"
    },
    {
        "photoId": 4845634,
        "placeTaken": "NOK Kurs Schleuse KIEL  DE KEL",
        "takenAt": 1663763100,
        "copyright": "Arno Bruegmann",
        "description": null,
        "asset": {
            "id": 127966,
            "type": "Cargo",
            "name": "BIANCA RAMBOW"
        },
        "rating": {
            "voteAverage": 5,
            "voteCounter": 1
        },
        "url": "https://images.marinetraffic.com/collection/4845634.webp?size=800"
    },
    {
        "photoId": 4845632,
        "placeTaken": "NOK Kurs Schleuse KIEL  DE KEL",
        "takenAt": 1663762800,
        "copyright": "Arno Bruegmann",
        "description": null,
        "asset": {
            "id": 127966,
            "type": "Cargo",
            "name": "BIANCA RAMBOW"
        },
        "rating": {
            "voteAverage": 0,
            "voteCounter": 0
        },
        "url": "https://images.marinetraffic.com/collection/4845632.webp?size=800"
    },
    {
        "photoId": 4788207,
        "placeTaken": "Cuxhaven",
        "takenAt": null,
        "copyright": "Jan Knolhoff",
        "description": null,
        "asset": {
            "id": 127966,
            "type": "Cargo",
            "name": "BIANCA RAMBOW"
        },
        "rating": {
            "voteAverage": 0,
            "voteCounter": 0
        },
        "url": "https://images.marinetraffic.com/collection/4788207.webp?size=800"
    },
    {
        "photoId": 4787379,
        "placeTaken": "NOK bei Landwehr",
        "takenAt": 1659722640,
        "copyright": "Peter aus Holtenau",
        "description": null,
        "asset": {
            "id": 127966,
            "type": "Cargo",
            "name": "BIANCA RAMBOW"
        },
        "rating": {
            "voteAverage": 5,
            "voteCounter": 3
        },
        "url": "https://images.marinetraffic.com/collection/4787379.webp?size=800"
    },
    {
        "photoId": 4761799,
        "placeTaken": "NOK - Holtenau-Kiel",
        "takenAt": 1658305200,
        "copyright": "Peter aus Holtenau",
        "description": null,
        "asset": {
            "id": 127966,
            "type": "Cargo",
            "name": "BIANCA RAMBOW"
        },
        "rating": {
            "voteAverage": 5,
            "voteCounter": 4
        },
        "url": "https://images.marinetraffic.com/collection/4761799.webp?size=800"
    },
    {
        "photoId": 4760410,
        "placeTaken": "Laboe",
        "takenAt": 1658314020,
        "copyright": "Jannik P.",
        "description": null,
        "asset": {
            "id": 127966,
            "type": "Cargo",
            "name": "BIANCA RAMBOW"
        },
        "rating": {
            "voteAverage": 5,
            "voteCounter": 1
        },
        "url": "https://images.marinetraffic.com/collection/4760410.webp?size=800"
    },
    {
        "photoId": 4745462,
        "placeTaken": "NOK - Landwehr",
        "takenAt": 1657281840,
        "copyright": "Peter aus Holtenau",
        "description": null,
        "asset": {
            "id": 127966,
            "type": "Cargo",
            "name": "BIANCA RAMBOW"
        },
        "rating": {
            "voteAverage": 5,
            "voteCounter": 4
        },
        "url": "https://images.marinetraffic.com/collection/4745462.webp?size=800"
    },
    {
        "photoId": 4725213,
        "placeTaken": "NOK",
        "takenAt": 1650648660,
        "copyright": "VN O",
        "description": null,
        "asset": {
            "id": 127966,
            "type": "Cargo",
            "name": "BIANCA RAMBOW"
        },
        "rating": {
            "voteAverage": 0,
            "voteCounter": 0
        },
        "url": "https://images.marinetraffic.com/collection/4725213.webp?size=800"
    },
    {
        "photoId": 4664387,
        "placeTaken": null,
        "takenAt": 1652180580,
        "copyright": "Lucas B.",
        "description": null,
        "asset": {
            "id": 127966,
            "type": "Cargo",
            "name": "BIANCA RAMBOW"
        },
        "rating": {
            "voteAverage": 0,
            "voteCounter": 0
        },
        "url": "https://images.marinetraffic.com/collection/4664387.webp?size=800"
    },
    {
        "photoId": 4664329,
        "placeTaken": "Hamburg Elbe",
        "takenAt": 1651664040,
        "copyright": "Marcus Fritzsche",
        "description": null,
        "asset": {
            "id": 127966,
            "type": "Cargo",
            "name": "BIANCA RAMBOW"
        },
        "rating": {
            "voteAverage": 0,
            "voteCounter": 0
        },
        "url": "https://images.marinetraffic.com/collection/4664329.webp?size=800"
    },
    {
        "photoId": 4664328,
        "placeTaken": "NOK Knigsfrde",
        "takenAt": 1644405120,
        "copyright": "Marcus Fritzsche",
        "description": null,
        "asset": {
            "id": 127966,
            "type": "Cargo",
            "name": "BIANCA RAMBOW"
        },
        "rating": {
            "voteAverage": 0,
            "voteCounter": 0
        },
        "url": "https://images.marinetraffic.com/collection/4664328.webp?size=800"
    },
    {
        "photoId": 4600893,
        "placeTaken": "DE HAM, River Elbe, Bubendeyufer",
        "takenAt": 1647348060,
        "copyright": "Bernd-Ruediger Wulff",
        "description": null,
        "asset": {
            "id": 127966,
            "type": "Cargo",
            "name": "BIANCA RAMBOW"
        },
        "rating": {
            "voteAverage": 0,
            "voteCounter": 0
        },
        "url": "https://images.marinetraffic.com/collection/4600893.webp?size=800"
    },
    {
        "photoId": 4600891,
        "placeTaken": "DE HAM, River Elbe, Bubendeyufer",
        "takenAt": 1647347880,
        "copyright": "Bernd-Ruediger Wulff",
        "description": null,
        "asset": {
            "id": 127966,
            "type": "Cargo",
            "name": "BIANCA RAMBOW"
        },
        "rating": {
            "voteAverage": 0,
            "voteCounter": 0
        },
        "url": "https://images.marinetraffic.com/collection/4600891.webp?size=800"
    },
    {
        "photoId": 4600889,
        "placeTaken": "DE HAM, River Elbe, Bubendeyufer",
        "takenAt": 1647347760,
        "copyright": "Bernd-Ruediger Wulff",
        "description": null,
        "asset": {
            "id": 127966,
            "type": "Cargo",
            "name": "BIANCA RAMBOW"
        },
        "rating": {
            "voteAverage": 5,
            "voteCounter": 1
        },
        "url": "https://images.marinetraffic.com/collection/4600889.webp?size=800"
    }
]