[
    {
        "photoId": 4600888,
        "placeTaken": "DE HAM, River Elbe, Bubendeyufer",
        "takenAt": 1647347700,
        "copyright": "Bernd-Ruediger Wulff",
        "description": null,
        "asset": {
            "id": 127966,
            "type": "Cargo",
            "name": "BIANCA RAMBOW"
        },
        "rating": {
            "voteAverage": 0,
            "voteCounter": 0
        },
        "url": "https://images.marinetraffic.com/collection/4600888.webp?size=800"
    },
    {
        "photoId": 4600887,
        "placeTaken": "DE HAM, River Elbe, Bubendeyufer",
        "takenAt": 1647347520,
        "copyright": "Bernd-Ruediger Wulff",
        "description": null,
        "asset": {
            "id": 127966,
            "type": "Cargo",
            "name": "BIANCA RAMBOW"
        },
        "rating": {
            "voteAverage": 4,
            "voteCounter": 1
        },
        "url": "https://images.marinetraffic.com/collection/4600887.webp?size=800"
    },
    {
        "photoId": 4597474,
        "placeTaken": "Hamburg",
        "takenAt": 1645961400,
        "copyright": "Jorgen Depken",
        "description": null,
        "asset": {
            "id": 127966,
            "type": "Cargo",
            "name": "BIANCA RAMBOW"
        },
        "rating": {
            "voteAverage": 0,
            "voteCounter": 0
        },
        "url": "https://images.marinetraffic.com/collection/4597474.webp?size=800"
    },
    {
        "photoId": 4573966,
        "placeTaken": "Kiel Canal / Germany",
        "takenAt": 1644673740,
        "copyright": "Nils Junge",
        "description": null,
        "asset": {
            "id": 127966,
            "type": "Cargo",
            "name": "BIANCA RAMBOW"
        },
        "rating": {
            "voteAverage": 5,
            "voteCounter": 1
        },
        "url": "https://images.marinetraffic.com/collection/4573966.webp?size=800"
    },
    {
        "photoId": 4573964,
        "placeTaken": "Kiel Canal / Germany",
        "takenAt": 1644673560,
        "copyright": "Nils Junge",
        "description": null,
        "asset": {
            "id": 127966,
            "type": "Cargo",
            "name": "BIANCA RAMBOW"
        },
        "rating": {
            "voteAverage": 5,
            "voteCounter": 1
        },
        "url": "https://images.marinetraffic.com/collection/4573964.webp?size=800"
    },
    {
        "photoId": 4570049,
        "placeTaken": "NOK Kurs DE BRB /  Hamburg",
        "takenAt": 1644412200,
        "copyright": "Arno Bruegmann",
        "description": null,
        "asset": {
            "id": 127966,
            "type": "Cargo",
            "name": "BIANCA RAMBOW"
        },
        "rating": {
            "voteAverage": 5,
            "voteCounter": 1
        },
        "url": "https://images.marinetraffic.com/collection/4570049.webp?size=800"
    },
    {
        "photoId": 4570048,
        "placeTaken": "NOK Kurs DE BRB /  Hamburg",
        "takenAt": 1644412140,
        "copyright": "Arno Bruegmann",
        "description": null,
        "asset": {
            "id": 127966,
            "type": "Cargo",
            "name": "BIANCA RAMBOW"
        },
        "rating": {
            "voteAverage": 5,
            "voteCounter": 1
        },
        "url": "https://images.marinetraffic.com/collection/4570048.webp?size=800"
    },
    {
        "photoId": 4570047,
        "placeTaken": "NOK Kurs DE BRB /  Hamburg",
        "takenAt": 1644412080,
        "copyright": "Arno Bruegmann",
        "description": null,
        "asset": {
            "id": 127966,
            "type": "Cargo",
            "name": "BIANCA RAMBOW"
        },
        "rating": {
            "voteAverage": 0,
            "voteCounter": 0
        },
        "url": "https://images.marinetraffic.com/collection/4570047.webp?size=800"
    },
    {
        "photoId": 4570046,
        "placeTaken": "NOK Kurs DE BRB /  Hamburg",
        "takenAt": 1644412020,
        "copyright": "Arno Bruegmann",
        "description": null,
        "asset": {
            "id": 127966,
            "type": "Cargo",
            "name": "BIANCA RAMBOW"
        },
        "rating": {
            "voteAverage": 5,
            "voteCounter": 1
        },
        "url": "https://images.marinetraffic.com/collection/4570046.webp?size=800"
    },
    {
        "photoId": 4570044,
        "placeTaken": "NOK Kurs DE BRB /  Hamburg",
        "takenAt": 1644411840,
        "copyright": "Arno Bruegmann",
        "description": null,
        "asset": {
            "id": 127966,
            "type": "Cargo",
            "name": "BIANCA RAMBOW"
        },
        "rating": {
            "voteAverage": 0,
            "voteCounter": 0
        },
        "url": "https://images.marinetraffic.com/collection/4570044.webp?size=800"
    },
    {
        "photoId": 4541767,
        "placeTaken": "Elbe, Cuxhaven GER",
        "takenAt": 1623327300,
        "copyright": "FBN Raiger",
        "description": "Elbe, Cuxhaven GER",
        "asset": {
            "id": 127966,
            "type": "Cargo",
            "name": "BIANCA RAMBOW"
        },
        "rating": {
            "voteAverage": 5,
            "voteCounter": 28
        },
        "url": "https://images.marinetraffic.com/collection/4541767.webp?size=800"
    },
    {
        "photoId": 4527644,
        "placeTaken": "NOK - Breiholz",
        "takenAt": 1640094240,
        "copyright": "Peter aus Holtenau",
        "description": null,
        "asset": {
            "id": 127966,
            "type": "Cargo",
            "name": "BIANCA RAMBOW"
        },
        "rating": {
            "voteAverage": 0,
            "voteCounter": 0
        },
        "url": "https://images.marinetraffic.com/collection/4527644.webp?size=800"
    },
    {
        "photoId": 4524515,
        "placeTaken": "NOK - Breiholz",
        "takenAt": 1639832880,
        "copyright": "Peter aus Holtenau",
        "description": null,
        "asset": {
            "id": 127966,
            "type": "Cargo",
            "name": "BIANCA RAMBOW"
        },
        "rating": {
            "voteAverage": 5,
            "voteCounter": 4
        },
        "url": "https://images.marinetraffic.com/collection/4524515.webp?size=800"
    },
    {
        "photoId": 4521124,
        "placeTaken": null,
        "takenAt": 1639819860,
        "copyright": "Vladimir Nikulin",
        "description": null,
        "asset": {
            "id": 127966,
            "type": "Cargo",
            "name": "BIANCA RAMBOW"
        },
        "rating": {
            "voteAverage": 0,
            "voteCounter": 0
        },
        "url": "https://images.marinetraffic.com/collection/4521124.webp?size=800"
    },
    {
        "photoId": 4503856,
        "placeTaken": null,
        "takenAt": 1626188640,
        "copyright": "Inge Astor Jensen",
        "description": null,
        "asset": {
            "id": 127966,
            "type": "Cargo",
            "name": "BIANCA RAMBOW"
        },
        "rating": {
            "voteAverage": 0,
            "voteCounter": 0
        },
        "url": "https://images.marinetraffic.com/collection/4503856.webp?size=800"
    },
    {
        "photoId": 4463463,
        "placeTaken": "KIEL-CANAL, HOCHDONN",
        "takenAt": 1630686780,
        "copyright": "Ernst-Gert Schmidt",
        "description": null,
        "asset": {
            "id": 127966,
            "type": "Cargo",
            "name": "BIANCA RAMBOW"
        },
        "rating": {
            "voteAverage": 5,
            "voteCounter": 19
        },
        "url": "https://images.marinetraffic.com/collection/4463463.webp?size=800"
    },
    {
        "photoId": 4452267,
        "placeTaken": "NOK - Breiholz",
        "takenAt": 1633787400,
        "copyright": "Peter aus Holtenau",
        "description": null,
        "asset": {
            "id": 127966,
            "type": "Cargo",
            "name": "BIANCA RAMBOW"
        },
        "rating": {
            "voteAverage": 5,
            "voteCounter": 2
        },
        "url": "https://images.marinetraffic.com/collection/4452267.webp?size=800"
    },
    {
        "photoId": 4452260,
        "placeTaken": "NOK - Holtenau-Kiel",
        "takenAt": 1633773780,
        "copyright": "Peter aus Holtenau",
        "description": null,
        "asset": {
            "id": 127966,
            "type": "Cargo",
            "name": "BIANCA RAMBOW"
        },
        "rating": {
            "voteAverage": 0,
            "voteCounter": 0
        },
        "url": "https://images.marinetraffic.com/collection/4452260.webp?size=800"
    },
    {
        "photoId": 4446113,
        "placeTaken": "KIEL-CANAL, HOCHDONN",
        "takenAt": 1630686780,
        "copyright": "Ernst-Gert Schmidt",
        "description": null,
        "asset": {
            "id": 127966,
            "type": "Cargo",
            "name": "BIANCA RAMBOW"
        },
        "rating": {
            "voteAverage": 5,
            "voteCounter": 37
        },
        "url": "https://images.marinetraffic.com/collection/4446113.webp?size=800"
    },
    {
        "photoId": 4436096,
        "placeTaken": "Kiel Canal",
        "takenAt": 1241196960,
        "copyright": "Knud Peters",
        "description": null,
        "asset": {
            "id": 127966,
            "type": "Cargo",
            "name": "BIANCA RAMBOW"
        },
        "rating": {
            "voteAverage": 5,
            "voteCounter": 1
        },
        "url": "https://images.marinetraffic.com/collection/4436096.webp?size=800"
    }
]