[
    {
        "photoId": 4177063,
        "placeTaken": "Hamburg, Bubendeyufer",
        "takenAt": 1613817420,
        "copyright": "Oliver Boltz",
        "description": null,
        "asset": {
            "id": 127966,
            "type": "Cargo",
            "name": "BIANCA RAMBOW"
        },
        "rating": {
            "voteAverage": 0,
            "voteCounter": 0
        },
        "url": "https://images.marinetraffic.com/collection/4177063.webp?size=800"
    },
    {
        "photoId": 4177060,
        "placeTaken": "Hamburg, Bubendeyufer",
        "takenAt": 1613817300,
        "copyright": "Oliver Boltz",
        "description": null,
        "asset": {
            "id": 127966,
            "type": "Cargo",
            "name": "BIANCA RAMBOW"
        },
        "rating": {
            "voteAverage": 0,
            "voteCounter": 0
        },
        "url": "https://images.marinetraffic.com/collection/4177060.webp?size=800"
    },
    {
        "photoId": 4158785,
        "placeTaken": "\u00d8RESUND",
        "takenAt": 1612197480,
        "copyright": "Bendt Jakobsen",
        "description": null,
        "asset": {
            "id": 127966,
            "type": "Cargo",
            "name": "BIANCA RAMBOW"
        },
        "rating": {
            "voteAverage": 0,
            "voteCounter": 0
        },
        "url": "https://images.marinetraffic.com/collection/4158785.webp?size=800"
    },
    {
        "photoId": 4158782,
        "placeTaken": "\u00d8RESUND",
        "takenAt": 1612197720,
        "copyright": "Bendt Jakobsen",
        "description": null,
        "asset": {
            "id": 127966,
            "type": "Cargo",
            "name": "BIANCA RAMBOW"
        },
        "rating": {
            "voteAverage": 0,
            "voteCounter": 0
        },
        "url": "https://images.marinetraffic.com/collection/4158782.webp?size=800"
    },
    {
        "photoId": 4158684,
        "placeTaken": "Weser, Bremerhaven GER",
        "takenAt": 1589884500,
        "copyright": "FBN Raiger",
        "description": "Weser, Bremerhaven GER",
        "asset": {
            "id": 127966,
            "type": "Cargo",
            "name": "BIANCA RAMBOW"
        },
        "rating": {
            "voteAverage": 5,
            "voteCounter": 32
        },
        "url": "https://images.marinetraffic.com/collection/4158684.webp?size=800"
    },
    {
        "photoId": 4120760,
        "placeTaken": "Hamburg, Waltershof",
        "takenAt": 1607862420,
        "copyright": "Oliver Boltz",
        "description": null,
        "asset": {
            "id": 127966,
            "type": "Cargo",
            "name": "BIANCA RAMBOW"
        },
        "rating": {
            "voteAverage": 0,
            "voteCounter": 0
        },
        "url": "https://images.marinetraffic.com/collection/4120760.webp?size=800"
    },
    {
        "photoId": 4098586,
        "placeTaken": "Bianca Rambow  Hamburg Altenwerder beim Anlegen",
        "takenAt": 1605973440,
        "copyright": "rannug",
        "description": "Bianca Rambow  Hamburg Altenwerder beim Anlegen",
        "asset": {
            "id": 127966,
            "type": "Cargo",
            "name": "BIANCA RAMBOW"
        },
        "rating": {
            "voteAverage": 5,
            "voteCounter": 1
        },
        "url": "https://images.marinetraffic.com/collection/4098586.webp?size=800"
    },
    {
        "photoId": 4097842,
        "placeTaken": "Hamburg",
        "takenAt": 1469024400,
        "copyright": "Rudolf Loos",
        "description": "Bianca  Henneke Rambow  am 20.07.2016 in Hamburg",
        "asset": {
            "id": 127966,
            "type": "Cargo",
            "name": "BIANCA RAMBOW"
        },
        "rating": {
            "voteAverage": 0,
            "voteCounter": 0
        },
        "url": "https://images.marinetraffic.com/collection/4097842.webp?size=800"
    },
    {
        "photoId": 4094199,
        "placeTaken": "\u00d8RESUND",
        "takenAt": 1600871640,
        "copyright": "Bendt Jakobsen",
        "description": null,
        "asset": {
            "id": 127966,
            "type": "Cargo",
            "name": "BIANCA RAMBOW"
        },
        "rating": {
            "voteAverage": 0,
            "voteCounter": 0
        },
        "url": "https://images.marinetraffic.com/collection/4094199.webp?size=800"
    },
    {
        "photoId": 4082200,
        "placeTaken": "Hamburg Finkenwerder",
        "takenAt": 1604756040,
        "copyright": "Michael Borke",
        "description": null,
        "asset": {
            "id": 127966,
            "type": "Cargo",
            "name": "BIANCA RAMBOW"
        },
        "rating": {
            "voteAverage": 0,
            "voteCounter": 0
        },
        "url": "https://images.marinetraffic.com/collection/4082200.webp?size=800"
    },
    {
        "photoId": 4082197,
        "placeTaken": "Hamburg Finkenwerder",
        "takenAt": 1604755920,
        "copyright": "Michael Borke",
        "description": null,
        "asset": {
            "id": 127966,
            "type": "Cargo",
            "name": "BIANCA RAMBOW"
        },
        "rating": {
            "voteAverage": 5,
            "voteCounter": 1
        },
        "url": "https://images.marinetraffic.com/collection/4082197.webp?size=800"
    },
    {
        "photoId": 4063438,
        "placeTaken": "Kieler Foerde",
        "takenAt": 1602761040,
        "copyright": "Nils Junge",
        "description": null,
        "asset": {
            "id": 127966,
            "type": "Cargo",
            "name": "BIANCA RAMBOW"
        },
        "rating": {
            "voteAverage": 5,
            "voteCounter": 1
        },
        "url": "https://images.marinetraffic.com/collection/4063438.webp?size=800"
    },
    {
        "photoId": 4062456,
        "placeTaken": "NOK Breiholz",
        "takenAt": 1602780180,
        "copyright": "Helge Schilling",
        "description": null,
        "asset": {
            "id": 127966,
            "type": "Cargo",
            "name": "BIANCA RAMBOW"
        },
        "rating": {
            "voteAverage": 0,
            "voteCounter": 0
        },
        "url": "https://images.marinetraffic.com/collection/4062456.webp?size=800"
    },
    {
        "photoId": 4062453,
        "placeTaken": "NOK Breiholz",
        "takenAt": 1602780120,
        "copyright": "Helge Schilling",
        "description": null,
        "asset": {
            "id": 127966,
            "type": "Cargo",
            "name": "BIANCA RAMBOW"
        },
        "rating": {
            "voteAverage": 0,
            "voteCounter": 0
        },
        "url": "https://images.marinetraffic.com/collection/4062453.webp?size=800"
    },
    {
        "photoId": 4062451,
        "placeTaken": "NOK Breiholz",
        "takenAt": 1602780060,
        "copyright": "Helge Schilling",
        "description": null,
        "asset": {
            "id": 127966,
            "type": "Cargo",
            "name": "BIANCA RAMBOW"
        },
        "rating": {
            "voteAverage": 0,
            "voteCounter": 0
        },
        "url": "https://images.marinetraffic.com/collection/4062451.webp?size=800"
    },
    {
        "photoId": 4058491,
        "placeTaken": "Bremerhaven, Germany",
        "takenAt": 1598102880,
        "copyright": "Felix R\u00f6ben",
        "description": null,
        "asset": {
            "id": 127966,
            "type": "Cargo",
            "name": "BIANCA RAMBOW"
        },
        "rating": {
            "voteAverage": 5,
            "voteCounter": 1
        },
        "url": "https://images.marinetraffic.com/collection/4058491.webp?size=800"
    },
    {
        "photoId": 4051213,
        "placeTaken": "Kiel Canal",
        "takenAt": 1600364700,
        "copyright": "Nils Junge",
        "description": null,
        "asset": {
            "id": 127966,
            "type": "Cargo",
            "name": "BIANCA RAMBOW"
        },
        "rating": {
            "voteAverage": 5,
            "voteCounter": 2
        },
        "url": "https://images.marinetraffic.com/collection/4051213.webp?size=800"
    },
    {
        "photoId": 4048657,
        "placeTaken": "Kiel, Baltic Sea",
        "takenAt": 1498576080,
        "copyright": "Bernd-Ruediger Wulff",
        "description": null,
        "asset": {
            "id": 127966,
            "type": "Cargo",
            "name": "BIANCA RAMBOW"
        },
        "rating": {
            "voteAverage": 0,
            "voteCounter": 0
        },
        "url": "https://images.marinetraffic.com/collection/4048657.webp?size=800"
    },
    {
        "photoId": 4041654,
        "placeTaken": "Kiel, Germany",
        "takenAt": 1600945680,
        "copyright": "Thoralf Doehring, navysite.de",
        "description": null,
        "asset": {
            "id": 127966,
            "type": "Cargo",
            "name": "BIANCA RAMBOW"
        },
        "rating": {
            "voteAverage": 5,
            "voteCounter": 3
        },
        "url": "https://images.marinetraffic.com/collection/4041654.webp?size=800"
    },
    {
        "photoId": 4041653,
        "placeTaken": "Kiel, Germany",
        "takenAt": 1600945680,
        "copyright": "Thoralf Doehring, navysite.de",
        "description": null,
        "asset": {
            "id": 127966,
            "type": "Cargo",
            "name": "BIANCA RAMBOW"
        },
        "rating": {
            "voteAverage": 5,
            "voteCounter": 1
        },
        "url": "https://images.marinetraffic.com/collection/4041653.webp?size=800"
    }
]