[
    {
        "photoId": 2734891,
        "placeTaken": "Tyne",
        "takenAt": 1497810780,
        "copyright": "Neil C McBride",
        "description": "In for TCT2",
        "asset": {
            "id": 146379,
            "type": "Cargo",
            "name": "EMS HIGHWAY"
        },
        "rating": {
            "voteAverage": 0,
            "voteCounter": 0
        },
        "url": "https://images.marinetraffic.com/collection/2734891.webp?size=800"
    },
    {
        "photoId": 2690897,
        "placeTaken": "Ems river",
        "takenAt": 1493991000,
        "copyright": "Wolfgang Plapp",
        "description": null,
        "asset": {
            "id": 146379,
            "type": "Cargo",
            "name": "EMS HIGHWAY"
        },
        "rating": {
            "voteAverage": 4.625,
            "voteCounter": 8
        },
        "url": "https://images.marinetraffic.com/collection/2690897.webp?size=800"
    },
    {
        "photoId": 2667493,
        "placeTaken": null,
        "takenAt": 1486047240,
        "copyright": "Dirk van Uitert",
        "description": null,
        "asset": {
            "id": 146379,
            "type": "Cargo",
            "name": "EMS HIGHWAY"
        },
        "rating": {
            "voteAverage": 0,
            "voteCounter": 0
        },
        "url": "https://images.marinetraffic.com/collection/2667493.webp?size=800"
    },
    {
        "photoId": 2636043,
        "placeTaken": "Tilbury,United Kingdom",
        "takenAt": 1491391920,
        "copyright": "John Pitcher",
        "description": null,
        "asset": {
            "id": 146379,
            "type": "Cargo",
            "name": "EMS HIGHWAY"
        },
        "rating": {
            "voteAverage": 5,
            "voteCounter": 1
        },
        "url": "https://images.marinetraffic.com/collection/2636043.webp?size=800"
    },
    {
        "photoId": 2636039,
        "placeTaken": "Gravesend,United Kingdom",
        "takenAt": 1491391800,
        "copyright": "John Pitcher",
        "description": null,
        "asset": {
            "id": 146379,
            "type": "Cargo",
            "name": "EMS HIGHWAY"
        },
        "rating": {
            "voteAverage": 0,
            "voteCounter": 0
        },
        "url": "https://images.marinetraffic.com/collection/2636039.webp?size=800"
    },
    {
        "photoId": 2548237,
        "placeTaken": "NOK - Holtenau-Kiel",
        "takenAt": 1482927000,
        "copyright": "Peter aus Holtenau",
        "description": null,
        "asset": {
            "id": 146379,
            "type": "Cargo",
            "name": "EMS HIGHWAY"
        },
        "rating": {
            "voteAverage": 5,
            "voteCounter": 2
        },
        "url": "https://images.marinetraffic.com/collection/2548237.webp?size=800"
    },
    {
        "photoId": 2548235,
        "placeTaken": "NOK - Holtenau-Kiel",
        "takenAt": 1482926700,
        "copyright": "Peter aus Holtenau",
        "description": null,
        "asset": {
            "id": 146379,
            "type": "Cargo",
            "name": "EMS HIGHWAY"
        },
        "rating": {
            "voteAverage": 5,
            "voteCounter": 3
        },
        "url": "https://images.marinetraffic.com/collection/2548235.webp?size=800"
    },
    {
        "photoId": 2505032,
        "placeTaken": null,
        "takenAt": 1477680420,
        "copyright": "Mario Gressler",
        "description": null,
        "asset": {
            "id": 146379,
            "type": "Cargo",
            "name": "EMS HIGHWAY"
        },
        "rating": {
            "voteAverage": 5,
            "voteCounter": 1
        },
        "url": "https://images.marinetraffic.com/collection/2505032.webp?size=800"
    },
    {
        "photoId": 2501519,
        "placeTaken": null,
        "takenAt": 1477394880,
        "copyright": "Mario Gressler",
        "description": null,
        "asset": {
            "id": 146379,
            "type": "Cargo",
            "name": "EMS HIGHWAY"
        },
        "rating": {
            "voteAverage": 5,
            "voteCounter": 1
        },
        "url": "https://images.marinetraffic.com/collection/2501519.webp?size=800"
    },
    {
        "photoId": 2497819,
        "placeTaken": "River Ems DE",
        "takenAt": 1461855480,
        "copyright": "Wolfgang Plapp",
        "description": null,
        "asset": {
            "id": 146379,
            "type": "Cargo",
            "name": "EMS HIGHWAY"
        },
        "rating": {
            "voteAverage": 5,
            "voteCounter": 1
        },
        "url": "https://images.marinetraffic.com/collection/2497819.webp?size=800"
    },
    {
        "photoId": 2497817,
        "placeTaken": "River Ems DE",
        "takenAt": 1461855420,
        "copyright": "Wolfgang Plapp",
        "description": null,
        "asset": {
            "id": 146379,
            "type": "Cargo",
            "name": "EMS HIGHWAY"
        },
        "rating": {
            "voteAverage": 5,
            "voteCounter": 1
        },
        "url": "https://images.marinetraffic.com/collection/2497817.webp?size=800"
    },
    {
        "photoId": 2403079,
        "placeTaken": "Kiel Canal",
        "takenAt": 1150623900,
        "copyright": "Pekka Jarvinen",
        "description": null,
        "asset": {
            "id": 146379,
            "type": "Cargo",
            "name": "EMS HIGHWAY"
        },
        "rating": {
            "voteAverage": 0,
            "voteCounter": 0
        },
        "url": "https://images.marinetraffic.com/collection/2403079.webp?size=800"
    },
    {
        "photoId": 2398373,
        "placeTaken": "Emden",
        "takenAt": 1469368980,
        "copyright": "R. Behrends",
        "description": null,
        "asset": {
            "id": 146379,
            "type": "Cargo",
            "name": "EMS HIGHWAY"
        },
        "rating": {
            "voteAverage": 5,
            "voteCounter": 1
        },
        "url": "https://images.marinetraffic.com/collection/2398373.webp?size=800"
    },
    {
        "photoId": 2339144,
        "placeTaken": null,
        "takenAt": 1464721320,
        "copyright": "Nils Junge",
        "description": null,
        "asset": {
            "id": 146379,
            "type": "Cargo",
            "name": "EMS HIGHWAY"
        },
        "rating": {
            "voteAverage": 5,
            "voteCounter": 1
        },
        "url": "https://images.marinetraffic.com/collection/2339144.webp?size=800"
    },
    {
        "photoId": 2294354,
        "placeTaken": "NOK Kurs KEL",
        "takenAt": 1311936600,
        "copyright": "Arno Bruegmann",
        "description": null,
        "asset": {
            "id": 146379,
            "type": "Cargo",
            "name": "EMS HIGHWAY"
        },
        "rating": {
            "voteAverage": 0,
            "voteCounter": 0
        },
        "url": "https://images.marinetraffic.com/collection/2294354.webp?size=800"
    },
    {
        "photoId": 2294352,
        "placeTaken": "River Elbe  einlaufend Schleuse BRB",
        "takenAt": 1311934380,
        "copyright": "Arno Bruegmann",
        "description": null,
        "asset": {
            "id": 146379,
            "type": "Cargo",
            "name": "EMS HIGHWAY"
        },
        "rating": {
            "voteAverage": 0,
            "voteCounter": 0
        },
        "url": "https://images.marinetraffic.com/collection/2294352.webp?size=800"
    },
    {
        "photoId": 2150428,
        "placeTaken": "Kiel Canal",
        "takenAt": 1395480000,
        "copyright": "K&N",
        "description": null,
        "asset": {
            "id": 146379,
            "type": "Cargo",
            "name": "EMS HIGHWAY"
        },
        "rating": {
            "voteAverage": 0,
            "voteCounter": 0
        },
        "url": "https://images.marinetraffic.com/collection/2150428.webp?size=800"
    },
    {
        "photoId": 2150427,
        "placeTaken": "Kiel Canal",
        "takenAt": 1395479940,
        "copyright": "K&N",
        "description": null,
        "asset": {
            "id": 146379,
            "type": "Cargo",
            "name": "EMS HIGHWAY"
        },
        "rating": {
            "voteAverage": 0,
            "voteCounter": 0
        },
        "url": "https://images.marinetraffic.com/collection/2150427.webp?size=800"
    },
    {
        "photoId": 2109928,
        "placeTaken": "Malm",
        "takenAt": 1443535980,
        "copyright": "Kenneth Svensson",
        "description": null,
        "asset": {
            "id": 146379,
            "type": "Cargo",
            "name": "EMS HIGHWAY"
        },
        "rating": {
            "voteAverage": 0,
            "voteCounter": 0
        },
        "url": "https://images.marinetraffic.com/collection/2109928.webp?size=800"
    },
    {
        "photoId": 2079686,
        "placeTaken": "Sehestedt am NOK",
        "takenAt": 1441107360,
        "copyright": "Helmut Ivers",
        "description": null,
        "asset": {
            "id": 146379,
            "type": "Cargo",
            "name": "EMS HIGHWAY"
        },
        "rating": {
            "voteAverage": 0,
            "voteCounter": 0
        },
        "url": "https://images.marinetraffic.com/collection/2079686.webp?size=800"
    }
]