[
    {
        "photoId": 4130548,
        "placeTaken": "Cuxhaven",
        "takenAt": 1591128840,
        "copyright": "Reinhard Schmidt",
        "description": null,
        "asset": {
            "id": 146379,
            "type": "Cargo",
            "name": "EMS HIGHWAY"
        },
        "rating": {
            "voteAverage": 4,
            "voteCounter": 1
        },
        "url": "https://images.marinetraffic.com/collection/4130548.webp?size=800"
    },
    {
        "photoId": 4056079,
        "placeTaken": null,
        "takenAt": 1602513780,
        "copyright": "Heiko Wolf",
        "description": null,
        "asset": {
            "id": 146379,
            "type": "Cargo",
            "name": "EMS HIGHWAY"
        },
        "rating": {
            "voteAverage": 0,
            "voteCounter": 0
        },
        "url": "https://images.marinetraffic.com/collection/4056079.webp?size=800"
    },
    {
        "photoId": 4054266,
        "placeTaken": "Grimsby, UK",
        "takenAt": 1602322500,
        "copyright": "Ian Greenwood",
        "description": null,
        "asset": {
            "id": 146379,
            "type": "Cargo",
            "name": "EMS HIGHWAY"
        },
        "rating": {
            "voteAverage": 0,
            "voteCounter": 0
        },
        "url": "https://images.marinetraffic.com/collection/4054266.webp?size=800"
    },
    {
        "photoId": 4054259,
        "placeTaken": "Grimsby, UK",
        "takenAt": 1602322380,
        "copyright": "Ian Greenwood",
        "description": null,
        "asset": {
            "id": 146379,
            "type": "Cargo",
            "name": "EMS HIGHWAY"
        },
        "rating": {
            "voteAverage": 0,
            "voteCounter": 0
        },
        "url": "https://images.marinetraffic.com/collection/4054259.webp?size=800"
    },
    {
        "photoId": 4054254,
        "placeTaken": "Grimsby, UK",
        "takenAt": 1602322380,
        "copyright": "Ian Greenwood",
        "description": null,
        "asset": {
            "id": 146379,
            "type": "Cargo",
            "name": "EMS HIGHWAY"
        },
        "rating": {
            "voteAverage": 0,
            "voteCounter": 0
        },
        "url": "https://images.marinetraffic.com/collection/4054254.webp?size=800"
    },
    {
        "photoId": 4042682,
        "placeTaken": "Grimsby, UK",
        "takenAt": 1601305920,
        "copyright": "Ian Greenwood",
        "description": null,
        "asset": {
            "id": 146379,
            "type": "Cargo",
            "name": "EMS HIGHWAY"
        },
        "rating": {
            "voteAverage": 0,
            "voteCounter": 0
        },
        "url": "https://images.marinetraffic.com/collection/4042682.webp?size=800"
    },
    {
        "photoId": 4042681,
        "placeTaken": "Grimsby, UK",
        "takenAt": 1601305860,
        "copyright": "Ian Greenwood",
        "description": null,
        "asset": {
            "id": 146379,
            "type": "Cargo",
            "name": "EMS HIGHWAY"
        },
        "rating": {
            "voteAverage": 0,
            "voteCounter": 0
        },
        "url": "https://images.marinetraffic.com/collection/4042681.webp?size=800"
    },
    {
        "photoId": 3905754,
        "placeTaken": "NOK-Alte Lotsenstation Nuebbel",
        "takenAt": 1591690620,
        "copyright": "Hans-Peter Schroeder",
        "description": null,
        "asset": {
            "id": 146379,
            "type": "Cargo",
            "name": "EMS HIGHWAY"
        },
        "rating": {
            "voteAverage": 5,
            "voteCounter": 14
        },
        "url": "https://images.marinetraffic.com/collection/3905754.webp?size=800"
    },
    {
        "photoId": 3905753,
        "placeTaken": "NOK-Alte Lotsenstation Nuebbel",
        "takenAt": 1591690620,
        "copyright": "Hans-Peter Schroeder",
        "description": null,
        "asset": {
            "id": 146379,
            "type": "Cargo",
            "name": "EMS HIGHWAY"
        },
        "rating": {
            "voteAverage": 5,
            "voteCounter": 11
        },
        "url": "https://images.marinetraffic.com/collection/3905753.webp?size=800"
    },
    {
        "photoId": 3905751,
        "placeTaken": "NOK-Alte Lotsenstation Nuebbel",
        "takenAt": 1591690560,
        "copyright": "Hans-Peter Schroeder",
        "description": null,
        "asset": {
            "id": 146379,
            "type": "Cargo",
            "name": "EMS HIGHWAY"
        },
        "rating": {
            "voteAverage": 5,
            "voteCounter": 17
        },
        "url": "https://images.marinetraffic.com/collection/3905751.webp?size=800"
    },
    {
        "photoId": 3878900,
        "placeTaken": null,
        "takenAt": 1498144200,
        "copyright": "M V",
        "description": null,
        "asset": {
            "id": 146379,
            "type": "Cargo",
            "name": "EMS HIGHWAY"
        },
        "rating": {
            "voteAverage": 0,
            "voteCounter": 0
        },
        "url": "https://images.marinetraffic.com/collection/3878900.webp?size=800"
    },
    {
        "photoId": 3875865,
        "placeTaken": "Elbe bei Cuxhaven",
        "takenAt": 1589467440,
        "copyright": "Uwe Benn",
        "description": null,
        "asset": {
            "id": 146379,
            "type": "Cargo",
            "name": "EMS HIGHWAY"
        },
        "rating": {
            "voteAverage": 5,
            "voteCounter": 2
        },
        "url": "https://images.marinetraffic.com/collection/3875865.webp?size=800"
    },
    {
        "photoId": 3870409,
        "placeTaken": "Cuxhaven",
        "takenAt": 1584367200,
        "copyright": "Reinhard Schmidt",
        "description": null,
        "asset": {
            "id": 146379,
            "type": "Cargo",
            "name": "EMS HIGHWAY"
        },
        "rating": {
            "voteAverage": 0,
            "voteCounter": 0
        },
        "url": "https://images.marinetraffic.com/collection/3870409.webp?size=800"
    },
    {
        "photoId": 3836612,
        "placeTaken": "Oresund",
        "takenAt": 1581699120,
        "copyright": "P Ingelsten",
        "description": null,
        "asset": {
            "id": 146379,
            "type": "Cargo",
            "name": "EMS HIGHWAY"
        },
        "rating": {
            "voteAverage": 0,
            "voteCounter": 0
        },
        "url": "https://images.marinetraffic.com/collection/3836612.webp?size=800"
    },
    {
        "photoId": 3798076,
        "placeTaken": "Kielerfjord",
        "takenAt": 1582627200,
        "copyright": "Gerllery",
        "description": null,
        "asset": {
            "id": 146379,
            "type": "Cargo",
            "name": "EMS HIGHWAY"
        },
        "rating": {
            "voteAverage": 0,
            "voteCounter": 0
        },
        "url": "https://images.marinetraffic.com/collection/3798076.webp?size=800"
    },
    {
        "photoId": 3786313,
        "placeTaken": "Gdansk, Poland",
        "takenAt": 1533305700,
        "copyright": "Alexander Rychkov",
        "description": null,
        "asset": {
            "id": 146379,
            "type": "Cargo",
            "name": "EMS HIGHWAY"
        },
        "rating": {
            "voteAverage": 0,
            "voteCounter": 0
        },
        "url": "https://images.marinetraffic.com/collection/3786313.webp?size=800"
    },
    {
        "photoId": 3692615,
        "placeTaken": "River Thames Tilbury. UK.",
        "takenAt": 1572355800,
        "copyright": "Ray Petri",
        "description": null,
        "asset": {
            "id": 146379,
            "type": "Cargo",
            "name": "EMS HIGHWAY"
        },
        "rating": {
            "voteAverage": 0,
            "voteCounter": 0
        },
        "url": "https://images.marinetraffic.com/collection/3692615.webp?size=800"
    },
    {
        "photoId": 3692609,
        "placeTaken": "River Thames Tilbury. UK.",
        "takenAt": 1572355620,
        "copyright": "Ray Petri",
        "description": null,
        "asset": {
            "id": 146379,
            "type": "Cargo",
            "name": "EMS HIGHWAY"
        },
        "rating": {
            "voteAverage": 0,
            "voteCounter": 0
        },
        "url": "https://images.marinetraffic.com/collection/3692609.webp?size=800"
    },
    {
        "photoId": 3692607,
        "placeTaken": "River Thames Tilbury. UK.",
        "takenAt": 1572355320,
        "copyright": "Ray Petri",
        "description": "EMS Highway approaching Tilbury in heavy rain.",
        "asset": {
            "id": 146379,
            "type": "Cargo",
            "name": "EMS HIGHWAY"
        },
        "rating": {
            "voteAverage": 0,
            "voteCounter": 0
        },
        "url": "https://images.marinetraffic.com/collection/3692607.webp?size=800"
    },
    {
        "photoId": 3692604,
        "placeTaken": "River Thames Tilbury. UK.",
        "takenAt": 1572355500,
        "copyright": "Ray Petri",
        "description": null,
        "asset": {
            "id": 146379,
            "type": "Cargo",
            "name": "EMS HIGHWAY"
        },
        "rating": {
            "voteAverage": 0,
            "voteCounter": 0
        },
        "url": "https://images.marinetraffic.com/collection/3692604.webp?size=800"
    }
]