[
    {
        "photoId": 3234088,
        "placeTaken": "Kiel Canal Fhre Achterwehr",
        "takenAt": 1536584220,
        "copyright": "Manfred Sesemann",
        "description": null,
        "asset": {
            "id": 146379,
            "type": "Cargo",
            "name": "EMS HIGHWAY"
        },
        "rating": {
            "voteAverage": 0,
            "voteCounter": 0
        },
        "url": "https://images.marinetraffic.com/collection/3234088.webp?size=800"
    },
    {
        "photoId": 3234075,
        "placeTaken": "Kiel Canal F\u00e4hre Landwehr",
        "takenAt": 1536584100,
        "copyright": "Manfred Sesemann",
        "description": null,
        "asset": {
            "id": 146379,
            "type": "Cargo",
            "name": "EMS HIGHWAY"
        },
        "rating": {
            "voteAverage": 0,
            "voteCounter": 0
        },
        "url": "https://images.marinetraffic.com/collection/3234075.webp?size=800"
    },
    {
        "photoId": 3175562,
        "placeTaken": "Port of Gdansk",
        "takenAt": 1531001760,
        "copyright": "Dariusz Tul",
        "description": null,
        "asset": {
            "id": 146379,
            "type": "Cargo",
            "name": "EMS HIGHWAY"
        },
        "rating": {
            "voteAverage": 5,
            "voteCounter": 2
        },
        "url": "https://images.marinetraffic.com/collection/3175562.webp?size=800"
    },
    {
        "photoId": 3175558,
        "placeTaken": "Port of Gdansk",
        "takenAt": 1531001760,
        "copyright": "Dariusz Tul",
        "description": null,
        "asset": {
            "id": 146379,
            "type": "Cargo",
            "name": "EMS HIGHWAY"
        },
        "rating": {
            "voteAverage": 5,
            "voteCounter": 3
        },
        "url": "https://images.marinetraffic.com/collection/3175558.webp?size=800"
    },
    {
        "photoId": 3140996,
        "placeTaken": null,
        "takenAt": 1529440020,
        "copyright": "Mario Gressler",
        "description": null,
        "asset": {
            "id": 146379,
            "type": "Cargo",
            "name": "EMS HIGHWAY"
        },
        "rating": {
            "voteAverage": 0,
            "voteCounter": 0
        },
        "url": "https://images.marinetraffic.com/collection/3140996.webp?size=800"
    },
    {
        "photoId": 3065525,
        "placeTaken": "Kiel-Wik Kiel Canal",
        "takenAt": 1376773020,
        "copyright": "Bjarne Wendt",
        "description": null,
        "asset": {
            "id": 146379,
            "type": "Cargo",
            "name": "EMS HIGHWAY"
        },
        "rating": {
            "voteAverage": 5,
            "voteCounter": 1
        },
        "url": "https://images.marinetraffic.com/collection/3065525.webp?size=800"
    },
    {
        "photoId": 3053355,
        "placeTaken": "Emden",
        "takenAt": 1524232500,
        "copyright": "Wolfgang Plapp",
        "description": null,
        "asset": {
            "id": 146379,
            "type": "Cargo",
            "name": "EMS HIGHWAY"
        },
        "rating": {
            "voteAverage": 5,
            "voteCounter": 14
        },
        "url": "https://images.marinetraffic.com/collection/3053355.webp?size=800"
    },
    {
        "photoId": 2874731,
        "placeTaken": "Drogden ",
        "takenAt": 1507909080,
        "copyright": "l.e.larsen",
        "description": null,
        "asset": {
            "id": 146379,
            "type": "Cargo",
            "name": "EMS HIGHWAY"
        },
        "rating": {
            "voteAverage": 0,
            "voteCounter": 0
        },
        "url": "https://images.marinetraffic.com/collection/2874731.webp?size=800"
    },
    {
        "photoId": 2815750,
        "placeTaken": "Emden",
        "takenAt": 1503581580,
        "copyright": "Wolfgang Plapp",
        "description": null,
        "asset": {
            "id": 146379,
            "type": "Cargo",
            "name": "EMS HIGHWAY"
        },
        "rating": {
            "voteAverage": 5,
            "voteCounter": 14
        },
        "url": "https://images.marinetraffic.com/collection/2815750.webp?size=800"
    },
    {
        "photoId": 2810460,
        "placeTaken": null,
        "takenAt": 1501762080,
        "copyright": "Kacper C",
        "description": null,
        "asset": {
            "id": 146379,
            "type": "Cargo",
            "name": "EMS HIGHWAY"
        },
        "rating": {
            "voteAverage": 5,
            "voteCounter": 2
        },
        "url": "https://images.marinetraffic.com/collection/2810460.webp?size=800"
    },
    {
        "photoId": 2804674,
        "placeTaken": "Cuxhaven",
        "takenAt": 1496939520,
        "copyright": "Huw Gibby",
        "description": null,
        "asset": {
            "id": 146379,
            "type": "Cargo",
            "name": "EMS HIGHWAY"
        },
        "rating": {
            "voteAverage": 0,
            "voteCounter": 0
        },
        "url": "https://images.marinetraffic.com/collection/2804674.webp?size=800"
    },
    {
        "photoId": 2793485,
        "placeTaken": "Cuxhaven",
        "takenAt": 1494937620,
        "copyright": "Reinhard Schmidt",
        "description": null,
        "asset": {
            "id": 146379,
            "type": "Cargo",
            "name": "EMS HIGHWAY"
        },
        "rating": {
            "voteAverage": 0,
            "voteCounter": 0
        },
        "url": "https://images.marinetraffic.com/collection/2793485.webp?size=800"
    },
    {
        "photoId": 2782875,
        "placeTaken": "North Shields",
        "takenAt": 1501391160,
        "copyright": "Jack Dryden",
        "description": null,
        "asset": {
            "id": 146379,
            "type": "Cargo",
            "name": "EMS HIGHWAY"
        },
        "rating": {
            "voteAverage": 5,
            "voteCounter": 1
        },
        "url": "https://images.marinetraffic.com/collection/2782875.webp?size=800"
    },
    {
        "photoId": 2782486,
        "placeTaken": "Tyne.",
        "takenAt": 1501409460,
        "copyright": "John Michael Brown",
        "description": "Out Bound.",
        "asset": {
            "id": 146379,
            "type": "Cargo",
            "name": "EMS HIGHWAY"
        },
        "rating": {
            "voteAverage": 0,
            "voteCounter": 0
        },
        "url": "https://images.marinetraffic.com/collection/2782486.webp?size=800"
    },
    {
        "photoId": 2782482,
        "placeTaken": "Tyne.",
        "takenAt": 1501410120,
        "copyright": "John Michael Brown",
        "description": "Out Bound",
        "asset": {
            "id": 146379,
            "type": "Cargo",
            "name": "EMS HIGHWAY"
        },
        "rating": {
            "voteAverage": 0,
            "voteCounter": 0
        },
        "url": "https://images.marinetraffic.com/collection/2782482.webp?size=800"
    },
    {
        "photoId": 2782479,
        "placeTaken": "Tyne.",
        "takenAt": 1501409940,
        "copyright": "John Michael Brown",
        "description": "Out Bound.",
        "asset": {
            "id": 146379,
            "type": "Cargo",
            "name": "EMS HIGHWAY"
        },
        "rating": {
            "voteAverage": 0,
            "voteCounter": 0
        },
        "url": "https://images.marinetraffic.com/collection/2782479.webp?size=800"
    },
    {
        "photoId": 2767553,
        "placeTaken": "Tyne",
        "takenAt": 1500185880,
        "copyright": "Neil C McBride",
        "description": "At TCT2",
        "asset": {
            "id": 146379,
            "type": "Cargo",
            "name": "EMS HIGHWAY"
        },
        "rating": {
            "voteAverage": 0,
            "voteCounter": 0
        },
        "url": "https://images.marinetraffic.com/collection/2767553.webp?size=800"
    },
    {
        "photoId": 2767552,
        "placeTaken": "Tyne",
        "takenAt": 1500185880,
        "copyright": "Neil C McBride",
        "description": "At TCT2",
        "asset": {
            "id": 146379,
            "type": "Cargo",
            "name": "EMS HIGHWAY"
        },
        "rating": {
            "voteAverage": 5,
            "voteCounter": 1
        },
        "url": "https://images.marinetraffic.com/collection/2767552.webp?size=800"
    },
    {
        "photoId": 2734894,
        "placeTaken": "Tyne",
        "takenAt": 1497810660,
        "copyright": "Neil C McBride",
        "description": "In for TCT2",
        "asset": {
            "id": 146379,
            "type": "Cargo",
            "name": "EMS HIGHWAY"
        },
        "rating": {
            "voteAverage": 0,
            "voteCounter": 0
        },
        "url": "https://images.marinetraffic.com/collection/2734894.webp?size=800"
    },
    {
        "photoId": 2734892,
        "placeTaken": "Tyne",
        "takenAt": 1497810720,
        "copyright": "Neil C McBride",
        "description": "In for TCT2",
        "asset": {
            "id": 146379,
            "type": "Cargo",
            "name": "EMS HIGHWAY"
        },
        "rating": {
            "voteAverage": 0,
            "voteCounter": 0
        },
        "url": "https://images.marinetraffic.com/collection/2734892.webp?size=800"
    }
]