[
    {
        "photoId": 3655549,
        "placeTaken": "NOK Hoehe Breiholz Ferry  KURS DEKEL",
        "takenAt": 1569494940,
        "copyright": "Arno Bruegmann",
        "description": null,
        "asset": {
            "id": 146379,
            "type": "Cargo",
            "name": "EMS HIGHWAY"
        },
        "rating": {
            "voteAverage": 5,
            "voteCounter": 1
        },
        "url": "https://images.marinetraffic.com/collection/3655549.webp?size=800"
    },
    {
        "photoId": 3655547,
        "placeTaken": "NOK Hoehe Breiholz Ferry  KURS DEKEL",
        "takenAt": 1569494820,
        "copyright": "Arno Bruegmann",
        "description": null,
        "asset": {
            "id": 146379,
            "type": "Cargo",
            "name": "EMS HIGHWAY"
        },
        "rating": {
            "voteAverage": 5,
            "voteCounter": 1
        },
        "url": "https://images.marinetraffic.com/collection/3655547.webp?size=800"
    },
    {
        "photoId": 3655545,
        "placeTaken": "NOK Hoehe Breiholz Ferry  KURS DEKEL",
        "takenAt": 1569494820,
        "copyright": "Arno Bruegmann",
        "description": null,
        "asset": {
            "id": 146379,
            "type": "Cargo",
            "name": "EMS HIGHWAY"
        },
        "rating": {
            "voteAverage": 5,
            "voteCounter": 2
        },
        "url": "https://images.marinetraffic.com/collection/3655545.webp?size=800"
    },
    {
        "photoId": 3655544,
        "placeTaken": "NOK Hoehe Breiholz Ferry  KURS DEKEL",
        "takenAt": 1569494760,
        "copyright": "Arno Bruegmann",
        "description": null,
        "asset": {
            "id": 146379,
            "type": "Cargo",
            "name": "EMS HIGHWAY"
        },
        "rating": {
            "voteAverage": 5,
            "voteCounter": 2
        },
        "url": "https://images.marinetraffic.com/collection/3655544.webp?size=800"
    },
    {
        "photoId": 3655543,
        "placeTaken": "NOK Hoehe Breiholz Ferry  KURS DEKEL",
        "takenAt": 1569494640,
        "copyright": "Arno Bruegmann",
        "description": null,
        "asset": {
            "id": 146379,
            "type": "Cargo",
            "name": "EMS HIGHWAY"
        },
        "rating": {
            "voteAverage": 0,
            "voteCounter": 0
        },
        "url": "https://images.marinetraffic.com/collection/3655543.webp?size=800"
    },
    {
        "photoId": 3646551,
        "placeTaken": "Emden harbour",
        "takenAt": 1568901120,
        "copyright": "Wolfgang Plapp",
        "description": null,
        "asset": {
            "id": 146379,
            "type": "Cargo",
            "name": "EMS HIGHWAY"
        },
        "rating": {
            "voteAverage": 5,
            "voteCounter": 18
        },
        "url": "https://images.marinetraffic.com/collection/3646551.webp?size=800"
    },
    {
        "photoId": 3592727,
        "placeTaken": "Great Yarmouth .",
        "takenAt": 1565068680,
        "copyright": "john lambert",
        "description": null,
        "asset": {
            "id": 146379,
            "type": "Cargo",
            "name": "EMS HIGHWAY"
        },
        "rating": {
            "voteAverage": 0,
            "voteCounter": 0
        },
        "url": "https://images.marinetraffic.com/collection/3592727.webp?size=800"
    },
    {
        "photoId": 3575525,
        "placeTaken": "Gravesend. River Thames. UK",
        "takenAt": 1563907260,
        "copyright": "Ray Petri",
        "description": "EMS Highway heading to Thames Estuary from Tilbury.Camera to subject distance  approx 4.5 miles.Very hot day, heat haze strong.",
        "asset": {
            "id": 146379,
            "type": "Cargo",
            "name": "EMS HIGHWAY"
        },
        "rating": {
            "voteAverage": 0,
            "voteCounter": 0
        },
        "url": "https://images.marinetraffic.com/collection/3575525.webp?size=800"
    },
    {
        "photoId": 3550625,
        "placeTaken": "Cuxhaven",
        "takenAt": 1561053300,
        "copyright": "Horst Cierullies",
        "description": null,
        "asset": {
            "id": 146379,
            "type": "Cargo",
            "name": "EMS HIGHWAY"
        },
        "rating": {
            "voteAverage": 5,
            "voteCounter": 5
        },
        "url": "https://images.marinetraffic.com/collection/3550625.webp?size=800"
    },
    {
        "photoId": 3536698,
        "placeTaken": "Cuxhaven Alte Liebe",
        "takenAt": 1557750660,
        "copyright": "Reinhard Schmidt",
        "description": null,
        "asset": {
            "id": 146379,
            "type": "Cargo",
            "name": "EMS HIGHWAY"
        },
        "rating": {
            "voteAverage": 5,
            "voteCounter": 1
        },
        "url": "https://images.marinetraffic.com/collection/3536698.webp?size=800"
    },
    {
        "photoId": 3534564,
        "placeTaken": "Cuxhaven Alte Liebe",
        "takenAt": 1545318060,
        "copyright": "Reinhard Schmidt",
        "description": null,
        "asset": {
            "id": 146379,
            "type": "Cargo",
            "name": "EMS HIGHWAY"
        },
        "rating": {
            "voteAverage": 0,
            "voteCounter": 0
        },
        "url": "https://images.marinetraffic.com/collection/3534564.webp?size=800"
    },
    {
        "photoId": 3534550,
        "placeTaken": "Cuxhaven Alte Liebe",
        "takenAt": 1545317640,
        "copyright": "Reinhard Schmidt",
        "description": null,
        "asset": {
            "id": 146379,
            "type": "Cargo",
            "name": "EMS HIGHWAY"
        },
        "rating": {
            "voteAverage": 0,
            "voteCounter": 0
        },
        "url": "https://images.marinetraffic.com/collection/3534550.webp?size=800"
    },
    {
        "photoId": 3530147,
        "placeTaken": "Cuxhaven Steubenhft",
        "takenAt": 1541603160,
        "copyright": "Reinhard Schmidt",
        "description": null,
        "asset": {
            "id": 146379,
            "type": "Cargo",
            "name": "EMS HIGHWAY"
        },
        "rating": {
            "voteAverage": 0,
            "voteCounter": 0
        },
        "url": "https://images.marinetraffic.com/collection/3530147.webp?size=800"
    },
    {
        "photoId": 3515544,
        "placeTaken": "Kiel Canal",
        "takenAt": 1560166500,
        "copyright": ". rainville",
        "description": null,
        "asset": {
            "id": 146379,
            "type": "Cargo",
            "name": "EMS HIGHWAY"
        },
        "rating": {
            "voteAverage": 0,
            "voteCounter": 0
        },
        "url": "https://images.marinetraffic.com/collection/3515544.webp?size=800"
    },
    {
        "photoId": 3496653,
        "placeTaken": null,
        "takenAt": 1558816260,
        "copyright": "Rafa Pierzchliski",
        "description": null,
        "asset": {
            "id": 146379,
            "type": "Cargo",
            "name": "EMS HIGHWAY"
        },
        "rating": {
            "voteAverage": 5,
            "voteCounter": 1
        },
        "url": "https://images.marinetraffic.com/collection/3496653.webp?size=800"
    },
    {
        "photoId": 3432386,
        "placeTaken": "Kiel Canal, Hochdonn",
        "takenAt": 1533628380,
        "copyright": "Ernst-Gert Schmidt",
        "description": "at the Kiel Canal, passing Hochdonn in direction River ELBE",
        "asset": {
            "id": 146379,
            "type": "Cargo",
            "name": "EMS HIGHWAY"
        },
        "rating": {
            "voteAverage": 5,
            "voteCounter": 7
        },
        "url": "https://images.marinetraffic.com/collection/3432386.webp?size=800"
    },
    {
        "photoId": 3432382,
        "placeTaken": "Kiel Canal, Hochdonn",
        "takenAt": 1533628320,
        "copyright": "Ernst-Gert Schmidt",
        "description": "at the Kiel Canal, passing Hochdonn in direction River ELBE",
        "asset": {
            "id": 146379,
            "type": "Cargo",
            "name": "EMS HIGHWAY"
        },
        "rating": {
            "voteAverage": 5,
            "voteCounter": 8
        },
        "url": "https://images.marinetraffic.com/collection/3432382.webp?size=800"
    },
    {
        "photoId": 3421928,
        "placeTaken": "Kiel Canal, Hochdonn",
        "takenAt": 1533628320,
        "copyright": "Ernst-Gert Schmidt",
        "description": "at the Kiel Canal, passing Hochdonn in direction River ELBE ",
        "asset": {
            "id": 146379,
            "type": "Cargo",
            "name": "EMS HIGHWAY"
        },
        "rating": {
            "voteAverage": 5,
            "voteCounter": 34
        },
        "url": "https://images.marinetraffic.com/collection/3421928.webp?size=800"
    },
    {
        "photoId": 3411667,
        "placeTaken": "Port of Halmstad, Sweden",
        "takenAt": 1551806580,
        "copyright": "Ingrid Winberg",
        "description": null,
        "asset": {
            "id": 146379,
            "type": "Cargo",
            "name": "EMS HIGHWAY"
        },
        "rating": {
            "voteAverage": 0,
            "voteCounter": 0
        },
        "url": "https://images.marinetraffic.com/collection/3411667.webp?size=800"
    },
    {
        "photoId": 3284993,
        "placeTaken": "\u00d8resund",
        "takenAt": 1540651440,
        "copyright": "Jan Williams",
        "description": "On a cloudy and gray day with rain in the air it's nice to see a red ship",
        "asset": {
            "id": 146379,
            "type": "Cargo",
            "name": "EMS HIGHWAY"
        },
        "rating": {
            "voteAverage": 0,
            "voteCounter": 0
        },
        "url": "https://images.marinetraffic.com/collection/3284993.webp?size=800"
    }
]