[
    {
        "photoId": 4303467,
        "placeTaken": "Breisundet",
        "takenAt": 1623347700,
        "copyright": "Magnar Lyngstad",
        "description": null,
        "asset": {
            "id": 1655,
            "type": "Cargo",
            "name": "SEA CARGO EXPRESS"
        },
        "rating": {
            "voteAverage": 5,
            "voteCounter": 1
        },
        "url": "https://images.marinetraffic.com/collection/4303467.webp?size=800"
    },
    {
        "photoId": 4269689,
        "placeTaken": "Bergen.",
        "takenAt": 1621017000,
        "copyright": "Geir Vinnes",
        "description": null,
        "asset": {
            "id": 1655,
            "type": "Cargo",
            "name": "SEA CARGO EXPRESS"
        },
        "rating": {
            "voteAverage": 5,
            "voteCounter": 1
        },
        "url": "https://images.marinetraffic.com/collection/4269689.webp?size=800"
    },
    {
        "photoId": 4269688,
        "placeTaken": "Bergen.",
        "takenAt": 1621017000,
        "copyright": "Geir Vinnes",
        "description": null,
        "asset": {
            "id": 1655,
            "type": "Cargo",
            "name": "SEA CARGO EXPRESS"
        },
        "rating": {
            "voteAverage": 5,
            "voteCounter": 1
        },
        "url": "https://images.marinetraffic.com/collection/4269688.webp?size=800"
    },
    {
        "photoId": 4269687,
        "placeTaken": "Bergen.",
        "takenAt": 1621017000,
        "copyright": "Geir Vinnes",
        "description": null,
        "asset": {
            "id": 1655,
            "type": "Cargo",
            "name": "SEA CARGO EXPRESS"
        },
        "rating": {
            "voteAverage": 5,
            "voteCounter": 1
        },
        "url": "https://images.marinetraffic.com/collection/4269687.webp?size=800"
    },
    {
        "photoId": 4235338,
        "placeTaken": "Tananger, Norway",
        "takenAt": 1618653420,
        "copyright": "Len Duevel",
        "description": "Sea Cargo Express glides into Risavika while passing the historic lighthouse island Flatholmen.",
        "asset": {
            "id": 1655,
            "type": "Cargo",
            "name": "SEA CARGO EXPRESS"
        },
        "rating": {
            "voteAverage": 5,
            "voteCounter": 1
        },
        "url": "https://images.marinetraffic.com/collection/4235338.webp?size=800"
    },
    {
        "photoId": 4225304,
        "placeTaken": null,
        "takenAt": 1617822300,
        "copyright": "George Campbell",
        "description": null,
        "asset": {
            "id": 1655,
            "type": "Cargo",
            "name": "SEA CARGO EXPRESS"
        },
        "rating": {
            "voteAverage": 0,
            "voteCounter": 0
        },
        "url": "https://images.marinetraffic.com/collection/4225304.webp?size=800"
    },
    {
        "photoId": 4193056,
        "placeTaken": null,
        "takenAt": null,
        "copyright": "joachim skaalbones",
        "description": null,
        "asset": {
            "id": 1655,
            "type": "Cargo",
            "name": "SEA CARGO EXPRESS"
        },
        "rating": {
            "voteAverage": 5,
            "voteCounter": 2
        },
        "url": "https://images.marinetraffic.com/collection/4193056.webp?size=800"
    },
    {
        "photoId": 4183561,
        "placeTaken": null,
        "takenAt": 1614520560,
        "copyright": "George Campbell",
        "description": null,
        "asset": {
            "id": 1655,
            "type": "Cargo",
            "name": "SEA CARGO EXPRESS"
        },
        "rating": {
            "voteAverage": 0,
            "voteCounter": 0
        },
        "url": "https://images.marinetraffic.com/collection/4183561.webp?size=800"
    },
    {
        "photoId": 4116723,
        "placeTaken": "Karmsundet",
        "takenAt": 1603104060,
        "copyright": "Paul Misje",
        "description": null,
        "asset": {
            "id": 1655,
            "type": "Cargo",
            "name": "SEA CARGO EXPRESS"
        },
        "rating": {
            "voteAverage": 5,
            "voteCounter": 4
        },
        "url": "https://images.marinetraffic.com/collection/4116723.webp?size=800"
    },
    {
        "photoId": 4085449,
        "placeTaken": "Haugesund",
        "takenAt": 1600709220,
        "copyright": "Paul Misje",
        "description": null,
        "asset": {
            "id": 1655,
            "type": "Cargo",
            "name": "SEA CARGO EXPRESS"
        },
        "rating": {
            "voteAverage": 5,
            "voteCounter": 7
        },
        "url": "https://images.marinetraffic.com/collection/4085449.webp?size=800"
    },
    {
        "photoId": 4048469,
        "placeTaken": "Stavanger",
        "takenAt": 1601919600,
        "copyright": "Geir Vinnes",
        "description": null,
        "asset": {
            "id": 1655,
            "type": "Cargo",
            "name": "SEA CARGO EXPRESS"
        },
        "rating": {
            "voteAverage": 5,
            "voteCounter": 2
        },
        "url": "https://images.marinetraffic.com/collection/4048469.webp?size=800"
    },
    {
        "photoId": 4015945,
        "placeTaken": "Trondheim",
        "takenAt": 1406198580,
        "copyright": "Rolf Bridde",
        "description": null,
        "asset": {
            "id": 1655,
            "type": "Cargo",
            "name": "SEA CARGO EXPRESS"
        },
        "rating": {
            "voteAverage": 0,
            "voteCounter": 0
        },
        "url": "https://images.marinetraffic.com/collection/4015945.webp?size=800"
    },
    {
        "photoId": 3982282,
        "placeTaken": "Aberdeen",
        "takenAt": 1596974580,
        "copyright": "Liam Stove",
        "description": null,
        "asset": {
            "id": 1655,
            "type": "Cargo",
            "name": "SEA CARGO EXPRESS"
        },
        "rating": {
            "voteAverage": 5,
            "voteCounter": 7
        },
        "url": "https://images.marinetraffic.com/collection/3982282.webp?size=800"
    },
    {
        "photoId": 3972882,
        "placeTaken": "Near Floro",
        "takenAt": 1595955600,
        "copyright": "Geir Vinnes",
        "description": null,
        "asset": {
            "id": 1655,
            "type": "Cargo",
            "name": "SEA CARGO EXPRESS"
        },
        "rating": {
            "voteAverage": 5,
            "voteCounter": 1
        },
        "url": "https://images.marinetraffic.com/collection/3972882.webp?size=800"
    },
    {
        "photoId": 3972881,
        "placeTaken": "Near Floro",
        "takenAt": 1595955600,
        "copyright": "Geir Vinnes",
        "description": null,
        "asset": {
            "id": 1655,
            "type": "Cargo",
            "name": "SEA CARGO EXPRESS"
        },
        "rating": {
            "voteAverage": 5,
            "voteCounter": 1
        },
        "url": "https://images.marinetraffic.com/collection/3972881.webp?size=800"
    },
    {
        "photoId": 3960174,
        "placeTaken": null,
        "takenAt": 1595339760,
        "copyright": "Nesterka",
        "description": null,
        "asset": {
            "id": 1655,
            "type": "Cargo",
            "name": "SEA CARGO EXPRESS"
        },
        "rating": {
            "voteAverage": 0,
            "voteCounter": 0
        },
        "url": "https://images.marinetraffic.com/collection/3960174.webp?size=800"
    },
    {
        "photoId": 3954925,
        "placeTaken": null,
        "takenAt": 1594132680,
        "copyright": "Nesterka",
        "description": null,
        "asset": {
            "id": 1655,
            "type": "Cargo",
            "name": "SEA CARGO EXPRESS"
        },
        "rating": {
            "voteAverage": 0,
            "voteCounter": 0
        },
        "url": "https://images.marinetraffic.com/collection/3954925.webp?size=800"
    },
    {
        "photoId": 3954923,
        "placeTaken": null,
        "takenAt": 1594132620,
        "copyright": "Nesterka",
        "description": null,
        "asset": {
            "id": 1655,
            "type": "Cargo",
            "name": "SEA CARGO EXPRESS"
        },
        "rating": {
            "voteAverage": 5,
            "voteCounter": 1
        },
        "url": "https://images.marinetraffic.com/collection/3954923.webp?size=800"
    },
    {
        "photoId": 3900795,
        "placeTaken": "karmsundet",
        "takenAt": 1589619240,
        "copyright": "Paul Misje",
        "description": null,
        "asset": {
            "id": 1655,
            "type": "Cargo",
            "name": "SEA CARGO EXPRESS"
        },
        "rating": {
            "voteAverage": 5,
            "voteCounter": 4
        },
        "url": "https://images.marinetraffic.com/collection/3900795.webp?size=800"
    },
    {
        "photoId": 3900794,
        "placeTaken": "karmsundet",
        "takenAt": 1589619240,
        "copyright": "Paul Misje",
        "description": null,
        "asset": {
            "id": 1655,
            "type": "Cargo",
            "name": "SEA CARGO EXPRESS"
        },
        "rating": {
            "voteAverage": 5,
            "voteCounter": 9
        },
        "url": "https://images.marinetraffic.com/collection/3900794.webp?size=800"
    }
]