[
    {
        "photoId": 3857391,
        "placeTaken": "Heraklion Port",
        "takenAt": 1588163280,
        "copyright": "Al Sif",
        "description": null,
        "asset": {
            "id": 151866,
            "type": "Cargo",
            "name": "E SHIP 1"
        },
        "rating": {
            "voteAverage": 0,
            "voteCounter": 0
        },
        "url": "https://images.marinetraffic.com/collection/3857391.webp?size=800"
    },
    {
        "photoId": 3836827,
        "placeTaken": null,
        "takenAt": 1586263320,
        "copyright": "Tetens, Jan-H.",
        "description": null,
        "asset": {
            "id": 151866,
            "type": "Cargo",
            "name": "E SHIP 1"
        },
        "rating": {
            "voteAverage": 5,
            "voteCounter": 2
        },
        "url": "https://images.marinetraffic.com/collection/3836827.webp?size=800"
    },
    {
        "photoId": 3836054,
        "placeTaken": "NOK-Westerroenfeld",
        "takenAt": 1586253780,
        "copyright": "Hans-Peter Schroeder",
        "description": null,
        "asset": {
            "id": 151866,
            "type": "Cargo",
            "name": "E SHIP 1"
        },
        "rating": {
            "voteAverage": 5,
            "voteCounter": 12
        },
        "url": "https://images.marinetraffic.com/collection/3836054.webp?size=800"
    },
    {
        "photoId": 3836052,
        "placeTaken": "NOK-Westerroenfeld",
        "takenAt": 1586253660,
        "copyright": "Hans-Peter Schroeder",
        "description": null,
        "asset": {
            "id": 151866,
            "type": "Cargo",
            "name": "E SHIP 1"
        },
        "rating": {
            "voteAverage": 5,
            "voteCounter": 19
        },
        "url": "https://images.marinetraffic.com/collection/3836052.webp?size=800"
    },
    {
        "photoId": 3784343,
        "placeTaken": "Port of Landskrona, Sweden.",
        "takenAt": 1581667320,
        "copyright": "Kjell Andersson",
        "description": null,
        "asset": {
            "id": 151866,
            "type": "Cargo",
            "name": "E SHIP 1"
        },
        "rating": {
            "voteAverage": 5,
            "voteCounter": 1
        },
        "url": "https://images.marinetraffic.com/collection/3784343.webp?size=800"
    },
    {
        "photoId": 3781229,
        "placeTaken": "NOK Kiel Holtenau",
        "takenAt": 1580918220,
        "copyright": "Manfred Sesemann",
        "description": null,
        "asset": {
            "id": 151866,
            "type": "Cargo",
            "name": "E SHIP 1"
        },
        "rating": {
            "voteAverage": 5,
            "voteCounter": 1
        },
        "url": "https://images.marinetraffic.com/collection/3781229.webp?size=800"
    },
    {
        "photoId": 3781228,
        "placeTaken": "NOK Kiel Holtenau",
        "takenAt": 1580918160,
        "copyright": "Manfred Sesemann",
        "description": null,
        "asset": {
            "id": 151866,
            "type": "Cargo",
            "name": "E SHIP 1"
        },
        "rating": {
            "voteAverage": 5,
            "voteCounter": 2
        },
        "url": "https://images.marinetraffic.com/collection/3781228.webp?size=800"
    },
    {
        "photoId": 3778008,
        "placeTaken": "NOK - Holtenau-Kiel",
        "takenAt": 1580749200,
        "copyright": "Peter aus Holtenau",
        "description": null,
        "asset": {
            "id": 151866,
            "type": "Cargo",
            "name": "E SHIP 1"
        },
        "rating": {
            "voteAverage": 5,
            "voteCounter": 8
        },
        "url": "https://images.marinetraffic.com/collection/3778008.webp?size=800"
    },
    {
        "photoId": 3777282,
        "placeTaken": "Kieler Foerde",
        "takenAt": 1580913240,
        "copyright": "uwe heimhold",
        "description": null,
        "asset": {
            "id": 151866,
            "type": "Cargo",
            "name": "E SHIP 1"
        },
        "rating": {
            "voteAverage": 5,
            "voteCounter": 2
        },
        "url": "https://images.marinetraffic.com/collection/3777282.webp?size=800"
    },
    {
        "photoId": 3777281,
        "placeTaken": "Kieler Foerde",
        "takenAt": 1580913180,
        "copyright": "uwe heimhold",
        "description": null,
        "asset": {
            "id": 151866,
            "type": "Cargo",
            "name": "E SHIP 1"
        },
        "rating": {
            "voteAverage": 5,
            "voteCounter": 3
        },
        "url": "https://images.marinetraffic.com/collection/3777281.webp?size=800"
    },
    {
        "photoId": 3777280,
        "placeTaken": "Kieler Foerde",
        "takenAt": 1580913540,
        "copyright": "uwe heimhold",
        "description": null,
        "asset": {
            "id": 151866,
            "type": "Cargo",
            "name": "E SHIP 1"
        },
        "rating": {
            "voteAverage": 5,
            "voteCounter": 1
        },
        "url": "https://images.marinetraffic.com/collection/3777280.webp?size=800"
    },
    {
        "photoId": 3777073,
        "placeTaken": "NOK - Landwehr",
        "takenAt": 1580747700,
        "copyright": "Peter aus Holtenau",
        "description": null,
        "asset": {
            "id": 151866,
            "type": "Cargo",
            "name": "E SHIP 1"
        },
        "rating": {
            "voteAverage": 5,
            "voteCounter": 2
        },
        "url": "https://images.marinetraffic.com/collection/3777073.webp?size=800"
    },
    {
        "photoId": 3776406,
        "placeTaken": "NOK - Landwehr",
        "takenAt": 1580747520,
        "copyright": "Peter aus Holtenau",
        "description": null,
        "asset": {
            "id": 151866,
            "type": "Cargo",
            "name": "E SHIP 1"
        },
        "rating": {
            "voteAverage": 5,
            "voteCounter": 6
        },
        "url": "https://images.marinetraffic.com/collection/3776406.webp?size=800"
    },
    {
        "photoId": 3731103,
        "placeTaken": "Kiel - Canal, Ruesterbergen     DE",
        "takenAt": 1568638500,
        "copyright": "Claus-Peter Geiler",
        "description": null,
        "asset": {
            "id": 151866,
            "type": "Cargo",
            "name": "E SHIP 1"
        },
        "rating": {
            "voteAverage": 5,
            "voteCounter": 6
        },
        "url": "https://images.marinetraffic.com/collection/3731103.webp?size=800"
    },
    {
        "photoId": 3731102,
        "placeTaken": "Kiel - Canal, Rsterbergen     DE",
        "takenAt": 1568638320,
        "copyright": "Claus-Peter Geiler",
        "description": null,
        "asset": {
            "id": 151866,
            "type": "Cargo",
            "name": "E SHIP 1"
        },
        "rating": {
            "voteAverage": 5,
            "voteCounter": 10
        },
        "url": "https://images.marinetraffic.com/collection/3731102.webp?size=800"
    },
    {
        "photoId": 3728284,
        "placeTaken": "MAASSLUIS, Het Scheur, NL ",
        "takenAt": 1572784380,
        "copyright": "RIA MAAT",
        "description": null,
        "asset": {
            "id": 151866,
            "type": "Cargo",
            "name": "E SHIP 1"
        },
        "rating": {
            "voteAverage": 5,
            "voteCounter": 3
        },
        "url": "https://images.marinetraffic.com/collection/3728284.webp?size=800"
    },
    {
        "photoId": 3698938,
        "placeTaken": "Algeciras",
        "takenAt": 1562867520,
        "copyright": "Juan G. Mata",
        "description": null,
        "asset": {
            "id": 151866,
            "type": "Cargo",
            "name": "E SHIP 1"
        },
        "rating": {
            "voteAverage": 5,
            "voteCounter": 1
        },
        "url": "https://images.marinetraffic.com/collection/3698938.webp?size=800"
    },
    {
        "photoId": 3697263,
        "placeTaken": "Nieuwe Waterweg /Maassluis",
        "takenAt": 1572784920,
        "copyright": "Monique Davis-Mulder",
        "description": null,
        "asset": {
            "id": 151866,
            "type": "Cargo",
            "name": "E SHIP 1"
        },
        "rating": {
            "voteAverage": 5,
            "voteCounter": 2
        },
        "url": "https://images.marinetraffic.com/collection/3697263.webp?size=800"
    },
    {
        "photoId": 3663811,
        "placeTaken": "Brake",
        "takenAt": 1570118940,
        "copyright": "pingi eisbar",
        "description": null,
        "asset": {
            "id": 151866,
            "type": "Cargo",
            "name": "E SHIP 1"
        },
        "rating": {
            "voteAverage": 5,
            "voteCounter": 3
        },
        "url": "https://images.marinetraffic.com/collection/3663811.webp?size=800"
    },
    {
        "photoId": 3663810,
        "placeTaken": "Brake",
        "takenAt": 1570119300,
        "copyright": "pingi eisbar",
        "description": null,
        "asset": {
            "id": 151866,
            "type": "Cargo",
            "name": "E SHIP 1"
        },
        "rating": {
            "voteAverage": 0,
            "voteCounter": 0
        },
        "url": "https://images.marinetraffic.com/collection/3663810.webp?size=800"
    }
]