[
    {
        "photoId": 5058003,
        "placeTaken": null,
        "takenAt": 1683455280,
        "copyright": "barend J v Rensburg",
        "description": null,
        "asset": {
            "id": 151866,
            "type": "Cargo",
            "name": "E SHIP 1"
        },
        "rating": {
            "voteAverage": 0,
            "voteCounter": 0
        },
        "url": "https://images.marinetraffic.com/collection/5058003.webp?size=800"
    },
    {
        "photoId": 5051992,
        "placeTaken": null,
        "takenAt": 1665940800,
        "copyright": "Malte Schwarz",
        "description": null,
        "asset": {
            "id": 151866,
            "type": "Cargo",
            "name": "E SHIP 1"
        },
        "rating": {
            "voteAverage": 0,
            "voteCounter": 0
        },
        "url": "https://images.marinetraffic.com/collection/5051992.webp?size=800"
    },
    {
        "photoId": 5043414,
        "placeTaken": "Germany, Kiel-Friedrichsort",
        "takenAt": 1217670240,
        "copyright": "Olaf Reese",
        "description": "Launching of the E-SHIP 1 at the Lindenau shipyard in Kiel-Friedrichsort.",
        "asset": {
            "id": 151866,
            "type": "Cargo",
            "name": "E SHIP 1"
        },
        "rating": {
            "voteAverage": 0,
            "voteCounter": 0
        },
        "url": "https://images.marinetraffic.com/collection/5043414.webp?size=800"
    },
    {
        "photoId": 5040947,
        "placeTaken": "Schleuse Kiel Holtenau",
        "takenAt": 1675617780,
        "copyright": "Lukas E",
        "description": null,
        "asset": {
            "id": 151866,
            "type": "Cargo",
            "name": "E SHIP 1"
        },
        "rating": {
            "voteAverage": 0,
            "voteCounter": 0
        },
        "url": "https://images.marinetraffic.com/collection/5040947.webp?size=800"
    },
    {
        "photoId": 5001347,
        "placeTaken": null,
        "takenAt": 1678783680,
        "copyright": "Roberto Gutierrez",
        "description": null,
        "asset": {
            "id": 151866,
            "type": "Cargo",
            "name": "E SHIP 1"
        },
        "rating": {
            "voteAverage": 5,
            "voteCounter": 1
        },
        "url": "https://images.marinetraffic.com/collection/5001347.webp?size=800"
    },
    {
        "photoId": 4971671,
        "placeTaken": "Kiel Canal / Germany",
        "takenAt": 1675774020,
        "copyright": "Nils Junge",
        "description": null,
        "asset": {
            "id": 151866,
            "type": "Cargo",
            "name": "E SHIP 1"
        },
        "rating": {
            "voteAverage": 5,
            "voteCounter": 4
        },
        "url": "https://images.marinetraffic.com/collection/4971671.webp?size=800"
    },
    {
        "photoId": 4923295,
        "placeTaken": "Masan, Rep. of Korea",
        "takenAt": 1620383400,
        "copyright": "V. Tonic",
        "description": "At Masan New port.",
        "asset": {
            "id": 151866,
            "type": "Cargo",
            "name": "E SHIP 1"
        },
        "rating": {
            "voteAverage": 0,
            "voteCounter": 0
        },
        "url": "https://images.marinetraffic.com/collection/4923295.webp?size=800"
    },
    {
        "photoId": 4923294,
        "placeTaken": "Masan, Rep. of Korea",
        "takenAt": 1620383040,
        "copyright": "V. Tonic",
        "description": "At Masan New port.",
        "asset": {
            "id": 151866,
            "type": "Cargo",
            "name": "E SHIP 1"
        },
        "rating": {
            "voteAverage": 5,
            "voteCounter": 1
        },
        "url": "https://images.marinetraffic.com/collection/4923294.webp?size=800"
    },
    {
        "photoId": 4923293,
        "placeTaken": "Masan, Rep. of Korea",
        "takenAt": 1620382020,
        "copyright": "V. Tonic",
        "description": "At Masan New port.",
        "asset": {
            "id": 151866,
            "type": "Cargo",
            "name": "E SHIP 1"
        },
        "rating": {
            "voteAverage": 0,
            "voteCounter": 0
        },
        "url": "https://images.marinetraffic.com/collection/4923293.webp?size=800"
    },
    {
        "photoId": 4892782,
        "placeTaken": "NOK - Rade",
        "takenAt": 1666785600,
        "copyright": "Peter aus Holtenau",
        "description": null,
        "asset": {
            "id": 151866,
            "type": "Cargo",
            "name": "E SHIP 1"
        },
        "rating": {
            "voteAverage": 5,
            "voteCounter": 6
        },
        "url": "https://images.marinetraffic.com/collection/4892782.webp?size=800"
    },
    {
        "photoId": 4891491,
        "placeTaken": "NOK - Rade",
        "takenAt": 1666785480,
        "copyright": "Peter aus Holtenau",
        "description": null,
        "asset": {
            "id": 151866,
            "type": "Cargo",
            "name": "E SHIP 1"
        },
        "rating": {
            "voteAverage": 5,
            "voteCounter": 7
        },
        "url": "https://images.marinetraffic.com/collection/4891491.webp?size=800"
    },
    {
        "photoId": 4885063,
        "placeTaken": "Kiel Fjord",
        "takenAt": 1666797420,
        "copyright": "Hannes R\u00f6hrs",
        "description": null,
        "asset": {
            "id": 151866,
            "type": "Cargo",
            "name": "E SHIP 1"
        },
        "rating": {
            "voteAverage": 5,
            "voteCounter": 2
        },
        "url": "https://images.marinetraffic.com/collection/4885063.webp?size=800"
    },
    {
        "photoId": 4876379,
        "placeTaken": "NOK Kurs Rendsburg  DE",
        "takenAt": 1666104900,
        "copyright": "Arno Bruegmann",
        "description": null,
        "asset": {
            "id": 151866,
            "type": "Cargo",
            "name": "E SHIP 1"
        },
        "rating": {
            "voteAverage": 5,
            "voteCounter": 1
        },
        "url": "https://images.marinetraffic.com/collection/4876379.webp?size=800"
    },
    {
        "photoId": 4876377,
        "placeTaken": "NOK Kurs Rendsburg  DE",
        "takenAt": 1666104780,
        "copyright": "Arno Bruegmann",
        "description": null,
        "asset": {
            "id": 151866,
            "type": "Cargo",
            "name": "E SHIP 1"
        },
        "rating": {
            "voteAverage": 5,
            "voteCounter": 1
        },
        "url": "https://images.marinetraffic.com/collection/4876377.webp?size=800"
    },
    {
        "photoId": 4876376,
        "placeTaken": "NOK Kurs Rendsburg  DE",
        "takenAt": 1666104720,
        "copyright": "Arno Bruegmann",
        "description": null,
        "asset": {
            "id": 151866,
            "type": "Cargo",
            "name": "E SHIP 1"
        },
        "rating": {
            "voteAverage": 0,
            "voteCounter": 0
        },
        "url": "https://images.marinetraffic.com/collection/4876376.webp?size=800"
    },
    {
        "photoId": 4876375,
        "placeTaken": "NOK Kurs Rendsburg  DE",
        "takenAt": 1666104720,
        "copyright": "Arno Bruegmann",
        "description": null,
        "asset": {
            "id": 151866,
            "type": "Cargo",
            "name": "E SHIP 1"
        },
        "rating": {
            "voteAverage": 5,
            "voteCounter": 1
        },
        "url": "https://images.marinetraffic.com/collection/4876375.webp?size=800"
    },
    {
        "photoId": 4876373,
        "placeTaken": "NOK Kurs Rendsburg  DE",
        "takenAt": 1666104480,
        "copyright": "Arno Bruegmann",
        "description": null,
        "asset": {
            "id": 151866,
            "type": "Cargo",
            "name": "E SHIP 1"
        },
        "rating": {
            "voteAverage": 0,
            "voteCounter": 0
        },
        "url": "https://images.marinetraffic.com/collection/4876373.webp?size=800"
    },
    {
        "photoId": 4859009,
        "placeTaken": "GEMLK/TRKYE",
        "takenAt": 1664794980,
        "copyright": "Burak YILDIZ",
        "description": null,
        "asset": {
            "id": 151866,
            "type": "Cargo",
            "name": "E SHIP 1"
        },
        "rating": {
            "voteAverage": 0,
            "voteCounter": 0
        },
        "url": "https://images.marinetraffic.com/collection/4859009.webp?size=800"
    },
    {
        "photoId": 4835712,
        "placeTaken": "Emden Germany",
        "takenAt": 1662806640,
        "copyright": "Paul Abt",
        "description": "Emden Nordkai",
        "asset": {
            "id": 151866,
            "type": "Cargo",
            "name": "E SHIP 1"
        },
        "rating": {
            "voteAverage": 0,
            "voteCounter": 0
        },
        "url": "https://images.marinetraffic.com/collection/4835712.webp?size=800"
    },
    {
        "photoId": 4834310,
        "placeTaken": "NOK Gruenentaler Hochbruecke",
        "takenAt": 1656603540,
        "copyright": "Andreas Muhl",
        "description": null,
        "asset": {
            "id": 151866,
            "type": "Cargo",
            "name": "E SHIP 1"
        },
        "rating": {
            "voteAverage": 5,
            "voteCounter": 4
        },
        "url": "https://images.marinetraffic.com/collection/4834310.webp?size=800"
    }
]