[
    {
        "photoId": 4125661,
        "placeTaken": "Piraeus,Greece",
        "takenAt": 1595689440,
        "copyright": "Giwrgos Mertis",
        "description": null,
        "asset": {
            "id": 151866,
            "type": "Cargo",
            "name": "E SHIP 1"
        },
        "rating": {
            "voteAverage": 0,
            "voteCounter": 0
        },
        "url": "https://images.marinetraffic.com/collection/4125661.webp?size=800"
    },
    {
        "photoId": 4060786,
        "placeTaken": "Elefsis, GREECE",
        "takenAt": 1600686300,
        "copyright": "Babis Kouremetis",
        "description": "port Elefsis, GREECE",
        "asset": {
            "id": 151866,
            "type": "Cargo",
            "name": "E SHIP 1"
        },
        "rating": {
            "voteAverage": 5,
            "voteCounter": 1
        },
        "url": "https://images.marinetraffic.com/collection/4060786.webp?size=800"
    },
    {
        "photoId": 4060103,
        "placeTaken": "Elefsis, GREECE",
        "takenAt": 1600686000,
        "copyright": "Babis Kouremetis",
        "description": "port Elefsis, GREECE",
        "asset": {
            "id": 151866,
            "type": "Cargo",
            "name": "E SHIP 1"
        },
        "rating": {
            "voteAverage": 5,
            "voteCounter": 1
        },
        "url": "https://images.marinetraffic.com/collection/4060103.webp?size=800"
    },
    {
        "photoId": 4048916,
        "placeTaken": "Piraeus",
        "takenAt": 1600674420,
        "copyright": "Sakis Antoniou",
        "description": null,
        "asset": {
            "id": 151866,
            "type": "Cargo",
            "name": "E SHIP 1"
        },
        "rating": {
            "voteAverage": 5,
            "voteCounter": 1
        },
        "url": "https://images.marinetraffic.com/collection/4048916.webp?size=800"
    },
    {
        "photoId": 4048915,
        "placeTaken": "Piraeus",
        "takenAt": 1600676640,
        "copyright": "Sakis Antoniou",
        "description": null,
        "asset": {
            "id": 151866,
            "type": "Cargo",
            "name": "E SHIP 1"
        },
        "rating": {
            "voteAverage": 0,
            "voteCounter": 0
        },
        "url": "https://images.marinetraffic.com/collection/4048915.webp?size=800"
    },
    {
        "photoId": 4048914,
        "placeTaken": "Piraeus",
        "takenAt": 1600678380,
        "copyright": "Sakis Antoniou",
        "description": null,
        "asset": {
            "id": 151866,
            "type": "Cargo",
            "name": "E SHIP 1"
        },
        "rating": {
            "voteAverage": 0,
            "voteCounter": 0
        },
        "url": "https://images.marinetraffic.com/collection/4048914.webp?size=800"
    },
    {
        "photoId": 4048913,
        "placeTaken": "Piraeus",
        "takenAt": 1600679040,
        "copyright": "Sakis Antoniou",
        "description": null,
        "asset": {
            "id": 151866,
            "type": "Cargo",
            "name": "E SHIP 1"
        },
        "rating": {
            "voteAverage": 5,
            "voteCounter": 1
        },
        "url": "https://images.marinetraffic.com/collection/4048913.webp?size=800"
    },
    {
        "photoId": 4044251,
        "placeTaken": "Port of Alsancak, Izmir",
        "takenAt": 1601555760,
        "copyright": "Capt Ozgur Dogan GUNES",
        "description": null,
        "asset": {
            "id": 151866,
            "type": "Cargo",
            "name": "E SHIP 1"
        },
        "rating": {
            "voteAverage": 0,
            "voteCounter": 0
        },
        "url": "https://images.marinetraffic.com/collection/4044251.webp?size=800"
    },
    {
        "photoId": 4041814,
        "placeTaken": "Port of Lavrion, Greece",
        "takenAt": 1600773840,
        "copyright": "Nikos Palamaris",
        "description": null,
        "asset": {
            "id": 151866,
            "type": "Cargo",
            "name": "E SHIP 1"
        },
        "rating": {
            "voteAverage": 0,
            "voteCounter": 0
        },
        "url": "https://images.marinetraffic.com/collection/4041814.webp?size=800"
    },
    {
        "photoId": 4040990,
        "placeTaken": null,
        "takenAt": 1601202000,
        "copyright": "deniz sedef",
        "description": null,
        "asset": {
            "id": 151866,
            "type": "Cargo",
            "name": "E SHIP 1"
        },
        "rating": {
            "voteAverage": 0,
            "voteCounter": 0
        },
        "url": "https://images.marinetraffic.com/collection/4040990.webp?size=800"
    },
    {
        "photoId": 4040989,
        "placeTaken": null,
        "takenAt": 1601292000,
        "copyright": "deniz sedef",
        "description": null,
        "asset": {
            "id": 151866,
            "type": "Cargo",
            "name": "E SHIP 1"
        },
        "rating": {
            "voteAverage": 0,
            "voteCounter": 0
        },
        "url": "https://images.marinetraffic.com/collection/4040989.webp?size=800"
    },
    {
        "photoId": 4034228,
        "placeTaken": "Elefsis, GREECE",
        "takenAt": 1600685400,
        "copyright": "Babis Kouremetis",
        "description": "port Elefsis, GREECE",
        "asset": {
            "id": 151866,
            "type": "Cargo",
            "name": "E SHIP 1"
        },
        "rating": {
            "voteAverage": 5,
            "voteCounter": 2
        },
        "url": "https://images.marinetraffic.com/collection/4034228.webp?size=800"
    },
    {
        "photoId": 4011011,
        "placeTaken": "Blexen-Reede",
        "takenAt": 1599057840,
        "copyright": "Tony Maekelae",
        "description": null,
        "asset": {
            "id": 151866,
            "type": "Cargo",
            "name": "E SHIP 1"
        },
        "rating": {
            "voteAverage": 0,
            "voteCounter": 0
        },
        "url": "https://images.marinetraffic.com/collection/4011011.webp?size=800"
    },
    {
        "photoId": 3998620,
        "placeTaken": "Bremerhaven",
        "takenAt": 1597435800,
        "copyright": "Helmut Seger",
        "description": null,
        "asset": {
            "id": 151866,
            "type": "Cargo",
            "name": "E SHIP 1"
        },
        "rating": {
            "voteAverage": 5,
            "voteCounter": 5
        },
        "url": "https://images.marinetraffic.com/collection/3998620.webp?size=800"
    },
    {
        "photoId": 3998617,
        "placeTaken": "Bremerhaven",
        "takenAt": 1597435800,
        "copyright": "Helmut Seger",
        "description": null,
        "asset": {
            "id": 151866,
            "type": "Cargo",
            "name": "E SHIP 1"
        },
        "rating": {
            "voteAverage": 5,
            "voteCounter": 1
        },
        "url": "https://images.marinetraffic.com/collection/3998617.webp?size=800"
    },
    {
        "photoId": 3958562,
        "placeTaken": null,
        "takenAt": 1595449740,
        "copyright": "baris kalaycioglu",
        "description": null,
        "asset": {
            "id": 151866,
            "type": "Cargo",
            "name": "E SHIP 1"
        },
        "rating": {
            "voteAverage": 0,
            "voteCounter": 0
        },
        "url": "https://images.marinetraffic.com/collection/3958562.webp?size=800"
    },
    {
        "photoId": 3907219,
        "placeTaken": "Lemwerder",
        "takenAt": 1590334320,
        "copyright": "Matthias Kwiske",
        "description": null,
        "asset": {
            "id": 151866,
            "type": "Cargo",
            "name": "E SHIP 1"
        },
        "rating": {
            "voteAverage": 0,
            "voteCounter": 0
        },
        "url": "https://images.marinetraffic.com/collection/3907219.webp?size=800"
    },
    {
        "photoId": 3900428,
        "placeTaken": "Kiel-Canal, Schuelp",
        "takenAt": 1568638200,
        "copyright": "Claus-Peter Geiler",
        "description": null,
        "asset": {
            "id": 151866,
            "type": "Cargo",
            "name": "E SHIP 1"
        },
        "rating": {
            "voteAverage": 5,
            "voteCounter": 16
        },
        "url": "https://images.marinetraffic.com/collection/3900428.webp?size=800"
    },
    {
        "photoId": 3900425,
        "placeTaken": "Kiel-Canal, Schuelp",
        "takenAt": 1568638440,
        "copyright": "Claus-Peter Geiler",
        "description": null,
        "asset": {
            "id": 151866,
            "type": "Cargo",
            "name": "E SHIP 1"
        },
        "rating": {
            "voteAverage": 5,
            "voteCounter": 13
        },
        "url": "https://images.marinetraffic.com/collection/3900425.webp?size=800"
    },
    {
        "photoId": 3898569,
        "placeTaken": "Weser, Bremen, Germany",
        "takenAt": 1590336660,
        "copyright": "Felix R\u00f6ben",
        "description": null,
        "asset": {
            "id": 151866,
            "type": "Cargo",
            "name": "E SHIP 1"
        },
        "rating": {
            "voteAverage": 5,
            "voteCounter": 1
        },
        "url": "https://images.marinetraffic.com/collection/3898569.webp?size=800"
    }
]