[
    {
        "photoId": 3747508,
        "placeTaken": "Piraeus",
        "takenAt": 1576138500,
        "copyright": "Sakis Antoniou",
        "description": null,
        "asset": {
            "id": 156758,
            "type": "Cargo",
            "name": "BLUE CARRIER 1"
        },
        "rating": {
            "voteAverage": 5,
            "voteCounter": 1
        },
        "url": "https://images.marinetraffic.com/collection/3747508.webp?size=800"
    },
    {
        "photoId": 3747506,
        "placeTaken": "Piraeus",
        "takenAt": 1576138620,
        "copyright": "Sakis Antoniou",
        "description": null,
        "asset": {
            "id": 156758,
            "type": "Cargo",
            "name": "BLUE CARRIER 1"
        },
        "rating": {
            "voteAverage": 0,
            "voteCounter": 0
        },
        "url": "https://images.marinetraffic.com/collection/3747506.webp?size=800"
    },
    {
        "photoId": 3738736,
        "placeTaken": "Maasvlakte, Rotterdam NL",
        "takenAt": 1561107360,
        "copyright": "FBN Raiger",
        "description": "Maasvlakte, Rotterdam NL",
        "asset": {
            "id": 156758,
            "type": "Cargo",
            "name": "BLUE CARRIER 1"
        },
        "rating": {
            "voteAverage": 5,
            "voteCounter": 30
        },
        "url": "https://images.marinetraffic.com/collection/3738736.webp?size=800"
    },
    {
        "photoId": 3730739,
        "placeTaken": "Piraeus",
        "takenAt": 1575535740,
        "copyright": "Orfeas Tsatsos",
        "description": null,
        "asset": {
            "id": 156758,
            "type": "Cargo",
            "name": "BLUE CARRIER 1"
        },
        "rating": {
            "voteAverage": 0,
            "voteCounter": 0
        },
        "url": "https://images.marinetraffic.com/collection/3730739.webp?size=800"
    },
    {
        "photoId": 3730738,
        "placeTaken": "Piraeus",
        "takenAt": 1575535620,
        "copyright": "Orfeas Tsatsos",
        "description": null,
        "asset": {
            "id": 156758,
            "type": "Cargo",
            "name": "BLUE CARRIER 1"
        },
        "rating": {
            "voteAverage": 5,
            "voteCounter": 2
        },
        "url": "https://images.marinetraffic.com/collection/3730738.webp?size=800"
    },
    {
        "photoId": 3730732,
        "placeTaken": "Piraeus",
        "takenAt": 1575535560,
        "copyright": "Orfeas Tsatsos",
        "description": null,
        "asset": {
            "id": 156758,
            "type": "Cargo",
            "name": "BLUE CARRIER 1"
        },
        "rating": {
            "voteAverage": 0,
            "voteCounter": 0
        },
        "url": "https://images.marinetraffic.com/collection/3730732.webp?size=800"
    },
    {
        "photoId": 3730730,
        "placeTaken": "Piraeus",
        "takenAt": 1575535500,
        "copyright": "Orfeas Tsatsos",
        "description": null,
        "asset": {
            "id": 156758,
            "type": "Cargo",
            "name": "BLUE CARRIER 1"
        },
        "rating": {
            "voteAverage": 0,
            "voteCounter": 0
        },
        "url": "https://images.marinetraffic.com/collection/3730730.webp?size=800"
    },
    {
        "photoId": 3728848,
        "placeTaken": "Rhodes",
        "takenAt": 1574862000,
        "copyright": "Corrado Botti",
        "description": null,
        "asset": {
            "id": 156758,
            "type": "Cargo",
            "name": "BLUE CARRIER 1"
        },
        "rating": {
            "voteAverage": 0,
            "voteCounter": 0
        },
        "url": "https://images.marinetraffic.com/collection/3728848.webp?size=800"
    },
    {
        "photoId": 3728570,
        "placeTaken": null,
        "takenAt": 943920000,
        "copyright": "GIANNAKAKIS PANAGIOTIS",
        "description": null,
        "asset": {
            "id": 156758,
            "type": "Cargo",
            "name": "BLUE CARRIER 1"
        },
        "rating": {
            "voteAverage": 0,
            "voteCounter": 0
        },
        "url": "https://images.marinetraffic.com/collection/3728570.webp?size=800"
    },
    {
        "photoId": 3694570,
        "placeTaken": "Drapetsona,Greece",
        "takenAt": 1563210840,
        "copyright": "Giwrgos Mertis",
        "description": null,
        "asset": {
            "id": 156758,
            "type": "Cargo",
            "name": "BLUE CARRIER 1"
        },
        "rating": {
            "voteAverage": 4,
            "voteCounter": 1
        },
        "url": "https://images.marinetraffic.com/collection/3694570.webp?size=800"
    },
    {
        "photoId": 3668355,
        "placeTaken": "Maasvlakte, Rotterdam NL",
        "takenAt": 1560848040,
        "copyright": "FBN Raiger",
        "description": "Maasvlakte, Rotterdam NL",
        "asset": {
            "id": 156758,
            "type": "Cargo",
            "name": "BLUE CARRIER 1"
        },
        "rating": {
            "voteAverage": 5,
            "voteCounter": 24
        },
        "url": "https://images.marinetraffic.com/collection/3668355.webp?size=800"
    },
    {
        "photoId": 3651940,
        "placeTaken": "Piraeus, Greece",
        "takenAt": 1568400720,
        "copyright": "Dimitris Alipasalis",
        "description": null,
        "asset": {
            "id": 156758,
            "type": "Cargo",
            "name": "BLUE CARRIER 1"
        },
        "rating": {
            "voteAverage": 5,
            "voteCounter": 19
        },
        "url": "https://images.marinetraffic.com/collection/3651940.webp?size=800"
    },
    {
        "photoId": 3632225,
        "placeTaken": null,
        "takenAt": 1567427280,
        "copyright": "nektarios ragkousis",
        "description": "\u03a1\u0391\u0393\u039a\u039f\u038e\u03a3\u0397\u03a3",
        "asset": {
            "id": 156758,
            "type": "Cargo",
            "name": "BLUE CARRIER 1"
        },
        "rating": {
            "voteAverage": 0,
            "voteCounter": 0
        },
        "url": "https://images.marinetraffic.com/collection/3632225.webp?size=800"
    },
    {
        "photoId": 3628739,
        "placeTaken": "Maasmond",
        "takenAt": 1559297160,
        "copyright": "Bettina Rohbrecht",
        "description": null,
        "asset": {
            "id": 241671000,
            "type": "Exname",
            "name": "ANGLIA SEAWAYS"
        },
        "rating": {
            "voteAverage": 0,
            "voteCounter": 0
        },
        "url": "https://images.marinetraffic.com/collection/3628739.webp?size=800"
    },
    {
        "photoId": 3627674,
        "placeTaken": "Rhodos, Greece",
        "takenAt": 1566751500,
        "copyright": "Andreas Schmidt Henriksen",
        "description": "Taken at departure from Rhodes, Greece Andreas H",
        "asset": {
            "id": 156758,
            "type": "Cargo",
            "name": "BLUE CARRIER 1"
        },
        "rating": {
            "voteAverage": 0,
            "voteCounter": 0
        },
        "url": "https://images.marinetraffic.com/collection/3627674.webp?size=800"
    },
    {
        "photoId": 3609779,
        "placeTaken": "Piraeus",
        "takenAt": 1565936580,
        "copyright": "Sakis Antoniou",
        "description": null,
        "asset": {
            "id": 156758,
            "type": "Cargo",
            "name": "BLUE CARRIER 1"
        },
        "rating": {
            "voteAverage": 0,
            "voteCounter": 0
        },
        "url": "https://images.marinetraffic.com/collection/3609779.webp?size=800"
    },
    {
        "photoId": 3609778,
        "placeTaken": "Piraeus",
        "takenAt": 1565936820,
        "copyright": "Sakis Antoniou",
        "description": null,
        "asset": {
            "id": 156758,
            "type": "Cargo",
            "name": "BLUE CARRIER 1"
        },
        "rating": {
            "voteAverage": 0,
            "voteCounter": 0
        },
        "url": "https://images.marinetraffic.com/collection/3609778.webp?size=800"
    },
    {
        "photoId": 3587488,
        "placeTaken": null,
        "takenAt": 943920000,
        "copyright": "Lefteris Dakoutros",
        "description": null,
        "asset": {
            "id": 156758,
            "type": "Cargo",
            "name": "BLUE CARRIER 1"
        },
        "rating": {
            "voteAverage": 0,
            "voteCounter": 0
        },
        "url": "https://images.marinetraffic.com/collection/3587488.webp?size=800"
    },
    {
        "photoId": 3580139,
        "placeTaken": "Kos",
        "takenAt": 1563880680,
        "copyright": "Hellenic Merchant Marine",
        "description": null,
        "asset": {
            "id": 156758,
            "type": "Cargo",
            "name": "BLUE CARRIER 1"
        },
        "rating": {
            "voteAverage": 0,
            "voteCounter": 0
        },
        "url": "https://images.marinetraffic.com/collection/3580139.webp?size=800"
    },
    {
        "photoId": 3572111,
        "placeTaken": "MYKONOS ",
        "takenAt": 1563450300,
        "copyright": "GIANNIS MONOGIOS",
        "description": null,
        "asset": {
            "id": 156758,
            "type": "Cargo",
            "name": "BLUE CARRIER 1"
        },
        "rating": {
            "voteAverage": 0,
            "voteCounter": 0
        },
        "url": "https://images.marinetraffic.com/collection/3572111.webp?size=800"
    }
]