[
    {
        "photoId": 5064142,
        "placeTaken": "Piraeus Greece",
        "takenAt": 1683889260,
        "copyright": "Stavros Matthaios",
        "description": null,
        "asset": {
            "id": 156758,
            "type": "Cargo",
            "name": "BLUE CARRIER 1"
        },
        "rating": {
            "voteAverage": 5,
            "voteCounter": 2
        },
        "url": "https://images.marinetraffic.com/collection/5064142.webp?size=800"
    },
    {
        "photoId": 5056892,
        "placeTaken": "samos vathy",
        "takenAt": 1682495880,
        "copyright": "MRSHIPS2009",
        "description": null,
        "asset": {
            "id": 156758,
            "type": "Cargo",
            "name": "BLUE CARRIER 1"
        },
        "rating": {
            "voteAverage": 0,
            "voteCounter": 0
        },
        "url": "https://images.marinetraffic.com/collection/5056892.webp?size=800"
    },
    {
        "photoId": 5016171,
        "placeTaken": "GRKGS",
        "takenAt": 1679943300,
        "copyright": "Larry Kafkarisios",
        "description": null,
        "asset": {
            "id": 156758,
            "type": "Cargo",
            "name": "BLUE CARRIER 1"
        },
        "rating": {
            "voteAverage": 0,
            "voteCounter": 0
        },
        "url": "https://images.marinetraffic.com/collection/5016171.webp?size=800"
    },
    {
        "photoId": 5005149,
        "placeTaken": null,
        "takenAt": null,
        "copyright": "MRSHIPS2009",
        "description": null,
        "asset": {
            "id": 156758,
            "type": "Cargo",
            "name": "BLUE CARRIER 1"
        },
        "rating": {
            "voteAverage": 0,
            "voteCounter": 0
        },
        "url": "https://images.marinetraffic.com/collection/5005149.webp?size=800"
    },
    {
        "photoId": 4998737,
        "placeTaken": "Piraeus",
        "takenAt": 1676359800,
        "copyright": "Sakis Antoniou",
        "description": null,
        "asset": {
            "id": 156758,
            "type": "Cargo",
            "name": "BLUE CARRIER 1"
        },
        "rating": {
            "voteAverage": 0,
            "voteCounter": 0
        },
        "url": "https://images.marinetraffic.com/collection/4998737.webp?size=800"
    },
    {
        "photoId": 4976117,
        "placeTaken": "Piraeus",
        "takenAt": 1673513400,
        "copyright": "Sakis Antoniou",
        "description": null,
        "asset": {
            "id": 156758,
            "type": "Cargo",
            "name": "BLUE CARRIER 1"
        },
        "rating": {
            "voteAverage": 0,
            "voteCounter": 0
        },
        "url": "https://images.marinetraffic.com/collection/4976117.webp?size=800"
    },
    {
        "photoId": 4976116,
        "placeTaken": "Piraeus",
        "takenAt": 1673513280,
        "copyright": "Sakis Antoniou",
        "description": null,
        "asset": {
            "id": 156758,
            "type": "Cargo",
            "name": "BLUE CARRIER 1"
        },
        "rating": {
            "voteAverage": 0,
            "voteCounter": 0
        },
        "url": "https://images.marinetraffic.com/collection/4976116.webp?size=800"
    },
    {
        "photoId": 4920804,
        "placeTaken": "Piraeus",
        "takenAt": 1663573500,
        "copyright": "Sakis Antoniou",
        "description": null,
        "asset": {
            "id": 156758,
            "type": "Cargo",
            "name": "BLUE CARRIER 1"
        },
        "rating": {
            "voteAverage": 5,
            "voteCounter": 2
        },
        "url": "https://images.marinetraffic.com/collection/4920804.webp?size=800"
    },
    {
        "photoId": 4907496,
        "placeTaken": null,
        "takenAt": 1668603240,
        "copyright": "GIANNAKAKIS PANAGIOTIS",
        "description": "New",
        "asset": {
            "id": 156758,
            "type": "Cargo",
            "name": "BLUE CARRIER 1"
        },
        "rating": {
            "voteAverage": 0,
            "voteCounter": 0
        },
        "url": "https://images.marinetraffic.com/collection/4907496.webp?size=800"
    },
    {
        "photoId": 4863778,
        "placeTaken": "Piraeus",
        "takenAt": 1656317280,
        "copyright": "Sakis Antoniou",
        "description": null,
        "asset": {
            "id": 156758,
            "type": "Cargo",
            "name": "BLUE CARRIER 1"
        },
        "rating": {
            "voteAverage": 0,
            "voteCounter": 0
        },
        "url": "https://images.marinetraffic.com/collection/4863778.webp?size=800"
    },
    {
        "photoId": 4850407,
        "placeTaken": "Drapetsona,Greece",
        "takenAt": 1651091940,
        "copyright": "Giwrgos Mertis",
        "description": null,
        "asset": {
            "id": 156758,
            "type": "Cargo",
            "name": "BLUE CARRIER 1"
        },
        "rating": {
            "voteAverage": 0,
            "voteCounter": 0
        },
        "url": "https://images.marinetraffic.com/collection/4850407.webp?size=800"
    },
    {
        "photoId": 4850406,
        "placeTaken": "Drapetsona,Greece",
        "takenAt": 1651091940,
        "copyright": "Giwrgos Mertis",
        "description": null,
        "asset": {
            "id": 156758,
            "type": "Cargo",
            "name": "BLUE CARRIER 1"
        },
        "rating": {
            "voteAverage": 5,
            "voteCounter": 1
        },
        "url": "https://images.marinetraffic.com/collection/4850406.webp?size=800"
    },
    {
        "photoId": 4850404,
        "placeTaken": "Drapetsona,Greece",
        "takenAt": 1651091940,
        "copyright": "Giwrgos Mertis",
        "description": null,
        "asset": {
            "id": 156758,
            "type": "Cargo",
            "name": "BLUE CARRIER 1"
        },
        "rating": {
            "voteAverage": 0,
            "voteCounter": 0
        },
        "url": "https://images.marinetraffic.com/collection/4850404.webp?size=800"
    },
    {
        "photoId": 4838919,
        "placeTaken": "Rhodos",
        "takenAt": 1663254660,
        "copyright": "Daniel Klein (Wiesbaden)",
        "description": null,
        "asset": {
            "id": 156758,
            "type": "Cargo",
            "name": "BLUE CARRIER 1"
        },
        "rating": {
            "voteAverage": 5,
            "voteCounter": 2
        },
        "url": "https://images.marinetraffic.com/collection/4838919.webp?size=800"
    },
    {
        "photoId": 4837579,
        "placeTaken": null,
        "takenAt": 1663269660,
        "copyright": "Pavel Kraus",
        "description": null,
        "asset": {
            "id": 156758,
            "type": "Cargo",
            "name": "BLUE CARRIER 1"
        },
        "rating": {
            "voteAverage": 0,
            "voteCounter": 0
        },
        "url": "https://images.marinetraffic.com/collection/4837579.webp?size=800"
    },
    {
        "photoId": 4837576,
        "placeTaken": null,
        "takenAt": 1663269480,
        "copyright": "Pavel Kraus",
        "description": null,
        "asset": {
            "id": 156758,
            "type": "Cargo",
            "name": "BLUE CARRIER 1"
        },
        "rating": {
            "voteAverage": 0,
            "voteCounter": 0
        },
        "url": "https://images.marinetraffic.com/collection/4837576.webp?size=800"
    },
    {
        "photoId": 4794264,
        "placeTaken": "Piraeus",
        "takenAt": 1651042260,
        "copyright": "Sakis Antoniou",
        "description": null,
        "asset": {
            "id": 156758,
            "type": "Cargo",
            "name": "BLUE CARRIER 1"
        },
        "rating": {
            "voteAverage": 0,
            "voteCounter": 0
        },
        "url": "https://images.marinetraffic.com/collection/4794264.webp?size=800"
    },
    {
        "photoId": 4784183,
        "placeTaken": "Symi island ",
        "takenAt": 1658219700,
        "copyright": "\u03b2\u03b1\u03b3\u03b3\u03b5\u03bb\u03b7\u03c2 \u03b4\u03b1\u03c3\u03ba\u03b1\u03bb\u03bf\u03c0\u03bf\u03c5\u03bb\u03bf\u03c2",
        "description": null,
        "asset": {
            "id": 156758,
            "type": "Cargo",
            "name": "BLUE CARRIER 1"
        },
        "rating": {
            "voteAverage": 0,
            "voteCounter": 0
        },
        "url": "https://images.marinetraffic.com/collection/4784183.webp?size=800"
    },
    {
        "photoId": 4784182,
        "placeTaken": "Symi island ",
        "takenAt": 1658219640,
        "copyright": "\u03b2\u03b1\u03b3\u03b3\u03b5\u03bb\u03b7\u03c2 \u03b4\u03b1\u03c3\u03ba\u03b1\u03bb\u03bf\u03c0\u03bf\u03c5\u03bb\u03bf\u03c2",
        "description": null,
        "asset": {
            "id": 156758,
            "type": "Cargo",
            "name": "BLUE CARRIER 1"
        },
        "rating": {
            "voteAverage": 0,
            "voteCounter": 0
        },
        "url": "https://images.marinetraffic.com/collection/4784182.webp?size=800"
    },
    {
        "photoId": 4784181,
        "placeTaken": "Symi island ",
        "takenAt": 1658219880,
        "copyright": "\u03b2\u03b1\u03b3\u03b3\u03b5\u03bb\u03b7\u03c2 \u03b4\u03b1\u03c3\u03ba\u03b1\u03bb\u03bf\u03c0\u03bf\u03c5\u03bb\u03bf\u03c2",
        "description": null,
        "asset": {
            "id": 156758,
            "type": "Cargo",
            "name": "BLUE CARRIER 1"
        },
        "rating": {
            "voteAverage": 0,
            "voteCounter": 0
        },
        "url": "https://images.marinetraffic.com/collection/4784181.webp?size=800"
    }
]