[
    {
        "photoId": 4259101,
        "placeTaken": "Rozenburg",
        "takenAt": 1536848280,
        "copyright": "Henk Jungerius",
        "description": "Nieuwe Waterweg",
        "asset": {
            "id": 156758,
            "type": "Cargo",
            "name": "ANGLIA SEAWAYS"
        },
        "rating": {
            "voteAverage": 0,
            "voteCounter": 0
        },
        "url": "https://images.marinetraffic.com/collection/4259101.webp?size=800"
    },
    {
        "photoId": 4255721,
        "placeTaken": "Piraeus",
        "takenAt": 1618300500,
        "copyright": "Sakis Antoniou",
        "description": null,
        "asset": {
            "id": 156758,
            "type": "Cargo",
            "name": "BLUE CARRIER 1"
        },
        "rating": {
            "voteAverage": 0,
            "voteCounter": 0
        },
        "url": "https://images.marinetraffic.com/collection/4255721.webp?size=800"
    },
    {
        "photoId": 4255719,
        "placeTaken": "Piraeus",
        "takenAt": 1618300440,
        "copyright": "Sakis Antoniou",
        "description": null,
        "asset": {
            "id": 156758,
            "type": "Cargo",
            "name": "BLUE CARRIER 1"
        },
        "rating": {
            "voteAverage": 0,
            "voteCounter": 0
        },
        "url": "https://images.marinetraffic.com/collection/4255719.webp?size=800"
    },
    {
        "photoId": 4255718,
        "placeTaken": "Piraeus",
        "takenAt": 1618300380,
        "copyright": "Sakis Antoniou",
        "description": null,
        "asset": {
            "id": 156758,
            "type": "Cargo",
            "name": "BLUE CARRIER 1"
        },
        "rating": {
            "voteAverage": 4,
            "voteCounter": 1
        },
        "url": "https://images.marinetraffic.com/collection/4255718.webp?size=800"
    },
    {
        "photoId": 4251225,
        "placeTaken": " -  ",
        "takenAt": 1617368400,
        "copyright": "Giorgos Vourliotis",
        "description": null,
        "asset": {
            "id": 156758,
            "type": "Cargo",
            "name": "BLUE CARRIER 1"
        },
        "rating": {
            "voteAverage": 0,
            "voteCounter": 0
        },
        "url": "https://images.marinetraffic.com/collection/4251225.webp?size=800"
    },
    {
        "photoId": 4251219,
        "placeTaken": " -  ",
        "takenAt": 1617368220,
        "copyright": "Giorgos Vourliotis",
        "description": null,
        "asset": {
            "id": 156758,
            "type": "Cargo",
            "name": "BLUE CARRIER 1"
        },
        "rating": {
            "voteAverage": 0,
            "voteCounter": 0
        },
        "url": "https://images.marinetraffic.com/collection/4251219.webp?size=800"
    },
    {
        "photoId": 4226378,
        "placeTaken": "Maasvlakte 2.",
        "takenAt": 1436259960,
        "copyright": "Ed Kaas",
        "description": null,
        "asset": {
            "id": 241671000,
            "type": "Exname",
            "name": "ANGLIA SEAWAYS"
        },
        "rating": {
            "voteAverage": 0,
            "voteCounter": 0
        },
        "url": "https://images.marinetraffic.com/collection/4226378.webp?size=800"
    },
    {
        "photoId": 4225989,
        "placeTaken": "Piraeus",
        "takenAt": 1614186960,
        "copyright": "Marios Pappas",
        "description": null,
        "asset": {
            "id": 156758,
            "type": "Cargo",
            "name": "BLUE CARRIER 1"
        },
        "rating": {
            "voteAverage": 5,
            "voteCounter": 15
        },
        "url": "https://images.marinetraffic.com/collection/4225989.webp?size=800"
    },
    {
        "photoId": 4225985,
        "placeTaken": "Piraeus",
        "takenAt": 1614186840,
        "copyright": "Marios Pappas",
        "description": null,
        "asset": {
            "id": 156758,
            "type": "Cargo",
            "name": "BLUE CARRIER 1"
        },
        "rating": {
            "voteAverage": 5,
            "voteCounter": 15
        },
        "url": "https://images.marinetraffic.com/collection/4225985.webp?size=800"
    },
    {
        "photoId": 4225983,
        "placeTaken": "Piraeus",
        "takenAt": 1614186720,
        "copyright": "Marios Pappas",
        "description": null,
        "asset": {
            "id": 156758,
            "type": "Cargo",
            "name": "BLUE CARRIER 1"
        },
        "rating": {
            "voteAverage": 5,
            "voteCounter": 15
        },
        "url": "https://images.marinetraffic.com/collection/4225983.webp?size=800"
    },
    {
        "photoId": 4225978,
        "placeTaken": "Piraeus",
        "takenAt": 1614186600,
        "copyright": "Marios Pappas",
        "description": null,
        "asset": {
            "id": 156758,
            "type": "Cargo",
            "name": "BLUE CARRIER 1"
        },
        "rating": {
            "voteAverage": 5,
            "voteCounter": 14
        },
        "url": "https://images.marinetraffic.com/collection/4225978.webp?size=800"
    },
    {
        "photoId": 4199970,
        "placeTaken": null,
        "takenAt": 1583417760,
        "copyright": "DIMITRIS MENTAKIS",
        "description": null,
        "asset": {
            "id": 156758,
            "type": "Cargo",
            "name": "BLUE CARRIER 1"
        },
        "rating": {
            "voteAverage": 0,
            "voteCounter": 0
        },
        "url": "https://images.marinetraffic.com/collection/4199970.webp?size=800"
    },
    {
        "photoId": 4199077,
        "placeTaken": "Samos",
        "takenAt": 1614351840,
        "copyright": "Giorgos Kloutsiniotis 2",
        "description": null,
        "asset": {
            "id": 156758,
            "type": "Cargo",
            "name": "BLUE CARRIER 1"
        },
        "rating": {
            "voteAverage": 5,
            "voteCounter": 3
        },
        "url": "https://images.marinetraffic.com/collection/4199077.webp?size=800"
    },
    {
        "photoId": 4184559,
        "placeTaken": "Piraeus, Greece",
        "takenAt": 1614521340,
        "copyright": "alex volos",
        "description": null,
        "asset": {
            "id": 156758,
            "type": "Cargo",
            "name": "BLUE CARRIER 1"
        },
        "rating": {
            "voteAverage": 0,
            "voteCounter": 0
        },
        "url": "https://images.marinetraffic.com/collection/4184559.webp?size=800"
    },
    {
        "photoId": 4155503,
        "placeTaken": null,
        "takenAt": 1611913560,
        "copyright": "George Kloutsiniotis",
        "description": null,
        "asset": {
            "id": 156758,
            "type": "Cargo",
            "name": "BLUE CARRIER 1"
        },
        "rating": {
            "voteAverage": 5,
            "voteCounter": 1
        },
        "url": "https://images.marinetraffic.com/collection/4155503.webp?size=800"
    },
    {
        "photoId": 4153052,
        "placeTaken": null,
        "takenAt": 1589652360,
        "copyright": "DIMITRIS MENTAKIS",
        "description": null,
        "asset": {
            "id": 156758,
            "type": "Cargo",
            "name": "BLUE CARRIER 1"
        },
        "rating": {
            "voteAverage": 0,
            "voteCounter": 0
        },
        "url": "https://images.marinetraffic.com/collection/4153052.webp?size=800"
    },
    {
        "photoId": 4134994,
        "placeTaken": "Rozenburg",
        "takenAt": 1243606440,
        "copyright": "Henk Jungerius",
        "description": "Nieuwe Waterweg",
        "asset": {
            "id": 156758,
            "type": "Cargo",
            "name": "MAERSK ANGLIA"
        },
        "rating": {
            "voteAverage": 5,
            "voteCounter": 1
        },
        "url": "https://images.marinetraffic.com/collection/4134994.webp?size=800"
    },
    {
        "photoId": 4115272,
        "placeTaken": "Neos Molos Drapetsonas / NMD / Keratsini Port",
        "takenAt": 1589053080,
        "copyright": "Anagnostou Marios",
        "description": null,
        "asset": {
            "id": 156758,
            "type": "Cargo",
            "name": "BLUE CARRIER 1"
        },
        "rating": {
            "voteAverage": 0,
            "voteCounter": 0
        },
        "url": "https://images.marinetraffic.com/collection/4115272.webp?size=800"
    },
    {
        "photoId": 4108350,
        "placeTaken": "Piraeus",
        "takenAt": 1604994960,
        "copyright": "Marios Pappas",
        "description": null,
        "asset": {
            "id": 156758,
            "type": "Cargo",
            "name": "BLUE CARRIER 1"
        },
        "rating": {
            "voteAverage": 5,
            "voteCounter": 2
        },
        "url": "https://images.marinetraffic.com/collection/4108350.webp?size=800"
    },
    {
        "photoId": 4079309,
        "placeTaken": "Samos vathi",
        "takenAt": 1598441760,
        "copyright": "Samian Shiplover",
        "description": null,
        "asset": {
            "id": 156758,
            "type": "Cargo",
            "name": "BLUE CARRIER 1"
        },
        "rating": {
            "voteAverage": 5,
            "voteCounter": 1
        },
        "url": "https://images.marinetraffic.com/collection/4079309.webp?size=800"
    }
]