[
    {
        "photoId": 5048805,
        "placeTaken": "Trieste",
        "takenAt": 1430302860,
        "copyright": "Claudio Ritossa",
        "description": null,
        "asset": {
            "id": 159094,
            "type": "Cargo",
            "name": "GUDRUN MAERSK"
        },
        "rating": {
            "voteAverage": 5,
            "voteCounter": 5
        },
        "url": "https://images.marinetraffic.com/collection/5048805.webp?size=800"
    },
    {
        "photoId": 5048803,
        "placeTaken": "Trieste",
        "takenAt": 1455803940,
        "copyright": "Claudio Ritossa",
        "description": null,
        "asset": {
            "id": 159094,
            "type": "Cargo",
            "name": "GUDRUN MAERSK"
        },
        "rating": {
            "voteAverage": 5,
            "voteCounter": 4
        },
        "url": "https://images.marinetraffic.com/collection/5048803.webp?size=800"
    },
    {
        "photoId": 5048801,
        "placeTaken": "Trieste",
        "takenAt": 1430304360,
        "copyright": "Claudio Ritossa",
        "description": null,
        "asset": {
            "id": 159094,
            "type": "Cargo",
            "name": "GUDRUN MAERSK"
        },
        "rating": {
            "voteAverage": 5,
            "voteCounter": 2
        },
        "url": "https://images.marinetraffic.com/collection/5048801.webp?size=800"
    },
    {
        "photoId": 4015345,
        "placeTaken": "Baltimore, MD, USA",
        "takenAt": 1599309900,
        "copyright": "Geoff Gumport",
        "description": null,
        "asset": {
            "id": 159094,
            "type": "Cargo",
            "name": "GUDRUN MAERSK"
        },
        "rating": {
            "voteAverage": 0,
            "voteCounter": 0
        },
        "url": "https://images.marinetraffic.com/collection/4015345.webp?size=800"
    },
    {
        "photoId": 3992231,
        "placeTaken": "TRIESTE - Italy",
        "takenAt": 1483111740,
        "copyright": "Marjan Stropnik",
        "description": null,
        "asset": {
            "id": 159094,
            "type": "Cargo",
            "name": "GUDRUN MAERSK"
        },
        "rating": {
            "voteAverage": 0,
            "voteCounter": 0
        },
        "url": "https://images.marinetraffic.com/collection/3992231.webp?size=800"
    },
    {
        "photoId": 3992209,
        "placeTaken": "KOPER - Slovenia",
        "takenAt": 1464782160,
        "copyright": "Marjan Stropnik",
        "description": null,
        "asset": {
            "id": 159094,
            "type": "Cargo",
            "name": "GUDRUN MAERSK"
        },
        "rating": {
            "voteAverage": 0,
            "voteCounter": 0
        },
        "url": "https://images.marinetraffic.com/collection/3992209.webp?size=800"
    },
    {
        "photoId": 3908282,
        "placeTaken": "Bayonne, NJ.",
        "takenAt": 1591877160,
        "copyright": "John Chomicz",
        "description": "The GUDRUN MAERSK sails through the Kill Van Kull on its arrival to the Port of Elizabeth. ",
        "asset": {
            "id": 159094,
            "type": "Cargo",
            "name": "GUDRUN MAERSK"
        },
        "rating": {
            "voteAverage": 5,
            "voteCounter": 1
        },
        "url": "https://images.marinetraffic.com/collection/3908282.webp?size=800"
    },
    {
        "photoId": 3753836,
        "placeTaken": "Rijeka, Croatia",
        "takenAt": 1520013780,
        "copyright": "V. Tonic",
        "description": "At Rijeka port, Brajdica container terminal.",
        "asset": {
            "id": 159094,
            "type": "Cargo",
            "name": "GUDRUN MAERSK"
        },
        "rating": {
            "voteAverage": 0,
            "voteCounter": 0
        },
        "url": "https://images.marinetraffic.com/collection/3753836.webp?size=800"
    },
    {
        "photoId": 3753835,
        "placeTaken": "Rijeka, Croatia",
        "takenAt": 1520012760,
        "copyright": "V. Tonic",
        "description": "At Rijeka port, Brajdica container terminal.",
        "asset": {
            "id": 159094,
            "type": "Cargo",
            "name": "GUDRUN MAERSK"
        },
        "rating": {
            "voteAverage": 0,
            "voteCounter": 0
        },
        "url": "https://images.marinetraffic.com/collection/3753835.webp?size=800"
    },
    {
        "photoId": 3608661,
        "placeTaken": "Bayonne, NJ.",
        "takenAt": 1566061680,
        "copyright": "John Chomicz",
        "description": "The GUDRUN MAERSK on its departure from the Port of Elizabeth.  ",
        "asset": {
            "id": 159094,
            "type": "Cargo",
            "name": "GUDRUN MAERSK"
        },
        "rating": {
            "voteAverage": 0,
            "voteCounter": 0
        },
        "url": "https://images.marinetraffic.com/collection/3608661.webp?size=800"
    },
    {
        "photoId": 3407468,
        "placeTaken": "Bayonne, NJ.",
        "takenAt": 1551876480,
        "copyright": "John Chomicz",
        "description": null,
        "asset": {
            "id": 159094,
            "type": "Cargo",
            "name": "GUDRUN MAERSK"
        },
        "rating": {
            "voteAverage": 0,
            "voteCounter": 0
        },
        "url": "https://images.marinetraffic.com/collection/3407468.webp?size=800"
    },
    {
        "photoId": 3407467,
        "placeTaken": "Bayonne, NJ.",
        "takenAt": 1551875580,
        "copyright": "John Chomicz",
        "description": "The GUDRUN MAERSK sails through the Kill Van Kull on its arrival to the Port of Elizabeth. ",
        "asset": {
            "id": 159094,
            "type": "Cargo",
            "name": "GUDRUN MAERSK"
        },
        "rating": {
            "voteAverage": 5,
            "voteCounter": 1
        },
        "url": "https://images.marinetraffic.com/collection/3407467.webp?size=800"
    },
    {
        "photoId": 3039693,
        "placeTaken": null,
        "takenAt": 1444654200,
        "copyright": "Maxim PONTRESINA",
        "description": null,
        "asset": {
            "id": 159094,
            "type": "Cargo",
            "name": "GUDRUN MAERSK"
        },
        "rating": {
            "voteAverage": 0,
            "voteCounter": 0
        },
        "url": "https://images.marinetraffic.com/collection/3039693.webp?size=800"
    },
    {
        "photoId": 2967275,
        "placeTaken": "Mediterranean off Algeria",
        "takenAt": 1349015460,
        "copyright": "Tony Hogwood",
        "description": null,
        "asset": {
            "id": 159094,
            "type": "Cargo",
            "name": "GUDRUN MAERSK"
        },
        "rating": {
            "voteAverage": 0,
            "voteCounter": 0
        },
        "url": "https://images.marinetraffic.com/collection/2967275.webp?size=800"
    },
    {
        "photoId": 2905703,
        "placeTaken": null,
        "takenAt": 1510393440,
        "copyright": "Alan Desic",
        "description": null,
        "asset": {
            "id": 159094,
            "type": "Cargo",
            "name": "GUDRUN MAERSK"
        },
        "rating": {
            "voteAverage": 5,
            "voteCounter": 1
        },
        "url": "https://images.marinetraffic.com/collection/2905703.webp?size=800"
    },
    {
        "photoId": 2903520,
        "placeTaken": null,
        "takenAt": 1510142220,
        "copyright": "Alberto Marchesi",
        "description": null,
        "asset": {
            "id": 159094,
            "type": "Cargo",
            "name": "GUDRUN MAERSK"
        },
        "rating": {
            "voteAverage": 5,
            "voteCounter": 3
        },
        "url": "https://images.marinetraffic.com/collection/2903520.webp?size=800"
    },
    {
        "photoId": 2903126,
        "placeTaken": "KOPER - Slovenia",
        "takenAt": 1510134840,
        "copyright": "Marjan Stropnik",
        "description": null,
        "asset": {
            "id": 159094,
            "type": "Cargo",
            "name": "GUDRUN MAERSK"
        },
        "rating": {
            "voteAverage": 5,
            "voteCounter": 1
        },
        "url": "https://images.marinetraffic.com/collection/2903126.webp?size=800"
    },
    {
        "photoId": 2903121,
        "placeTaken": "KOPER - Slovenia",
        "takenAt": 1510134060,
        "copyright": "Marjan Stropnik",
        "description": null,
        "asset": {
            "id": 159094,
            "type": "Cargo",
            "name": "GUDRUN MAERSK"
        },
        "rating": {
            "voteAverage": 5,
            "voteCounter": 2
        },
        "url": "https://images.marinetraffic.com/collection/2903121.webp?size=800"
    },
    {
        "photoId": 2903119,
        "placeTaken": "KOPER - Slovenia",
        "takenAt": 1510133940,
        "copyright": "Marjan Stropnik",
        "description": null,
        "asset": {
            "id": 159094,
            "type": "Cargo",
            "name": "GUDRUN MAERSK"
        },
        "rating": {
            "voteAverage": 0,
            "voteCounter": 0
        },
        "url": "https://images.marinetraffic.com/collection/2903119.webp?size=800"
    },
    {
        "photoId": 2903112,
        "placeTaken": "KOPER - Slovenia",
        "takenAt": 1510133460,
        "copyright": "Marjan Stropnik",
        "description": null,
        "asset": {
            "id": 159094,
            "type": "Cargo",
            "name": "GUDRUN MAERSK"
        },
        "rating": {
            "voteAverage": 0,
            "voteCounter": 0
        },
        "url": "https://images.marinetraffic.com/collection/2903112.webp?size=800"
    }
]