[
    {
        "photoId": 1612063,
        "placeTaken": "Cuxhaven",
        "takenAt": 1398600900,
        "copyright": "Christian Schmarje",
        "description": null,
        "asset": {
            "id": 159094,
            "type": "Cargo",
            "name": "GUDRUN MAERSK"
        },
        "rating": {
            "voteAverage": 0,
            "voteCounter": 0
        },
        "url": "https://images.marinetraffic.com/collection/1612063.webp?size=800"
    },
    {
        "photoId": 1612061,
        "placeTaken": "Cuxhaven",
        "takenAt": 1398600780,
        "copyright": "Christian Schmarje",
        "description": null,
        "asset": {
            "id": 159094,
            "type": "Cargo",
            "name": "GUDRUN MAERSK"
        },
        "rating": {
            "voteAverage": 4,
            "voteCounter": 1
        },
        "url": "https://images.marinetraffic.com/collection/1612061.webp?size=800"
    },
    {
        "photoId": 1590240,
        "placeTaken": "Cuxhaven",
        "takenAt": 1389013020,
        "copyright": "J\u00f6rg Friedrich",
        "description": null,
        "asset": {
            "id": 159094,
            "type": "Cargo",
            "name": "GUDRUN MAERSK"
        },
        "rating": {
            "voteAverage": 0,
            "voteCounter": 0
        },
        "url": "https://images.marinetraffic.com/collection/1590240.webp?size=800"
    },
    {
        "photoId": 1510236,
        "placeTaken": "Cuxhaven, Alte Liebe",
        "takenAt": 1389012960,
        "copyright": "Heiko Schaefer",
        "description": null,
        "asset": {
            "id": 159094,
            "type": "Cargo",
            "name": "GUDRUN MAERSK"
        },
        "rating": {
            "voteAverage": 2,
            "voteCounter": 1
        },
        "url": "https://images.marinetraffic.com/collection/1510236.webp?size=800"
    },
    {
        "photoId": 1510235,
        "placeTaken": "Cuxhaven, Alte Liebe",
        "takenAt": 1389012840,
        "copyright": "Heiko Schaefer",
        "description": null,
        "asset": {
            "id": 159094,
            "type": "Cargo",
            "name": "GUDRUN MAERSK"
        },
        "rating": {
            "voteAverage": 0,
            "voteCounter": 0
        },
        "url": "https://images.marinetraffic.com/collection/1510235.webp?size=800"
    },
    {
        "photoId": 1510233,
        "placeTaken": "Cuxhaven, Alte Liebe",
        "takenAt": 1389012720,
        "copyright": "Heiko Schaefer",
        "description": null,
        "asset": {
            "id": 159094,
            "type": "Cargo",
            "name": "GUDRUN MAERSK"
        },
        "rating": {
            "voteAverage": 4,
            "voteCounter": 1
        },
        "url": "https://images.marinetraffic.com/collection/1510233.webp?size=800"
    },
    {
        "photoId": 1510231,
        "placeTaken": "Cuxhaven, Alte Liebe",
        "takenAt": 1389012660,
        "copyright": "Heiko Schaefer",
        "description": null,
        "asset": {
            "id": 159094,
            "type": "Cargo",
            "name": "GUDRUN MAERSK"
        },
        "rating": {
            "voteAverage": 0,
            "voteCounter": 0
        },
        "url": "https://images.marinetraffic.com/collection/1510231.webp?size=800"
    },
    {
        "photoId": 1510229,
        "placeTaken": "Cuxhaven, Alte Liebe",
        "takenAt": 1389012420,
        "copyright": "Heiko Schaefer",
        "description": null,
        "asset": {
            "id": 159094,
            "type": "Cargo",
            "name": "GUDRUN MAERSK"
        },
        "rating": {
            "voteAverage": 4,
            "voteCounter": 1
        },
        "url": "https://images.marinetraffic.com/collection/1510229.webp?size=800"
    },
    {
        "photoId": 1509316,
        "placeTaken": "Hamburg",
        "takenAt": 1388938860,
        "copyright": "Thomas Tauchert",
        "description": null,
        "asset": {
            "id": 159094,
            "type": "Cargo",
            "name": "GUDRUN MAERSK"
        },
        "rating": {
            "voteAverage": 0,
            "voteCounter": 0
        },
        "url": "https://images.marinetraffic.com/collection/1509316.webp?size=800"
    },
    {
        "photoId": 1509313,
        "placeTaken": "Hamburg",
        "takenAt": 1388935980,
        "copyright": "Thomas Tauchert",
        "description": null,
        "asset": {
            "id": 159094,
            "type": "Cargo",
            "name": "GUDRUN MAERSK"
        },
        "rating": {
            "voteAverage": 0,
            "voteCounter": 0
        },
        "url": "https://images.marinetraffic.com/collection/1509313.webp?size=800"
    },
    {
        "photoId": 1396030,
        "placeTaken": "LE HAVRE",
        "takenAt": 1379619480,
        "copyright": "Cl\u00e9ment LEPETIT",
        "description": null,
        "asset": {
            "id": 159094,
            "type": "Cargo",
            "name": "GUDRUN MAERSK"
        },
        "rating": {
            "voteAverage": 5,
            "voteCounter": 1
        },
        "url": "https://images.marinetraffic.com/collection/1396030.webp?size=800"
    },
    {
        "photoId": 1396025,
        "placeTaken": "LE HAVRE",
        "takenAt": 1379619240,
        "copyright": "Cl\u00e9ment LEPETIT",
        "description": null,
        "asset": {
            "id": 159094,
            "type": "Cargo",
            "name": "GUDRUN MAERSK"
        },
        "rating": {
            "voteAverage": 5,
            "voteCounter": 1
        },
        "url": "https://images.marinetraffic.com/collection/1396025.webp?size=800"
    },
    {
        "photoId": 1396020,
        "placeTaken": "LE HAVRE",
        "takenAt": 1379619060,
        "copyright": "Cl\u00e9ment LEPETIT",
        "description": null,
        "asset": {
            "id": 159094,
            "type": "Cargo",
            "name": "GUDRUN MAERSK"
        },
        "rating": {
            "voteAverage": 5,
            "voteCounter": 1
        },
        "url": "https://images.marinetraffic.com/collection/1396020.webp?size=800"
    },
    {
        "photoId": 1393815,
        "placeTaken": "Hamburg",
        "takenAt": 1379249160,
        "copyright": "Riko Lischke",
        "description": null,
        "asset": {
            "id": 159094,
            "type": "Cargo",
            "name": "GUDRUN MAERSK"
        },
        "rating": {
            "voteAverage": 3.5,
            "voteCounter": 2
        },
        "url": "https://images.marinetraffic.com/collection/1393815.webp?size=800"
    },
    {
        "photoId": 1392092,
        "placeTaken": "Wittenbergen River Elbe",
        "takenAt": 1379354460,
        "copyright": "Holger Karp",
        "description": null,
        "asset": {
            "id": 159094,
            "type": "Cargo",
            "name": "GUDRUN MAERSK"
        },
        "rating": {
            "voteAverage": 5,
            "voteCounter": 1
        },
        "url": "https://images.marinetraffic.com/collection/1392092.webp?size=800"
    },
    {
        "photoId": 1388363,
        "placeTaken": "Hamburg Bubendey Ufer",
        "takenAt": 1379203200,
        "copyright": "Astrid Laeven",
        "description": "Tug:RT Rob & SD Rover",
        "asset": {
            "id": 159094,
            "type": "Cargo",
            "name": "GUDRUN MAERSK"
        },
        "rating": {
            "voteAverage": 5,
            "voteCounter": 1
        },
        "url": "https://images.marinetraffic.com/collection/1388363.webp?size=800"
    },
    {
        "photoId": 1387774,
        "placeTaken": "Hamburg-Elbe_Finkenwerder",
        "takenAt": 1379244900,
        "copyright": "klapperede",
        "description": null,
        "asset": {
            "id": 159094,
            "type": "Cargo",
            "name": "GUDRUN MAERSK"
        },
        "rating": {
            "voteAverage": 0,
            "voteCounter": 0
        },
        "url": "https://images.marinetraffic.com/collection/1387774.webp?size=800"
    },
    {
        "photoId": 1387753,
        "placeTaken": "Hamburg-Elbe-Finkenwerder",
        "takenAt": 1379244900,
        "copyright": "klapperede",
        "description": null,
        "asset": {
            "id": 159094,
            "type": "Cargo",
            "name": "GUDRUN MAERSK"
        },
        "rating": {
            "voteAverage": 0,
            "voteCounter": 0
        },
        "url": "https://images.marinetraffic.com/collection/1387753.webp?size=800"
    },
    {
        "photoId": 1243512,
        "placeTaken": "Malaga  ESP",
        "takenAt": 1370476800,
        "copyright": "Michael Turner Meredith",
        "description": null,
        "asset": {
            "id": 159094,
            "type": "Cargo",
            "name": "Gudrun Maersk"
        },
        "rating": {
            "voteAverage": 5,
            "voteCounter": 1
        },
        "url": "https://images.marinetraffic.com/collection/1243512.webp?size=800"
    },
    {
        "photoId": 1241459,
        "placeTaken": "MALAGA",
        "takenAt": 1370512920,
        "copyright": "F.YBANCOS",
        "description": null,
        "asset": {
            "id": 159094,
            "type": "Cargo",
            "name": "GUDRUN MAERSK"
        },
        "rating": {
            "voteAverage": 0,
            "voteCounter": 0
        },
        "url": "https://images.marinetraffic.com/collection/1241459.webp?size=800"
    }
]