[
    {
        "photoId": 2902774,
        "placeTaken": "KOPER - Slovenia",
        "takenAt": 1510082220,
        "copyright": "Marjan Stropnik",
        "description": null,
        "asset": {
            "id": 159094,
            "type": "Cargo",
            "name": "GUDRUN MAERSK"
        },
        "rating": {
            "voteAverage": 5,
            "voteCounter": 1
        },
        "url": "https://images.marinetraffic.com/collection/2902774.webp?size=800"
    },
    {
        "photoId": 2856570,
        "placeTaken": "Busan New Port, Rep. of Korea",
        "takenAt": 1462110300,
        "copyright": "V. Tonic",
        "description": "At Busan New Port, PNC terminal.",
        "asset": {
            "id": 159094,
            "type": "Cargo",
            "name": "GUDRUN MAERSK"
        },
        "rating": {
            "voteAverage": 0,
            "voteCounter": 0
        },
        "url": "https://images.marinetraffic.com/collection/2856570.webp?size=800"
    },
    {
        "photoId": 2551905,
        "placeTaken": "Rijeka",
        "takenAt": 1483318800,
        "copyright": "RiBor",
        "description": null,
        "asset": {
            "id": 159094,
            "type": "Cargo",
            "name": "GUDRUN MAERSK"
        },
        "rating": {
            "voteAverage": 0,
            "voteCounter": 0
        },
        "url": "https://images.marinetraffic.com/collection/2551905.webp?size=800"
    },
    {
        "photoId": 2551250,
        "placeTaken": "Rijeka,Croatia",
        "takenAt": null,
        "copyright": "Dragec",
        "description": null,
        "asset": {
            "id": 159094,
            "type": "Cargo",
            "name": "GUDRUN MAERSK"
        },
        "rating": {
            "voteAverage": 0,
            "voteCounter": 0
        },
        "url": "https://images.marinetraffic.com/collection/2551250.webp?size=800"
    },
    {
        "photoId": 2551249,
        "placeTaken": "Rijeka,Croatia",
        "takenAt": null,
        "copyright": "Dragec",
        "description": null,
        "asset": {
            "id": 159094,
            "type": "Cargo",
            "name": "GUDRUN MAERSK"
        },
        "rating": {
            "voteAverage": 0,
            "voteCounter": 0
        },
        "url": "https://images.marinetraffic.com/collection/2551249.webp?size=800"
    },
    {
        "photoId": 2549969,
        "placeTaken": "TRIESTE - Italy",
        "takenAt": 1483111740,
        "copyright": "Marjan Stropnik",
        "description": null,
        "asset": {
            "id": 159094,
            "type": "Cargo",
            "name": "GUDRUN MAERSK"
        },
        "rating": {
            "voteAverage": 0,
            "voteCounter": 0
        },
        "url": "https://images.marinetraffic.com/collection/2549969.webp?size=800"
    },
    {
        "photoId": 2549275,
        "placeTaken": "TRIESTE - Italy",
        "takenAt": 1483001820,
        "copyright": "Marjan Stropnik",
        "description": null,
        "asset": {
            "id": 159094,
            "type": "Cargo",
            "name": "GUDRUN MAERSK"
        },
        "rating": {
            "voteAverage": 0,
            "voteCounter": 0
        },
        "url": "https://images.marinetraffic.com/collection/2549275.webp?size=800"
    },
    {
        "photoId": 2549269,
        "placeTaken": "TRIESTE - Italy",
        "takenAt": 1483000740,
        "copyright": "Marjan Stropnik",
        "description": null,
        "asset": {
            "id": 159094,
            "type": "Cargo",
            "name": "GUDRUN MAERSK"
        },
        "rating": {
            "voteAverage": 0,
            "voteCounter": 0
        },
        "url": "https://images.marinetraffic.com/collection/2549269.webp?size=800"
    },
    {
        "photoId": 2547722,
        "placeTaken": "KOPER - Slovenia",
        "takenAt": 1482857640,
        "copyright": "Marjan Stropnik",
        "description": null,
        "asset": {
            "id": 159094,
            "type": "Cargo",
            "name": "GUDRUN MAERSK"
        },
        "rating": {
            "voteAverage": 5,
            "voteCounter": 2
        },
        "url": "https://images.marinetraffic.com/collection/2547722.webp?size=800"
    },
    {
        "photoId": 2547655,
        "placeTaken": "KOPER - Slovenia",
        "takenAt": 1482827820,
        "copyright": "Marjan Stropnik",
        "description": null,
        "asset": {
            "id": 159094,
            "type": "Cargo",
            "name": "GUDRUN MAERSK"
        },
        "rating": {
            "voteAverage": 0,
            "voteCounter": 0
        },
        "url": "https://images.marinetraffic.com/collection/2547655.webp?size=800"
    },
    {
        "photoId": 2358195,
        "placeTaken": "Hong Kong",
        "takenAt": 1462975620,
        "copyright": "John Regan",
        "description": null,
        "asset": {
            "id": 159094,
            "type": "Cargo",
            "name": "GUDRUN MAERSK"
        },
        "rating": {
            "voteAverage": 0,
            "voteCounter": 0
        },
        "url": "https://images.marinetraffic.com/collection/2358195.webp?size=800"
    },
    {
        "photoId": 2340470,
        "placeTaken": "Koper  Slovenia",
        "takenAt": 1464783000,
        "copyright": "Marjan Stropnik",
        "description": null,
        "asset": {
            "id": 159094,
            "type": "Cargo",
            "name": "GUDRUN MAERSK"
        },
        "rating": {
            "voteAverage": 0,
            "voteCounter": 0
        },
        "url": "https://images.marinetraffic.com/collection/2340470.webp?size=800"
    },
    {
        "photoId": 2339078,
        "placeTaken": "Koper  Slovenia",
        "takenAt": 1464782400,
        "copyright": "Marjan Stropnik",
        "description": null,
        "asset": {
            "id": 159094,
            "type": "Cargo",
            "name": "GUDRUN MAERSK"
        },
        "rating": {
            "voteAverage": 5,
            "voteCounter": 2
        },
        "url": "https://images.marinetraffic.com/collection/2339078.webp?size=800"
    },
    {
        "photoId": 2339076,
        "placeTaken": "Koper  Slovenia",
        "takenAt": 1464781800,
        "copyright": "Marjan Stropnik",
        "description": null,
        "asset": {
            "id": 159094,
            "type": "Cargo",
            "name": "GUDRUN MAERSK"
        },
        "rating": {
            "voteAverage": 0,
            "voteCounter": 0
        },
        "url": "https://images.marinetraffic.com/collection/2339076.webp?size=800"
    },
    {
        "photoId": 2338379,
        "placeTaken": "Koper  Slovenia",
        "takenAt": 1464710580,
        "copyright": "Marjan Stropnik",
        "description": null,
        "asset": {
            "id": 159094,
            "type": "Cargo",
            "name": "GUDRUN MAERSK"
        },
        "rating": {
            "voteAverage": 0,
            "voteCounter": 0
        },
        "url": "https://images.marinetraffic.com/collection/2338379.webp?size=800"
    },
    {
        "photoId": 2338377,
        "placeTaken": "Koper  Slovenia",
        "takenAt": 1464710040,
        "copyright": "Marjan Stropnik",
        "description": null,
        "asset": {
            "id": 159094,
            "type": "Cargo",
            "name": "GUDRUN MAERSK"
        },
        "rating": {
            "voteAverage": 0,
            "voteCounter": 0
        },
        "url": "https://images.marinetraffic.com/collection/2338377.webp?size=800"
    },
    {
        "photoId": 2268760,
        "placeTaken": "Tokyo Bay",
        "takenAt": 1459088640,
        "copyright": "Dexter",
        "description": null,
        "asset": {
            "id": 159094,
            "type": "Cargo",
            "name": "GUDRUN MAERSK"
        },
        "rating": {
            "voteAverage": 4.5,
            "voteCounter": 2
        },
        "url": "https://images.marinetraffic.com/collection/2268760.webp?size=800"
    },
    {
        "photoId": 2260553,
        "placeTaken": "Hamburg",
        "takenAt": 1398691140,
        "copyright": "Glyn Lowe",
        "description": null,
        "asset": {
            "id": 159094,
            "type": "Cargo",
            "name": "GUDRUN MAERSK"
        },
        "rating": {
            "voteAverage": 0,
            "voteCounter": 0
        },
        "url": "https://images.marinetraffic.com/collection/2260553.webp?size=800"
    },
    {
        "photoId": 2239786,
        "placeTaken": "Trieste ",
        "takenAt": 1455799620,
        "copyright": "Claudio Ritossa",
        "description": null,
        "asset": {
            "id": 159094,
            "type": "Cargo",
            "name": "GUDRUN MAERSK"
        },
        "rating": {
            "voteAverage": 0,
            "voteCounter": 0
        },
        "url": "https://images.marinetraffic.com/collection/2239786.webp?size=800"
    },
    {
        "photoId": 2239784,
        "placeTaken": "Trieste ",
        "takenAt": 1455804060,
        "copyright": "Claudio Ritossa",
        "description": null,
        "asset": {
            "id": 159094,
            "type": "Cargo",
            "name": "GUDRUN MAERSK"
        },
        "rating": {
            "voteAverage": 0,
            "voteCounter": 0
        },
        "url": "https://images.marinetraffic.com/collection/2239784.webp?size=800"
    }
]