[
    {
        "photoId": 3185378,
        "placeTaken": "NOK - Holtenau-Kiel",
        "takenAt": 1533153420,
        "copyright": "Peter aus Holtenau",
        "description": null,
        "asset": {
            "id": 145926,
            "type": "Cargo",
            "name": "NAVI BALTIC"
        },
        "rating": {
            "voteAverage": 5,
            "voteCounter": 1
        },
        "url": "https://images.marinetraffic.com/collection/3185378.webp?size=800"
    },
    {
        "photoId": 3185377,
        "placeTaken": "NOK - Holtenau-Kiel",
        "takenAt": 1533153300,
        "copyright": "Peter aus Holtenau",
        "description": null,
        "asset": {
            "id": 145926,
            "type": "Cargo",
            "name": "NAVI BALTIC"
        },
        "rating": {
            "voteAverage": 5,
            "voteCounter": 2
        },
        "url": "https://images.marinetraffic.com/collection/3185377.webp?size=800"
    },
    {
        "photoId": 3175714,
        "placeTaken": "Cuxhaven",
        "takenAt": 1532439060,
        "copyright": "Winfried Schulmeyer",
        "description": null,
        "asset": {
            "id": 145926,
            "type": "Cargo",
            "name": "NAVI BALTIC"
        },
        "rating": {
            "voteAverage": 0,
            "voteCounter": 0
        },
        "url": "https://images.marinetraffic.com/collection/3175714.webp?size=800"
    },
    {
        "photoId": 3175710,
        "placeTaken": "Cuxhaven",
        "takenAt": 1532439000,
        "copyright": "Winfried Schulmeyer",
        "description": null,
        "asset": {
            "id": 145926,
            "type": "Cargo",
            "name": "NAVI BALTIC"
        },
        "rating": {
            "voteAverage": 0,
            "voteCounter": 0
        },
        "url": "https://images.marinetraffic.com/collection/3175710.webp?size=800"
    },
    {
        "photoId": 3174079,
        "placeTaken": "Lhe",
        "takenAt": 1520791740,
        "copyright": "Reinhard Schmidt",
        "description": null,
        "asset": {
            "id": 145926,
            "type": "Cargo",
            "name": "NAVI BALTIC"
        },
        "rating": {
            "voteAverage": 0,
            "voteCounter": 0
        },
        "url": "https://images.marinetraffic.com/collection/3174079.webp?size=800"
    },
    {
        "photoId": 3157765,
        "placeTaken": "Berendrecht Antwerpen Berendrechtsluis Pier",
        "takenAt": 1531223280,
        "copyright": "Martine Janssens",
        "description": null,
        "asset": {
            "id": 145926,
            "type": "Cargo",
            "name": "NAVI BALTIC"
        },
        "rating": {
            "voteAverage": 0,
            "voteCounter": 0
        },
        "url": "https://images.marinetraffic.com/collection/3157765.webp?size=800"
    },
    {
        "photoId": 3157762,
        "placeTaken": "Berendrecht Antwerpen Berendrechtsluis Pier",
        "takenAt": 1531223160,
        "copyright": "Martine Janssens",
        "description": null,
        "asset": {
            "id": 145926,
            "type": "Cargo",
            "name": "NAVI BALTIC"
        },
        "rating": {
            "voteAverage": 0,
            "voteCounter": 0
        },
        "url": "https://images.marinetraffic.com/collection/3157762.webp?size=800"
    },
    {
        "photoId": 3157761,
        "placeTaken": "Berendrecht Antwerpen Berendrechtsluis Pier",
        "takenAt": 1531223040,
        "copyright": "Martine Janssens",
        "description": null,
        "asset": {
            "id": 145926,
            "type": "Cargo",
            "name": "NAVI BALTIC"
        },
        "rating": {
            "voteAverage": 0,
            "voteCounter": 0
        },
        "url": "https://images.marinetraffic.com/collection/3157761.webp?size=800"
    },
    {
        "photoId": 3133942,
        "placeTaken": "NOK-Westerroenfeld",
        "takenAt": 1528209540,
        "copyright": "Hans-Peter Schroeder",
        "description": null,
        "asset": {
            "id": 145926,
            "type": "Cargo",
            "name": "NAVI BALTIC"
        },
        "rating": {
            "voteAverage": 5,
            "voteCounter": 8
        },
        "url": "https://images.marinetraffic.com/collection/3133942.webp?size=800"
    },
    {
        "photoId": 3133939,
        "placeTaken": "NOK-Westerroenfeld",
        "takenAt": 1528209480,
        "copyright": "Hans-Peter Schroeder",
        "description": null,
        "asset": {
            "id": 145926,
            "type": "Cargo",
            "name": "NAVI BALTIC"
        },
        "rating": {
            "voteAverage": 5,
            "voteCounter": 7
        },
        "url": "https://images.marinetraffic.com/collection/3133939.webp?size=800"
    },
    {
        "photoId": 3133931,
        "placeTaken": "NOK-Westerroenfeld",
        "takenAt": 1528209420,
        "copyright": "Hans-Peter Schroeder",
        "description": null,
        "asset": {
            "id": 145926,
            "type": "Cargo",
            "name": "NAVI BALTIC"
        },
        "rating": {
            "voteAverage": 5,
            "voteCounter": 8
        },
        "url": "https://images.marinetraffic.com/collection/3133931.webp?size=800"
    },
    {
        "photoId": 3119154,
        "placeTaken": "Rotterdam",
        "takenAt": 1528288620,
        "copyright": "Aart van Bezooijen",
        "description": null,
        "asset": {
            "id": 145926,
            "type": "Cargo",
            "name": "NAVI BALTIC"
        },
        "rating": {
            "voteAverage": 0,
            "voteCounter": 0
        },
        "url": "https://images.marinetraffic.com/collection/3119154.webp?size=800"
    },
    {
        "photoId": 3106493,
        "placeTaken": "Kiel Canal",
        "takenAt": 1527625620,
        "copyright": ". rainville",
        "description": "Kiel Canal, near ferrystation Kudensee",
        "asset": {
            "id": 145926,
            "type": "Cargo",
            "name": "NAVI BALTIC"
        },
        "rating": {
            "voteAverage": 0,
            "voteCounter": 0
        },
        "url": "https://images.marinetraffic.com/collection/3106493.webp?size=800"
    },
    {
        "photoId": 3106492,
        "placeTaken": "Kiel Canal",
        "takenAt": 1527625680,
        "copyright": ". rainville",
        "description": "Kiel Canal, near ferrystation Kudensee",
        "asset": {
            "id": 145926,
            "type": "Cargo",
            "name": "NAVI BALTIC"
        },
        "rating": {
            "voteAverage": 0,
            "voteCounter": 0
        },
        "url": "https://images.marinetraffic.com/collection/3106492.webp?size=800"
    },
    {
        "photoId": 3081585,
        "placeTaken": "River Elbe Hoehe Glckstadt / Wischhafen",
        "takenAt": 1525967040,
        "copyright": "Arno Bruegmann",
        "description": null,
        "asset": {
            "id": 145926,
            "type": "Cargo",
            "name": "NAVI BALTIC"
        },
        "rating": {
            "voteAverage": 0,
            "voteCounter": 0
        },
        "url": "https://images.marinetraffic.com/collection/3081585.webp?size=800"
    },
    {
        "photoId": 3081584,
        "placeTaken": "River Elbe Hoehe Glckstadt / Wischhafen",
        "takenAt": 1525966740,
        "copyright": "Arno Bruegmann",
        "description": null,
        "asset": {
            "id": 145926,
            "type": "Cargo",
            "name": "NAVI BALTIC"
        },
        "rating": {
            "voteAverage": 0,
            "voteCounter": 0
        },
        "url": "https://images.marinetraffic.com/collection/3081584.webp?size=800"
    },
    {
        "photoId": 3011876,
        "placeTaken": "Hamburg",
        "takenAt": 1519205040,
        "copyright": "Thomas Tauchert",
        "description": null,
        "asset": {
            "id": 145926,
            "type": "Cargo",
            "name": "NAVI BALTIC"
        },
        "rating": {
            "voteAverage": 0,
            "voteCounter": 0
        },
        "url": "https://images.marinetraffic.com/collection/3011876.webp?size=800"
    },
    {
        "photoId": 3011875,
        "placeTaken": "Hamburg",
        "takenAt": 1519204800,
        "copyright": "Thomas Tauchert",
        "description": null,
        "asset": {
            "id": 145926,
            "type": "Cargo",
            "name": "NAVI BALTIC"
        },
        "rating": {
            "voteAverage": 0,
            "voteCounter": 0
        },
        "url": "https://images.marinetraffic.com/collection/3011875.webp?size=800"
    },
    {
        "photoId": 3006495,
        "placeTaken": "Kiel Canal",
        "takenAt": 1520355240,
        "copyright": "Lutz Worch",
        "description": null,
        "asset": {
            "id": 145926,
            "type": "Cargo",
            "name": "NAVI BALTIC"
        },
        "rating": {
            "voteAverage": 5,
            "voteCounter": 1
        },
        "url": "https://images.marinetraffic.com/collection/3006495.webp?size=800"
    },
    {
        "photoId": 2987717,
        "placeTaken": "Baalhoek, Western Scheldt",
        "takenAt": 1518439500,
        "copyright": "Etienne Verberckmoes",
        "description": "Inbound for Antwerp",
        "asset": {
            "id": 145926,
            "type": "Cargo",
            "name": "NAVI BALTIC"
        },
        "rating": {
            "voteAverage": 5,
            "voteCounter": 17
        },
        "url": "https://images.marinetraffic.com/collection/2987717.webp?size=800"
    }
]