[
    {
        "photoId": 3443790,
        "placeTaken": "St.Petersburg pier 83",
        "takenAt": 1555086360,
        "copyright": "Vladimir Smirnov",
        "description": null,
        "asset": {
            "id": 145926,
            "type": "Cargo",
            "name": "NAVI BALTIC"
        },
        "rating": {
            "voteAverage": 0,
            "voteCounter": 0
        },
        "url": "https://images.marinetraffic.com/collection/3443790.webp?size=800"
    },
    {
        "photoId": 3442039,
        "placeTaken": "Brunsbuettel Mole 4",
        "takenAt": 1554768000,
        "copyright": "Christian Pohl",
        "description": null,
        "asset": {
            "id": 145926,
            "type": "Cargo",
            "name": "NAVI BALTIC"
        },
        "rating": {
            "voteAverage": 0,
            "voteCounter": 0
        },
        "url": "https://images.marinetraffic.com/collection/3442039.webp?size=800"
    },
    {
        "photoId": 3427365,
        "placeTaken": null,
        "takenAt": 1553705880,
        "copyright": "Mishail Yurenkov",
        "description": null,
        "asset": {
            "id": 145926,
            "type": "Cargo",
            "name": "NAVI BALTIC"
        },
        "rating": {
            "voteAverage": 0,
            "voteCounter": 0
        },
        "url": "https://images.marinetraffic.com/collection/3427365.webp?size=800"
    },
    {
        "photoId": 3406472,
        "placeTaken": "MAASSLUIS, Het Scheur, NL ",
        "takenAt": 1551083160,
        "copyright": "RIA MAAT",
        "description": null,
        "asset": {
            "id": 145926,
            "type": "Cargo",
            "name": "NAVI BALTIC"
        },
        "rating": {
            "voteAverage": 0,
            "voteCounter": 0
        },
        "url": "https://images.marinetraffic.com/collection/3406472.webp?size=800"
    },
    {
        "photoId": 3375746,
        "placeTaken": "Rotterdam Waalhaven Holland",
        "takenAt": 1540723920,
        "copyright": "Joop Klaasman",
        "description": "Seen Waalhaven Rotterdam Holland.",
        "asset": {
            "id": 145926,
            "type": "Cargo",
            "name": "NAVI BALTIC"
        },
        "rating": {
            "voteAverage": 5,
            "voteCounter": 1
        },
        "url": "https://images.marinetraffic.com/collection/3375746.webp?size=800"
    },
    {
        "photoId": 3367112,
        "placeTaken": null,
        "takenAt": 1547913240,
        "copyright": "Nils Junge",
        "description": null,
        "asset": {
            "id": 145926,
            "type": "Cargo",
            "name": "NAVI BALTIC"
        },
        "rating": {
            "voteAverage": 5,
            "voteCounter": 1
        },
        "url": "https://images.marinetraffic.com/collection/3367112.webp?size=800"
    },
    {
        "photoId": 3367111,
        "placeTaken": "Fischerhuette / NOK",
        "takenAt": 1547913120,
        "copyright": "Nils Junge",
        "description": null,
        "asset": {
            "id": 145926,
            "type": "Cargo",
            "name": "NAVI BALTIC"
        },
        "rating": {
            "voteAverage": 5,
            "voteCounter": 2
        },
        "url": "https://images.marinetraffic.com/collection/3367111.webp?size=800"
    },
    {
        "photoId": 3349574,
        "placeTaken": "St.Petersburg RU",
        "takenAt": 1546604580,
        "copyright": "Vladimir Smirnov",
        "description": null,
        "asset": {
            "id": 145926,
            "type": "Cargo",
            "name": "NAVI BALTIC"
        },
        "rating": {
            "voteAverage": 0,
            "voteCounter": 0
        },
        "url": "https://images.marinetraffic.com/collection/3349574.webp?size=800"
    },
    {
        "photoId": 3343930,
        "placeTaken": "Rotterdam Waalhaven Holland",
        "takenAt": 1539169260,
        "copyright": "Joop Klaasman",
        "description": "Seen Waalhaven Rotterdam Holland",
        "asset": {
            "id": 145926,
            "type": "Cargo",
            "name": "NAVI BALTIC"
        },
        "rating": {
            "voteAverage": 0,
            "voteCounter": 0
        },
        "url": "https://images.marinetraffic.com/collection/3343930.webp?size=800"
    },
    {
        "photoId": 3343929,
        "placeTaken": "Rotterdam Waalhaven Holland",
        "takenAt": 1539169020,
        "copyright": "Joop Klaasman",
        "description": "Seen Waalhaven Rotterdam Holland",
        "asset": {
            "id": 145926,
            "type": "Cargo",
            "name": "NAVI BALTIC"
        },
        "rating": {
            "voteAverage": 0,
            "voteCounter": 0
        },
        "url": "https://images.marinetraffic.com/collection/3343929.webp?size=800"
    },
    {
        "photoId": 3275213,
        "placeTaken": "St.Petersburg pier 83",
        "takenAt": 1539860880,
        "copyright": "Vladimir Smirnov",
        "description": null,
        "asset": {
            "id": 145926,
            "type": "Cargo",
            "name": "NAVI BALTIC"
        },
        "rating": {
            "voteAverage": 5,
            "voteCounter": 1
        },
        "url": "https://images.marinetraffic.com/collection/3275213.webp?size=800"
    },
    {
        "photoId": 3275211,
        "placeTaken": "St.Petersburg pier 83",
        "takenAt": 1539860880,
        "copyright": "Vladimir Smirnov",
        "description": null,
        "asset": {
            "id": 145926,
            "type": "Cargo",
            "name": "NAVI BALTIC"
        },
        "rating": {
            "voteAverage": 5,
            "voteCounter": 1
        },
        "url": "https://images.marinetraffic.com/collection/3275211.webp?size=800"
    },
    {
        "photoId": 3269227,
        "placeTaken": "Nieuwe Waterweg",
        "takenAt": 1536316320,
        "copyright": "RENE HENRI ROSSEEL",
        "description": "De NAVI BALTIC tegenover Hoek van Holland.",
        "asset": {
            "id": 145926,
            "type": "Cargo",
            "name": "NAVI BALTIC"
        },
        "rating": {
            "voteAverage": 0,
            "voteCounter": 0
        },
        "url": "https://images.marinetraffic.com/collection/3269227.webp?size=800"
    },
    {
        "photoId": 3269226,
        "placeTaken": "Nieuwe Waterweg",
        "takenAt": 1536316200,
        "copyright": "RENE HENRI ROSSEEL",
        "description": "De NAVI BALTIC nadert Hoek van Holland.",
        "asset": {
            "id": 145926,
            "type": "Cargo",
            "name": "NAVI BALTIC"
        },
        "rating": {
            "voteAverage": 0,
            "voteCounter": 0
        },
        "url": "https://images.marinetraffic.com/collection/3269226.webp?size=800"
    },
    {
        "photoId": 3269225,
        "placeTaken": "Nieuwe Waterweg",
        "takenAt": 1536316140,
        "copyright": "RENE HENRI ROSSEEL",
        "description": "Feeder NAVI BALTIC op de Nieuwe waterweg, richting Noordzee.",
        "asset": {
            "id": 145926,
            "type": "Cargo",
            "name": "NAVI BALTIC"
        },
        "rating": {
            "voteAverage": 0,
            "voteCounter": 0
        },
        "url": "https://images.marinetraffic.com/collection/3269225.webp?size=800"
    },
    {
        "photoId": 3252654,
        "placeTaken": "Westerschelde, Bath NL",
        "takenAt": 1529992740,
        "copyright": "Stefan Lemmens",
        "description": null,
        "asset": {
            "id": 145926,
            "type": "Cargo",
            "name": "NAVI BALTIC"
        },
        "rating": {
            "voteAverage": 0,
            "voteCounter": 0
        },
        "url": "https://images.marinetraffic.com/collection/3252654.webp?size=800"
    },
    {
        "photoId": 3252653,
        "placeTaken": "Westerschelde, Bath NL",
        "takenAt": 1529992620,
        "copyright": "Stefan Lemmens",
        "description": null,
        "asset": {
            "id": 145926,
            "type": "Cargo",
            "name": "NAVI BALTIC"
        },
        "rating": {
            "voteAverage": 0,
            "voteCounter": 0
        },
        "url": "https://images.marinetraffic.com/collection/3252653.webp?size=800"
    },
    {
        "photoId": 3252652,
        "placeTaken": "Westerschelde, Bath NL",
        "takenAt": 1529992560,
        "copyright": "Stefan Lemmens",
        "description": null,
        "asset": {
            "id": 145926,
            "type": "Cargo",
            "name": "NAVI BALTIC"
        },
        "rating": {
            "voteAverage": 0,
            "voteCounter": 0
        },
        "url": "https://images.marinetraffic.com/collection/3252652.webp?size=800"
    },
    {
        "photoId": 3198177,
        "placeTaken": "Westerschelde",
        "takenAt": 1532371020,
        "copyright": "cmp klink",
        "description": null,
        "asset": {
            "id": 145926,
            "type": "Cargo",
            "name": "NAVI BALTIC"
        },
        "rating": {
            "voteAverage": 0,
            "voteCounter": 0
        },
        "url": "https://images.marinetraffic.com/collection/3198177.webp?size=800"
    },
    {
        "photoId": 3198174,
        "placeTaken": "Westerschelde",
        "takenAt": 1532370900,
        "copyright": "cmp klink",
        "description": null,
        "asset": {
            "id": 145926,
            "type": "Cargo",
            "name": "NAVI BALTIC"
        },
        "rating": {
            "voteAverage": 0,
            "voteCounter": 0
        },
        "url": "https://images.marinetraffic.com/collection/3198174.webp?size=800"
    }
]