[
    {
        "photoId": 4392957,
        "placeTaken": "Brunsbuettel",
        "takenAt": 1629544200,
        "copyright": "Thomas Tauchert",
        "description": null,
        "asset": {
            "id": 145926,
            "type": "Cargo",
            "name": "NAVI BALTIC"
        },
        "rating": {
            "voteAverage": 0,
            "voteCounter": 0
        },
        "url": "https://images.marinetraffic.com/collection/4392957.webp?size=800"
    },
    {
        "photoId": 4376534,
        "placeTaken": "Elbe bei Cuxhaven",
        "takenAt": 1628347680,
        "copyright": "Uwe Benn",
        "description": null,
        "asset": {
            "id": 145926,
            "type": "Cargo",
            "name": "NAVI BALTIC"
        },
        "rating": {
            "voteAverage": 0,
            "voteCounter": 0
        },
        "url": "https://images.marinetraffic.com/collection/4376534.webp?size=800"
    },
    {
        "photoId": 4335976,
        "placeTaken": "SPb Bronka pier 4",
        "takenAt": 1625738280,
        "copyright": "Vladimir Smirnov",
        "description": null,
        "asset": {
            "id": 145926,
            "type": "Cargo",
            "name": "NAVI BALTIC"
        },
        "rating": {
            "voteAverage": 0,
            "voteCounter": 0
        },
        "url": "https://images.marinetraffic.com/collection/4335976.webp?size=800"
    },
    {
        "photoId": 4301048,
        "placeTaken": "NOK-Alte Lotsenstation Nuebbel",
        "takenAt": 1622130180,
        "copyright": "Hans-Peter Schroeder",
        "description": null,
        "asset": {
            "id": 145926,
            "type": "Cargo",
            "name": "NAVI BALTIC"
        },
        "rating": {
            "voteAverage": 5,
            "voteCounter": 15
        },
        "url": "https://images.marinetraffic.com/collection/4301048.webp?size=800"
    },
    {
        "photoId": 4271456,
        "placeTaken": "Calandkanaal.",
        "takenAt": 1620386760,
        "copyright": "Ed Kaas",
        "description": null,
        "asset": {
            "id": 145926,
            "type": "Cargo",
            "name": "NAVI BALTIC"
        },
        "rating": {
            "voteAverage": 0,
            "voteCounter": 0
        },
        "url": "https://images.marinetraffic.com/collection/4271456.webp?size=800"
    },
    {
        "photoId": 4261209,
        "placeTaken": "Maasvlakte Rotterdam NL",
        "takenAt": 1620391560,
        "copyright": "Peet de Rouw",
        "description": "Arrival  the port of Rotterdam",
        "asset": {
            "id": 145926,
            "type": "Cargo",
            "name": "NAVI BALTIC"
        },
        "rating": {
            "voteAverage": 0,
            "voteCounter": 0
        },
        "url": "https://images.marinetraffic.com/collection/4261209.webp?size=800"
    },
    {
        "photoId": 4261207,
        "placeTaken": "Maasvlakte Rotterdam NL",
        "takenAt": 1620391620,
        "copyright": "Peet de Rouw",
        "description": "Arrival at the Port of Rotterdam ",
        "asset": {
            "id": 145926,
            "type": "Cargo",
            "name": "NAVI BALTIC"
        },
        "rating": {
            "voteAverage": 0,
            "voteCounter": 0
        },
        "url": "https://images.marinetraffic.com/collection/4261207.webp?size=800"
    },
    {
        "photoId": 4243403,
        "placeTaken": "Rotterdam Maasvlakte",
        "takenAt": 1584804360,
        "copyright": "Arjan Elmendorp",
        "description": "Inbound",
        "asset": {
            "id": 145926,
            "type": "Cargo",
            "name": "NAVI BALTIC"
        },
        "rating": {
            "voteAverage": 0,
            "voteCounter": 0
        },
        "url": "https://images.marinetraffic.com/collection/4243403.webp?size=800"
    },
    {
        "photoId": 4211785,
        "placeTaken": null,
        "takenAt": 1616849220,
        "copyright": "Hendrik Jaron",
        "description": null,
        "asset": {
            "id": 145926,
            "type": "Cargo",
            "name": "NAVI BALTIC"
        },
        "rating": {
            "voteAverage": 0,
            "voteCounter": 0
        },
        "url": "https://images.marinetraffic.com/collection/4211785.webp?size=800"
    },
    {
        "photoId": 4177453,
        "placeTaken": "NOK - Holtenau -Kiel ",
        "takenAt": 1613916180,
        "copyright": "Peter aus Holtenau",
        "description": null,
        "asset": {
            "id": 145926,
            "type": "Cargo",
            "name": "NAVI BALTIC"
        },
        "rating": {
            "voteAverage": 5,
            "voteCounter": 3
        },
        "url": "https://images.marinetraffic.com/collection/4177453.webp?size=800"
    },
    {
        "photoId": 4176206,
        "placeTaken": "NO Kanal",
        "takenAt": 1613923560,
        "copyright": "Michael Borke",
        "description": null,
        "asset": {
            "id": 145926,
            "type": "Cargo",
            "name": "NAVI BALTIC"
        },
        "rating": {
            "voteAverage": 5,
            "voteCounter": 2
        },
        "url": "https://images.marinetraffic.com/collection/4176206.webp?size=800"
    },
    {
        "photoId": 4169639,
        "placeTaken": "NOK - Breiholz",
        "takenAt": 1613308800,
        "copyright": "Peter aus Holtenau",
        "description": null,
        "asset": {
            "id": 145926,
            "type": "Cargo",
            "name": "NAVI BALTIC"
        },
        "rating": {
            "voteAverage": 5,
            "voteCounter": 1
        },
        "url": "https://images.marinetraffic.com/collection/4169639.webp?size=800"
    },
    {
        "photoId": 4143792,
        "placeTaken": "Rotterdam",
        "takenAt": 1556019120,
        "copyright": "Ian Cowie",
        "description": null,
        "asset": {
            "id": 145926,
            "type": "Cargo",
            "name": "NAVI BALTIC"
        },
        "rating": {
            "voteAverage": 0,
            "voteCounter": 0
        },
        "url": "https://images.marinetraffic.com/collection/4143792.webp?size=800"
    },
    {
        "photoId": 4081084,
        "placeTaken": "NOK-Westerroenfeld",
        "takenAt": 1604493420,
        "copyright": "Hans-Peter Schroeder",
        "description": null,
        "asset": {
            "id": 145926,
            "type": "Cargo",
            "name": "NAVI BALTIC"
        },
        "rating": {
            "voteAverage": 5,
            "voteCounter": 13
        },
        "url": "https://images.marinetraffic.com/collection/4081084.webp?size=800"
    },
    {
        "photoId": 4081079,
        "placeTaken": "NOK-Westerroenfeld",
        "takenAt": 1604493360,
        "copyright": "Hans-Peter Schroeder",
        "description": null,
        "asset": {
            "id": 145926,
            "type": "Cargo",
            "name": "NAVI BALTIC"
        },
        "rating": {
            "voteAverage": 4.933333,
            "voteCounter": 15
        },
        "url": "https://images.marinetraffic.com/collection/4081079.webp?size=800"
    },
    {
        "photoId": 4081076,
        "placeTaken": "NOK-Westerroenfeld",
        "takenAt": 1604493360,
        "copyright": "Hans-Peter Schroeder",
        "description": null,
        "asset": {
            "id": 145926,
            "type": "Cargo",
            "name": "NAVI BALTIC"
        },
        "rating": {
            "voteAverage": 5,
            "voteCounter": 17
        },
        "url": "https://images.marinetraffic.com/collection/4081076.webp?size=800"
    },
    {
        "photoId": 4065073,
        "placeTaken": "Altenbruch",
        "takenAt": 1602333240,
        "copyright": "Joerg Koridass",
        "description": null,
        "asset": {
            "id": 145926,
            "type": "Cargo",
            "name": "NAVI BALTIC"
        },
        "rating": {
            "voteAverage": 0,
            "voteCounter": 0
        },
        "url": "https://images.marinetraffic.com/collection/4065073.webp?size=800"
    },
    {
        "photoId": 3978457,
        "placeTaken": "Elbe bei Cuxhaven",
        "takenAt": 1596724500,
        "copyright": "Uwe Benn",
        "description": null,
        "asset": {
            "id": 145926,
            "type": "Cargo",
            "name": "NAVI BALTIC"
        },
        "rating": {
            "voteAverage": 0,
            "voteCounter": 0
        },
        "url": "https://images.marinetraffic.com/collection/3978457.webp?size=800"
    },
    {
        "photoId": 3961185,
        "placeTaken": "Kl.Koenigsfoerde/NOK",
        "takenAt": 1595576220,
        "copyright": "Helmut Ivers",
        "description": null,
        "asset": {
            "id": 145926,
            "type": "Cargo",
            "name": "NAVI BALTIC"
        },
        "rating": {
            "voteAverage": 0,
            "voteCounter": 0
        },
        "url": "https://images.marinetraffic.com/collection/3961185.webp?size=800"
    },
    {
        "photoId": 3949411,
        "placeTaken": null,
        "takenAt": 1584097020,
        "copyright": "Feeder NE",
        "description": null,
        "asset": {
            "id": 145926,
            "type": "Cargo",
            "name": "NAVI BALTIC"
        },
        "rating": {
            "voteAverage": 0,
            "voteCounter": 0
        },
        "url": "https://images.marinetraffic.com/collection/3949411.webp?size=800"
    }
]