[
    {
        "photoId": 3139067,
        "placeTaken": "Elbe, Hamburg GER",
        "takenAt": 1529400420,
        "copyright": "FBN Raiger",
        "description": "Elbe, Airbus Finkenwerder",
        "asset": {
            "id": 180483,
            "type": "Cargo",
            "name": "CITY OF HAMBURG"
        },
        "rating": {
            "voteAverage": 5,
            "voteCounter": 3
        },
        "url": "https://images.marinetraffic.com/collection/3139067.webp?size=800"
    },
    {
        "photoId": 3056060,
        "placeTaken": "Cuxhaven",
        "takenAt": 1523975820,
        "copyright": "Horst Cierullies",
        "description": null,
        "asset": {
            "id": 180483,
            "type": "Cargo",
            "name": "CITY OF HAMBURG"
        },
        "rating": {
            "voteAverage": 5,
            "voteCounter": 4
        },
        "url": "https://images.marinetraffic.com/collection/3056060.webp?size=800"
    },
    {
        "photoId": 2945799,
        "placeTaken": "Cuxhaven",
        "takenAt": 1466239200,
        "copyright": "Marcel Derfel",
        "description": null,
        "asset": {
            "id": 180483,
            "type": "Cargo",
            "name": "CITY OF HAMBURG"
        },
        "rating": {
            "voteAverage": 0,
            "voteCounter": 0
        },
        "url": "https://images.marinetraffic.com/collection/2945799.webp?size=800"
    },
    {
        "photoId": 2945796,
        "placeTaken": "Cuxhaven",
        "takenAt": 1466239260,
        "copyright": "Marcel Derfel",
        "description": null,
        "asset": {
            "id": 180483,
            "type": "Cargo",
            "name": "CITY OF HAMBURG"
        },
        "rating": {
            "voteAverage": 0,
            "voteCounter": 0
        },
        "url": "https://images.marinetraffic.com/collection/2945796.webp?size=800"
    },
    {
        "photoId": 2895195,
        "placeTaken": "Hamburg Airbus",
        "takenAt": 1509445260,
        "copyright": "Sven Beer",
        "description": null,
        "asset": {
            "id": 180483,
            "type": "Cargo",
            "name": "CITY OF HAMBURG"
        },
        "rating": {
            "voteAverage": 0,
            "voteCounter": 0
        },
        "url": "https://images.marinetraffic.com/collection/2895195.webp?size=800"
    },
    {
        "photoId": 2891580,
        "placeTaken": "Saint Nazaire",
        "takenAt": 1509208020,
        "copyright": "Le Cadre Armel",
        "description": "Saint Nazaire",
        "asset": {
            "id": 180483,
            "type": "Cargo",
            "name": "CITY OF HAMBURG"
        },
        "rating": {
            "voteAverage": 0,
            "voteCounter": 0
        },
        "url": "https://images.marinetraffic.com/collection/2891580.webp?size=800"
    },
    {
        "photoId": 2885627,
        "placeTaken": "Bordeaux",
        "takenAt": 1502794980,
        "copyright": "Andrew Cruickshanks",
        "description": null,
        "asset": {
            "id": 180483,
            "type": "Cargo",
            "name": "CITY OF HAMBURG"
        },
        "rating": {
            "voteAverage": 0,
            "voteCounter": 0
        },
        "url": "https://images.marinetraffic.com/collection/2885627.webp?size=800"
    },
    {
        "photoId": 2873971,
        "placeTaken": "Brunsbuettel",
        "takenAt": 1506961140,
        "copyright": "Buggi Porschien",
        "description": null,
        "asset": {
            "id": 180483,
            "type": "Cargo",
            "name": "CITY OF HAMBURG"
        },
        "rating": {
            "voteAverage": 0,
            "voteCounter": 0
        },
        "url": "https://images.marinetraffic.com/collection/2873971.webp?size=800"
    },
    {
        "photoId": 2872889,
        "placeTaken": "Santander",
        "takenAt": 1499618460,
        "copyright": "JoseA Gonzalez",
        "description": null,
        "asset": {
            "id": 180483,
            "type": "Cargo",
            "name": "CITY OF HAMBURG"
        },
        "rating": {
            "voteAverage": 0,
            "voteCounter": 0
        },
        "url": "https://images.marinetraffic.com/collection/2872889.webp?size=800"
    },
    {
        "photoId": 2864720,
        "placeTaken": "Kollmar / Elbe",
        "takenAt": 1507039260,
        "copyright": "K. Schumacher",
        "description": null,
        "asset": {
            "id": 180483,
            "type": "Cargo",
            "name": "CITY OF HAMBURG"
        },
        "rating": {
            "voteAverage": 0,
            "voteCounter": 0
        },
        "url": "https://images.marinetraffic.com/collection/2864720.webp?size=800"
    },
    {
        "photoId": 2864717,
        "placeTaken": "Kollmar / Elbe",
        "takenAt": 1507039020,
        "copyright": "K. Schumacher",
        "description": null,
        "asset": {
            "id": 180483,
            "type": "Cargo",
            "name": "CITY OF HAMBURG"
        },
        "rating": {
            "voteAverage": 0,
            "voteCounter": 0
        },
        "url": "https://images.marinetraffic.com/collection/2864717.webp?size=800"
    },
    {
        "photoId": 2804706,
        "placeTaken": "Lhe/Anleger",
        "takenAt": 1494523800,
        "copyright": "Reinhard Schmidt",
        "description": null,
        "asset": {
            "id": 180483,
            "type": "Cargo",
            "name": "CITY OF HAMBURG"
        },
        "rating": {
            "voteAverage": 5,
            "voteCounter": 2
        },
        "url": "https://images.marinetraffic.com/collection/2804706.webp?size=800"
    },
    {
        "photoId": 2796363,
        "placeTaken": "Cuxhaven",
        "takenAt": 1489848660,
        "copyright": "Reinhard Schmidt",
        "description": null,
        "asset": {
            "id": 180483,
            "type": "Cargo",
            "name": "CITY OF HAMBURG"
        },
        "rating": {
            "voteAverage": 5,
            "voteCounter": 2
        },
        "url": "https://images.marinetraffic.com/collection/2796363.webp?size=800"
    },
    {
        "photoId": 2733866,
        "placeTaken": "River Elbe near Brunsbuettel",
        "takenAt": 1498070760,
        "copyright": "Juergen Braker",
        "description": "photo taken by my friend Willi Thiel and uploaded with his kind permission",
        "asset": {
            "id": 180483,
            "type": "Cargo",
            "name": "CITY OF HAMBURG"
        },
        "rating": {
            "voteAverage": 0,
            "voteCounter": 0
        },
        "url": "https://images.marinetraffic.com/collection/2733866.webp?size=800"
    },
    {
        "photoId": 2721707,
        "placeTaken": "Hamburg Blankenese",
        "takenAt": 1497284700,
        "copyright": "Carsten Feldhusen",
        "description": "CITY OF HAMBURG am 12.06.2017 vor Hamburg-Finkenwerder",
        "asset": {
            "id": 180483,
            "type": "Cargo",
            "name": "CITY OF HAMBURG"
        },
        "rating": {
            "voteAverage": 5,
            "voteCounter": 14
        },
        "url": "https://images.marinetraffic.com/collection/2721707.webp?size=800"
    },
    {
        "photoId": 2713698,
        "placeTaken": null,
        "takenAt": null,
        "copyright": "Maik Ebel - www.ship-photos.de",
        "description": null,
        "asset": {
            "id": 180483,
            "type": "Cargo",
            "name": "CITY OF HAMBURG"
        },
        "rating": {
            "voteAverage": 5,
            "voteCounter": 1
        },
        "url": "https://images.marinetraffic.com/collection/2713698.webp?size=800"
    },
    {
        "photoId": 2710215,
        "placeTaken": null,
        "takenAt": null,
        "copyright": "Maik Ebel - www.ship-photos.de",
        "description": null,
        "asset": {
            "id": 180483,
            "type": "Cargo",
            "name": "CITY OF HAMBURG"
        },
        "rating": {
            "voteAverage": 0,
            "voteCounter": 0
        },
        "url": "https://images.marinetraffic.com/collection/2710215.webp?size=800"
    },
    {
        "photoId": 2632926,
        "placeTaken": "Cuxhaven",
        "takenAt": 1477387380,
        "copyright": "Bettina Rohbrecht",
        "description": null,
        "asset": {
            "id": 180483,
            "type": "Cargo",
            "name": "CITY OF HAMBURG"
        },
        "rating": {
            "voteAverage": 5,
            "voteCounter": 2
        },
        "url": "https://images.marinetraffic.com/collection/2632926.webp?size=800"
    },
    {
        "photoId": 2632924,
        "placeTaken": "Cuxhaven",
        "takenAt": 1477387320,
        "copyright": "Bettina Rohbrecht",
        "description": null,
        "asset": {
            "id": 180483,
            "type": "Cargo",
            "name": "CITY OF HAMBURG"
        },
        "rating": {
            "voteAverage": 5,
            "voteCounter": 3
        },
        "url": "https://images.marinetraffic.com/collection/2632924.webp?size=800"
    },
    {
        "photoId": 2622740,
        "placeTaken": "Gironde",
        "takenAt": 1486390080,
        "copyright": "Alex Seemanreise",
        "description": null,
        "asset": {
            "id": 180483,
            "type": "Cargo",
            "name": "CITY OF HAMBURG"
        },
        "rating": {
            "voteAverage": 0,
            "voteCounter": 0
        },
        "url": "https://images.marinetraffic.com/collection/2622740.webp?size=800"
    }
]