[
    {
        "photoId": 4232251,
        "placeTaken": "Kieler Foerde",
        "takenAt": 1618384740,
        "copyright": "uwe heimhold",
        "description": null,
        "asset": {
            "id": 180483,
            "type": "Cargo",
            "name": "CITY OF HAMBURG"
        },
        "rating": {
            "voteAverage": 5,
            "voteCounter": 3
        },
        "url": "https://images.marinetraffic.com/collection/4232251.webp?size=800"
    },
    {
        "photoId": 4169455,
        "placeTaken": "NOK Kiel Holtenau",
        "takenAt": 1612630140,
        "copyright": "Manfred Sesemann",
        "description": null,
        "asset": {
            "id": 180483,
            "type": "Cargo",
            "name": "CITY OF HAMBURG"
        },
        "rating": {
            "voteAverage": 5,
            "voteCounter": 5
        },
        "url": "https://images.marinetraffic.com/collection/4169455.webp?size=800"
    },
    {
        "photoId": 4163978,
        "placeTaken": "Elbe, Cuxhaven GER",
        "takenAt": 1589912940,
        "copyright": "FBN Raiger",
        "description": "Elbe, Cuxhaven GER",
        "asset": {
            "id": 180483,
            "type": "Cargo",
            "name": "CITY OF HAMBURG"
        },
        "rating": {
            "voteAverage": 5,
            "voteCounter": 35
        },
        "url": "https://images.marinetraffic.com/collection/4163978.webp?size=800"
    },
    {
        "photoId": 4162747,
        "placeTaken": "Sehestedt/NOK",
        "takenAt": 1612622460,
        "copyright": "Helmut Ivers",
        "description": null,
        "asset": {
            "id": 180483,
            "type": "Cargo",
            "name": "CITY OF HAMBURG"
        },
        "rating": {
            "voteAverage": 0,
            "voteCounter": 0
        },
        "url": "https://images.marinetraffic.com/collection/4162747.webp?size=800"
    },
    {
        "photoId": 4162743,
        "placeTaken": "Sehestedt/NOK",
        "takenAt": 1612622520,
        "copyright": "Helmut Ivers",
        "description": null,
        "asset": {
            "id": 180483,
            "type": "Cargo",
            "name": "CITY OF HAMBURG"
        },
        "rating": {
            "voteAverage": 5,
            "voteCounter": 1
        },
        "url": "https://images.marinetraffic.com/collection/4162743.webp?size=800"
    },
    {
        "photoId": 4162741,
        "placeTaken": "Sehestedt/NOK",
        "takenAt": 1612622400,
        "copyright": "Helmut Ivers",
        "description": "Im Nord-Ostsee-Kanal von  Montoir F nach Gdansk PL",
        "asset": {
            "id": 180483,
            "type": "Cargo",
            "name": "CITY OF HAMBURG"
        },
        "rating": {
            "voteAverage": 5,
            "voteCounter": 1
        },
        "url": "https://images.marinetraffic.com/collection/4162741.webp?size=800"
    },
    {
        "photoId": 4161896,
        "placeTaken": "NOK-Claustal",
        "takenAt": 1612614480,
        "copyright": "Hans-Peter Schroeder",
        "description": null,
        "asset": {
            "id": 180483,
            "type": "Cargo",
            "name": "CITY OF HAMBURG"
        },
        "rating": {
            "voteAverage": 5,
            "voteCounter": 20
        },
        "url": "https://images.marinetraffic.com/collection/4161896.webp?size=800"
    },
    {
        "photoId": 4161891,
        "placeTaken": "NOK-Claustal",
        "takenAt": 1612614600,
        "copyright": "Hans-Peter Schroeder",
        "description": null,
        "asset": {
            "id": 180483,
            "type": "Cargo",
            "name": "CITY OF HAMBURG"
        },
        "rating": {
            "voteAverage": 4.941176,
            "voteCounter": 17
        },
        "url": "https://images.marinetraffic.com/collection/4161891.webp?size=800"
    },
    {
        "photoId": 4161805,
        "placeTaken": "Kiel Canal",
        "takenAt": 1612611060,
        "copyright": ". rainville",
        "description": "Kielkanal, photo from channelbridge Gruenental",
        "asset": {
            "id": 180483,
            "type": "Cargo",
            "name": "CITY OF HAMBURG"
        },
        "rating": {
            "voteAverage": 5,
            "voteCounter": 1
        },
        "url": "https://images.marinetraffic.com/collection/4161805.webp?size=800"
    },
    {
        "photoId": 4161803,
        "placeTaken": "Kiel Canal",
        "takenAt": 1612612140,
        "copyright": ". rainville",
        "description": null,
        "asset": {
            "id": 180483,
            "type": "Cargo",
            "name": "CITY OF HAMBURG"
        },
        "rating": {
            "voteAverage": 0,
            "voteCounter": 0
        },
        "url": "https://images.marinetraffic.com/collection/4161803.webp?size=800"
    },
    {
        "photoId": 4161801,
        "placeTaken": "Kiel Canal",
        "takenAt": 1612612200,
        "copyright": ". rainville",
        "description": null,
        "asset": {
            "id": 180483,
            "type": "Cargo",
            "name": "CITY OF HAMBURG"
        },
        "rating": {
            "voteAverage": 0,
            "voteCounter": 0
        },
        "url": "https://images.marinetraffic.com/collection/4161801.webp?size=800"
    },
    {
        "photoId": 4161787,
        "placeTaken": "Kiel Canal / Germany",
        "takenAt": 1612611180,
        "copyright": "Nils Junge",
        "description": null,
        "asset": {
            "id": 180483,
            "type": "Cargo",
            "name": "CITY OF HAMBURG"
        },
        "rating": {
            "voteAverage": 5,
            "voteCounter": 12
        },
        "url": "https://images.marinetraffic.com/collection/4161787.webp?size=800"
    },
    {
        "photoId": 4161786,
        "placeTaken": "Kiel Canal / Germany",
        "takenAt": 1612611300,
        "copyright": "Nils Junge",
        "description": null,
        "asset": {
            "id": 180483,
            "type": "Cargo",
            "name": "CITY OF HAMBURG"
        },
        "rating": {
            "voteAverage": 5,
            "voteCounter": 6
        },
        "url": "https://images.marinetraffic.com/collection/4161786.webp?size=800"
    },
    {
        "photoId": 4161785,
        "placeTaken": "Kiel Canal / Germany",
        "takenAt": 1612612920,
        "copyright": "Nils Junge",
        "description": null,
        "asset": {
            "id": 180483,
            "type": "Cargo",
            "name": "CITY OF HAMBURG"
        },
        "rating": {
            "voteAverage": 5,
            "voteCounter": 7
        },
        "url": "https://images.marinetraffic.com/collection/4161785.webp?size=800"
    },
    {
        "photoId": 4161783,
        "placeTaken": "Kiel Canal / Germany",
        "takenAt": 1612613100,
        "copyright": "Nils Junge",
        "description": null,
        "asset": {
            "id": 180483,
            "type": "Cargo",
            "name": "CITY OF HAMBURG"
        },
        "rating": {
            "voteAverage": 5,
            "voteCounter": 4
        },
        "url": "https://images.marinetraffic.com/collection/4161783.webp?size=800"
    },
    {
        "photoId": 4161782,
        "placeTaken": "Kiel Canal / Germany",
        "takenAt": 1612611060,
        "copyright": "Nils Junge",
        "description": null,
        "asset": {
            "id": 180483,
            "type": "Cargo",
            "name": "CITY OF HAMBURG"
        },
        "rating": {
            "voteAverage": 5,
            "voteCounter": 3
        },
        "url": "https://images.marinetraffic.com/collection/4161782.webp?size=800"
    },
    {
        "photoId": 4156872,
        "placeTaken": "Hamburg",
        "takenAt": 1239365820,
        "copyright": "Sebastian Jeschke",
        "description": null,
        "asset": {
            "id": 180483,
            "type": "Cargo",
            "name": "CITY OF HAMBURG"
        },
        "rating": {
            "voteAverage": 0,
            "voteCounter": 0
        },
        "url": "https://images.marinetraffic.com/collection/4156872.webp?size=800"
    },
    {
        "photoId": 4084324,
        "placeTaken": "ROYAL PORTBURY DOCK",
        "takenAt": 1604927820,
        "copyright": "MARTIN PICK",
        "description": null,
        "asset": {
            "id": 180483,
            "type": "Cargo",
            "name": "CITY OF HAMBURG"
        },
        "rating": {
            "voteAverage": 0,
            "voteCounter": 0
        },
        "url": "https://images.marinetraffic.com/collection/4084324.webp?size=800"
    },
    {
        "photoId": 4084323,
        "placeTaken": "ROYAL PORTBURY DOCK",
        "takenAt": 1604927760,
        "copyright": "MARTIN PICK",
        "description": null,
        "asset": {
            "id": 180483,
            "type": "Cargo",
            "name": "CITY OF HAMBURG"
        },
        "rating": {
            "voteAverage": 0,
            "voteCounter": 0
        },
        "url": "https://images.marinetraffic.com/collection/4084323.webp?size=800"
    },
    {
        "photoId": 4066486,
        "placeTaken": "Altonaer Kaispeicher",
        "takenAt": 1603370940,
        "copyright": "Jochen Behrens",
        "description": null,
        "asset": {
            "id": 180483,
            "type": "Cargo",
            "name": "CITY OF HAMBURG"
        },
        "rating": {
            "voteAverage": 0,
            "voteCounter": 0
        },
        "url": "https://images.marinetraffic.com/collection/4066486.webp?size=800"
    }
]