[
    {
        "photoId": 4405186,
        "placeTaken": null,
        "takenAt": 1630327980,
        "copyright": "Jan K\u00f6ser",
        "description": null,
        "asset": {
            "id": 180483,
            "type": "Cargo",
            "name": "CITY OF HAMBURG"
        },
        "rating": {
            "voteAverage": 0,
            "voteCounter": 0
        },
        "url": "https://images.marinetraffic.com/collection/4405186.webp?size=800"
    },
    {
        "photoId": 4360042,
        "placeTaken": "Elbe, Luehe GER",
        "takenAt": 1597755900,
        "copyright": "FBN Raiger",
        "description": "Elbe, Luehe GER",
        "asset": {
            "id": 180483,
            "type": "Cargo",
            "name": "CITY OF HAMBURG"
        },
        "rating": {
            "voteAverage": 5,
            "voteCounter": 35
        },
        "url": "https://images.marinetraffic.com/collection/4360042.webp?size=800"
    },
    {
        "photoId": 4327403,
        "placeTaken": "Kieler Frde Werft",
        "takenAt": 1618418160,
        "copyright": "Manfred Sesemann",
        "description": null,
        "asset": {
            "id": 180483,
            "type": "Cargo",
            "name": "GELTING"
        },
        "rating": {
            "voteAverage": 0,
            "voteCounter": 0
        },
        "url": "https://images.marinetraffic.com/collection/4327403.webp?size=800"
    },
    {
        "photoId": 4327399,
        "placeTaken": "Kieler Frde Werft Nobiskrug",
        "takenAt": 1618417200,
        "copyright": "Manfred Sesemann",
        "description": null,
        "asset": {
            "id": 180483,
            "type": "Cargo",
            "name": "CITY OF HAMBURG"
        },
        "rating": {
            "voteAverage": 0,
            "voteCounter": 0
        },
        "url": "https://images.marinetraffic.com/collection/4327399.webp?size=800"
    },
    {
        "photoId": 4283489,
        "placeTaken": "NOK-Westerroenfeld",
        "takenAt": 1619525760,
        "copyright": "Hans-Peter Schroeder",
        "description": null,
        "asset": {
            "id": 180483,
            "type": "Cargo",
            "name": "CITY OF HAMBURG"
        },
        "rating": {
            "voteAverage": 5,
            "voteCounter": 14
        },
        "url": "https://images.marinetraffic.com/collection/4283489.webp?size=800"
    },
    {
        "photoId": 4283488,
        "placeTaken": "NOK-Westerroenfeld",
        "takenAt": 1619525760,
        "copyright": "Hans-Peter Schroeder",
        "description": null,
        "asset": {
            "id": 180483,
            "type": "Cargo",
            "name": "CITY OF HAMBURG"
        },
        "rating": {
            "voteAverage": 5,
            "voteCounter": 19
        },
        "url": "https://images.marinetraffic.com/collection/4283488.webp?size=800"
    },
    {
        "photoId": 4264668,
        "placeTaken": "NOK-Westerroenfeld",
        "takenAt": 1619525700,
        "copyright": "Hans-Peter Schroeder",
        "description": null,
        "asset": {
            "id": 180483,
            "type": "Cargo",
            "name": "CITY OF HAMBURG"
        },
        "rating": {
            "voteAverage": 5,
            "voteCounter": 18
        },
        "url": "https://images.marinetraffic.com/collection/4264668.webp?size=800"
    },
    {
        "photoId": 4247199,
        "placeTaken": "Kiel Canal",
        "takenAt": 1619534820,
        "copyright": "Helge Massmann",
        "description": null,
        "asset": {
            "id": 180483,
            "type": "Cargo",
            "name": "CITY OF HAMBURG"
        },
        "rating": {
            "voteAverage": 5,
            "voteCounter": 14
        },
        "url": "https://images.marinetraffic.com/collection/4247199.webp?size=800"
    },
    {
        "photoId": 4247189,
        "placeTaken": "Kiel Canal",
        "takenAt": 1619535480,
        "copyright": "Helge Massmann",
        "description": null,
        "asset": {
            "id": 180483,
            "type": "Cargo",
            "name": "CITY OF HAMBURG"
        },
        "rating": {
            "voteAverage": 5,
            "voteCounter": 18
        },
        "url": "https://images.marinetraffic.com/collection/4247189.webp?size=800"
    },
    {
        "photoId": 4247181,
        "placeTaken": "Kiel Canal",
        "takenAt": 1619538420,
        "copyright": "Helge Massmann",
        "description": null,
        "asset": {
            "id": 180483,
            "type": "Cargo",
            "name": "CITY OF HAMBURG"
        },
        "rating": {
            "voteAverage": 5,
            "voteCounter": 15
        },
        "url": "https://images.marinetraffic.com/collection/4247181.webp?size=800"
    },
    {
        "photoId": 4247177,
        "placeTaken": "Kiel Canal",
        "takenAt": 1619538540,
        "copyright": "Helge Massmann",
        "description": null,
        "asset": {
            "id": 180483,
            "type": "Cargo",
            "name": "CITY OF HAMBURG"
        },
        "rating": {
            "voteAverage": 4.933333,
            "voteCounter": 15
        },
        "url": "https://images.marinetraffic.com/collection/4247177.webp?size=800"
    },
    {
        "photoId": 4247089,
        "placeTaken": "Kiel Canal",
        "takenAt": 1619541840,
        "copyright": "Tony Zech",
        "description": null,
        "asset": {
            "id": 180483,
            "type": "Cargo",
            "name": "CITY OF HAMBURG"
        },
        "rating": {
            "voteAverage": 5,
            "voteCounter": 3
        },
        "url": "https://images.marinetraffic.com/collection/4247089.webp?size=800"
    },
    {
        "photoId": 4246553,
        "placeTaken": "NOK - Holtenau-Kiel",
        "takenAt": 1619520780,
        "copyright": "Peter aus Holtenau",
        "description": null,
        "asset": {
            "id": 180483,
            "type": "Cargo",
            "name": "CITY OF HAMBURG"
        },
        "rating": {
            "voteAverage": 5,
            "voteCounter": 10
        },
        "url": "https://images.marinetraffic.com/collection/4246553.webp?size=800"
    },
    {
        "photoId": 4232666,
        "placeTaken": "Kieler Foerde, Shipyard Lindenau",
        "takenAt": 1618401960,
        "copyright": "uwe heimhold",
        "description": null,
        "asset": {
            "id": 180483,
            "type": "Cargo",
            "name": "CITY OF HAMBURG"
        },
        "rating": {
            "voteAverage": 5,
            "voteCounter": 1
        },
        "url": "https://images.marinetraffic.com/collection/4232666.webp?size=800"
    },
    {
        "photoId": 4232663,
        "placeTaken": "Kieler Foerde, Shipyard Lindenau",
        "takenAt": 1618401420,
        "copyright": "uwe heimhold",
        "description": null,
        "asset": {
            "id": 180483,
            "type": "Cargo",
            "name": "CITY OF HAMBURG"
        },
        "rating": {
            "voteAverage": 5,
            "voteCounter": 3
        },
        "url": "https://images.marinetraffic.com/collection/4232663.webp?size=800"
    },
    {
        "photoId": 4232286,
        "placeTaken": "Kieler Foerde",
        "takenAt": 1618389960,
        "copyright": "Peter aus Holtenau",
        "description": null,
        "asset": {
            "id": 180483,
            "type": "Cargo",
            "name": "CITY OF HAMBURG"
        },
        "rating": {
            "voteAverage": 0,
            "voteCounter": 0
        },
        "url": "https://images.marinetraffic.com/collection/4232286.webp?size=800"
    },
    {
        "photoId": 4232283,
        "placeTaken": "Kieler Foerde",
        "takenAt": 1618388940,
        "copyright": "Peter aus Holtenau",
        "description": null,
        "asset": {
            "id": 180483,
            "type": "Cargo",
            "name": "CITY OF HAMBURG"
        },
        "rating": {
            "voteAverage": 5,
            "voteCounter": 1
        },
        "url": "https://images.marinetraffic.com/collection/4232283.webp?size=800"
    },
    {
        "photoId": 4232281,
        "placeTaken": "Kieler Foerde",
        "takenAt": 1618388700,
        "copyright": "Peter aus Holtenau",
        "description": null,
        "asset": {
            "id": 180483,
            "type": "Cargo",
            "name": "CITY OF HAMBURG"
        },
        "rating": {
            "voteAverage": 5,
            "voteCounter": 2
        },
        "url": "https://images.marinetraffic.com/collection/4232281.webp?size=800"
    },
    {
        "photoId": 4232273,
        "placeTaken": "Kieler Foerde",
        "takenAt": 1618388580,
        "copyright": "Peter aus Holtenau",
        "description": null,
        "asset": {
            "id": 180483,
            "type": "Cargo",
            "name": "CITY OF HAMBURG"
        },
        "rating": {
            "voteAverage": 5,
            "voteCounter": 2
        },
        "url": "https://images.marinetraffic.com/collection/4232273.webp?size=800"
    },
    {
        "photoId": 4232253,
        "placeTaken": "Kieler Foerde",
        "takenAt": 1618385160,
        "copyright": "uwe heimhold",
        "description": null,
        "asset": {
            "id": 180483,
            "type": "Cargo",
            "name": "CITY OF HAMBURG"
        },
        "rating": {
            "voteAverage": 5,
            "voteCounter": 2
        },
        "url": "https://images.marinetraffic.com/collection/4232253.webp?size=800"
    }
]