[
    {
        "photoId": 2885919,
        "placeTaken": "KOPER - Slovenia",
        "takenAt": 1508751000,
        "copyright": "Marjan Stropnik",
        "description": null,
        "asset": {
            "id": 159184,
            "type": "Cargo",
            "name": "GEORG MAERSK"
        },
        "rating": {
            "voteAverage": 5,
            "voteCounter": 1
        },
        "url": "https://images.marinetraffic.com/collection/2885919.webp?size=800"
    },
    {
        "photoId": 2855154,
        "placeTaken": "KOPER Port Slovenia",
        "takenAt": null,
        "copyright": "pinko palinko",
        "description": null,
        "asset": {
            "id": 159184,
            "type": "Cargo",
            "name": "GEORG MAERSK"
        },
        "rating": {
            "voteAverage": 5,
            "voteCounter": 34
        },
        "url": "https://images.marinetraffic.com/collection/2855154.webp?size=800"
    },
    {
        "photoId": 2765194,
        "placeTaken": "Rijeka,Croatia",
        "takenAt": null,
        "copyright": "Dragec",
        "description": null,
        "asset": {
            "id": 159184,
            "type": "Cargo",
            "name": "GEORG MAERSK"
        },
        "rating": {
            "voteAverage": 0,
            "voteCounter": 0
        },
        "url": "https://images.marinetraffic.com/collection/2765194.webp?size=800"
    },
    {
        "photoId": 2765192,
        "placeTaken": "Rijeka,Croatia",
        "takenAt": null,
        "copyright": "Dragec",
        "description": null,
        "asset": {
            "id": 159184,
            "type": "Cargo",
            "name": "GEORG MAERSK"
        },
        "rating": {
            "voteAverage": 0,
            "voteCounter": 0
        },
        "url": "https://images.marinetraffic.com/collection/2765192.webp?size=800"
    },
    {
        "photoId": 2765190,
        "placeTaken": "Rijeka,Croatia",
        "takenAt": null,
        "copyright": "Dragec",
        "description": null,
        "asset": {
            "id": 159184,
            "type": "Cargo",
            "name": "GEORG MAERSK"
        },
        "rating": {
            "voteAverage": 5,
            "voteCounter": 1
        },
        "url": "https://images.marinetraffic.com/collection/2765190.webp?size=800"
    },
    {
        "photoId": 2764192,
        "placeTaken": "Rijeka,Croatia",
        "takenAt": null,
        "copyright": "Dragec",
        "description": null,
        "asset": {
            "id": 159184,
            "type": "Cargo",
            "name": "GEORG MAERSK"
        },
        "rating": {
            "voteAverage": 0,
            "voteCounter": 0
        },
        "url": "https://images.marinetraffic.com/collection/2764192.webp?size=800"
    },
    {
        "photoId": 2681097,
        "placeTaken": "Mazhou, PRC",
        "takenAt": 1493520540,
        "copyright": "smp",
        "description": "Vessel at shipyard.",
        "asset": {
            "id": 159184,
            "type": "Cargo",
            "name": "GEORG MAERSK"
        },
        "rating": {
            "voteAverage": 0,
            "voteCounter": 0
        },
        "url": "https://images.marinetraffic.com/collection/2681097.webp?size=800"
    },
    {
        "photoId": 2534846,
        "placeTaken": "KOPER - Slovenia",
        "takenAt": 1481371740,
        "copyright": "Marjan Stropnik",
        "description": null,
        "asset": {
            "id": 159184,
            "type": "Cargo",
            "name": "GEORG MAERSK"
        },
        "rating": {
            "voteAverage": 0,
            "voteCounter": 0
        },
        "url": "https://images.marinetraffic.com/collection/2534846.webp?size=800"
    },
    {
        "photoId": 2501775,
        "placeTaken": "TRIESTE - ITALY",
        "takenAt": 1462978200,
        "copyright": "AGOSTINO",
        "description": null,
        "asset": {
            "id": 159184,
            "type": "Cargo",
            "name": "GEORG MAERSK"
        },
        "rating": {
            "voteAverage": 5,
            "voteCounter": 3
        },
        "url": "https://images.marinetraffic.com/collection/2501775.webp?size=800"
    },
    {
        "photoId": 2467841,
        "placeTaken": "Koper -Slovenia",
        "takenAt": 1471883100,
        "copyright": "Marjan Stropnik",
        "description": null,
        "asset": {
            "id": 159184,
            "type": "Cargo",
            "name": "GEORG MAERSK"
        },
        "rating": {
            "voteAverage": 5,
            "voteCounter": 1
        },
        "url": "https://images.marinetraffic.com/collection/2467841.webp?size=800"
    },
    {
        "photoId": 2419457,
        "placeTaken": "San Fransisco/Alcatraz",
        "takenAt": 1467727860,
        "copyright": "Fredrik Berinder",
        "description": null,
        "asset": {
            "id": 159184,
            "type": "Cargo",
            "name": "GEORG MAERSK"
        },
        "rating": {
            "voteAverage": 0,
            "voteCounter": 0
        },
        "url": "https://images.marinetraffic.com/collection/2419457.webp?size=800"
    },
    {
        "photoId": 2356455,
        "placeTaken": "Tokyo Bay",
        "takenAt": 1466344920,
        "copyright": "Dexter",
        "description": null,
        "asset": {
            "id": 159184,
            "type": "Cargo",
            "name": "GEORG MAERSK"
        },
        "rating": {
            "voteAverage": 4,
            "voteCounter": 1
        },
        "url": "https://images.marinetraffic.com/collection/2356455.webp?size=800"
    },
    {
        "photoId": 2308335,
        "placeTaken": "Piraeus",
        "takenAt": 1450530840,
        "copyright": "Sakis Antoniou",
        "description": null,
        "asset": {
            "id": 159184,
            "type": "Cargo",
            "name": "GEORG MAERSK"
        },
        "rating": {
            "voteAverage": 0,
            "voteCounter": 0
        },
        "url": "https://images.marinetraffic.com/collection/2308335.webp?size=800"
    },
    {
        "photoId": 2239463,
        "placeTaken": "Rijeka,Croatia",
        "takenAt": null,
        "copyright": "Dragec",
        "description": null,
        "asset": {
            "id": 159184,
            "type": "Cargo",
            "name": "GEORG MAERSK"
        },
        "rating": {
            "voteAverage": 0,
            "voteCounter": 0
        },
        "url": "https://images.marinetraffic.com/collection/2239463.webp?size=800"
    },
    {
        "photoId": 2235787,
        "placeTaken": "Koper  Slovenia",
        "takenAt": 1456166400,
        "copyright": "Marjan Stropnik",
        "description": null,
        "asset": {
            "id": 159184,
            "type": "Cargo",
            "name": "GEORG MAERSK"
        },
        "rating": {
            "voteAverage": 5,
            "voteCounter": 1
        },
        "url": "https://images.marinetraffic.com/collection/2235787.webp?size=800"
    },
    {
        "photoId": 2235727,
        "placeTaken": "Koper  Slovenia",
        "takenAt": 1456146000,
        "copyright": "Marjan Stropnik",
        "description": null,
        "asset": {
            "id": 159184,
            "type": "Cargo",
            "name": "GEORG MAERSK"
        },
        "rating": {
            "voteAverage": 0,
            "voteCounter": 0
        },
        "url": "https://images.marinetraffic.com/collection/2235727.webp?size=800"
    },
    {
        "photoId": 2235724,
        "placeTaken": "Koper  Slovenia",
        "takenAt": 1456145760,
        "copyright": "Marjan Stropnik",
        "description": null,
        "asset": {
            "id": 159184,
            "type": "Cargo",
            "name": "GEORG MAERSK"
        },
        "rating": {
            "voteAverage": 4,
            "voteCounter": 1
        },
        "url": "https://images.marinetraffic.com/collection/2235724.webp?size=800"
    },
    {
        "photoId": 2235722,
        "placeTaken": "Koper  Slovenia",
        "takenAt": 1456145580,
        "copyright": "Marjan Stropnik",
        "description": null,
        "asset": {
            "id": 159184,
            "type": "Cargo",
            "name": "GEORG MAERSK"
        },
        "rating": {
            "voteAverage": 0,
            "voteCounter": 0
        },
        "url": "https://images.marinetraffic.com/collection/2235722.webp?size=800"
    },
    {
        "photoId": 2235721,
        "placeTaken": "Koper  Slovenia",
        "takenAt": 1456145460,
        "copyright": "Marjan Stropnik",
        "description": null,
        "asset": {
            "id": 159184,
            "type": "Cargo",
            "name": "GEORG MAERSK"
        },
        "rating": {
            "voteAverage": 0,
            "voteCounter": 0
        },
        "url": "https://images.marinetraffic.com/collection/2235721.webp?size=800"
    },
    {
        "photoId": 2069868,
        "placeTaken": "Felixstowe.",
        "takenAt": 1439812800,
        "copyright": "M.E.Davis",
        "description": "Georg Maersk leaving Felixstowe.",
        "asset": {
            "id": 159184,
            "type": "Cargo",
            "name": "GEORG MAERSK"
        },
        "rating": {
            "voteAverage": 0,
            "voteCounter": 0
        },
        "url": "https://images.marinetraffic.com/collection/2069868.webp?size=800"
    }
]