[
    {
        "photoId": 2069866,
        "placeTaken": "Felixstowe.",
        "takenAt": 1439812440,
        "copyright": "M.E.Davis",
        "description": "Georg Maersk pulling away fro No.89 Berth at Felixstowe.",
        "asset": {
            "id": 159184,
            "type": "Cargo",
            "name": "GEORG MAERSK"
        },
        "rating": {
            "voteAverage": 0,
            "voteCounter": 0
        },
        "url": "https://images.marinetraffic.com/collection/2069866.webp?size=800"
    },
    {
        "photoId": 2069863,
        "placeTaken": "Felixstowe.",
        "takenAt": 1439809380,
        "copyright": "M.E.Davis",
        "description": "Georg Maersk preparing to leave No.89 Berth at Felixstowe for the inbound Marie Maersk.",
        "asset": {
            "id": 159184,
            "type": "Cargo",
            "name": "GEORG MAERSK"
        },
        "rating": {
            "voteAverage": 5,
            "voteCounter": 1
        },
        "url": "https://images.marinetraffic.com/collection/2069863.webp?size=800"
    },
    {
        "photoId": 2057290,
        "placeTaken": "Rounding the Bramble Bank off Cowes en-route to So",
        "takenAt": 1439303340,
        "copyright": "SolentWight",
        "description": "Rounding the Bramble Bank off Cowes en-route to Southampton",
        "asset": {
            "id": 159184,
            "type": "Cargo",
            "name": "GEORG MAERSK"
        },
        "rating": {
            "voteAverage": 0,
            "voteCounter": 0
        },
        "url": "https://images.marinetraffic.com/collection/2057290.webp?size=800"
    },
    {
        "photoId": 1908991,
        "placeTaken": "Hamburg/Germany",
        "takenAt": 1332165960,
        "copyright": "Johnny Goertz",
        "description": "Elbe river.",
        "asset": {
            "id": 159184,
            "type": "Cargo",
            "name": "GEORG MAERSK"
        },
        "rating": {
            "voteAverage": 0,
            "voteCounter": 0
        },
        "url": "https://images.marinetraffic.com/collection/1908991.webp?size=800"
    },
    {
        "photoId": 1890671,
        "placeTaken": "Cuxhaven",
        "takenAt": 1379864160,
        "copyright": "Bettina Rohbrecht",
        "description": null,
        "asset": {
            "id": 159184,
            "type": "Cargo",
            "name": "GEORG MAERSK"
        },
        "rating": {
            "voteAverage": 0,
            "voteCounter": 0
        },
        "url": "https://images.marinetraffic.com/collection/1890671.webp?size=800"
    },
    {
        "photoId": 1709780,
        "placeTaken": "Bremerhaven",
        "takenAt": 1405859340,
        "copyright": "Lasse Pape",
        "description": null,
        "asset": {
            "id": 159184,
            "type": "Cargo",
            "name": "GEORG MAERSK"
        },
        "rating": {
            "voteAverage": 0,
            "voteCounter": 0
        },
        "url": "https://images.marinetraffic.com/collection/1709780.webp?size=800"
    },
    {
        "photoId": 1709447,
        "placeTaken": "Hamburg",
        "takenAt": 1405940820,
        "copyright": "S.Seelemann",
        "description": "Inbound Hamburg.",
        "asset": {
            "id": 159184,
            "type": "Cargo",
            "name": "GEORG MAERSK"
        },
        "rating": {
            "voteAverage": 0,
            "voteCounter": 0
        },
        "url": "https://images.marinetraffic.com/collection/1709447.webp?size=800"
    },
    {
        "photoId": 1452213,
        "placeTaken": "Hamburg",
        "takenAt": 1370172900,
        "copyright": "PixelOpa",
        "description": "Hamburg, 02.06.2013",
        "asset": {
            "id": 159184,
            "type": "Cargo",
            "name": "GEORG MAERSK"
        },
        "rating": {
            "voteAverage": 5,
            "voteCounter": 5
        },
        "url": "https://images.marinetraffic.com/collection/1452213.webp?size=800"
    },
    {
        "photoId": 1400520,
        "placeTaken": "Elbe bei Wedel / Schulau",
        "takenAt": 1379876040,
        "copyright": "Dieter Napiwotzki",
        "description": "einlaufend Hamburg vor Schulau",
        "asset": {
            "id": 159184,
            "type": "Cargo",
            "name": "GEORG MAERSK"
        },
        "rating": {
            "voteAverage": 3,
            "voteCounter": 1
        },
        "url": "https://images.marinetraffic.com/collection/1400520.webp?size=800"
    },
    {
        "photoId": 1270183,
        "placeTaken": "Tanjung Pelepas",
        "takenAt": 1368357240,
        "copyright": "smp",
        "description": null,
        "asset": {
            "id": 159184,
            "type": "Cargo",
            "name": "GEORG MAERSK"
        },
        "rating": {
            "voteAverage": 4.2,
            "voteCounter": 5
        },
        "url": "https://images.marinetraffic.com/collection/1270183.webp?size=800"
    },
    {
        "photoId": 1270180,
        "placeTaken": "Tanjung Pelepas",
        "takenAt": 1368356760,
        "copyright": "smp",
        "description": null,
        "asset": {
            "id": 159184,
            "type": "Cargo",
            "name": "GEORG MAERSK"
        },
        "rating": {
            "voteAverage": 3.5,
            "voteCounter": 2
        },
        "url": "https://images.marinetraffic.com/collection/1270180.webp?size=800"
    },
    {
        "photoId": 1235404,
        "placeTaken": "Hamburg-Blankenese",
        "takenAt": 1370171460,
        "copyright": "Buggi Porschien",
        "description": "Inbound Port",
        "asset": {
            "id": 159184,
            "type": "Cargo",
            "name": "GEORG MAERSK"
        },
        "rating": {
            "voteAverage": 4.6,
            "voteCounter": 5
        },
        "url": "https://images.marinetraffic.com/collection/1235404.webp?size=800"
    },
    {
        "photoId": 1235167,
        "placeTaken": "Kollmar / Elbe",
        "takenAt": 1370167200,
        "copyright": "K. Schumacher",
        "description": null,
        "asset": {
            "id": 159184,
            "type": "Cargo",
            "name": "GEORG MAERSK"
        },
        "rating": {
            "voteAverage": 4,
            "voteCounter": 2
        },
        "url": "https://images.marinetraffic.com/collection/1235167.webp?size=800"
    },
    {
        "photoId": 1235163,
        "placeTaken": "Kollmar / Elbe",
        "takenAt": 1370167620,
        "copyright": "K. Schumacher",
        "description": null,
        "asset": {
            "id": 159184,
            "type": "Cargo",
            "name": "GEORG MAERSK"
        },
        "rating": {
            "voteAverage": 3.333333,
            "voteCounter": 3
        },
        "url": "https://images.marinetraffic.com/collection/1235163.webp?size=800"
    },
    {
        "photoId": 1191022,
        "placeTaken": "Hamburg",
        "takenAt": 1360577760,
        "copyright": "citrone",
        "description": null,
        "asset": {
            "id": 159184,
            "type": "Cargo",
            "name": "GEORG MAERSK"
        },
        "rating": {
            "voteAverage": 4.5,
            "voteCounter": 2
        },
        "url": "https://images.marinetraffic.com/collection/1191022.webp?size=800"
    },
    {
        "photoId": 1168460,
        "placeTaken": null,
        "takenAt": 1365512160,
        "copyright": "John Springer",
        "description": null,
        "asset": {
            "id": 159184,
            "type": "Cargo",
            "name": "GEORG MAERSK"
        },
        "rating": {
            "voteAverage": 4,
            "voteCounter": 2
        },
        "url": "https://images.marinetraffic.com/collection/1168460.webp?size=800"
    },
    {
        "photoId": 1167336,
        "placeTaken": "Hamburg",
        "takenAt": 1360577400,
        "copyright": "citrone",
        "description": null,
        "asset": {
            "id": 159184,
            "type": "Cargo",
            "name": "GEORG MAERSK"
        },
        "rating": {
            "voteAverage": 5,
            "voteCounter": 1
        },
        "url": "https://images.marinetraffic.com/collection/1167336.webp?size=800"
    },
    {
        "photoId": 1109028,
        "placeTaken": "Cuxhaven",
        "takenAt": 1360507680,
        "copyright": "JK",
        "description": null,
        "asset": {
            "id": 159184,
            "type": "Cargo",
            "name": "GEORG MAERSK"
        },
        "rating": {
            "voteAverage": 3.666667,
            "voteCounter": 3
        },
        "url": "https://images.marinetraffic.com/collection/1109028.webp?size=800"
    },
    {
        "photoId": 984264,
        "placeTaken": "ALGECIRAS",
        "takenAt": 1349703780,
        "copyright": "F.YBANCOS",
        "description": null,
        "asset": {
            "id": 159184,
            "type": "Cargo",
            "name": "GEORG MAERSK"
        },
        "rating": {
            "voteAverage": 4,
            "voteCounter": 2
        },
        "url": "https://images.marinetraffic.com/collection/984264.webp?size=800"
    },
    {
        "photoId": 984262,
        "placeTaken": "ALGECIRAS",
        "takenAt": 1349703720,
        "copyright": "F.YBANCOS",
        "description": null,
        "asset": {
            "id": 159184,
            "type": "Cargo",
            "name": "GEORG MAERSK"
        },
        "rating": {
            "voteAverage": 0,
            "voteCounter": 0
        },
        "url": "https://images.marinetraffic.com/collection/984262.webp?size=800"
    }
]