[
    {
        "photoId": 3427508,
        "placeTaken": "Lamma Channel, Hong Kong",
        "takenAt": 1506855480,
        "copyright": "V. Tonic",
        "description": "Arriving at Hong Kong.",
        "asset": {
            "id": 159184,
            "type": "Cargo",
            "name": "GEORG MAERSK"
        },
        "rating": {
            "voteAverage": 0,
            "voteCounter": 0
        },
        "url": "https://images.marinetraffic.com/collection/3427508.webp?size=800"
    },
    {
        "photoId": 3427507,
        "placeTaken": "Lamma Channel, Hong Kong",
        "takenAt": 1506855240,
        "copyright": "V. Tonic",
        "description": "Arriving at Hong Kong.",
        "asset": {
            "id": 159184,
            "type": "Cargo",
            "name": "GEORG MAERSK"
        },
        "rating": {
            "voteAverage": 0,
            "voteCounter": 0
        },
        "url": "https://images.marinetraffic.com/collection/3427507.webp?size=800"
    },
    {
        "photoId": 3340150,
        "placeTaken": "Bayonne, NJ. ",
        "takenAt": 1545488880,
        "copyright": "John Chomicz",
        "description": null,
        "asset": {
            "id": 159184,
            "type": "Cargo",
            "name": "GEORG MAERSK"
        },
        "rating": {
            "voteAverage": 0,
            "voteCounter": 0
        },
        "url": "https://images.marinetraffic.com/collection/3340150.webp?size=800"
    },
    {
        "photoId": 3340149,
        "placeTaken": "Bayonne, NJ. ",
        "takenAt": 1545488400,
        "copyright": "John Chomicz",
        "description": null,
        "asset": {
            "id": 159184,
            "type": "Cargo",
            "name": "GEORG MAERSK"
        },
        "rating": {
            "voteAverage": 5,
            "voteCounter": 1
        },
        "url": "https://images.marinetraffic.com/collection/3340149.webp?size=800"
    },
    {
        "photoId": 3340145,
        "placeTaken": "Newark Bay. ",
        "takenAt": 1545486960,
        "copyright": "John Chomicz",
        "description": null,
        "asset": {
            "id": 159184,
            "type": "Cargo",
            "name": "GEORG MAERSK"
        },
        "rating": {
            "voteAverage": 5,
            "voteCounter": 1
        },
        "url": "https://images.marinetraffic.com/collection/3340145.webp?size=800"
    },
    {
        "photoId": 3340143,
        "placeTaken": "Newark Bay. ",
        "takenAt": 1545486960,
        "copyright": "John Chomicz",
        "description": "The GEORG MAERSK being spun, on its departure from Port of Elizabeth. ",
        "asset": {
            "id": 159184,
            "type": "Cargo",
            "name": "GEORG MAERSK"
        },
        "rating": {
            "voteAverage": 0,
            "voteCounter": 0
        },
        "url": "https://images.marinetraffic.com/collection/3340143.webp?size=800"
    },
    {
        "photoId": 3339468,
        "placeTaken": "Bayonne, NJ",
        "takenAt": 1545486300,
        "copyright": "Marcin Kocoj",
        "description": "Georg Maersk leaving APM Terminal.",
        "asset": {
            "id": 159184,
            "type": "Cargo",
            "name": "GEORG MAERSK"
        },
        "rating": {
            "voteAverage": 5,
            "voteCounter": 1
        },
        "url": "https://images.marinetraffic.com/collection/3339468.webp?size=800"
    },
    {
        "photoId": 3311978,
        "placeTaken": "Suez Canal",
        "takenAt": 1489514100,
        "copyright": "Alexander Demin",
        "description": null,
        "asset": {
            "id": 159184,
            "type": "Cargo",
            "name": "GEORG MAERSK"
        },
        "rating": {
            "voteAverage": 0,
            "voteCounter": 0
        },
        "url": "https://images.marinetraffic.com/collection/3311978.webp?size=800"
    },
    {
        "photoId": 3311977,
        "placeTaken": "Suez Canal",
        "takenAt": 1489514520,
        "copyright": "Alexander Demin",
        "description": null,
        "asset": {
            "id": 159184,
            "type": "Cargo",
            "name": "GEORG MAERSK"
        },
        "rating": {
            "voteAverage": 0,
            "voteCounter": 0
        },
        "url": "https://images.marinetraffic.com/collection/3311977.webp?size=800"
    },
    {
        "photoId": 3257816,
        "placeTaken": "Staten Island NY",
        "takenAt": 1538514240,
        "copyright": "Dallas  mayson",
        "description": "Leaving Newark Bay with four assist tugs.",
        "asset": {
            "id": 159184,
            "type": "Cargo",
            "name": "GEORG MAERSK"
        },
        "rating": {
            "voteAverage": 0,
            "voteCounter": 0
        },
        "url": "https://images.marinetraffic.com/collection/3257816.webp?size=800"
    },
    {
        "photoId": 3257805,
        "placeTaken": "Staten Island NY",
        "takenAt": 1538514000,
        "copyright": "Dallas  mayson",
        "description": "Leaving Newark Bay with four big tugs on her.",
        "asset": {
            "id": 159184,
            "type": "Cargo",
            "name": "GEORG MAERSK"
        },
        "rating": {
            "voteAverage": 0,
            "voteCounter": 0
        },
        "url": "https://images.marinetraffic.com/collection/3257805.webp?size=800"
    },
    {
        "photoId": 3156918,
        "placeTaken": "The Solent, Southampton",
        "takenAt": 1439379540,
        "copyright": "Phil Rowley",
        "description": null,
        "asset": {
            "id": 159184,
            "type": "Cargo",
            "name": "GEORG MAERSK"
        },
        "rating": {
            "voteAverage": 5,
            "voteCounter": 1
        },
        "url": "https://images.marinetraffic.com/collection/3156918.webp?size=800"
    },
    {
        "photoId": 3156658,
        "placeTaken": "The Solent, Southampton",
        "takenAt": 1439380080,
        "copyright": "Phil Rowley",
        "description": null,
        "asset": {
            "id": 159184,
            "type": "Cargo",
            "name": "GEORG MAERSK"
        },
        "rating": {
            "voteAverage": 0,
            "voteCounter": 0
        },
        "url": "https://images.marinetraffic.com/collection/3156658.webp?size=800"
    },
    {
        "photoId": 2933720,
        "placeTaken": "TRIESTE - ITALY",
        "takenAt": 1500115020,
        "copyright": "AGOSTINO",
        "description": null,
        "asset": {
            "id": 159184,
            "type": "Cargo",
            "name": "GEORG MAERSK"
        },
        "rating": {
            "voteAverage": 5,
            "voteCounter": 3
        },
        "url": "https://images.marinetraffic.com/collection/2933720.webp?size=800"
    },
    {
        "photoId": 2933718,
        "placeTaken": "TRIESTE - ITALY",
        "takenAt": 1500114720,
        "copyright": "AGOSTINO",
        "description": null,
        "asset": {
            "id": 159184,
            "type": "Cargo",
            "name": "GEORG MAERSK"
        },
        "rating": {
            "voteAverage": 5,
            "voteCounter": 3
        },
        "url": "https://images.marinetraffic.com/collection/2933718.webp?size=800"
    },
    {
        "photoId": 2893443,
        "placeTaken": "RIJEKA - Croatia",
        "takenAt": 1509192720,
        "copyright": "Marjan Stropnik",
        "description": "Arriving to The port of Rijeka - Croatia",
        "asset": {
            "id": 159184,
            "type": "Cargo",
            "name": "GEORG MAERSK"
        },
        "rating": {
            "voteAverage": 5,
            "voteCounter": 4
        },
        "url": "https://images.marinetraffic.com/collection/2893443.webp?size=800"
    },
    {
        "photoId": 2891809,
        "placeTaken": "Rijeka,Croatia",
        "takenAt": null,
        "copyright": "Dragec",
        "description": null,
        "asset": {
            "id": 159184,
            "type": "Cargo",
            "name": "GEORG MAERSK"
        },
        "rating": {
            "voteAverage": 0,
            "voteCounter": 0
        },
        "url": "https://images.marinetraffic.com/collection/2891809.webp?size=800"
    },
    {
        "photoId": 2889023,
        "placeTaken": "KOPER - Slovenia",
        "takenAt": 1508947620,
        "copyright": "Marjan Stropnik",
        "description": null,
        "asset": {
            "id": 159184,
            "type": "Cargo",
            "name": "GEORG MAERSK"
        },
        "rating": {
            "voteAverage": 5,
            "voteCounter": 5
        },
        "url": "https://images.marinetraffic.com/collection/2889023.webp?size=800"
    },
    {
        "photoId": 2888972,
        "placeTaken": "KOPER - Slovenia",
        "takenAt": 1508860980,
        "copyright": "Marjan Stropnik",
        "description": null,
        "asset": {
            "id": 159184,
            "type": "Cargo",
            "name": "GEORG MAERSK"
        },
        "rating": {
            "voteAverage": 0,
            "voteCounter": 0
        },
        "url": "https://images.marinetraffic.com/collection/2888972.webp?size=800"
    },
    {
        "photoId": 2885921,
        "placeTaken": "KOPER - Slovenia",
        "takenAt": 1508752560,
        "copyright": "Marjan Stropnik",
        "description": null,
        "asset": {
            "id": 159184,
            "type": "Cargo",
            "name": "GEORG MAERSK"
        },
        "rating": {
            "voteAverage": 0,
            "voteCounter": 0
        },
        "url": "https://images.marinetraffic.com/collection/2885921.webp?size=800"
    }
]