[
    {
        "photoId": 616003,
        "placeTaken": "Terneuzen",
        "takenAt": 1319047080,
        "copyright": "C.van der Have",
        "description": null,
        "asset": {
            "id": 159184,
            "type": "Cargo",
            "name": "GEORG MAERSK"
        },
        "rating": {
            "voteAverage": 4.8,
            "voteCounter": 5
        },
        "url": "https://images.marinetraffic.com/collection/616003.webp?size=800"
    },
    {
        "photoId": 615990,
        "placeTaken": "Terneuzen",
        "takenAt": 1319047200,
        "copyright": "C.van der Have",
        "description": null,
        "asset": {
            "id": 159184,
            "type": "Cargo",
            "name": "GEORG MAERSK"
        },
        "rating": {
            "voteAverage": 4.25,
            "voteCounter": 8
        },
        "url": "https://images.marinetraffic.com/collection/615990.webp?size=800"
    },
    {
        "photoId": 615918,
        "placeTaken": "Terneuzen",
        "takenAt": 1319047740,
        "copyright": "C.L. Dellaert",
        "description": null,
        "asset": {
            "id": 159184,
            "type": "Cargo",
            "name": "GEORG MAERSK"
        },
        "rating": {
            "voteAverage": 4,
            "voteCounter": 3
        },
        "url": "https://images.marinetraffic.com/collection/615918.webp?size=800"
    },
    {
        "photoId": 577739,
        "placeTaken": "Busan New Port, Rep. of Korea",
        "takenAt": 1315131000,
        "copyright": "V. Tonic",
        "description": null,
        "asset": {
            "id": 159184,
            "type": "Cargo",
            "name": "GEORG MAERSK"
        },
        "rating": {
            "voteAverage": 4.333333,
            "voteCounter": 3
        },
        "url": "https://images.marinetraffic.com/collection/577739.webp?size=800"
    },
    {
        "photoId": 577738,
        "placeTaken": "Busan New Port, Rep. of Korea",
        "takenAt": 1315130880,
        "copyright": "V. Tonic",
        "description": null,
        "asset": {
            "id": 159184,
            "type": "Cargo",
            "name": "GEORG MAERSK"
        },
        "rating": {
            "voteAverage": 4,
            "voteCounter": 3
        },
        "url": "https://images.marinetraffic.com/collection/577738.webp?size=800"
    },
    {
        "photoId": 558307,
        "placeTaken": "Europoort, Rotterdam NL",
        "takenAt": 1311875580,
        "copyright": "stefan lemmens",
        "description": null,
        "asset": {
            "id": 159184,
            "type": "Cargo",
            "name": "GEORG MAERSK"
        },
        "rating": {
            "voteAverage": 4.333333,
            "voteCounter": 3
        },
        "url": "https://images.marinetraffic.com/collection/558307.webp?size=800"
    },
    {
        "photoId": 558304,
        "placeTaken": "Europoort, Rotterdam NL",
        "takenAt": 1311874920,
        "copyright": "stefan lemmens",
        "description": null,
        "asset": {
            "id": 159184,
            "type": "Cargo",
            "name": "GEORG MAERSK"
        },
        "rating": {
            "voteAverage": 4,
            "voteCounter": 3
        },
        "url": "https://images.marinetraffic.com/collection/558304.webp?size=800"
    },
    {
        "photoId": 467110,
        "placeTaken": "Antwerpen Deurganckdok",
        "takenAt": 1305733440,
        "copyright": "Hjalmar Fontijn",
        "description": null,
        "asset": {
            "id": 159184,
            "type": "Cargo",
            "name": "GEORG MAERSK"
        },
        "rating": {
            "voteAverage": 4,
            "voteCounter": 3
        },
        "url": "https://images.marinetraffic.com/collection/467110.webp?size=800"
    },
    {
        "photoId": 467109,
        "placeTaken": "Antwerpen Deurganckdok",
        "takenAt": 1305732660,
        "copyright": "Hjalmar Fontijn",
        "description": null,
        "asset": {
            "id": 159184,
            "type": "Cargo",
            "name": "GEORG MAERSK"
        },
        "rating": {
            "voteAverage": 3,
            "voteCounter": 1
        },
        "url": "https://images.marinetraffic.com/collection/467109.webp?size=800"
    },
    {
        "photoId": 463416,
        "placeTaken": "Breskens",
        "takenAt": 1305644460,
        "copyright": "Henk de Winde",
        "description": null,
        "asset": {
            "id": 159184,
            "type": "Cargo",
            "name": "GEORG MAERSK"
        },
        "rating": {
            "voteAverage": 3.75,
            "voteCounter": 4
        },
        "url": "https://images.marinetraffic.com/collection/463416.webp?size=800"
    },
    {
        "photoId": 463415,
        "placeTaken": "Breskens",
        "takenAt": 1305644820,
        "copyright": "Henk de Winde",
        "description": null,
        "asset": {
            "id": 159184,
            "type": "Cargo",
            "name": "GEORG MAERSK"
        },
        "rating": {
            "voteAverage": 4,
            "voteCounter": 2
        },
        "url": "https://images.marinetraffic.com/collection/463415.webp?size=800"
    },
    {
        "photoId": 463414,
        "placeTaken": "Breskens",
        "takenAt": 1305644880,
        "copyright": "Henk de Winde",
        "description": null,
        "asset": {
            "id": 159184,
            "type": "Cargo",
            "name": "GEORG MAERSK"
        },
        "rating": {
            "voteAverage": 4.5,
            "voteCounter": 2
        },
        "url": "https://images.marinetraffic.com/collection/463414.webp?size=800"
    },
    {
        "photoId": 463412,
        "placeTaken": "Breskens",
        "takenAt": 1305645180,
        "copyright": "Henk de Winde",
        "description": null,
        "asset": {
            "id": 159184,
            "type": "Cargo",
            "name": "GEORG MAERSK"
        },
        "rating": {
            "voteAverage": 3,
            "voteCounter": 1
        },
        "url": "https://images.marinetraffic.com/collection/463412.webp?size=800"
    },
    {
        "photoId": 463395,
        "placeTaken": "Terneuzen",
        "takenAt": null,
        "copyright": "TUGSPOTTERS.com | Alain Dooms",
        "description": null,
        "asset": {
            "id": 159184,
            "type": "Cargo",
            "name": "GEORG MAERSK"
        },
        "rating": {
            "voteAverage": 3.8,
            "voteCounter": 5
        },
        "url": "https://images.marinetraffic.com/collection/463395.webp?size=800"
    },
    {
        "photoId": 463367,
        "placeTaken": "Westerschelde, Terneuzen. NL",
        "takenAt": 1305646380,
        "copyright": "Taco Boendermaker",
        "description": null,
        "asset": {
            "id": 159184,
            "type": "Cargo",
            "name": "GEORG MAERSK"
        },
        "rating": {
            "voteAverage": 0,
            "voteCounter": 0
        },
        "url": "https://images.marinetraffic.com/collection/463367.webp?size=800"
    },
    {
        "photoId": 463334,
        "placeTaken": "Terneuzen",
        "takenAt": 1305650280,
        "copyright": "C.Verdonk",
        "description": null,
        "asset": {
            "id": 159184,
            "type": "Cargo",
            "name": "GEORG MAERSK"
        },
        "rating": {
            "voteAverage": 3,
            "voteCounter": 2
        },
        "url": "https://images.marinetraffic.com/collection/463334.webp?size=800"
    },
    {
        "photoId": 457798,
        "placeTaken": "Elbe / Schulau",
        "takenAt": 1305199200,
        "copyright": "Buggi Porschien",
        "description": null,
        "asset": {
            "id": 159184,
            "type": "Cargo",
            "name": "GEORG MAERSK"
        },
        "rating": {
            "voteAverage": 4.666667,
            "voteCounter": 3
        },
        "url": "https://images.marinetraffic.com/collection/457798.webp?size=800"
    },
    {
        "photoId": 457737,
        "placeTaken": "Kollmar / Elbe",
        "takenAt": 1305194340,
        "copyright": "S.Schumacher",
        "description": null,
        "asset": {
            "id": 159184,
            "type": "Cargo",
            "name": "GEORG MAERSK"
        },
        "rating": {
            "voteAverage": 2,
            "voteCounter": 1
        },
        "url": "https://images.marinetraffic.com/collection/457737.webp?size=800"
    },
    {
        "photoId": 457736,
        "placeTaken": "Kollmar / Elbe",
        "takenAt": 1305194640,
        "copyright": "S.Schumacher",
        "description": null,
        "asset": {
            "id": 159184,
            "type": "Cargo",
            "name": "GEORG MAERSK"
        },
        "rating": {
            "voteAverage": 2,
            "voteCounter": 1
        },
        "url": "https://images.marinetraffic.com/collection/457736.webp?size=800"
    },
    {
        "photoId": 234283,
        "placeTaken": "MALAGA",
        "takenAt": 1260446100,
        "copyright": "F.YBANCOS",
        "description": null,
        "asset": {
            "id": 159184,
            "type": "Cargo",
            "name": "GEORG MAERSK"
        },
        "rating": {
            "voteAverage": 4.833333,
            "voteCounter": 6
        },
        "url": "https://images.marinetraffic.com/collection/234283.webp?size=800"
    }
]