[
    {
        "photoId": 2344567,
        "placeTaken": "River Elbe",
        "takenAt": 1399991100,
        "copyright": "Arno Bruegmann",
        "description": null,
        "asset": {
            "id": 152324,
            "type": "Cargo",
            "name": "BUDAPEST EXPRESS"
        },
        "rating": {
            "voteAverage": 0,
            "voteCounter": 0
        },
        "url": "https://images.marinetraffic.com/collection/2344567.webp?size=800"
    },
    {
        "photoId": 2131678,
        "placeTaken": "Halifax,Canada",
        "takenAt": 1439038920,
        "copyright": "Ken Watson",
        "description": "BUDAPEST EXPRESS alongside at Fairview Cove terminal Halifax Canada on 8 August 2015.",
        "asset": {
            "id": 152324,
            "type": "Cargo",
            "name": "BUDAPEST EXPRESS"
        },
        "rating": {
            "voteAverage": 0,
            "voteCounter": 0
        },
        "url": "https://images.marinetraffic.com/collection/2131678.webp?size=800"
    },
    {
        "photoId": 2078302,
        "placeTaken": "Busan New Port, Rep. of Korea",
        "takenAt": 1414574580,
        "copyright": "V. Tonic",
        "description": "Arriving at Busan New Port.",
        "asset": {
            "id": 152324,
            "type": "Cargo",
            "name": "BUDAPEST EXPRESS"
        },
        "rating": {
            "voteAverage": 0,
            "voteCounter": 0
        },
        "url": "https://images.marinetraffic.com/collection/2078302.webp?size=800"
    },
    {
        "photoId": 2078301,
        "placeTaken": "Busan New Port, Rep. of Korea",
        "takenAt": 1414574340,
        "copyright": "V. Tonic",
        "description": "Arriving at Busan New Port.",
        "asset": {
            "id": 152324,
            "type": "Cargo",
            "name": "BUDAPEST EXPRESS"
        },
        "rating": {
            "voteAverage": 0,
            "voteCounter": 0
        },
        "url": "https://images.marinetraffic.com/collection/2078301.webp?size=800"
    },
    {
        "photoId": 1988405,
        "placeTaken": "Busan New Port, Rep. of Korea",
        "takenAt": 1410689460,
        "copyright": "V. Tonic",
        "description": "Arriving at Busan New Port.",
        "asset": {
            "id": 152324,
            "type": "Cargo",
            "name": "BUDAPEST EXPRESS"
        },
        "rating": {
            "voteAverage": 0,
            "voteCounter": 0
        },
        "url": "https://images.marinetraffic.com/collection/1988405.webp?size=800"
    },
    {
        "photoId": 1988404,
        "placeTaken": "Busan New Port, Rep. of Korea",
        "takenAt": 1410689100,
        "copyright": "V. Tonic",
        "description": "Arriving at Busan New Port.",
        "asset": {
            "id": 152324,
            "type": "Cargo",
            "name": "BUDAPEST EXPRESS"
        },
        "rating": {
            "voteAverage": 0,
            "voteCounter": 0
        },
        "url": "https://images.marinetraffic.com/collection/1988404.webp?size=800"
    },
    {
        "photoId": 1892693,
        "placeTaken": "Singapore Strait",
        "takenAt": 1397527200,
        "copyright": "Philip Andrew Muscat",
        "description": null,
        "asset": {
            "id": 152324,
            "type": "Cargo",
            "name": "BUDAPEST EXPRESS"
        },
        "rating": {
            "voteAverage": 0,
            "voteCounter": 0
        },
        "url": "https://images.marinetraffic.com/collection/1892693.webp?size=800"
    },
    {
        "photoId": 1892691,
        "placeTaken": "Singapore Strait",
        "takenAt": 1397526900,
        "copyright": "Philip Andrew Muscat",
        "description": null,
        "asset": {
            "id": 152324,
            "type": "Cargo",
            "name": "BUDAPEST EXPRESS"
        },
        "rating": {
            "voteAverage": 0,
            "voteCounter": 0
        },
        "url": "https://images.marinetraffic.com/collection/1892691.webp?size=800"
    },
    {
        "photoId": 1885145,
        "placeTaken": "Cuxhaven",
        "takenAt": 1348857000,
        "copyright": "Bettina Rohbrecht",
        "description": null,
        "asset": {
            "id": 152324,
            "type": "Cargo",
            "name": "BUDAPEST EXPRESS"
        },
        "rating": {
            "voteAverage": 0,
            "voteCounter": 0
        },
        "url": "https://images.marinetraffic.com/collection/1885145.webp?size=800"
    },
    {
        "photoId": 1819059,
        "placeTaken": "Satellite Channel. Vancouver Island, BC Can.",
        "takenAt": 1415547060,
        "copyright": "Donald Armitage",
        "description": "Entering Satellite Channel anchorage area, Vancouver Island, BC. Can.",
        "asset": {
            "id": 152324,
            "type": "Cargo",
            "name": "BUDAPEST EXPRESS"
        },
        "rating": {
            "voteAverage": 0,
            "voteCounter": 0
        },
        "url": "https://images.marinetraffic.com/collection/1819059.webp?size=800"
    },
    {
        "photoId": 1819056,
        "placeTaken": null,
        "takenAt": 1415547000,
        "copyright": "Donald Armitage",
        "description": "Entering Satellite Channel anchorage area.",
        "asset": {
            "id": 152324,
            "type": "Cargo",
            "name": "BUDAPEST EXPRESS"
        },
        "rating": {
            "voteAverage": 0,
            "voteCounter": 0
        },
        "url": "https://images.marinetraffic.com/collection/1819056.webp?size=800"
    },
    {
        "photoId": 1818530,
        "placeTaken": null,
        "takenAt": 1415717880,
        "copyright": "Patrick Lawson",
        "description": null,
        "asset": {
            "id": 152324,
            "type": "Cargo",
            "name": "BUDAPEST EXPRESS"
        },
        "rating": {
            "voteAverage": 5,
            "voteCounter": 6
        },
        "url": "https://images.marinetraffic.com/collection/1818530.webp?size=800"
    },
    {
        "photoId": 1818529,
        "placeTaken": null,
        "takenAt": 1415718240,
        "copyright": "Patrick Lawson",
        "description": null,
        "asset": {
            "id": 152324,
            "type": "Cargo",
            "name": "BUDAPEST EXPRESS"
        },
        "rating": {
            "voteAverage": 5,
            "voteCounter": 1
        },
        "url": "https://images.marinetraffic.com/collection/1818529.webp?size=800"
    },
    {
        "photoId": 1817216,
        "placeTaken": "Cowichan Bay Anchorage",
        "takenAt": 1415622660,
        "copyright": "Richard Yaremko",
        "description": "BUDAPEST EXPRESS anchored at Cowichan Bay, British Columbia, Canada.",
        "asset": {
            "id": 152324,
            "type": "Cargo",
            "name": "BUDAPEST EXPRESS"
        },
        "rating": {
            "voteAverage": 5,
            "voteCounter": 1
        },
        "url": "https://images.marinetraffic.com/collection/1817216.webp?size=800"
    },
    {
        "photoId": 1817209,
        "placeTaken": null,
        "takenAt": 1415622660,
        "copyright": "Richard Yaremko",
        "description": "BUDAPEST EXPRESS anchored at Cowichan Bay, British Columbia, Canada.",
        "asset": {
            "id": 152324,
            "type": "Cargo",
            "name": "BUDAPEST EXPRESS"
        },
        "rating": {
            "voteAverage": 0,
            "voteCounter": 0
        },
        "url": "https://images.marinetraffic.com/collection/1817209.webp?size=800"
    },
    {
        "photoId": 1797311,
        "placeTaken": "Elbe river",
        "takenAt": 1369671360,
        "copyright": "Yevgeniy B.",
        "description": null,
        "asset": {
            "id": 152324,
            "type": "Cargo",
            "name": "Budapest Express"
        },
        "rating": {
            "voteAverage": 5,
            "voteCounter": 1
        },
        "url": "https://images.marinetraffic.com/collection/1797311.webp?size=800"
    },
    {
        "photoId": 1735546,
        "placeTaken": "Cuxhaven",
        "takenAt": 1399991520,
        "copyright": "Volker Steinbarth",
        "description": null,
        "asset": {
            "id": 152324,
            "type": "Cargo",
            "name": "BUDAPEST EXPRESS"
        },
        "rating": {
            "voteAverage": 0,
            "voteCounter": 0
        },
        "url": "https://images.marinetraffic.com/collection/1735546.webp?size=800"
    },
    {
        "photoId": 1581400,
        "placeTaken": null,
        "takenAt": 1391862540,
        "copyright": "Torsten Seifer",
        "description": "Am CT Altenwerder Hamburg",
        "asset": {
            "id": 152324,
            "type": "Cargo",
            "name": "Budapest Express"
        },
        "rating": {
            "voteAverage": 0,
            "voteCounter": 0
        },
        "url": "https://images.marinetraffic.com/collection/1581400.webp?size=800"
    },
    {
        "photoId": 1535134,
        "placeTaken": "Hamburg",
        "takenAt": 1356526620,
        "copyright": "Kay Andresen",
        "description": null,
        "asset": {
            "id": 152324,
            "type": "Cargo",
            "name": "BUDAPEST EXPRESS"
        },
        "rating": {
            "voteAverage": 0,
            "voteCounter": 0
        },
        "url": "https://images.marinetraffic.com/collection/1535134.webp?size=800"
    },
    {
        "photoId": 1535122,
        "placeTaken": "Hamburg",
        "takenAt": 1356526560,
        "copyright": "Kay Andresen",
        "description": null,
        "asset": {
            "id": 152324,
            "type": "Cargo",
            "name": "BUDAPEST EXPRESS"
        },
        "rating": {
            "voteAverage": 0,
            "voteCounter": 0
        },
        "url": "https://images.marinetraffic.com/collection/1535122.webp?size=800"
    }
]