[
    {
        "photoId": 2332608,
        "placeTaken": "scaldia",
        "takenAt": 1464245580,
        "copyright": "Raymond Alting",
        "description": null,
        "asset": {
            "id": 146438,
            "type": "Cargo",
            "name": "OLEG STRASHNOV"
        },
        "rating": {
            "voteAverage": 0,
            "voteCounter": 0
        },
        "url": "https://images.marinetraffic.com/collection/2332608.webp?size=800"
    },
    {
        "photoId": 2283358,
        "placeTaken": null,
        "takenAt": 1460185560,
        "copyright": "maritimephoto.com",
        "description": "OLEG STRASHNOV loading monipiles at the SIF terminal at Port Scaldia, Flushing East.",
        "asset": {
            "id": 146438,
            "type": "Cargo",
            "name": "OLEG STRASHNOV"
        },
        "rating": {
            "voteAverage": 0,
            "voteCounter": 0
        },
        "url": "https://images.marinetraffic.com/collection/2283358.webp?size=800"
    },
    {
        "photoId": 2257618,
        "placeTaken": "Rotterdam",
        "takenAt": 1456499100,
        "copyright": "R. Engelsman",
        "description": null,
        "asset": {
            "id": 146438,
            "type": "Cargo",
            "name": "OLEG STRASHNOV"
        },
        "rating": {
            "voteAverage": 0,
            "voteCounter": 0
        },
        "url": "https://images.marinetraffic.com/collection/2257618.webp?size=800"
    },
    {
        "photoId": 2242492,
        "placeTaken": null,
        "takenAt": 1456499220,
        "copyright": "paul gerdes",
        "description": null,
        "asset": {
            "id": 146438,
            "type": "Cargo",
            "name": "OLEG STRASHNOV"
        },
        "rating": {
            "voteAverage": 0,
            "voteCounter": 0
        },
        "url": "https://images.marinetraffic.com/collection/2242492.webp?size=800"
    },
    {
        "photoId": 2242491,
        "placeTaken": "Hoek van Holland",
        "takenAt": 1456499040,
        "copyright": "paul gerdes",
        "description": null,
        "asset": {
            "id": 146438,
            "type": "Cargo",
            "name": "OLEG STRASHNOV"
        },
        "rating": {
            "voteAverage": 0,
            "voteCounter": 0
        },
        "url": "https://images.marinetraffic.com/collection/2242491.webp?size=800"
    },
    {
        "photoId": 2239689,
        "placeTaken": "Rotterdam",
        "takenAt": 1456498980,
        "copyright": "R. Engelsman",
        "description": null,
        "asset": {
            "id": 146438,
            "type": "Cargo",
            "name": "OLEG STRASHNOV"
        },
        "rating": {
            "voteAverage": 0,
            "voteCounter": 0
        },
        "url": "https://images.marinetraffic.com/collection/2239689.webp?size=800"
    },
    {
        "photoId": 2187853,
        "placeTaken": "ROZENBURG, Calandkanaal",
        "takenAt": 1346925060,
        "copyright": "RIA MAAT",
        "description": null,
        "asset": {
            "id": 146438,
            "type": "Cargo",
            "name": "OLEG STRASHNOV"
        },
        "rating": {
            "voteAverage": 0,
            "voteCounter": 0
        },
        "url": "https://images.marinetraffic.com/collection/2187853.webp?size=800"
    },
    {
        "photoId": 2182505,
        "placeTaken": "2e Werkhaven, Rotterdam NL",
        "takenAt": 1449643620,
        "copyright": "stefan lemmens",
        "description": null,
        "asset": {
            "id": 146438,
            "type": "Cargo",
            "name": "OLEG STRASHNOV"
        },
        "rating": {
            "voteAverage": 5,
            "voteCounter": 1
        },
        "url": "https://images.marinetraffic.com/collection/2182505.webp?size=800"
    },
    {
        "photoId": 2182503,
        "placeTaken": "2e Werkhaven, Rotterdam NL",
        "takenAt": 1449642540,
        "copyright": "stefan lemmens",
        "description": null,
        "asset": {
            "id": 146438,
            "type": "Cargo",
            "name": "OLEG STRASHNOV"
        },
        "rating": {
            "voteAverage": 5,
            "voteCounter": 1
        },
        "url": "https://images.marinetraffic.com/collection/2182503.webp?size=800"
    },
    {
        "photoId": 2143465,
        "placeTaken": "nieuwe waterweg/ Maassluis",
        "takenAt": 1445874120,
        "copyright": "Monique Davis-Mulder",
        "description": null,
        "asset": {
            "id": 146438,
            "type": "Cargo",
            "name": "OLEG STRASHNOV"
        },
        "rating": {
            "voteAverage": 5,
            "voteCounter": 1
        },
        "url": "https://images.marinetraffic.com/collection/2143465.webp?size=800"
    },
    {
        "photoId": 2138203,
        "placeTaken": "ROZENBURG, Rotterdam ",
        "takenAt": 1347197400,
        "copyright": "RIA MAAT",
        "description": null,
        "asset": {
            "id": 146438,
            "type": "Cargo",
            "name": "OLEG STRASHNOV"
        },
        "rating": {
            "voteAverage": 0,
            "voteCounter": 0
        },
        "url": "https://images.marinetraffic.com/collection/2138203.webp?size=800"
    },
    {
        "photoId": 2138167,
        "placeTaken": "MAASSLUIS, Nieuwe Waterweg, NL",
        "takenAt": 1347216840,
        "copyright": "RIA MAAT",
        "description": null,
        "asset": {
            "id": 146438,
            "type": "Cargo",
            "name": "OLEG STRASHNOV"
        },
        "rating": {
            "voteAverage": 0,
            "voteCounter": 0
        },
        "url": "https://images.marinetraffic.com/collection/2138167.webp?size=800"
    },
    {
        "photoId": 2062363,
        "placeTaken": "Hoek van Holland",
        "takenAt": 1439639940,
        "copyright": "paul gerdes",
        "description": null,
        "asset": {
            "id": 146438,
            "type": "Cargo",
            "name": "OLEG STRASHNOV"
        },
        "rating": {
            "voteAverage": 0,
            "voteCounter": 0
        },
        "url": "https://images.marinetraffic.com/collection/2062363.webp?size=800"
    },
    {
        "photoId": 2062362,
        "placeTaken": "Hoek van Holland",
        "takenAt": 1439639400,
        "copyright": "paul gerdes",
        "description": null,
        "asset": {
            "id": 146438,
            "type": "Cargo",
            "name": "OLEG STRASHNOV"
        },
        "rating": {
            "voteAverage": 0,
            "voteCounter": 0
        },
        "url": "https://images.marinetraffic.com/collection/2062362.webp?size=800"
    },
    {
        "photoId": 2052517,
        "placeTaken": null,
        "takenAt": 1438493160,
        "copyright": "Ian Cowie",
        "description": null,
        "asset": {
            "id": 146438,
            "type": "Cargo",
            "name": "OLEG STRASHNOV"
        },
        "rating": {
            "voteAverage": 0,
            "voteCounter": 0
        },
        "url": "https://images.marinetraffic.com/collection/2052517.webp?size=800"
    },
    {
        "photoId": 2052513,
        "placeTaken": null,
        "takenAt": 1438503540,
        "copyright": "Ian Cowie",
        "description": null,
        "asset": {
            "id": 146438,
            "type": "Cargo",
            "name": "OLEG STRASHNOV"
        },
        "rating": {
            "voteAverage": 0,
            "voteCounter": 0
        },
        "url": "https://images.marinetraffic.com/collection/2052513.webp?size=800"
    },
    {
        "photoId": 2052512,
        "placeTaken": null,
        "takenAt": 1438779600,
        "copyright": "Ian Cowie",
        "description": "Construction of the Cygnus Topsides",
        "asset": {
            "id": 146438,
            "type": "Cargo",
            "name": "OLEG STRASHNOV"
        },
        "rating": {
            "voteAverage": 0,
            "voteCounter": 0
        },
        "url": "https://images.marinetraffic.com/collection/2052512.webp?size=800"
    },
    {
        "photoId": 2040742,
        "placeTaken": "Maasvlakte",
        "takenAt": 1432809060,
        "copyright": "Bettina Rohbrecht",
        "description": null,
        "asset": {
            "id": 146438,
            "type": "Cargo",
            "name": "OLEG STRASHNOV"
        },
        "rating": {
            "voteAverage": 0,
            "voteCounter": 0
        },
        "url": "https://images.marinetraffic.com/collection/2040742.webp?size=800"
    },
    {
        "photoId": 2040741,
        "placeTaken": "Maasvlakte",
        "takenAt": 1432808760,
        "copyright": "Bettina Rohbrecht",
        "description": null,
        "asset": {
            "id": 146438,
            "type": "Cargo",
            "name": "OLEG STRASHNOV"
        },
        "rating": {
            "voteAverage": 0,
            "voteCounter": 0
        },
        "url": "https://images.marinetraffic.com/collection/2040741.webp?size=800"
    },
    {
        "photoId": 2035624,
        "placeTaken": "Firth of Forth K2 Anchorage",
        "takenAt": 1435922100,
        "copyright": "Leanne Fisher",
        "description": null,
        "asset": {
            "id": 146438,
            "type": "Cargo",
            "name": "OLEG STRASHNOV"
        },
        "rating": {
            "voteAverage": 0,
            "voteCounter": 0
        },
        "url": "https://images.marinetraffic.com/collection/2035624.webp?size=800"
    }
]