[
    {
        "photoId": 2895894,
        "placeTaken": "Eemshaven entrance, the Netherlands",
        "takenAt": 1489054860,
        "copyright": "Wout van Mullem",
        "description": null,
        "asset": {
            "id": 146438,
            "type": "Special Craft",
            "name": "OLEG STRASHNOV"
        },
        "rating": {
            "voteAverage": 0,
            "voteCounter": 0
        },
        "url": "https://images.marinetraffic.com/collection/2895894.webp?size=800"
    },
    {
        "photoId": 2895892,
        "placeTaken": "Eemshaven, the Netherlands",
        "takenAt": 1489054860,
        "copyright": "Wout van Mullem",
        "description": null,
        "asset": {
            "id": 146438,
            "type": "Special Craft",
            "name": "OLEG STRASHNOV"
        },
        "rating": {
            "voteAverage": 5,
            "voteCounter": 1
        },
        "url": "https://images.marinetraffic.com/collection/2895892.webp?size=800"
    },
    {
        "photoId": 2893559,
        "placeTaken": "Eemshaven, the Netherlands",
        "takenAt": 1509188700,
        "copyright": "Wout van Mullem",
        "description": null,
        "asset": {
            "id": 146438,
            "type": "Special Craft",
            "name": "OLEG STRASHNOV"
        },
        "rating": {
            "voteAverage": 0,
            "voteCounter": 0
        },
        "url": "https://images.marinetraffic.com/collection/2893559.webp?size=800"
    },
    {
        "photoId": 2893558,
        "placeTaken": "Eemshaven, the Netherlands",
        "takenAt": 1509189000,
        "copyright": "Wout van Mullem",
        "description": null,
        "asset": {
            "id": 146438,
            "type": "Special Craft",
            "name": "OLEG STRASHNOV"
        },
        "rating": {
            "voteAverage": 0,
            "voteCounter": 0
        },
        "url": "https://images.marinetraffic.com/collection/2893558.webp?size=800"
    },
    {
        "photoId": 2861029,
        "placeTaken": "Invergordon",
        "takenAt": 1506754620,
        "copyright": "David Meek",
        "description": "with Stanislav Yudin, the two crane ships are working on the Beatrice Offshore Wind Farm",
        "asset": {
            "id": 146438,
            "type": "Special Craft",
            "name": "OLEG STRASHNOV"
        },
        "rating": {
            "voteAverage": 5,
            "voteCounter": 2
        },
        "url": "https://images.marinetraffic.com/collection/2861029.webp?size=800"
    },
    {
        "photoId": 2860789,
        "placeTaken": "Sutors of Cromarty",
        "takenAt": 1506713940,
        "copyright": "David Meek",
        "description": "inbound Invergordon passing Cromarty",
        "asset": {
            "id": 146438,
            "type": "Special Craft",
            "name": "OLEG STRASHNOV"
        },
        "rating": {
            "voteAverage": 0,
            "voteCounter": 0
        },
        "url": "https://images.marinetraffic.com/collection/2860789.webp?size=800"
    },
    {
        "photoId": 2813981,
        "placeTaken": "Rotterdam",
        "takenAt": 1501771560,
        "copyright": "Aart van Bezooijen",
        "description": null,
        "asset": {
            "id": 146438,
            "type": "Special Craft",
            "name": "OLEG STRASHNOV"
        },
        "rating": {
            "voteAverage": 0,
            "voteCounter": 0
        },
        "url": "https://images.marinetraffic.com/collection/2813981.webp?size=800"
    },
    {
        "photoId": 2760811,
        "placeTaken": "Rotterdam Europoort",
        "takenAt": 1499515680,
        "copyright": "Arjan Elmendorp",
        "description": "Crane Ship 2011",
        "asset": {
            "id": 146438,
            "type": "Special Craft",
            "name": "OLEG STRASHNOV"
        },
        "rating": {
            "voteAverage": 5,
            "voteCounter": 1
        },
        "url": "https://images.marinetraffic.com/collection/2760811.webp?size=800"
    },
    {
        "photoId": 2748395,
        "placeTaken": "GIBRALTAR",
        "takenAt": 1498732320,
        "copyright": "GIBFRAN46",
        "description": "In the Strait of Gibraltar, travelling westward",
        "asset": {
            "id": 146438,
            "type": "Special Craft",
            "name": "OLEG STRASHNOV"
        },
        "rating": {
            "voteAverage": 0,
            "voteCounter": 0
        },
        "url": "https://images.marinetraffic.com/collection/2748395.webp?size=800"
    },
    {
        "photoId": 2716419,
        "placeTaken": null,
        "takenAt": null,
        "copyright": "Maik Ebel - www.ship-photos.de",
        "description": null,
        "asset": {
            "id": 146438,
            "type": "Special Craft",
            "name": "OLEG STRASHNOV"
        },
        "rating": {
            "voteAverage": 5,
            "voteCounter": 2
        },
        "url": "https://images.marinetraffic.com/collection/2716419.webp?size=800"
    },
    {
        "photoId": 2624145,
        "placeTaken": "Maasvlakte Rotterdam",
        "takenAt": 1490359800,
        "copyright": "Patrick Deenik",
        "description": null,
        "asset": {
            "id": 146438,
            "type": "Cargo",
            "name": "OLEG STRASHNOV"
        },
        "rating": {
            "voteAverage": 0,
            "voteCounter": 0
        },
        "url": "https://images.marinetraffic.com/collection/2624145.webp?size=800"
    },
    {
        "photoId": 2624143,
        "placeTaken": "Hook of Holland",
        "takenAt": 1490359500,
        "copyright": "Patrick Deenik",
        "description": null,
        "asset": {
            "id": 146438,
            "type": "Cargo",
            "name": "OLEG STRASHNOV"
        },
        "rating": {
            "voteAverage": 0,
            "voteCounter": 0
        },
        "url": "https://images.marinetraffic.com/collection/2624143.webp?size=800"
    },
    {
        "photoId": 2565132,
        "placeTaken": "MAASSLUIS, Scheur, NL",
        "takenAt": 1285502280,
        "copyright": "RIA MAAT",
        "description": null,
        "asset": {
            "id": 146438,
            "type": "Cargo",
            "name": "OLEG STRASHNOV"
        },
        "rating": {
            "voteAverage": 0,
            "voteCounter": 0
        },
        "url": "https://images.marinetraffic.com/collection/2565132.webp?size=800"
    },
    {
        "photoId": 2432882,
        "placeTaken": "Rotterdam-Maasgeul",
        "takenAt": 1471460520,
        "copyright": "P.Kooistra",
        "description": null,
        "asset": {
            "id": 146438,
            "type": "Cargo",
            "name": "OLEG STRASHNOV"
        },
        "rating": {
            "voteAverage": 0,
            "voteCounter": 0
        },
        "url": "https://images.marinetraffic.com/collection/2432882.webp?size=800"
    },
    {
        "photoId": 2432850,
        "placeTaken": "Rotterdam-Maasgeul",
        "takenAt": 1471460040,
        "copyright": "P.Kooistra",
        "description": null,
        "asset": {
            "id": 146438,
            "type": "Cargo",
            "name": "OLEG STRASHNOV"
        },
        "rating": {
            "voteAverage": 0,
            "voteCounter": 0
        },
        "url": "https://images.marinetraffic.com/collection/2432850.webp?size=800"
    },
    {
        "photoId": 2391413,
        "placeTaken": "Wielingen",
        "takenAt": 1468854120,
        "copyright": "Rene van Quekelberghe",
        "description": "View from astern",
        "asset": {
            "id": 146438,
            "type": "Cargo",
            "name": "OLEG STRASHNOV"
        },
        "rating": {
            "voteAverage": 0,
            "voteCounter": 0
        },
        "url": "https://images.marinetraffic.com/collection/2391413.webp?size=800"
    },
    {
        "photoId": 2391410,
        "placeTaken": "Wielingen",
        "takenAt": 1468853940,
        "copyright": "Rene van Quekelberghe",
        "description": "Outbound from Vlissingen with monopiles",
        "asset": {
            "id": 146438,
            "type": "Cargo",
            "name": "OLEG STRASHNOV"
        },
        "rating": {
            "voteAverage": 5,
            "voteCounter": 1
        },
        "url": "https://images.marinetraffic.com/collection/2391410.webp?size=800"
    },
    {
        "photoId": 2345992,
        "placeTaken": "Breskens",
        "takenAt": 1465395300,
        "copyright": "W.J.M. Uytterhoeven",
        "description": "Scheldemonding",
        "asset": {
            "id": 146438,
            "type": "Cargo",
            "name": "OLEG STRASHNOV"
        },
        "rating": {
            "voteAverage": 5,
            "voteCounter": 1
        },
        "url": "https://images.marinetraffic.com/collection/2345992.webp?size=800"
    },
    {
        "photoId": 2345990,
        "placeTaken": "Breskens",
        "takenAt": 1465395660,
        "copyright": "W.J.M. Uytterhoeven",
        "description": "Scheldemonding op weg naar Vlissingen",
        "asset": {
            "id": 146438,
            "type": "Cargo",
            "name": "OLEG STRASHNOV"
        },
        "rating": {
            "voteAverage": 0,
            "voteCounter": 0
        },
        "url": "https://images.marinetraffic.com/collection/2345990.webp?size=800"
    },
    {
        "photoId": 2340861,
        "placeTaken": "Algeciras - SPAIN",
        "takenAt": 1385644620,
        "copyright": "Benjam\u00edn Marfil",
        "description": null,
        "asset": {
            "id": 146438,
            "type": "Cargo",
            "name": "OLEG STRASHNOV"
        },
        "rating": {
            "voteAverage": 0,
            "voteCounter": 0
        },
        "url": "https://images.marinetraffic.com/collection/2340861.webp?size=800"
    }
]