[
    {
        "photoId": 4482588,
        "placeTaken": null,
        "takenAt": 1628697840,
        "copyright": "Philippe Guichot",
        "description": null,
        "asset": {
            "id": 1147814,
            "type": "Cargo",
            "name": "ISAR HIGHWAY"
        },
        "rating": {
            "voteAverage": 0,
            "voteCounter": 0
        },
        "url": "https://images.marinetraffic.com/collection/4482588.webp?size=800"
    },
    {
        "photoId": 4469160,
        "placeTaken": "Kiel Canal Germany ",
        "takenAt": 1561212000,
        "copyright": "Katrin Herrmann",
        "description": null,
        "asset": {
            "id": 1147814,
            "type": "Cargo",
            "name": "ISAR HIGHWAY"
        },
        "rating": {
            "voteAverage": 5,
            "voteCounter": 1
        },
        "url": "https://images.marinetraffic.com/collection/4469160.webp?size=800"
    },
    {
        "photoId": 4468954,
        "placeTaken": null,
        "takenAt": 1628697780,
        "copyright": "Philippe Guichot",
        "description": null,
        "asset": {
            "id": 1147814,
            "type": "Cargo",
            "name": "ISAR HIGHWAY"
        },
        "rating": {
            "voteAverage": 0,
            "voteCounter": 0
        },
        "url": "https://images.marinetraffic.com/collection/4468954.webp?size=800"
    },
    {
        "photoId": 4468948,
        "placeTaken": null,
        "takenAt": 1628697600,
        "copyright": "Philippe Guichot",
        "description": null,
        "asset": {
            "id": 1147814,
            "type": "Cargo",
            "name": "ISAR HIGHWAY"
        },
        "rating": {
            "voteAverage": 0,
            "voteCounter": 0
        },
        "url": "https://images.marinetraffic.com/collection/4468948.webp?size=800"
    },
    {
        "photoId": 4394222,
        "placeTaken": null,
        "takenAt": 1629625620,
        "copyright": "Innar J",
        "description": null,
        "asset": {
            "id": 1147814,
            "type": "Cargo",
            "name": "ISAR HIGHWAY"
        },
        "rating": {
            "voteAverage": 0,
            "voteCounter": 0
        },
        "url": "https://images.marinetraffic.com/collection/4394222.webp?size=800"
    },
    {
        "photoId": 4336911,
        "placeTaken": "NOK - Sehestedt",
        "takenAt": 1625745420,
        "copyright": "Peter aus Holtenau",
        "description": null,
        "asset": {
            "id": 1147814,
            "type": "Cargo",
            "name": "ISAR HIGHWAY"
        },
        "rating": {
            "voteAverage": 0,
            "voteCounter": 0
        },
        "url": "https://images.marinetraffic.com/collection/4336911.webp?size=800"
    },
    {
        "photoId": 4336909,
        "placeTaken": "NOK - Sehestedt",
        "takenAt": 1625745360,
        "copyright": "Peter aus Holtenau",
        "description": null,
        "asset": {
            "id": 1147814,
            "type": "Cargo",
            "name": "ISAR HIGHWAY"
        },
        "rating": {
            "voteAverage": 5,
            "voteCounter": 1
        },
        "url": "https://images.marinetraffic.com/collection/4336909.webp?size=800"
    },
    {
        "photoId": 4279754,
        "placeTaken": "NOK - Holtenau -Kiel ",
        "takenAt": 1621507620,
        "copyright": "Peter aus Holtenau",
        "description": null,
        "asset": {
            "id": 1147814,
            "type": "Cargo",
            "name": "ISAR HIGHWAY"
        },
        "rating": {
            "voteAverage": 5,
            "voteCounter": 8
        },
        "url": "https://images.marinetraffic.com/collection/4279754.webp?size=800"
    },
    {
        "photoId": 4271702,
        "placeTaken": "NOK Kiel D",
        "takenAt": 1621095180,
        "copyright": "Matthias Weisheit",
        "description": null,
        "asset": {
            "id": 1147814,
            "type": "Cargo",
            "name": "ISAR HIGHWAY"
        },
        "rating": {
            "voteAverage": 0,
            "voteCounter": 0
        },
        "url": "https://images.marinetraffic.com/collection/4271702.webp?size=800"
    },
    {
        "photoId": 4222763,
        "placeTaken": "\u00d8RESUND",
        "takenAt": 1613831400,
        "copyright": "Bendt Jakobsen",
        "description": null,
        "asset": {
            "id": 1147814,
            "type": "Cargo",
            "name": "ISAR HIGHWAY"
        },
        "rating": {
            "voteAverage": 0,
            "voteCounter": 0
        },
        "url": "https://images.marinetraffic.com/collection/4222763.webp?size=800"
    },
    {
        "photoId": 4211737,
        "placeTaken": "Stade Stadersand",
        "takenAt": 1616857980,
        "copyright": "Ritter Ramon",
        "description": null,
        "asset": {
            "id": 1147814,
            "type": "Cargo",
            "name": "ISAR HIGHWAY"
        },
        "rating": {
            "voteAverage": 0,
            "voteCounter": 0
        },
        "url": "https://images.marinetraffic.com/collection/4211737.webp?size=800"
    },
    {
        "photoId": 4205025,
        "placeTaken": "NOK-Schachtholm",
        "takenAt": 1615990860,
        "copyright": "Hans-Peter Schroeder",
        "description": null,
        "asset": {
            "id": 1147814,
            "type": "Cargo",
            "name": "ISAR HIGHWAY"
        },
        "rating": {
            "voteAverage": 5,
            "voteCounter": 21
        },
        "url": "https://images.marinetraffic.com/collection/4205025.webp?size=800"
    },
    {
        "photoId": 4197650,
        "placeTaken": "NOK - Holtenau -Kiel ",
        "takenAt": 1615464000,
        "copyright": "Peter aus Holtenau",
        "description": null,
        "asset": {
            "id": 1147814,
            "type": "Cargo",
            "name": "ISAR HIGHWAY"
        },
        "rating": {
            "voteAverage": 5,
            "voteCounter": 1
        },
        "url": "https://images.marinetraffic.com/collection/4197650.webp?size=800"
    },
    {
        "photoId": 4186726,
        "placeTaken": "Nord-Ostsee Kanal",
        "takenAt": 1614095940,
        "copyright": "baumwall",
        "description": null,
        "asset": {
            "id": 1147814,
            "type": "Cargo",
            "name": "ISAR HIGHWAY"
        },
        "rating": {
            "voteAverage": 0,
            "voteCounter": 0
        },
        "url": "https://images.marinetraffic.com/collection/4186726.webp?size=800"
    },
    {
        "photoId": 4186724,
        "placeTaken": "Nord-Ostsee Kanal",
        "takenAt": 1614095880,
        "copyright": "baumwall",
        "description": null,
        "asset": {
            "id": 1147814,
            "type": "Cargo",
            "name": "ISAR HIGHWAY"
        },
        "rating": {
            "voteAverage": 5,
            "voteCounter": 1
        },
        "url": "https://images.marinetraffic.com/collection/4186724.webp?size=800"
    },
    {
        "photoId": 4179264,
        "placeTaken": "NOK bei Landwehr",
        "takenAt": 1614091380,
        "copyright": "Peter aus Holtenau",
        "description": null,
        "asset": {
            "id": 1147814,
            "type": "Cargo",
            "name": "ISAR HIGHWAY"
        },
        "rating": {
            "voteAverage": 0,
            "voteCounter": 0
        },
        "url": "https://images.marinetraffic.com/collection/4179264.webp?size=800"
    },
    {
        "photoId": 4092318,
        "placeTaken": "Termunterzijl",
        "takenAt": null,
        "copyright": "Jan Knolhoff",
        "description": null,
        "asset": {
            "id": 1147814,
            "type": "Cargo",
            "name": "ISAR HIGHWAY"
        },
        "rating": {
            "voteAverage": 0,
            "voteCounter": 0
        },
        "url": "https://images.marinetraffic.com/collection/4092318.webp?size=800"
    },
    {
        "photoId": 4084014,
        "placeTaken": "NOK - Holtenau -Kiel ",
        "takenAt": 1604504640,
        "copyright": "Peter aus Holtenau",
        "description": null,
        "asset": {
            "id": 1147814,
            "type": "Cargo",
            "name": "ISAR HIGHWAY"
        },
        "rating": {
            "voteAverage": 5,
            "voteCounter": 4
        },
        "url": "https://images.marinetraffic.com/collection/4084014.webp?size=800"
    },
    {
        "photoId": 4084013,
        "placeTaken": "NOK - Holtenau -Kiel ",
        "takenAt": 1604504640,
        "copyright": "Peter aus Holtenau",
        "description": null,
        "asset": {
            "id": 1147814,
            "type": "Cargo",
            "name": "ISAR HIGHWAY"
        },
        "rating": {
            "voteAverage": 5,
            "voteCounter": 1
        },
        "url": "https://images.marinetraffic.com/collection/4084013.webp?size=800"
    },
    {
        "photoId": 4071795,
        "placeTaken": null,
        "takenAt": 1600457160,
        "copyright": "Jorgen Depken",
        "description": null,
        "asset": {
            "id": 1147814,
            "type": "Cargo",
            "name": "ISAR HIGHWAY"
        },
        "rating": {
            "voteAverage": 0,
            "voteCounter": 0
        },
        "url": "https://images.marinetraffic.com/collection/4071795.webp?size=800"
    }
]