[
    {
        "photoId": 4071794,
        "placeTaken": null,
        "takenAt": 1600453200,
        "copyright": "Jorgen Depken",
        "description": null,
        "asset": {
            "id": 1147814,
            "type": "Cargo",
            "name": "ISAR HIGHWAY"
        },
        "rating": {
            "voteAverage": 0,
            "voteCounter": 0
        },
        "url": "https://images.marinetraffic.com/collection/4071794.webp?size=800"
    },
    {
        "photoId": 4071792,
        "placeTaken": null,
        "takenAt": 1600453140,
        "copyright": "Jorgen Depken",
        "description": null,
        "asset": {
            "id": 1147814,
            "type": "Cargo",
            "name": "ISAR HIGHWAY"
        },
        "rating": {
            "voteAverage": 0,
            "voteCounter": 0
        },
        "url": "https://images.marinetraffic.com/collection/4071792.webp?size=800"
    },
    {
        "photoId": 4037647,
        "placeTaken": "elbabwaerts",
        "takenAt": 1599678180,
        "copyright": "Christoph Bo",
        "description": null,
        "asset": {
            "id": 1147814,
            "type": "Cargo",
            "name": "ISAR HIGHWAY"
        },
        "rating": {
            "voteAverage": 0,
            "voteCounter": 0
        },
        "url": "https://images.marinetraffic.com/collection/4037647.webp?size=800"
    },
    {
        "photoId": 4037646,
        "placeTaken": "elbabwaerts",
        "takenAt": 1599678120,
        "copyright": "Christoph Bo",
        "description": null,
        "asset": {
            "id": 1147814,
            "type": "Cargo",
            "name": "ISAR HIGHWAY"
        },
        "rating": {
            "voteAverage": 0,
            "voteCounter": 0
        },
        "url": "https://images.marinetraffic.com/collection/4037646.webp?size=800"
    },
    {
        "photoId": 4037645,
        "placeTaken": "elbabwaerts",
        "takenAt": 1599677940,
        "copyright": "Christoph Bo",
        "description": null,
        "asset": {
            "id": 1147814,
            "type": "Cargo",
            "name": "ISAR HIGHWAY"
        },
        "rating": {
            "voteAverage": 0,
            "voteCounter": 0
        },
        "url": "https://images.marinetraffic.com/collection/4037645.webp?size=800"
    },
    {
        "photoId": 4010052,
        "placeTaken": "Hamburg-Rueschpark",
        "takenAt": 1598971500,
        "copyright": "S.Seelemann",
        "description": null,
        "asset": {
            "id": 1147814,
            "type": "Cargo",
            "name": "ISAR HIGHWAY"
        },
        "rating": {
            "voteAverage": 5,
            "voteCounter": 3
        },
        "url": "https://images.marinetraffic.com/collection/4010052.webp?size=800"
    },
    {
        "photoId": 3994794,
        "placeTaken": "\u00d8RESUND",
        "takenAt": 1597749840,
        "copyright": "Bendt Jakobsen",
        "description": null,
        "asset": {
            "id": 1147814,
            "type": "Cargo",
            "name": "ISAR HIGHWAY"
        },
        "rating": {
            "voteAverage": 0,
            "voteCounter": 0
        },
        "url": "https://images.marinetraffic.com/collection/3994794.webp?size=800"
    },
    {
        "photoId": 3994792,
        "placeTaken": "\u00d8RESUND",
        "takenAt": 1597749660,
        "copyright": "Bendt Jakobsen",
        "description": null,
        "asset": {
            "id": 1147814,
            "type": "Cargo",
            "name": "ISAR HIGHWAY"
        },
        "rating": {
            "voteAverage": 0,
            "voteCounter": 0
        },
        "url": "https://images.marinetraffic.com/collection/3994792.webp?size=800"
    },
    {
        "photoId": 3994791,
        "placeTaken": "\u00d8RESUND",
        "takenAt": 1597749660,
        "copyright": "Bendt Jakobsen",
        "description": null,
        "asset": {
            "id": 1147814,
            "type": "Cargo",
            "name": "ISAR HIGHWAY"
        },
        "rating": {
            "voteAverage": 5,
            "voteCounter": 1
        },
        "url": "https://images.marinetraffic.com/collection/3994791.webp?size=800"
    },
    {
        "photoId": 3981780,
        "placeTaken": "Elbe bei Cuxhaven",
        "takenAt": 1596825420,
        "copyright": "Uwe Benn",
        "description": null,
        "asset": {
            "id": 1147814,
            "type": "Cargo",
            "name": "ISAR HIGHWAY"
        },
        "rating": {
            "voteAverage": 0,
            "voteCounter": 0
        },
        "url": "https://images.marinetraffic.com/collection/3981780.webp?size=800"
    },
    {
        "photoId": 3872554,
        "placeTaken": "Cuxhaven",
        "takenAt": 1584730980,
        "copyright": "Reinhard Schmidt",
        "description": null,
        "asset": {
            "id": 1147814,
            "type": "Cargo",
            "name": "ISAR HIGHWAY"
        },
        "rating": {
            "voteAverage": 0,
            "voteCounter": 0
        },
        "url": "https://images.marinetraffic.com/collection/3872554.webp?size=800"
    },
    {
        "photoId": 3862016,
        "placeTaken": "Cuxhaven",
        "takenAt": 1558026600,
        "copyright": "Markus Haubrich",
        "description": null,
        "asset": {
            "id": 1147814,
            "type": "Cargo",
            "name": "ISAR HIGHWAY"
        },
        "rating": {
            "voteAverage": 0,
            "voteCounter": 0
        },
        "url": "https://images.marinetraffic.com/collection/3862016.webp?size=800"
    },
    {
        "photoId": 3847039,
        "placeTaken": null,
        "takenAt": 1586114280,
        "copyright": "Johan Rindmyr",
        "description": null,
        "asset": {
            "id": 1147814,
            "type": "Cargo",
            "name": "ISAR HIGHWAY"
        },
        "rating": {
            "voteAverage": 0,
            "voteCounter": 0
        },
        "url": "https://images.marinetraffic.com/collection/3847039.webp?size=800"
    },
    {
        "photoId": 3811404,
        "placeTaken": "Kiel Canal",
        "takenAt": 1583322180,
        "copyright": "Nils Junge",
        "description": null,
        "asset": {
            "id": 1147814,
            "type": "Cargo",
            "name": "ISAR HIGHWAY"
        },
        "rating": {
            "voteAverage": 5,
            "voteCounter": 3
        },
        "url": "https://images.marinetraffic.com/collection/3811404.webp?size=800"
    },
    {
        "photoId": 3811403,
        "placeTaken": "Kiel Canal",
        "takenAt": 1583322120,
        "copyright": "Nils Junge",
        "description": null,
        "asset": {
            "id": 1147814,
            "type": "Cargo",
            "name": "ISAR HIGHWAY"
        },
        "rating": {
            "voteAverage": 5,
            "voteCounter": 2
        },
        "url": "https://images.marinetraffic.com/collection/3811403.webp?size=800"
    },
    {
        "photoId": 3795576,
        "placeTaken": "Elbe bei Cuxhaven",
        "takenAt": 1582727940,
        "copyright": "Uwe Benn",
        "description": null,
        "asset": {
            "id": 1147814,
            "type": "Cargo",
            "name": "ISAR HIGHWAY"
        },
        "rating": {
            "voteAverage": 0,
            "voteCounter": 0
        },
        "url": "https://images.marinetraffic.com/collection/3795576.webp?size=800"
    },
    {
        "photoId": 3757905,
        "placeTaken": null,
        "takenAt": 1578827700,
        "copyright": "Tony Withers",
        "description": null,
        "asset": {
            "id": 1147814,
            "type": "Cargo",
            "name": "ISAR HIGHWAY"
        },
        "rating": {
            "voteAverage": 5,
            "voteCounter": 1
        },
        "url": "https://images.marinetraffic.com/collection/3757905.webp?size=800"
    },
    {
        "photoId": 3740346,
        "placeTaken": "NOK - Holtenau-Kiel",
        "takenAt": 1576755300,
        "copyright": "Peter aus Holtenau",
        "description": null,
        "asset": {
            "id": 1147814,
            "type": "Cargo",
            "name": "ISAR HIGHWAY"
        },
        "rating": {
            "voteAverage": 5,
            "voteCounter": 10
        },
        "url": "https://images.marinetraffic.com/collection/3740346.webp?size=800"
    },
    {
        "photoId": 3732603,
        "placeTaken": "NOK - Holtenau-Kiel",
        "takenAt": 1575725520,
        "copyright": "Peter aus Holtenau",
        "description": null,
        "asset": {
            "id": 1147814,
            "type": "Cargo",
            "name": "ISAR HIGHWAY"
        },
        "rating": {
            "voteAverage": 0,
            "voteCounter": 0
        },
        "url": "https://images.marinetraffic.com/collection/3732603.webp?size=800"
    },
    {
        "photoId": 3732602,
        "placeTaken": "NOK - Holtenau-Kiel",
        "takenAt": 1575725460,
        "copyright": "Peter aus Holtenau",
        "description": null,
        "asset": {
            "id": 1147814,
            "type": "Cargo",
            "name": "ISAR HIGHWAY"
        },
        "rating": {
            "voteAverage": 5,
            "voteCounter": 3
        },
        "url": "https://images.marinetraffic.com/collection/3732602.webp?size=800"
    }
]