[
    {
        "photoId": 5022054,
        "placeTaken": "Kiel Canal / Germany",
        "takenAt": 1680025680,
        "copyright": "Nils Junge",
        "description": null,
        "asset": {
            "id": 1147814,
            "type": "Cargo",
            "name": "ISAR HIGHWAY"
        },
        "rating": {
            "voteAverage": 5,
            "voteCounter": 3
        },
        "url": "https://images.marinetraffic.com/collection/5022054.webp?size=800"
    },
    {
        "photoId": 5022052,
        "placeTaken": "Kiel Canal / Germany",
        "takenAt": 1680025560,
        "copyright": "Nils Junge",
        "description": null,
        "asset": {
            "id": 1147814,
            "type": "Cargo",
            "name": "ISAR HIGHWAY"
        },
        "rating": {
            "voteAverage": 5,
            "voteCounter": 5
        },
        "url": "https://images.marinetraffic.com/collection/5022052.webp?size=800"
    },
    {
        "photoId": 5004421,
        "placeTaken": "Sehestedt/NOK",
        "takenAt": 1678881120,
        "copyright": "Helmut Ivers",
        "description": null,
        "asset": {
            "id": 1147814,
            "type": "Cargo",
            "name": "ISAR HIGHWAY"
        },
        "rating": {
            "voteAverage": 0,
            "voteCounter": 0
        },
        "url": "https://images.marinetraffic.com/collection/5004421.webp?size=800"
    },
    {
        "photoId": 5004420,
        "placeTaken": "Sehestedt/NOK",
        "takenAt": 1678881240,
        "copyright": "Helmut Ivers",
        "description": null,
        "asset": {
            "id": 1147814,
            "type": "Cargo",
            "name": "ISAR HIGHWAY"
        },
        "rating": {
            "voteAverage": 0,
            "voteCounter": 0
        },
        "url": "https://images.marinetraffic.com/collection/5004420.webp?size=800"
    },
    {
        "photoId": 5003234,
        "placeTaken": "NOK - Landwehr",
        "takenAt": 1678884120,
        "copyright": "Peter aus Holtenau",
        "description": null,
        "asset": {
            "id": 1147814,
            "type": "Cargo",
            "name": "ISAR HIGHWAY"
        },
        "rating": {
            "voteAverage": 5,
            "voteCounter": 1
        },
        "url": "https://images.marinetraffic.com/collection/5003234.webp?size=800"
    },
    {
        "photoId": 5003229,
        "placeTaken": "NOK - Landwehr",
        "takenAt": 1678884060,
        "copyright": "Peter aus Holtenau",
        "description": null,
        "asset": {
            "id": 1147814,
            "type": "Cargo",
            "name": "ISAR HIGHWAY"
        },
        "rating": {
            "voteAverage": 5,
            "voteCounter": 1
        },
        "url": "https://images.marinetraffic.com/collection/5003229.webp?size=800"
    },
    {
        "photoId": 4995722,
        "placeTaken": "Nord-Ostsee-Kanal",
        "takenAt": 1677850140,
        "copyright": "Jonte Muehlenhardt",
        "description": null,
        "asset": {
            "id": 1147814,
            "type": "Cargo",
            "name": "ISAR HIGHWAY"
        },
        "rating": {
            "voteAverage": 0,
            "voteCounter": 0
        },
        "url": "https://images.marinetraffic.com/collection/4995722.webp?size=800"
    },
    {
        "photoId": 4957501,
        "placeTaken": "NOK - Holtenau-Kiel",
        "takenAt": 1674041700,
        "copyright": "Peter aus Holtenau",
        "description": null,
        "asset": {
            "id": 1147814,
            "type": "Cargo",
            "name": "ISAR HIGHWAY"
        },
        "rating": {
            "voteAverage": 5,
            "voteCounter": 5
        },
        "url": "https://images.marinetraffic.com/collection/4957501.webp?size=800"
    },
    {
        "photoId": 4936329,
        "placeTaken": "NOK Hochdonn",
        "takenAt": 1671357480,
        "copyright": "Andreas Muhl",
        "description": null,
        "asset": {
            "id": 1147814,
            "type": "Cargo",
            "name": "ISAR HIGHWAY"
        },
        "rating": {
            "voteAverage": 5,
            "voteCounter": 9
        },
        "url": "https://images.marinetraffic.com/collection/4936329.webp?size=800"
    },
    {
        "photoId": 4936328,
        "placeTaken": "NOK Hochdonn",
        "takenAt": 1671357420,
        "copyright": "Andreas Muhl",
        "description": null,
        "asset": {
            "id": 1147814,
            "type": "Cargo",
            "name": "ISAR HIGHWAY"
        },
        "rating": {
            "voteAverage": 5,
            "voteCounter": 6
        },
        "url": "https://images.marinetraffic.com/collection/4936328.webp?size=800"
    },
    {
        "photoId": 4925509,
        "placeTaken": "Landwehr, Kiel Canal",
        "takenAt": 1649841120,
        "copyright": "Leif Pape",
        "description": null,
        "asset": {
            "id": 1147814,
            "type": "Cargo",
            "name": "ISAR HIGHWAY"
        },
        "rating": {
            "voteAverage": 5,
            "voteCounter": 1
        },
        "url": "https://images.marinetraffic.com/collection/4925509.webp?size=800"
    },
    {
        "photoId": 4878106,
        "placeTaken": null,
        "takenAt": 1653242100,
        "copyright": "Philippe Guichot",
        "description": null,
        "asset": {
            "id": 1147814,
            "type": "Cargo",
            "name": "ISAR HIGHWAY"
        },
        "rating": {
            "voteAverage": 0,
            "voteCounter": 0
        },
        "url": "https://images.marinetraffic.com/collection/4878106.webp?size=800"
    },
    {
        "photoId": 4878105,
        "placeTaken": null,
        "takenAt": 1653241920,
        "copyright": "Philippe Guichot",
        "description": null,
        "asset": {
            "id": 1147814,
            "type": "Cargo",
            "name": "ISAR HIGHWAY"
        },
        "rating": {
            "voteAverage": 0,
            "voteCounter": 0
        },
        "url": "https://images.marinetraffic.com/collection/4878105.webp?size=800"
    },
    {
        "photoId": 4861051,
        "placeTaken": null,
        "takenAt": 1664727000,
        "copyright": "David David Potter",
        "description": null,
        "asset": {
            "id": 1147814,
            "type": "Cargo",
            "name": "ISAR HIGHWAY"
        },
        "rating": {
            "voteAverage": 0,
            "voteCounter": 0
        },
        "url": "https://images.marinetraffic.com/collection/4861051.webp?size=800"
    },
    {
        "photoId": 4831003,
        "placeTaken": "Kiel",
        "takenAt": 1661795040,
        "copyright": "Rolf Bridde",
        "description": null,
        "asset": {
            "id": 1147814,
            "type": "Cargo",
            "name": "ISAR HIGHWAY"
        },
        "rating": {
            "voteAverage": 5,
            "voteCounter": 1
        },
        "url": "https://images.marinetraffic.com/collection/4831003.webp?size=800"
    },
    {
        "photoId": 4830999,
        "placeTaken": "Kiel",
        "takenAt": 1661794860,
        "copyright": "Rolf Bridde",
        "description": null,
        "asset": {
            "id": 1147814,
            "type": "Cargo",
            "name": "ISAR HIGHWAY"
        },
        "rating": {
            "voteAverage": 5,
            "voteCounter": 1
        },
        "url": "https://images.marinetraffic.com/collection/4830999.webp?size=800"
    },
    {
        "photoId": 4779038,
        "placeTaken": "NOK - Rade",
        "takenAt": 1659265800,
        "copyright": "Peter aus Holtenau",
        "description": null,
        "asset": {
            "id": 1147814,
            "type": "Cargo",
            "name": "ISAR HIGHWAY"
        },
        "rating": {
            "voteAverage": 5,
            "voteCounter": 1
        },
        "url": "https://images.marinetraffic.com/collection/4779038.webp?size=800"
    },
    {
        "photoId": 4779032,
        "placeTaken": "NOK - Rade",
        "takenAt": 1659265740,
        "copyright": "Peter aus Holtenau",
        "description": null,
        "asset": {
            "id": 1147814,
            "type": "Cargo",
            "name": "ISAR HIGHWAY"
        },
        "rating": {
            "voteAverage": 5,
            "voteCounter": 1
        },
        "url": "https://images.marinetraffic.com/collection/4779032.webp?size=800"
    },
    {
        "photoId": 4743449,
        "placeTaken": "Bergen",
        "takenAt": 1657371600,
        "copyright": "Geir Vinnes",
        "description": null,
        "asset": {
            "id": 1147814,
            "type": "Cargo",
            "name": "ISAR HIGHWAY"
        },
        "rating": {
            "voteAverage": 5,
            "voteCounter": 2
        },
        "url": "https://images.marinetraffic.com/collection/4743449.webp?size=800"
    },
    {
        "photoId": 4743448,
        "placeTaken": "Bergen",
        "takenAt": 1657371600,
        "copyright": "Geir Vinnes",
        "description": null,
        "asset": {
            "id": 1147814,
            "type": "Cargo",
            "name": "ISAR HIGHWAY"
        },
        "rating": {
            "voteAverage": 5,
            "voteCounter": 1
        },
        "url": "https://images.marinetraffic.com/collection/4743448.webp?size=800"
    }
]