[
    {
        "photoId": 4728015,
        "placeTaken": null,
        "takenAt": 1320187620,
        "copyright": "Philippe Guichot",
        "description": null,
        "asset": {
            "id": 1147814,
            "type": "Cargo",
            "name": "ISAR HIGHWAY"
        },
        "rating": {
            "voteAverage": 0,
            "voteCounter": 0
        },
        "url": "https://images.marinetraffic.com/collection/4728015.webp?size=800"
    },
    {
        "photoId": 4719934,
        "placeTaken": null,
        "takenAt": 1295643180,
        "copyright": "Philippe Guichot",
        "description": null,
        "asset": {
            "id": 1147814,
            "type": "Cargo",
            "name": "ISAR HIGHWAY"
        },
        "rating": {
            "voteAverage": 0,
            "voteCounter": 0
        },
        "url": "https://images.marinetraffic.com/collection/4719934.webp?size=800"
    },
    {
        "photoId": 4681007,
        "placeTaken": "Bremerhaven, Germany",
        "takenAt": 1652540580,
        "copyright": "Felix R\u00f6ben",
        "description": null,
        "asset": {
            "id": 1147814,
            "type": "Cargo",
            "name": "ISAR HIGHWAY"
        },
        "rating": {
            "voteAverage": 5,
            "voteCounter": 1
        },
        "url": "https://images.marinetraffic.com/collection/4681007.webp?size=800"
    },
    {
        "photoId": 4664612,
        "placeTaken": "Grimsby, UK",
        "takenAt": 1651069020,
        "copyright": "Ian Greenwood",
        "description": null,
        "asset": {
            "id": 1147814,
            "type": "Cargo",
            "name": "ISAR HIGHWAY"
        },
        "rating": {
            "voteAverage": 5,
            "voteCounter": 1
        },
        "url": "https://images.marinetraffic.com/collection/4664612.webp?size=800"
    },
    {
        "photoId": 4644094,
        "placeTaken": "Emden",
        "takenAt": 1650889320,
        "copyright": "Paul Abt",
        "description": "EmdenGermany - Au\u00dfenhafen",
        "asset": {
            "id": 1147814,
            "type": "Cargo",
            "name": "ISAR HIGHWAY"
        },
        "rating": {
            "voteAverage": 5,
            "voteCounter": 1
        },
        "url": "https://images.marinetraffic.com/collection/4644094.webp?size=800"
    },
    {
        "photoId": 4614746,
        "placeTaken": "River Ems",
        "takenAt": 1648314840,
        "copyright": "Wout van Mullem",
        "description": null,
        "asset": {
            "id": 1147814,
            "type": "Cargo",
            "name": "ISAR HIGHWAY"
        },
        "rating": {
            "voteAverage": 5,
            "voteCounter": 11
        },
        "url": "https://images.marinetraffic.com/collection/4614746.webp?size=800"
    },
    {
        "photoId": 4610457,
        "placeTaken": "Kristiansand",
        "takenAt": 1647772440,
        "copyright": "John Terje Finstad",
        "description": null,
        "asset": {
            "id": 1147814,
            "type": "Cargo",
            "name": "ISAR HIGHWAY"
        },
        "rating": {
            "voteAverage": 5,
            "voteCounter": 1
        },
        "url": "https://images.marinetraffic.com/collection/4610457.webp?size=800"
    },
    {
        "photoId": 4607482,
        "placeTaken": "Tananger, Norway",
        "takenAt": 1647861420,
        "copyright": "Len Duevel",
        "description": "ISAR HIGHWAY heads north along the Tananger coastline.",
        "asset": {
            "id": 1147814,
            "type": "Cargo",
            "name": "ISAR HIGHWAY"
        },
        "rating": {
            "voteAverage": 0,
            "voteCounter": 0
        },
        "url": "https://images.marinetraffic.com/collection/4607482.webp?size=800"
    },
    {
        "photoId": 4588113,
        "placeTaken": "NOK - Rade",
        "takenAt": 1646061780,
        "copyright": "Peter aus Holtenau",
        "description": null,
        "asset": {
            "id": 1147814,
            "type": "Cargo",
            "name": "ISAR HIGHWAY"
        },
        "rating": {
            "voteAverage": 5,
            "voteCounter": 1
        },
        "url": "https://images.marinetraffic.com/collection/4588113.webp?size=800"
    },
    {
        "photoId": 4587592,
        "placeTaken": "NOK - Rade",
        "takenAt": 1646061540,
        "copyright": "Peter aus Holtenau",
        "description": null,
        "asset": {
            "id": 1147814,
            "type": "Cargo",
            "name": "ISAR HIGHWAY"
        },
        "rating": {
            "voteAverage": 5,
            "voteCounter": 2
        },
        "url": "https://images.marinetraffic.com/collection/4587592.webp?size=800"
    },
    {
        "photoId": 4561276,
        "placeTaken": null,
        "takenAt": 1641462240,
        "copyright": "Andreas Muhl",
        "description": null,
        "asset": {
            "id": 1147814,
            "type": "Cargo",
            "name": "ISAR HIGHWAY"
        },
        "rating": {
            "voteAverage": 5,
            "voteCounter": 2
        },
        "url": "https://images.marinetraffic.com/collection/4561276.webp?size=800"
    },
    {
        "photoId": 4561275,
        "placeTaken": null,
        "takenAt": 1641462120,
        "copyright": "Andreas Muhl",
        "description": null,
        "asset": {
            "id": 1147814,
            "type": "Cargo",
            "name": "ISAR HIGHWAY"
        },
        "rating": {
            "voteAverage": 5,
            "voteCounter": 2
        },
        "url": "https://images.marinetraffic.com/collection/4561275.webp?size=800"
    },
    {
        "photoId": 4561274,
        "placeTaken": null,
        "takenAt": 1641462120,
        "copyright": "Andreas Muhl",
        "description": null,
        "asset": {
            "id": 1147814,
            "type": "Cargo",
            "name": "ISAR HIGHWAY"
        },
        "rating": {
            "voteAverage": 5,
            "voteCounter": 6
        },
        "url": "https://images.marinetraffic.com/collection/4561274.webp?size=800"
    },
    {
        "photoId": 4559013,
        "placeTaken": null,
        "takenAt": 1641462060,
        "copyright": "Andreas Muhl",
        "description": null,
        "asset": {
            "id": 1147814,
            "type": "Cargo",
            "name": "ISAR HIGHWAY"
        },
        "rating": {
            "voteAverage": 5,
            "voteCounter": 6
        },
        "url": "https://images.marinetraffic.com/collection/4559013.webp?size=800"
    },
    {
        "photoId": 4558913,
        "placeTaken": null,
        "takenAt": 1641462000,
        "copyright": "Andreas Muhl",
        "description": null,
        "asset": {
            "id": 1147814,
            "type": "Cargo",
            "name": "ISAR HIGHWAY"
        },
        "rating": {
            "voteAverage": 5,
            "voteCounter": 2
        },
        "url": "https://images.marinetraffic.com/collection/4558913.webp?size=800"
    },
    {
        "photoId": 4541967,
        "placeTaken": "Kieler Foerde",
        "takenAt": 1641735060,
        "copyright": "Peter aus Holtenau",
        "description": null,
        "asset": {
            "id": 1147814,
            "type": "Cargo",
            "name": "ISAR HIGHWAY"
        },
        "rating": {
            "voteAverage": 5,
            "voteCounter": 4
        },
        "url": "https://images.marinetraffic.com/collection/4541967.webp?size=800"
    },
    {
        "photoId": 4541943,
        "placeTaken": "NOK - Holtenau-Kiel",
        "takenAt": 1641732180,
        "copyright": "Peter aus Holtenau",
        "description": null,
        "asset": {
            "id": 1147814,
            "type": "Cargo",
            "name": "ISAR HIGHWAY"
        },
        "rating": {
            "voteAverage": 5,
            "voteCounter": 2
        },
        "url": "https://images.marinetraffic.com/collection/4541943.webp?size=800"
    },
    {
        "photoId": 4515895,
        "placeTaken": null,
        "takenAt": 1639321320,
        "copyright": "Oleg Lantsov",
        "description": null,
        "asset": {
            "id": 1147814,
            "type": "Cargo",
            "name": "ISAR HIGHWAY"
        },
        "rating": {
            "voteAverage": 0,
            "voteCounter": 0
        },
        "url": "https://images.marinetraffic.com/collection/4515895.webp?size=800"
    },
    {
        "photoId": 4491699,
        "placeTaken": "Kiel Canal Germany ",
        "takenAt": 1434658320,
        "copyright": "Katrin Herrmann",
        "description": null,
        "asset": {
            "id": 1147814,
            "type": "Cargo",
            "name": "ISAR HIGHWAY"
        },
        "rating": {
            "voteAverage": 5,
            "voteCounter": 1
        },
        "url": "https://images.marinetraffic.com/collection/4491699.webp?size=800"
    },
    {
        "photoId": 4482589,
        "placeTaken": null,
        "takenAt": 1628697660,
        "copyright": "Philippe Guichot",
        "description": null,
        "asset": {
            "id": 1147814,
            "type": "Cargo",
            "name": "ISAR HIGHWAY"
        },
        "rating": {
            "voteAverage": 0,
            "voteCounter": 0
        },
        "url": "https://images.marinetraffic.com/collection/4482589.webp?size=800"
    }
]