[
    {
        "photoId": 3671209,
        "placeTaken": null,
        "takenAt": 1567701840,
        "copyright": "Philippe Guichot",
        "description": null,
        "asset": {
            "id": 155910,
            "type": "Cargo",
            "name": "MARIBO MAERSK"
        },
        "rating": {
            "voteAverage": 0,
            "voteCounter": 0
        },
        "url": "https://images.marinetraffic.com/collection/3671209.webp?size=800"
    },
    {
        "photoId": 3671208,
        "placeTaken": null,
        "takenAt": 1567700760,
        "copyright": "Philippe Guichot",
        "description": null,
        "asset": {
            "id": 155910,
            "type": "Cargo",
            "name": "MARIBO MAERSK"
        },
        "rating": {
            "voteAverage": 5,
            "voteCounter": 1
        },
        "url": "https://images.marinetraffic.com/collection/3671208.webp?size=800"
    },
    {
        "photoId": 3663167,
        "placeTaken": null,
        "takenAt": 1304655120,
        "copyright": "Philippe Guichot",
        "description": null,
        "asset": {
            "id": 155910,
            "type": "Cargo",
            "name": "MARIBO MAERSK"
        },
        "rating": {
            "voteAverage": 5,
            "voteCounter": 1
        },
        "url": "https://images.marinetraffic.com/collection/3663167.webp?size=800"
    },
    {
        "photoId": 3632046,
        "placeTaken": "Vlissingen",
        "takenAt": 1567875600,
        "copyright": "Bart Zurburg",
        "description": null,
        "asset": {
            "id": 155910,
            "type": "Cargo",
            "name": "MARIBO MAERSK"
        },
        "rating": {
            "voteAverage": 0,
            "voteCounter": 0
        },
        "url": "https://images.marinetraffic.com/collection/3632046.webp?size=800"
    },
    {
        "photoId": 3532581,
        "placeTaken": "Algeciras Port",
        "takenAt": 1561215240,
        "copyright": "Sophian Lerouech",
        "description": null,
        "asset": {
            "id": 155910,
            "type": "Cargo",
            "name": "MARIBO MAERSK"
        },
        "rating": {
            "voteAverage": 0,
            "voteCounter": 0
        },
        "url": "https://images.marinetraffic.com/collection/3532581.webp?size=800"
    },
    {
        "photoId": 3532580,
        "placeTaken": "Algeciras Port",
        "takenAt": 1561214760,
        "copyright": "Sophian Lerouech",
        "description": null,
        "asset": {
            "id": 155910,
            "type": "Cargo",
            "name": "MARIBO MAERSK"
        },
        "rating": {
            "voteAverage": 0,
            "voteCounter": 0
        },
        "url": "https://images.marinetraffic.com/collection/3532580.webp?size=800"
    },
    {
        "photoId": 3521417,
        "placeTaken": "Hoofdplaat, The Netherlands",
        "takenAt": 1560549600,
        "copyright": "kazabu",
        "description": " entering North Sea in low water level",
        "asset": {
            "id": 155910,
            "type": "Cargo",
            "name": "MARIBO MAERSK"
        },
        "rating": {
            "voteAverage": 0,
            "voteCounter": 0
        },
        "url": "https://images.marinetraffic.com/collection/3521417.webp?size=800"
    },
    {
        "photoId": 3226935,
        "placeTaken": "Bremerhaven",
        "takenAt": 1535895480,
        "copyright": "Claus Schaefe",
        "description": null,
        "asset": {
            "id": 155910,
            "type": "Cargo",
            "name": "MARIBO MAERSK"
        },
        "rating": {
            "voteAverage": 5,
            "voteCounter": 2
        },
        "url": "https://images.marinetraffic.com/collection/3226935.webp?size=800"
    },
    {
        "photoId": 3226934,
        "placeTaken": "Bremerhaven",
        "takenAt": 1535894100,
        "copyright": "Claus Schaefe",
        "description": null,
        "asset": {
            "id": 155910,
            "type": "Cargo",
            "name": "MARIBO MAERSK"
        },
        "rating": {
            "voteAverage": 5,
            "voteCounter": 4
        },
        "url": "https://images.marinetraffic.com/collection/3226934.webp?size=800"
    },
    {
        "photoId": 3216239,
        "placeTaken": "Bremerhaven",
        "takenAt": 1534866300,
        "copyright": "Rolf Bridde",
        "description": null,
        "asset": {
            "id": 155910,
            "type": "Cargo",
            "name": "MARIBO MAERSK"
        },
        "rating": {
            "voteAverage": 5,
            "voteCounter": 2
        },
        "url": "https://images.marinetraffic.com/collection/3216239.webp?size=800"
    },
    {
        "photoId": 3215667,
        "placeTaken": "Gdansk Port Polnocny, Poland",
        "takenAt": 1535185200,
        "copyright": "Wojtek Zientara",
        "description": "foto Jerzy Makiea",
        "asset": {
            "id": 155910,
            "type": "Cargo",
            "name": "MARIBO MAERSK"
        },
        "rating": {
            "voteAverage": 0,
            "voteCounter": 0
        },
        "url": "https://images.marinetraffic.com/collection/3215667.webp?size=800"
    },
    {
        "photoId": 3165656,
        "placeTaken": "Kwangyang, Rep. of Korea",
        "takenAt": 1488378180,
        "copyright": "V. Tonic",
        "description": "At Kwangyang port.",
        "asset": {
            "id": 155910,
            "type": "Cargo",
            "name": "MARIBO MAERSK"
        },
        "rating": {
            "voteAverage": 0,
            "voteCounter": 0
        },
        "url": "https://images.marinetraffic.com/collection/3165656.webp?size=800"
    },
    {
        "photoId": 3118433,
        "placeTaken": null,
        "takenAt": 1528575360,
        "copyright": "Korbinian Magerl",
        "description": null,
        "asset": {
            "id": 155910,
            "type": "Cargo",
            "name": "MARIBO MAERSK"
        },
        "rating": {
            "voteAverage": 0,
            "voteCounter": 0
        },
        "url": "https://images.marinetraffic.com/collection/3118433.webp?size=800"
    },
    {
        "photoId": 2926813,
        "placeTaken": "Bremerhaven ",
        "takenAt": 1498681020,
        "copyright": "Claus Gaser",
        "description": "Bremerhaven ",
        "asset": {
            "id": 155910,
            "type": "Cargo",
            "name": "MARIBO MAERSK"
        },
        "rating": {
            "voteAverage": 5,
            "voteCounter": 18
        },
        "url": "https://images.marinetraffic.com/collection/2926813.webp?size=800"
    },
    {
        "photoId": 2926812,
        "placeTaken": "Bremerhaven ",
        "takenAt": 1498680780,
        "copyright": "Claus Gaser",
        "description": "Bremerhaven ",
        "asset": {
            "id": 155910,
            "type": "Cargo",
            "name": "MARIBO MAERSK"
        },
        "rating": {
            "voteAverage": 5,
            "voteCounter": 15
        },
        "url": "https://images.marinetraffic.com/collection/2926812.webp?size=800"
    },
    {
        "photoId": 2909251,
        "placeTaken": null,
        "takenAt": -2208988800,
        "copyright": "Pedro Gonz\u00e1lez Ruiz",
        "description": null,
        "asset": {
            "id": 155910,
            "type": "Cargo",
            "name": "MARIBO MAERSK"
        },
        "rating": {
            "voteAverage": 0,
            "voteCounter": 0
        },
        "url": "https://images.marinetraffic.com/collection/2909251.webp?size=800"
    },
    {
        "photoId": 2909250,
        "placeTaken": null,
        "takenAt": -2208988800,
        "copyright": "Pedro Gonz\u00e1lez Ruiz",
        "description": null,
        "asset": {
            "id": 155910,
            "type": "Cargo",
            "name": "MARIBO MAERSK"
        },
        "rating": {
            "voteAverage": 0,
            "voteCounter": 0
        },
        "url": "https://images.marinetraffic.com/collection/2909250.webp?size=800"
    },
    {
        "photoId": 2909249,
        "placeTaken": null,
        "takenAt": -2208988800,
        "copyright": "Pedro Gonz\u00e1lez Ruiz",
        "description": null,
        "asset": {
            "id": 155910,
            "type": "Cargo",
            "name": "MARIBO MAERSK"
        },
        "rating": {
            "voteAverage": 0,
            "voteCounter": 0
        },
        "url": "https://images.marinetraffic.com/collection/2909249.webp?size=800"
    },
    {
        "photoId": 2864654,
        "placeTaken": "River Weser Bremerhaven",
        "takenAt": 1507034820,
        "copyright": "Sven Beer",
        "description": null,
        "asset": {
            "id": 155910,
            "type": "Cargo",
            "name": "MARIBO MAERSK"
        },
        "rating": {
            "voteAverage": 0,
            "voteCounter": 0
        },
        "url": "https://images.marinetraffic.com/collection/2864654.webp?size=800"
    },
    {
        "photoId": 2751214,
        "placeTaken": "Baltic",
        "takenAt": 1499227680,
        "copyright": "Wojtek Zientara",
        "description": null,
        "asset": {
            "id": 155910,
            "type": "Cargo",
            "name": "MARIBO MAERSK"
        },
        "rating": {
            "voteAverage": 0,
            "voteCounter": 0
        },
        "url": "https://images.marinetraffic.com/collection/2751214.webp?size=800"
    }
]