[
    {
        "photoId": 4109574,
        "placeTaken": "Elbe, Cuxhaven GER",
        "takenAt": 1583169600,
        "copyright": "FBN Raiger",
        "description": "Elbe, Cuxhaven GER",
        "asset": {
            "id": 155910,
            "type": "Cargo",
            "name": "MARIBO MAERSK"
        },
        "rating": {
            "voteAverage": 5,
            "voteCounter": 32
        },
        "url": "https://images.marinetraffic.com/collection/4109574.webp?size=800"
    },
    {
        "photoId": 4001612,
        "placeTaken": "Bremerhaven",
        "takenAt": 1401461040,
        "copyright": "Rolf Bridde",
        "description": null,
        "asset": {
            "id": 155910,
            "type": "Cargo",
            "name": "MARIBO MAERSK"
        },
        "rating": {
            "voteAverage": 5,
            "voteCounter": 2
        },
        "url": "https://images.marinetraffic.com/collection/4001612.webp?size=800"
    },
    {
        "photoId": 3915876,
        "placeTaken": "Baalhoek",
        "takenAt": 1591543860,
        "copyright": "Etienne Verberckmoes",
        "description": "Westerschelde -   Antwerp",
        "asset": {
            "id": 155910,
            "type": "Cargo",
            "name": "MARIBO MAERSK"
        },
        "rating": {
            "voteAverage": 5,
            "voteCounter": 17
        },
        "url": "https://images.marinetraffic.com/collection/3915876.webp?size=800"
    },
    {
        "photoId": 3915874,
        "placeTaken": "Walsoorden, Zeedijk",
        "takenAt": 1591543740,
        "copyright": "Etienne Verberckmoes",
        "description": "Westerschelde - inbound Antwerp",
        "asset": {
            "id": 155910,
            "type": "Cargo",
            "name": "MARIBO MAERSK"
        },
        "rating": {
            "voteAverage": 5,
            "voteCounter": 19
        },
        "url": "https://images.marinetraffic.com/collection/3915874.webp?size=800"
    },
    {
        "photoId": 3915873,
        "placeTaken": "Walsoorden, Zeedijk",
        "takenAt": 1591543500,
        "copyright": "Etienne Verberckmoes",
        "description": "Westerschelde - inbound Antwerp",
        "asset": {
            "id": 155910,
            "type": "Cargo",
            "name": "MARIBO MAERSK"
        },
        "rating": {
            "voteAverage": 5,
            "voteCounter": 20
        },
        "url": "https://images.marinetraffic.com/collection/3915873.webp?size=800"
    },
    {
        "photoId": 3907064,
        "placeTaken": "Hamburg",
        "takenAt": 1591778640,
        "copyright": "Gerd Frick",
        "description": null,
        "asset": {
            "id": 155910,
            "type": "Cargo",
            "name": "MARIBO MAERSK"
        },
        "rating": {
            "voteAverage": 5,
            "voteCounter": 1
        },
        "url": "https://images.marinetraffic.com/collection/3907064.webp?size=800"
    },
    {
        "photoId": 3906616,
        "placeTaken": "Hamburg - Blankenese / GER",
        "takenAt": 1591777440,
        "copyright": "Buggi Porschien",
        "description": null,
        "asset": {
            "id": 155910,
            "type": "Cargo",
            "name": "MARIBO MAERSK"
        },
        "rating": {
            "voteAverage": 5,
            "voteCounter": 2
        },
        "url": "https://images.marinetraffic.com/collection/3906616.webp?size=800"
    },
    {
        "photoId": 3906558,
        "placeTaken": "Hamburg- Wittenbergen",
        "takenAt": 1591776840,
        "copyright": "Hartmut Brockmueller",
        "description": null,
        "asset": {
            "id": 155910,
            "type": "Cargo",
            "name": "MARIBO MAERSK"
        },
        "rating": {
            "voteAverage": 5,
            "voteCounter": 12
        },
        "url": "https://images.marinetraffic.com/collection/3906558.webp?size=800"
    },
    {
        "photoId": 3906557,
        "placeTaken": "Hamburg- Wittenbergen",
        "takenAt": 1591776720,
        "copyright": "Hartmut Brockmueller",
        "description": null,
        "asset": {
            "id": 155910,
            "type": "Cargo",
            "name": "MARIBO MAERSK"
        },
        "rating": {
            "voteAverage": 5,
            "voteCounter": 14
        },
        "url": "https://images.marinetraffic.com/collection/3906557.webp?size=800"
    },
    {
        "photoId": 3878130,
        "placeTaken": null,
        "takenAt": 1567701840,
        "copyright": "Philippe Guichot",
        "description": null,
        "asset": {
            "id": 155910,
            "type": "Cargo",
            "name": "MARIBO MAERSK"
        },
        "rating": {
            "voteAverage": 0,
            "voteCounter": 0
        },
        "url": "https://images.marinetraffic.com/collection/3878130.webp?size=800"
    },
    {
        "photoId": 3878128,
        "placeTaken": null,
        "takenAt": 1567701420,
        "copyright": "Philippe Guichot",
        "description": null,
        "asset": {
            "id": 155910,
            "type": "Cargo",
            "name": "MARIBO MAERSK"
        },
        "rating": {
            "voteAverage": 5,
            "voteCounter": 1
        },
        "url": "https://images.marinetraffic.com/collection/3878128.webp?size=800"
    },
    {
        "photoId": 3878126,
        "placeTaken": null,
        "takenAt": 1567701120,
        "copyright": "Philippe Guichot",
        "description": null,
        "asset": {
            "id": 155910,
            "type": "Cargo",
            "name": "MARIBO MAERSK"
        },
        "rating": {
            "voteAverage": 5,
            "voteCounter": 1
        },
        "url": "https://images.marinetraffic.com/collection/3878126.webp?size=800"
    },
    {
        "photoId": 3875388,
        "placeTaken": null,
        "takenAt": 1304655060,
        "copyright": "Philippe Guichot",
        "description": null,
        "asset": {
            "id": 155910,
            "type": "Cargo",
            "name": "MARIBO MAERSK"
        },
        "rating": {
            "voteAverage": 0,
            "voteCounter": 0
        },
        "url": "https://images.marinetraffic.com/collection/3875388.webp?size=800"
    },
    {
        "photoId": 3841014,
        "placeTaken": null,
        "takenAt": 1567873200,
        "copyright": "Philippe Guichot",
        "description": null,
        "asset": {
            "id": 155910,
            "type": "Cargo",
            "name": "MARIBO MAERSK"
        },
        "rating": {
            "voteAverage": 0,
            "voteCounter": 0
        },
        "url": "https://images.marinetraffic.com/collection/3841014.webp?size=800"
    },
    {
        "photoId": 3829320,
        "placeTaken": null,
        "takenAt": 1575571320,
        "copyright": "Torsten Boll",
        "description": null,
        "asset": {
            "id": 155910,
            "type": "Cargo",
            "name": "MARIBO MAERSK"
        },
        "rating": {
            "voteAverage": 0,
            "voteCounter": 0
        },
        "url": "https://images.marinetraffic.com/collection/3829320.webp?size=800"
    },
    {
        "photoId": 3801339,
        "placeTaken": "Hamburg",
        "takenAt": 1583216520,
        "copyright": "Ritter Ramon",
        "description": null,
        "asset": {
            "id": 155910,
            "type": "Cargo",
            "name": "MARIBO MAERSK"
        },
        "rating": {
            "voteAverage": 0,
            "voteCounter": 0
        },
        "url": "https://images.marinetraffic.com/collection/3801339.webp?size=800"
    },
    {
        "photoId": 3780046,
        "placeTaken": "Le Havre",
        "takenAt": 1576324860,
        "copyright": "Michael R Thom",
        "description": "Alongside Terminal de France, Le Havre",
        "asset": {
            "id": 155910,
            "type": "Cargo",
            "name": "MARIBO MAERSK"
        },
        "rating": {
            "voteAverage": 0,
            "voteCounter": 0
        },
        "url": "https://images.marinetraffic.com/collection/3780046.webp?size=800"
    },
    {
        "photoId": 3780044,
        "placeTaken": "Le Havre",
        "takenAt": 1576324260,
        "copyright": "Michael R Thom",
        "description": "Alongside at Terminal de France, Le Havre",
        "asset": {
            "id": 155910,
            "type": "Cargo",
            "name": "MARIBO MAERSK"
        },
        "rating": {
            "voteAverage": 0,
            "voteCounter": 0
        },
        "url": "https://images.marinetraffic.com/collection/3780044.webp?size=800"
    },
    {
        "photoId": 3749645,
        "placeTaken": "Algeciras Spain",
        "takenAt": 1561306980,
        "copyright": "Aaron Millet",
        "description": null,
        "asset": {
            "id": 155910,
            "type": "Cargo",
            "name": "MARIBO MAERSK"
        },
        "rating": {
            "voteAverage": 5,
            "voteCounter": 1
        },
        "url": "https://images.marinetraffic.com/collection/3749645.webp?size=800"
    },
    {
        "photoId": 3736338,
        "placeTaken": null,
        "takenAt": 1576489920,
        "copyright": "Tzvetan Hristov",
        "description": null,
        "asset": {
            "id": 155910,
            "type": "Cargo",
            "name": "MARIBO MAERSK"
        },
        "rating": {
            "voteAverage": 0,
            "voteCounter": 0
        },
        "url": "https://images.marinetraffic.com/collection/3736338.webp?size=800"
    }
]