[
    {
        "photoId": 4964307,
        "placeTaken": "Maasmond Holland",
        "takenAt": 1662901980,
        "copyright": "Joop Klaasman",
        "description": "Seen Maasmond Holland",
        "asset": {
            "id": 155910,
            "type": "Cargo",
            "name": "MARIBO MAERSK"
        },
        "rating": {
            "voteAverage": 5,
            "voteCounter": 1
        },
        "url": "https://images.marinetraffic.com/collection/4964307.webp?size=800"
    },
    {
        "photoId": 4964306,
        "placeTaken": "Maasmond Holland",
        "takenAt": 1662901860,
        "copyright": "Joop Klaasman",
        "description": "Seen Maasmond Holland",
        "asset": {
            "id": 155910,
            "type": "Cargo",
            "name": "MARIBO MAERSK"
        },
        "rating": {
            "voteAverage": 0,
            "voteCounter": 0
        },
        "url": "https://images.marinetraffic.com/collection/4964306.webp?size=800"
    },
    {
        "photoId": 4843348,
        "placeTaken": "Gothenburg",
        "takenAt": 1663674780,
        "copyright": "Romuel Ben Almojallas",
        "description": null,
        "asset": {
            "id": 155910,
            "type": "Cargo",
            "name": "MARIBO MAERSK"
        },
        "rating": {
            "voteAverage": 0,
            "voteCounter": 0
        },
        "url": "https://images.marinetraffic.com/collection/4843348.webp?size=800"
    },
    {
        "photoId": 4733637,
        "placeTaken": "Wochenende an der Jade",
        "takenAt": 1656576900,
        "copyright": "Jeppe Seier",
        "description": null,
        "asset": {
            "id": 155910,
            "type": "Cargo",
            "name": "MARIBO MAERSK"
        },
        "rating": {
            "voteAverage": 5,
            "voteCounter": 1
        },
        "url": "https://images.marinetraffic.com/collection/4733637.webp?size=800"
    },
    {
        "photoId": 4711988,
        "placeTaken": "Port of Aarhus, Denmark",
        "takenAt": 1655408460,
        "copyright": "Allan J. Kortsen",
        "description": null,
        "asset": {
            "id": 155910,
            "type": "Cargo",
            "name": "MARIBO MAERSK"
        },
        "rating": {
            "voteAverage": 5,
            "voteCounter": 2
        },
        "url": "https://images.marinetraffic.com/collection/4711988.webp?size=800"
    },
    {
        "photoId": 4546038,
        "placeTaken": "Great Belt, Denmark.",
        "takenAt": 1420113600,
        "copyright": "Jesper Brix",
        "description": null,
        "asset": {
            "id": 155910,
            "type": "Cargo",
            "name": "MARIBO MAERSK"
        },
        "rating": {
            "voteAverage": 5,
            "voteCounter": 1
        },
        "url": "https://images.marinetraffic.com/collection/4546038.webp?size=800"
    },
    {
        "photoId": 4507704,
        "placeTaken": null,
        "takenAt": 1638005700,
        "copyright": "WojGrze",
        "description": null,
        "asset": {
            "id": 155910,
            "type": "Cargo",
            "name": "MARIBO MAERSK"
        },
        "rating": {
            "voteAverage": 0,
            "voteCounter": 0
        },
        "url": "https://images.marinetraffic.com/collection/4507704.webp?size=800"
    },
    {
        "photoId": 4507703,
        "placeTaken": null,
        "takenAt": 1638005700,
        "copyright": "WojGrze",
        "description": null,
        "asset": {
            "id": 155910,
            "type": "Cargo",
            "name": "MARIBO MAERSK"
        },
        "rating": {
            "voteAverage": 0,
            "voteCounter": 0
        },
        "url": "https://images.marinetraffic.com/collection/4507703.webp?size=800"
    },
    {
        "photoId": 4491789,
        "placeTaken": null,
        "takenAt": 1567873980,
        "copyright": "Philippe Guichot",
        "description": null,
        "asset": {
            "id": 155910,
            "type": "Cargo",
            "name": "MARIBO MAERSK"
        },
        "rating": {
            "voteAverage": 0,
            "voteCounter": 0
        },
        "url": "https://images.marinetraffic.com/collection/4491789.webp?size=800"
    },
    {
        "photoId": 4491787,
        "placeTaken": null,
        "takenAt": 1567873500,
        "copyright": "Philippe Guichot",
        "description": null,
        "asset": {
            "id": 155910,
            "type": "Cargo",
            "name": "MARIBO MAERSK"
        },
        "rating": {
            "voteAverage": 0,
            "voteCounter": 0
        },
        "url": "https://images.marinetraffic.com/collection/4491787.webp?size=800"
    },
    {
        "photoId": 4491785,
        "placeTaken": null,
        "takenAt": 1567873620,
        "copyright": "Philippe Guichot",
        "description": null,
        "asset": {
            "id": 155910,
            "type": "Cargo",
            "name": "MARIBO MAERSK"
        },
        "rating": {
            "voteAverage": 0,
            "voteCounter": 0
        },
        "url": "https://images.marinetraffic.com/collection/4491785.webp?size=800"
    },
    {
        "photoId": 4476420,
        "placeTaken": "Ningbo, PRC.",
        "takenAt": 1634280540,
        "copyright": "smp",
        "description": null,
        "asset": {
            "id": 155910,
            "type": "Cargo",
            "name": "MARIBO MAERSK"
        },
        "rating": {
            "voteAverage": 0,
            "voteCounter": 0
        },
        "url": "https://images.marinetraffic.com/collection/4476420.webp?size=800"
    },
    {
        "photoId": 4379383,
        "placeTaken": "Skandiahamnen",
        "takenAt": 1628589660,
        "copyright": "Romuel Ben Almojallas",
        "description": null,
        "asset": {
            "id": 155910,
            "type": "Cargo",
            "name": "MARIBO MAERSK"
        },
        "rating": {
            "voteAverage": 0,
            "voteCounter": 0
        },
        "url": "https://images.marinetraffic.com/collection/4379383.webp?size=800"
    },
    {
        "photoId": 4378003,
        "placeTaken": "skandiahamnen",
        "takenAt": 1628505300,
        "copyright": "Hans Lindskog",
        "description": null,
        "asset": {
            "id": 155910,
            "type": "Cargo",
            "name": "MARIBO MAERSK"
        },
        "rating": {
            "voteAverage": 0,
            "voteCounter": 0
        },
        "url": "https://images.marinetraffic.com/collection/4378003.webp?size=800"
    },
    {
        "photoId": 4331849,
        "placeTaken": "Rotterdam NL",
        "takenAt": 1620334980,
        "copyright": "Martijn Hendriks",
        "description": null,
        "asset": {
            "id": 155910,
            "type": "Cargo",
            "name": "MARIBO MAERSK"
        },
        "rating": {
            "voteAverage": 5,
            "voteCounter": 1
        },
        "url": "https://images.marinetraffic.com/collection/4331849.webp?size=800"
    },
    {
        "photoId": 4331844,
        "placeTaken": "Rotterdam NL",
        "takenAt": 1620331740,
        "copyright": "Martijn Hendriks",
        "description": null,
        "asset": {
            "id": 155910,
            "type": "Cargo",
            "name": "MARIBO MAERSK"
        },
        "rating": {
            "voteAverage": 0,
            "voteCounter": 0
        },
        "url": "https://images.marinetraffic.com/collection/4331844.webp?size=800"
    },
    {
        "photoId": 4331841,
        "placeTaken": "Rotterdam NL",
        "takenAt": 1620331020,
        "copyright": "Martijn Hendriks",
        "description": null,
        "asset": {
            "id": 155910,
            "type": "Cargo",
            "name": "MARIBO MAERSK"
        },
        "rating": {
            "voteAverage": 5,
            "voteCounter": 3
        },
        "url": "https://images.marinetraffic.com/collection/4331841.webp?size=800"
    },
    {
        "photoId": 4252061,
        "placeTaken": null,
        "takenAt": 1613925660,
        "copyright": "Andrei Scripniciuc",
        "description": null,
        "asset": {
            "id": 155910,
            "type": "Cargo",
            "name": "MARIBO MAERSK"
        },
        "rating": {
            "voteAverage": 0,
            "voteCounter": 0
        },
        "url": "https://images.marinetraffic.com/collection/4252061.webp?size=800"
    },
    {
        "photoId": 4165069,
        "placeTaken": "Gteborg",
        "takenAt": 1612802520,
        "copyright": "Donald McKay",
        "description": null,
        "asset": {
            "id": 155910,
            "type": "Cargo",
            "name": "MARIBO MAERSK"
        },
        "rating": {
            "voteAverage": 0,
            "voteCounter": 0
        },
        "url": "https://images.marinetraffic.com/collection/4165069.webp?size=800"
    },
    {
        "photoId": 4157919,
        "placeTaken": "Elbchausse ",
        "takenAt": 1591783200,
        "copyright": "Simon Tietb\u00f6hl",
        "description": "Maribo Maersk inbound Hamburg ",
        "asset": {
            "id": 155910,
            "type": "Cargo",
            "name": "MARIBO MAERSK"
        },
        "rating": {
            "voteAverage": 0,
            "voteCounter": 0
        },
        "url": "https://images.marinetraffic.com/collection/4157919.webp?size=800"
    }
]