[
    {
        "photoId": 1969614,
        "placeTaken": "Maasmond, Rotterdam NL",
        "takenAt": 1431348060,
        "copyright": "stefan lemmens",
        "description": null,
        "asset": {
            "id": 155910,
            "type": "Cargo",
            "name": "MARIBO MAERSK"
        },
        "rating": {
            "voteAverage": 0,
            "voteCounter": 0
        },
        "url": "https://images.marinetraffic.com/collection/1969614.webp?size=800"
    },
    {
        "photoId": 1969613,
        "placeTaken": "Maasmond, Rotterdam NL",
        "takenAt": 1431347640,
        "copyright": "stefan lemmens",
        "description": null,
        "asset": {
            "id": 155910,
            "type": "Cargo",
            "name": "MARIBO MAERSK"
        },
        "rating": {
            "voteAverage": 5,
            "voteCounter": 1
        },
        "url": "https://images.marinetraffic.com/collection/1969613.webp?size=800"
    },
    {
        "photoId": 1958421,
        "placeTaken": "Maasvlakte, Rotterdam",
        "takenAt": 1431347940,
        "copyright": "Krijn Hamelink",
        "description": null,
        "asset": {
            "id": 155910,
            "type": "Cargo",
            "name": "MARIBO MAERSK"
        },
        "rating": {
            "voteAverage": 5,
            "voteCounter": 2
        },
        "url": "https://images.marinetraffic.com/collection/1958421.webp?size=800"
    },
    {
        "photoId": 1958418,
        "placeTaken": "Maasvlakte, Rotterdam",
        "takenAt": 1431420120,
        "copyright": "Krijn Hamelink",
        "description": null,
        "asset": {
            "id": 155910,
            "type": "Cargo",
            "name": "MARIBO MAERSK"
        },
        "rating": {
            "voteAverage": 5,
            "voteCounter": 1
        },
        "url": "https://images.marinetraffic.com/collection/1958418.webp?size=800"
    },
    {
        "photoId": 1958417,
        "placeTaken": "Maasvlakte, Rotterdam",
        "takenAt": 1431420060,
        "copyright": "Krijn Hamelink",
        "description": null,
        "asset": {
            "id": 155910,
            "type": "Cargo",
            "name": "MARIBO MAERSK"
        },
        "rating": {
            "voteAverage": 5,
            "voteCounter": 1
        },
        "url": "https://images.marinetraffic.com/collection/1958417.webp?size=800"
    },
    {
        "photoId": 1943207,
        "placeTaken": "Felixstowe",
        "takenAt": 1429971600,
        "copyright": "M.E.Davis",
        "description": "Maribo Maersk making her first visit to Felixstowe.",
        "asset": {
            "id": 155910,
            "type": "Cargo",
            "name": "MARIBO MAERSK"
        },
        "rating": {
            "voteAverage": 0,
            "voteCounter": 0
        },
        "url": "https://images.marinetraffic.com/collection/1943207.webp?size=800"
    },
    {
        "photoId": 1932493,
        "placeTaken": null,
        "takenAt": 1400761440,
        "copyright": "Michael Cejmer",
        "description": null,
        "asset": {
            "id": 155910,
            "type": "Cargo",
            "name": "MARIBO MAERSK"
        },
        "rating": {
            "voteAverage": 4,
            "voteCounter": 1
        },
        "url": "https://images.marinetraffic.com/collection/1932493.webp?size=800"
    },
    {
        "photoId": 1932492,
        "placeTaken": null,
        "takenAt": 1400759520,
        "copyright": "Michael Cejmer",
        "description": null,
        "asset": {
            "id": 155910,
            "type": "Cargo",
            "name": "MARIBO MAERSK"
        },
        "rating": {
            "voteAverage": 4,
            "voteCounter": 1
        },
        "url": "https://images.marinetraffic.com/collection/1932492.webp?size=800"
    },
    {
        "photoId": 1919215,
        "placeTaken": "Hoek van Holland",
        "takenAt": 1385219280,
        "copyright": "Roland Delhaxhe",
        "description": null,
        "asset": {
            "id": 155910,
            "type": "Cargo",
            "name": "MARIBO MAERSK"
        },
        "rating": {
            "voteAverage": 4,
            "voteCounter": 1
        },
        "url": "https://images.marinetraffic.com/collection/1919215.webp?size=800"
    },
    {
        "photoId": 1919214,
        "placeTaken": "Hoek van Holland",
        "takenAt": 1385218980,
        "copyright": "Roland Delhaxhe",
        "description": null,
        "asset": {
            "id": 155910,
            "type": "Cargo",
            "name": "MARIBO MAERSK"
        },
        "rating": {
            "voteAverage": 4,
            "voteCounter": 1
        },
        "url": "https://images.marinetraffic.com/collection/1919214.webp?size=800"
    },
    {
        "photoId": 1885006,
        "placeTaken": "Gibraltar",
        "takenAt": 1424706360,
        "copyright": "Tony Singh",
        "description": "23 Feb 2015. Arriving in the Bay of Gibraltar for Algeciras.",
        "asset": {
            "id": 155910,
            "type": "Cargo",
            "name": "MARIBO MAERSK"
        },
        "rating": {
            "voteAverage": 5,
            "voteCounter": 1
        },
        "url": "https://images.marinetraffic.com/collection/1885006.webp?size=800"
    },
    {
        "photoId": 1877370,
        "placeTaken": "Algeciras Harbour ",
        "takenAt": 1422470160,
        "copyright": "Jess Gonzlez Alba",
        "description": null,
        "asset": {
            "id": 155910,
            "type": "Cargo",
            "name": "MARIBO MAERSK"
        },
        "rating": {
            "voteAverage": 5,
            "voteCounter": 1
        },
        "url": "https://images.marinetraffic.com/collection/1877370.webp?size=800"
    },
    {
        "photoId": 1874977,
        "placeTaken": "Bremerhaven",
        "takenAt": 1407681720,
        "copyright": "Markus Haubrich",
        "description": "Maribo Maersk re, Ebba Maersk li",
        "asset": {
            "id": 155910,
            "type": "Cargo",
            "name": "MARIBO MAERSK"
        },
        "rating": {
            "voteAverage": 0,
            "voteCounter": 0
        },
        "url": "https://images.marinetraffic.com/collection/1874977.webp?size=800"
    },
    {
        "photoId": 1874976,
        "placeTaken": "Bremerhaven",
        "takenAt": 1407682920,
        "copyright": "Markus Haubrich",
        "description": null,
        "asset": {
            "id": 155910,
            "type": "Cargo",
            "name": "MARIBO MAERSK"
        },
        "rating": {
            "voteAverage": 0,
            "voteCounter": 0
        },
        "url": "https://images.marinetraffic.com/collection/1874976.webp?size=800"
    },
    {
        "photoId": 1874973,
        "placeTaken": "Bremerhaven",
        "takenAt": 1407682800,
        "copyright": "Markus Haubrich",
        "description": null,
        "asset": {
            "id": 155910,
            "type": "Cargo",
            "name": "MARIBO MAERSK"
        },
        "rating": {
            "voteAverage": 0,
            "voteCounter": 0
        },
        "url": "https://images.marinetraffic.com/collection/1874973.webp?size=800"
    },
    {
        "photoId": 1874971,
        "placeTaken": "Bremerhaven",
        "takenAt": 1407682620,
        "copyright": "Markus Haubrich",
        "description": null,
        "asset": {
            "id": 155910,
            "type": "Cargo",
            "name": "MARIBO MAERSK"
        },
        "rating": {
            "voteAverage": 0,
            "voteCounter": 0
        },
        "url": "https://images.marinetraffic.com/collection/1874971.webp?size=800"
    },
    {
        "photoId": 1873672,
        "placeTaken": "Aarhus Havn",
        "takenAt": 1423480680,
        "copyright": "Flemming Steen Srensen",
        "description": null,
        "asset": {
            "id": 155910,
            "type": "Cargo",
            "name": "MARIBO MAERSK"
        },
        "rating": {
            "voteAverage": 0,
            "voteCounter": 0
        },
        "url": "https://images.marinetraffic.com/collection/1873672.webp?size=800"
    },
    {
        "photoId": 1873442,
        "placeTaken": "Port of Aarhus",
        "takenAt": 1423476960,
        "copyright": "Allan J. Kortsen",
        "description": "www.skyaviator.dk",
        "asset": {
            "id": 155910,
            "type": "Cargo",
            "name": "MARIBO MAERSK"
        },
        "rating": {
            "voteAverage": 5,
            "voteCounter": 1
        },
        "url": "https://images.marinetraffic.com/collection/1873442.webp?size=800"
    },
    {
        "photoId": 1872095,
        "placeTaken": "Gdansk",
        "takenAt": 1423307940,
        "copyright": "Slawomir Burzynski",
        "description": null,
        "asset": {
            "id": 155910,
            "type": "Cargo",
            "name": "MARIBO MAERSK"
        },
        "rating": {
            "voteAverage": 0,
            "voteCounter": 0
        },
        "url": "https://images.marinetraffic.com/collection/1872095.webp?size=800"
    },
    {
        "photoId": 1863909,
        "placeTaken": null,
        "takenAt": 1416738600,
        "copyright": "Valery Cherezov",
        "description": null,
        "asset": {
            "id": 155910,
            "type": "Cargo",
            "name": "MARIBO MAERSK"
        },
        "rating": {
            "voteAverage": 0,
            "voteCounter": 0
        },
        "url": "https://images.marinetraffic.com/collection/1863909.webp?size=800"
    }
]