[
    {
        "photoId": 3917425,
        "placeTaken": null,
        "takenAt": 1314280380,
        "copyright": "Frank Tribull",
        "description": "als EDITH MAERSK aufgenommen am 25.08.2011 bei Bremerhaven H\u00f6he Container Terminal NTB",
        "asset": {
            "id": 159396,
            "type": "Cargo",
            "name": "EDITH MAERSK"
        },
        "rating": {
            "voteAverage": 0,
            "voteCounter": 0
        },
        "url": "https://images.marinetraffic.com/collection/3917425.webp?size=800"
    },
    {
        "photoId": 3848958,
        "placeTaken": "GIBRALTAR",
        "takenAt": 1587295260,
        "copyright": "GIBFRAN46",
        "description": null,
        "asset": {
            "id": 159396,
            "type": "Cargo",
            "name": "EDITH MAERSK"
        },
        "rating": {
            "voteAverage": 0,
            "voteCounter": 0
        },
        "url": "https://images.marinetraffic.com/collection/3848958.webp?size=800"
    },
    {
        "photoId": 3835055,
        "placeTaken": "skandiahamnen",
        "takenAt": 1586159880,
        "copyright": "Hans Lindskog",
        "description": null,
        "asset": {
            "id": 159396,
            "type": "Cargo",
            "name": "EDITH MAERSK"
        },
        "rating": {
            "voteAverage": 0,
            "voteCounter": 0
        },
        "url": "https://images.marinetraffic.com/collection/3835055.webp?size=800"
    },
    {
        "photoId": 3831394,
        "placeTaken": "Sletterhage Lighthouse",
        "takenAt": 1585838280,
        "copyright": "Ole Nordahn Lyndgaard",
        "description": "Edith Maersk passing the ligthhouse at Point Sletterhage 1st time since May 27-2013",
        "asset": {
            "id": 159396,
            "type": "Cargo",
            "name": "EDITH MAERSK"
        },
        "rating": {
            "voteAverage": 0,
            "voteCounter": 0
        },
        "url": "https://images.marinetraffic.com/collection/3831394.webp?size=800"
    },
    {
        "photoId": 3773417,
        "placeTaken": "Nieuwe Waterweg Rotterdam.",
        "takenAt": 1376050380,
        "copyright": "Ed Kaas",
        "description": null,
        "asset": {
            "id": 159396,
            "type": "Cargo",
            "name": "EDITH MAERSK"
        },
        "rating": {
            "voteAverage": 5,
            "voteCounter": 1
        },
        "url": "https://images.marinetraffic.com/collection/3773417.webp?size=800"
    },
    {
        "photoId": 3753859,
        "placeTaken": "Hamburg",
        "takenAt": 1578381060,
        "copyright": "Ritter Ramon",
        "description": null,
        "asset": {
            "id": 159396,
            "type": "Cargo",
            "name": "EDITH MAERSK"
        },
        "rating": {
            "voteAverage": 5,
            "voteCounter": 2
        },
        "url": "https://images.marinetraffic.com/collection/3753859.webp?size=800"
    },
    {
        "photoId": 3599718,
        "placeTaken": "Cuxhaven, Kugelbake",
        "takenAt": 1487548920,
        "copyright": "C Right",
        "description": null,
        "asset": {
            "id": 159396,
            "type": "Cargo",
            "name": "EDITH MAERSK"
        },
        "rating": {
            "voteAverage": 0,
            "voteCounter": 0
        },
        "url": "https://images.marinetraffic.com/collection/3599718.webp?size=800"
    },
    {
        "photoId": 3570874,
        "placeTaken": "Cadzand",
        "takenAt": 1563638940,
        "copyright": "W.J.M. Uytterhoeven",
        "description": "Destination Antwerp",
        "asset": {
            "id": 159396,
            "type": "Cargo",
            "name": "EDITH MAERSK"
        },
        "rating": {
            "voteAverage": 0,
            "voteCounter": 0
        },
        "url": "https://images.marinetraffic.com/collection/3570874.webp?size=800"
    },
    {
        "photoId": 3569089,
        "placeTaken": "Hamburg",
        "takenAt": 1563517560,
        "copyright": "Ritter Ramon",
        "description": null,
        "asset": {
            "id": 159396,
            "type": "Cargo",
            "name": "EDITH MAERSK"
        },
        "rating": {
            "voteAverage": 0,
            "voteCounter": 0
        },
        "url": "https://images.marinetraffic.com/collection/3569089.webp?size=800"
    },
    {
        "photoId": 3568924,
        "placeTaken": "Cuxhaven Alte Liebe ",
        "takenAt": 1563547680,
        "copyright": "Hans Freese",
        "description": null,
        "asset": {
            "id": 159396,
            "type": "Cargo",
            "name": "EDITH MAERSK"
        },
        "rating": {
            "voteAverage": 0,
            "voteCounter": 0
        },
        "url": "https://images.marinetraffic.com/collection/3568924.webp?size=800"
    },
    {
        "photoId": 3488420,
        "placeTaken": "Colombo, Sri Lanca",
        "takenAt": 1558253160,
        "copyright": "Hartmut Knape",
        "description": "Containership leaving harbour",
        "asset": {
            "id": 159396,
            "type": "Cargo",
            "name": "EDITH MAERSK"
        },
        "rating": {
            "voteAverage": 5,
            "voteCounter": 1
        },
        "url": "https://images.marinetraffic.com/collection/3488420.webp?size=800"
    },
    {
        "photoId": 3488418,
        "placeTaken": "Colombo, Sri Lanca",
        "takenAt": 1558252140,
        "copyright": "Hartmut Knape",
        "description": "Containership leaving harbour",
        "asset": {
            "id": 159396,
            "type": "Cargo",
            "name": "EDITH MAERSK"
        },
        "rating": {
            "voteAverage": 5,
            "voteCounter": 1
        },
        "url": "https://images.marinetraffic.com/collection/3488418.webp?size=800"
    },
    {
        "photoId": 3488417,
        "placeTaken": "Colombo, Sri Lanca",
        "takenAt": 1558252020,
        "copyright": "Hartmut Knape",
        "description": "Containership while loading",
        "asset": {
            "id": 159396,
            "type": "Cargo",
            "name": "EDITH MAERSK"
        },
        "rating": {
            "voteAverage": 0,
            "voteCounter": 0
        },
        "url": "https://images.marinetraffic.com/collection/3488417.webp?size=800"
    },
    {
        "photoId": 3488415,
        "placeTaken": "Colombo, Sri Lanca",
        "takenAt": 1558251900,
        "copyright": "Hartmut Knape",
        "description": "Containership while loading",
        "asset": {
            "id": 159396,
            "type": "Cargo",
            "name": "EDITH MAERSK"
        },
        "rating": {
            "voteAverage": 0,
            "voteCounter": 0
        },
        "url": "https://images.marinetraffic.com/collection/3488415.webp?size=800"
    },
    {
        "photoId": 3488414,
        "placeTaken": "Colombo, Sri Lanca",
        "takenAt": 1558251720,
        "copyright": "Hartmut Knape",
        "description": "Containership while loading",
        "asset": {
            "id": 159396,
            "type": "Cargo",
            "name": "EDITH MAERSK"
        },
        "rating": {
            "voteAverage": 0,
            "voteCounter": 0
        },
        "url": "https://images.marinetraffic.com/collection/3488414.webp?size=800"
    },
    {
        "photoId": 3316491,
        "placeTaken": "Biscay Bay",
        "takenAt": 1528304100,
        "copyright": "Alexander Demin",
        "description": null,
        "asset": {
            "id": 159396,
            "type": "Cargo",
            "name": "EDITH MAERSK"
        },
        "rating": {
            "voteAverage": 0,
            "voteCounter": 0
        },
        "url": "https://images.marinetraffic.com/collection/3316491.webp?size=800"
    },
    {
        "photoId": 3232970,
        "placeTaken": "Felixstowe",
        "takenAt": 1535966400,
        "copyright": "paul hiett",
        "description": null,
        "asset": {
            "id": 159396,
            "type": "Cargo",
            "name": "EDITH MAERSK"
        },
        "rating": {
            "voteAverage": 0,
            "voteCounter": 0
        },
        "url": "https://images.marinetraffic.com/collection/3232970.webp?size=800"
    },
    {
        "photoId": 3161214,
        "placeTaken": "Westerschelde",
        "takenAt": 1529231100,
        "copyright": "cmp klink",
        "description": null,
        "asset": {
            "id": 159396,
            "type": "Cargo",
            "name": "EDITH MAERSK"
        },
        "rating": {
            "voteAverage": 0,
            "voteCounter": 0
        },
        "url": "https://images.marinetraffic.com/collection/3161214.webp?size=800"
    },
    {
        "photoId": 3161212,
        "placeTaken": "Westerschelde",
        "takenAt": 1529230920,
        "copyright": "cmp klink",
        "description": null,
        "asset": {
            "id": 159396,
            "type": "Cargo",
            "name": "EDITH MAERSK"
        },
        "rating": {
            "voteAverage": 0,
            "voteCounter": 0
        },
        "url": "https://images.marinetraffic.com/collection/3161212.webp?size=800"
    },
    {
        "photoId": 3127834,
        "placeTaken": "Port Said",
        "takenAt": 1527873840,
        "copyright": "Jan W Monster",
        "description": "Departure Port Said",
        "asset": {
            "id": 159396,
            "type": "Cargo",
            "name": "EDITH MAERSK"
        },
        "rating": {
            "voteAverage": 0,
            "voteCounter": 0
        },
        "url": "https://images.marinetraffic.com/collection/3127834.webp?size=800"
    }
]