[
    {
        "photoId": 4485217,
        "placeTaken": "London Gateway",
        "takenAt": 1621965000,
        "copyright": "Pekka Jarvinen",
        "description": "London Gateway 25.05.2021. Photo by Julios Defensor.",
        "asset": {
            "id": 159396,
            "type": "Cargo",
            "name": "EDITH MAERSK"
        },
        "rating": {
            "voteAverage": 0,
            "voteCounter": 0
        },
        "url": "https://images.marinetraffic.com/collection/4485217.webp?size=800"
    },
    {
        "photoId": 4459193,
        "placeTaken": "London Gateway",
        "takenAt": 1607713500,
        "copyright": "Pekka Jarvinen",
        "description": "London Gateway 11.12.2020. Photo by capt. Soini.",
        "asset": {
            "id": 159396,
            "type": "Cargo",
            "name": "EDITH MAERSK"
        },
        "rating": {
            "voteAverage": 5,
            "voteCounter": 2
        },
        "url": "https://images.marinetraffic.com/collection/4459193.webp?size=800"
    },
    {
        "photoId": 4459191,
        "placeTaken": "London Gateway",
        "takenAt": 1607713320,
        "copyright": "Pekka Jarvinen",
        "description": "London Gateway 11.12.2020. Photo by capt. Soini.",
        "asset": {
            "id": 159396,
            "type": "Cargo",
            "name": "EDITH MAERSK"
        },
        "rating": {
            "voteAverage": 0,
            "voteCounter": 0
        },
        "url": "https://images.marinetraffic.com/collection/4459191.webp?size=800"
    },
    {
        "photoId": 4441256,
        "placeTaken": "London Gateway",
        "takenAt": 1600280340,
        "copyright": "Pekka Jarvinen",
        "description": "London Gateway 16.09.2020. Photo by capt. Soini.",
        "asset": {
            "id": 159396,
            "type": "Cargo",
            "name": "EDITH MAERSK"
        },
        "rating": {
            "voteAverage": 5,
            "voteCounter": 2
        },
        "url": "https://images.marinetraffic.com/collection/4441256.webp?size=800"
    },
    {
        "photoId": 4426960,
        "placeTaken": "Elbe, Bubendey-Ufer, Hamburg GER",
        "takenAt": 1599834360,
        "copyright": "FBN Raiger",
        "description": "Elbe, Bubendey-Ufer, Hamburg GER",
        "asset": {
            "id": 159396,
            "type": "Cargo",
            "name": "EDITH MAERSK"
        },
        "rating": {
            "voteAverage": 5,
            "voteCounter": 33
        },
        "url": "https://images.marinetraffic.com/collection/4426960.webp?size=800"
    },
    {
        "photoId": 4426959,
        "placeTaken": "Elbe, Bubendey-Ufer, Hamburg GER",
        "takenAt": 1599834660,
        "copyright": "FBN Raiger",
        "description": "Elbe, Bubendey-Ufer, Hamburg GER",
        "asset": {
            "id": 159396,
            "type": "Cargo",
            "name": "EDITH MAERSK"
        },
        "rating": {
            "voteAverage": 5,
            "voteCounter": 29
        },
        "url": "https://images.marinetraffic.com/collection/4426959.webp?size=800"
    },
    {
        "photoId": 4426151,
        "placeTaken": "Maasvlakte Netherland ",
        "takenAt": null,
        "copyright": "sailor_shipping_worldwide Roger B.",
        "description": null,
        "asset": {
            "id": 159396,
            "type": "Cargo",
            "name": "EDITH MAERSK"
        },
        "rating": {
            "voteAverage": 5,
            "voteCounter": 1
        },
        "url": "https://images.marinetraffic.com/collection/4426151.webp?size=800"
    },
    {
        "photoId": 4417092,
        "placeTaken": "Perkpolder",
        "takenAt": 1631029140,
        "copyright": "Etienne Verberckmoes",
        "description": "Westerschelde - outbound Antwerp",
        "asset": {
            "id": 159396,
            "type": "Cargo",
            "name": "EDITH MAERSK"
        },
        "rating": {
            "voteAverage": 5,
            "voteCounter": 17
        },
        "url": "https://images.marinetraffic.com/collection/4417092.webp?size=800"
    },
    {
        "photoId": 4402794,
        "placeTaken": "Cuxhaven",
        "takenAt": 1630170240,
        "copyright": "pingi eisbar",
        "description": null,
        "asset": {
            "id": 159396,
            "type": "Cargo",
            "name": "EDITH MAERSK"
        },
        "rating": {
            "voteAverage": 0,
            "voteCounter": 0
        },
        "url": "https://images.marinetraffic.com/collection/4402794.webp?size=800"
    },
    {
        "photoId": 4402793,
        "placeTaken": "Cuxhaven",
        "takenAt": 1630170060,
        "copyright": "pingi eisbar",
        "description": null,
        "asset": {
            "id": 159396,
            "type": "Cargo",
            "name": "EDITH MAERSK"
        },
        "rating": {
            "voteAverage": 0,
            "voteCounter": 0
        },
        "url": "https://images.marinetraffic.com/collection/4402793.webp?size=800"
    },
    {
        "photoId": 4402792,
        "placeTaken": "Cuxhaven",
        "takenAt": 1630169820,
        "copyright": "pingi eisbar",
        "description": null,
        "asset": {
            "id": 159396,
            "type": "Cargo",
            "name": "EDITH MAERSK"
        },
        "rating": {
            "voteAverage": 0,
            "voteCounter": 0
        },
        "url": "https://images.marinetraffic.com/collection/4402792.webp?size=800"
    },
    {
        "photoId": 4402790,
        "placeTaken": "Cuxhaven",
        "takenAt": 1630169220,
        "copyright": "pingi eisbar",
        "description": null,
        "asset": {
            "id": 159396,
            "type": "Cargo",
            "name": "EDITH MAERSK"
        },
        "rating": {
            "voteAverage": 0,
            "voteCounter": 0
        },
        "url": "https://images.marinetraffic.com/collection/4402790.webp?size=800"
    },
    {
        "photoId": 4402789,
        "placeTaken": "Cuxhaven",
        "takenAt": 1630168800,
        "copyright": "pingi eisbar",
        "description": null,
        "asset": {
            "id": 159396,
            "type": "Cargo",
            "name": "EDITH MAERSK"
        },
        "rating": {
            "voteAverage": 0,
            "voteCounter": 0
        },
        "url": "https://images.marinetraffic.com/collection/4402789.webp?size=800"
    },
    {
        "photoId": 4401767,
        "placeTaken": null,
        "takenAt": 1629976920,
        "copyright": "Anders Gylden\u00f8hr",
        "description": null,
        "asset": {
            "id": 159396,
            "type": "Cargo",
            "name": "EDITH MAERSK"
        },
        "rating": {
            "voteAverage": 0,
            "voteCounter": 0
        },
        "url": "https://images.marinetraffic.com/collection/4401767.webp?size=800"
    },
    {
        "photoId": 4400546,
        "placeTaken": "Hamburg",
        "takenAt": 1630015200,
        "copyright": "Jens Friedrich",
        "description": null,
        "asset": {
            "id": 159396,
            "type": "Cargo",
            "name": "EDITH MAERSK"
        },
        "rating": {
            "voteAverage": 0,
            "voteCounter": 0
        },
        "url": "https://images.marinetraffic.com/collection/4400546.webp?size=800"
    },
    {
        "photoId": 4321015,
        "placeTaken": "Walsoorden - Zeedijk",
        "takenAt": 1622396460,
        "copyright": "Etienne Verberckmoes",
        "description": "Westerschelde - outbound Antwerp",
        "asset": {
            "id": 159396,
            "type": "Cargo",
            "name": "EDITH MAERSK"
        },
        "rating": {
            "voteAverage": 5,
            "voteCounter": 18
        },
        "url": "https://images.marinetraffic.com/collection/4321015.webp?size=800"
    },
    {
        "photoId": 4321004,
        "placeTaken": "Walsoorden - Zeedijk",
        "takenAt": 1622396160,
        "copyright": "Etienne Verberckmoes",
        "description": null,
        "asset": {
            "id": 159396,
            "type": "Cargo",
            "name": "EDITH MAERSK"
        },
        "rating": {
            "voteAverage": 5,
            "voteCounter": 22
        },
        "url": "https://images.marinetraffic.com/collection/4321004.webp?size=800"
    },
    {
        "photoId": 4295539,
        "placeTaken": "Tangier Med ",
        "takenAt": 1622833140,
        "copyright": "Dmitriy Chernyavskiy",
        "description": null,
        "asset": {
            "id": 159396,
            "type": "Cargo",
            "name": "EDITH MAERSK"
        },
        "rating": {
            "voteAverage": 0,
            "voteCounter": 0
        },
        "url": "https://images.marinetraffic.com/collection/4295539.webp?size=800"
    },
    {
        "photoId": 4189130,
        "placeTaken": "Kruiningen",
        "takenAt": 1614883140,
        "copyright": "Christian  Butijn",
        "description": "De 397 meter lange EDITH MAERSK opvarend op de Westerschelde van de Thames-haven naar Antwerpen. Dit containerschip heeft een maximum laadvermogen van 15550 TEU.",
        "asset": {
            "id": 159396,
            "type": "Cargo",
            "name": "EDITH MAERSK"
        },
        "rating": {
            "voteAverage": 4,
            "voteCounter": 1
        },
        "url": "https://images.marinetraffic.com/collection/4189130.webp?size=800"
    },
    {
        "photoId": 4189127,
        "placeTaken": "Kruiningen",
        "takenAt": 1614882720,
        "copyright": "Christian  Butijn",
        "description": "De 397 meter lange EDITH MAERSK opvarend op de Westerschelde van de Thames-haven naar Antwerpen. Dit containerschip heeft een maximum laadvermogen van 15550 TEU.",
        "asset": {
            "id": 159396,
            "type": "Cargo",
            "name": "EDITH MAERSK"
        },
        "rating": {
            "voteAverage": 0,
            "voteCounter": 0
        },
        "url": "https://images.marinetraffic.com/collection/4189127.webp?size=800"
    }
]