[
    {
        "photoId": 1048598,
        "placeTaken": "Busan New Port, Rep. of Korea",
        "takenAt": 1351452300,
        "copyright": "V. Tonic",
        "description": null,
        "asset": {
            "id": 134576,
            "type": "Cargo",
            "name": "COLOMBO EXPRESS"
        },
        "rating": {
            "voteAverage": 4,
            "voteCounter": 5
        },
        "url": "https://images.marinetraffic.com/collection/1048598.webp?size=800"
    },
    {
        "photoId": 1017222,
        "placeTaken": "Puget Sound, WA USA",
        "takenAt": 1352802060,
        "copyright": "Dan Jessup",
        "description": "Background: south end Blake Island (west of Seattle)WA USA",
        "asset": {
            "id": 134576,
            "type": "Cargo",
            "name": "COLOMBO EXPRESS"
        },
        "rating": {
            "voteAverage": 0,
            "voteCounter": 0
        },
        "url": "https://images.marinetraffic.com/collection/1017222.webp?size=800"
    },
    {
        "photoId": 972258,
        "placeTaken": "VIctoria BC",
        "takenAt": 1334345940,
        "copyright": "Patrick Lawson",
        "description": null,
        "asset": {
            "id": 134576,
            "type": "Cargo",
            "name": "COLOMBO EXPRESS"
        },
        "rating": {
            "voteAverage": 4.5,
            "voteCounter": 2
        },
        "url": "https://images.marinetraffic.com/collection/972258.webp?size=800"
    },
    {
        "photoId": 971144,
        "placeTaken": "Victoria BC",
        "takenAt": 1334346180,
        "copyright": "Patrick Lawson",
        "description": null,
        "asset": {
            "id": 134576,
            "type": "Cargo",
            "name": "COLOMBO EXPRESS"
        },
        "rating": {
            "voteAverage": 4.5,
            "voteCounter": 4
        },
        "url": "https://images.marinetraffic.com/collection/971144.webp?size=800"
    },
    {
        "photoId": 971143,
        "placeTaken": "Victoria BC",
        "takenAt": 1334345760,
        "copyright": "Patrick Lawson",
        "description": null,
        "asset": {
            "id": 134576,
            "type": "Cargo",
            "name": "COLOMBO EXPRESS"
        },
        "rating": {
            "voteAverage": 5,
            "voteCounter": 1
        },
        "url": "https://images.marinetraffic.com/collection/971143.webp?size=800"
    },
    {
        "photoId": 971142,
        "placeTaken": "Victoria BC",
        "takenAt": 1334519820,
        "copyright": "Patrick Lawson",
        "description": null,
        "asset": {
            "id": 134576,
            "type": "Cargo",
            "name": "COLOMBO EXPRESS"
        },
        "rating": {
            "voteAverage": 4.5,
            "voteCounter": 2
        },
        "url": "https://images.marinetraffic.com/collection/971142.webp?size=800"
    },
    {
        "photoId": 871744,
        "placeTaken": "West Vancouver,B.C.",
        "takenAt": 1327248540,
        "copyright": "Gary McLeod",
        "description": null,
        "asset": {
            "id": 134576,
            "type": "Cargo",
            "name": "COLOMBO EXPRESS"
        },
        "rating": {
            "voteAverage": 1,
            "voteCounter": 1
        },
        "url": "https://images.marinetraffic.com/collection/871744.webp?size=800"
    },
    {
        "photoId": 829812,
        "placeTaken": "Busan, Rep. of Korea",
        "takenAt": 1335889980,
        "copyright": "V. Tonic",
        "description": null,
        "asset": {
            "id": 134576,
            "type": "Cargo",
            "name": "COLOMBO EXPRESS"
        },
        "rating": {
            "voteAverage": 0,
            "voteCounter": 0
        },
        "url": "https://images.marinetraffic.com/collection/829812.webp?size=800"
    },
    {
        "photoId": 738040,
        "placeTaken": "VIctoria BC",
        "takenAt": 1330691400,
        "copyright": "Patrick Lawson",
        "description": null,
        "asset": {
            "id": 134576,
            "type": "Cargo",
            "name": "COLOMBO EXPRESS"
        },
        "rating": {
            "voteAverage": 4.25,
            "voteCounter": 4
        },
        "url": "https://images.marinetraffic.com/collection/738040.webp?size=800"
    },
    {
        "photoId": 738039,
        "placeTaken": "VIctoria BC",
        "takenAt": 1330519800,
        "copyright": "Patrick Lawson",
        "description": null,
        "asset": {
            "id": 134576,
            "type": "Cargo",
            "name": "COLOMBO EXPRESS"
        },
        "rating": {
            "voteAverage": 4.5,
            "voteCounter": 4
        },
        "url": "https://images.marinetraffic.com/collection/738039.webp?size=800"
    },
    {
        "photoId": 738038,
        "placeTaken": "VIctoria BC",
        "takenAt": 1330690500,
        "copyright": "Patrick Lawson",
        "description": null,
        "asset": {
            "id": 134576,
            "type": "Cargo",
            "name": "COLOMBO EXPRESS"
        },
        "rating": {
            "voteAverage": 5,
            "voteCounter": 1
        },
        "url": "https://images.marinetraffic.com/collection/738038.webp?size=800"
    },
    {
        "photoId": 738036,
        "placeTaken": "VIctoria BC",
        "takenAt": 1330519680,
        "copyright": "Patrick Lawson",
        "description": null,
        "asset": {
            "id": 134576,
            "type": "Cargo",
            "name": "COLOMBO EXPRESS"
        },
        "rating": {
            "voteAverage": 5,
            "voteCounter": 1
        },
        "url": "https://images.marinetraffic.com/collection/738036.webp?size=800"
    },
    {
        "photoId": 738032,
        "placeTaken": "VIctoria BC",
        "takenAt": 1330860420,
        "copyright": "Patrick Lawson",
        "description": null,
        "asset": {
            "id": 134576,
            "type": "Cargo",
            "name": "COLOMBO EXPRESS"
        },
        "rating": {
            "voteAverage": 5,
            "voteCounter": 1
        },
        "url": "https://images.marinetraffic.com/collection/738032.webp?size=800"
    },
    {
        "photoId": 689525,
        "placeTaken": "Vancouver, B.C.",
        "takenAt": 1327274340,
        "copyright": "Malcolm Millar",
        "description": "Vancouver Harbour Anchorage W ",
        "asset": {
            "id": 134576,
            "type": "Cargo",
            "name": "COLOMBO EXPRESS"
        },
        "rating": {
            "voteAverage": 3.666667,
            "voteCounter": 3
        },
        "url": "https://images.marinetraffic.com/collection/689525.webp?size=800"
    },
    {
        "photoId": 689524,
        "placeTaken": "Vancouver, B.C.",
        "takenAt": 1327271460,
        "copyright": "Malcolm Millar",
        "description": "Vancouver Harbour Anchorage W as she waits out high winds in the Straits of Georgia, where Delta Port is located",
        "asset": {
            "id": 134576,
            "type": "Cargo",
            "name": "COLOMBO EXPRESS"
        },
        "rating": {
            "voteAverage": 0,
            "voteCounter": 0
        },
        "url": "https://images.marinetraffic.com/collection/689524.webp?size=800"
    },
    {
        "photoId": 689523,
        "placeTaken": "Vancouver, B.C.",
        "takenAt": 1327269420,
        "copyright": "Malcolm Millar",
        "description": "Was rerouted to Vancouver Harbour Anchorage W, as high winds made it impossible to dock at Delta Port 3 during the afternoon.. Set to leave prior to midnight.",
        "asset": {
            "id": 134576,
            "type": "Cargo",
            "name": "COLOMBO EXPRESS"
        },
        "rating": {
            "voteAverage": 3.5,
            "voteCounter": 2
        },
        "url": "https://images.marinetraffic.com/collection/689523.webp?size=800"
    },
    {
        "photoId": 684108,
        "placeTaken": "BUSAN",
        "takenAt": 1322212980,
        "copyright": "dubiel",
        "description": null,
        "asset": {
            "id": 134576,
            "type": "Cargo",
            "name": "COLOMBO EXPRESS"
        },
        "rating": {
            "voteAverage": 4.333333,
            "voteCounter": 3
        },
        "url": "https://images.marinetraffic.com/collection/684108.webp?size=800"
    },
    {
        "photoId": 668672,
        "placeTaken": "river Elbe",
        "takenAt": 1299415020,
        "copyright": "PixelOpa",
        "description": "passing Cuxhaven on 06.03.2011",
        "asset": {
            "id": 134576,
            "type": "Cargo",
            "name": "COLOMBO EXPRESS"
        },
        "rating": {
            "voteAverage": 4.888889,
            "voteCounter": 9
        },
        "url": "https://images.marinetraffic.com/collection/668672.webp?size=800"
    },
    {
        "photoId": 662219,
        "placeTaken": "Nordsee",
        "takenAt": 1241628900,
        "copyright": "Andreas Heitmann",
        "description": null,
        "asset": {
            "id": 134576,
            "type": "Cargo",
            "name": "COLOMBO EXPRESS"
        },
        "rating": {
            "voteAverage": 5,
            "voteCounter": 1
        },
        "url": "https://images.marinetraffic.com/collection/662219.webp?size=800"
    },
    {
        "photoId": 627616,
        "placeTaken": "North Vancouver, B.C.",
        "takenAt": 1320013380,
        "copyright": "Malcolm Millar",
        "description": "Finished loading at Delta Port 3, into Vancouver Harbour Anchorage D to refuel, then a very early morning departure to Tokyo.",
        "asset": {
            "id": 134576,
            "type": "Cargo",
            "name": "COLOMBO EXPRESS"
        },
        "rating": {
            "voteAverage": 2,
            "voteCounter": 2
        },
        "url": "https://images.marinetraffic.com/collection/627616.webp?size=800"
    }
]