[
    {
        "photoId": 5056414,
        "placeTaken": "Hamburg, Germany",
        "takenAt": 1683323580,
        "copyright": "Elmar Weiss",
        "description": "Hamburg, Germany",
        "asset": {
            "id": 134576,
            "type": "Cargo",
            "name": "COLOMBO EXPRESS"
        },
        "rating": {
            "voteAverage": 0,
            "voteCounter": 0
        },
        "url": "https://images.marinetraffic.com/collection/5056414.webp?size=800"
    },
    {
        "photoId": 4979629,
        "placeTaken": "Sea of Marmara, Turkey",
        "takenAt": 1666178880,
        "copyright": "Hartmut Knape",
        "description": "Containership leaving Marmara Sea",
        "asset": {
            "id": 134576,
            "type": "Cargo",
            "name": "COLOMBO EXPRESS"
        },
        "rating": {
            "voteAverage": 0,
            "voteCounter": 0
        },
        "url": "https://images.marinetraffic.com/collection/4979629.webp?size=800"
    },
    {
        "photoId": 4578015,
        "placeTaken": null,
        "takenAt": 1645256100,
        "copyright": "stratos katrakazas",
        "description": null,
        "asset": {
            "id": 134576,
            "type": "Cargo",
            "name": "COLOMBO EXPRESS"
        },
        "rating": {
            "voteAverage": 0,
            "voteCounter": 0
        },
        "url": "https://images.marinetraffic.com/collection/4578015.webp?size=800"
    },
    {
        "photoId": 4577278,
        "placeTaken": "Piraeus Greece",
        "takenAt": 1645179900,
        "copyright": "Stavros Matthaios",
        "description": null,
        "asset": {
            "id": 134576,
            "type": "Cargo",
            "name": "COLOMBO EXPRESS"
        },
        "rating": {
            "voteAverage": 5,
            "voteCounter": 1
        },
        "url": "https://images.marinetraffic.com/collection/4577278.webp?size=800"
    },
    {
        "photoId": 4553527,
        "placeTaken": "Piraeus",
        "takenAt": 1635927780,
        "copyright": "Sakis Antoniou",
        "description": null,
        "asset": {
            "id": 134576,
            "type": "Cargo",
            "name": "COLOMBO EXPRESS"
        },
        "rating": {
            "voteAverage": 0,
            "voteCounter": 0
        },
        "url": "https://images.marinetraffic.com/collection/4553527.webp?size=800"
    },
    {
        "photoId": 4553525,
        "placeTaken": "Piraeus",
        "takenAt": 1635842580,
        "copyright": "Sakis Antoniou",
        "description": null,
        "asset": {
            "id": 134576,
            "type": "Cargo",
            "name": "COLOMBO EXPRESS"
        },
        "rating": {
            "voteAverage": 0,
            "voteCounter": 0
        },
        "url": "https://images.marinetraffic.com/collection/4553525.webp?size=800"
    },
    {
        "photoId": 4549425,
        "placeTaken": "East China Sea",
        "takenAt": 1599412560,
        "copyright": "Ricardo de Treend",
        "description": null,
        "asset": {
            "id": 134576,
            "type": "Cargo",
            "name": "COLOMBO EXPRESS"
        },
        "rating": {
            "voteAverage": 0,
            "voteCounter": 0
        },
        "url": "https://images.marinetraffic.com/collection/4549425.webp?size=800"
    },
    {
        "photoId": 4549423,
        "placeTaken": "East China Sea",
        "takenAt": 1599412080,
        "copyright": "Ricardo de Treend",
        "description": null,
        "asset": {
            "id": 134576,
            "type": "Cargo",
            "name": "COLOMBO EXPRESS"
        },
        "rating": {
            "voteAverage": 0,
            "voteCounter": 0
        },
        "url": "https://images.marinetraffic.com/collection/4549423.webp?size=800"
    },
    {
        "photoId": 4548281,
        "placeTaken": "Bay of Bengal",
        "takenAt": 1599412320,
        "copyright": "Ricardo de Treend",
        "description": null,
        "asset": {
            "id": 134576,
            "type": "Cargo",
            "name": "COLOMBO EXPRESS"
        },
        "rating": {
            "voteAverage": 0,
            "voteCounter": 0
        },
        "url": "https://images.marinetraffic.com/collection/4548281.webp?size=800"
    },
    {
        "photoId": 4527416,
        "placeTaken": "Piraeus,Greece",
        "takenAt": 1626974760,
        "copyright": "Giwrgos Mertis",
        "description": null,
        "asset": {
            "id": 134576,
            "type": "Cargo",
            "name": "COLOMBO EXPRESS"
        },
        "rating": {
            "voteAverage": 0,
            "voteCounter": 0
        },
        "url": "https://images.marinetraffic.com/collection/4527416.webp?size=800"
    },
    {
        "photoId": 4524255,
        "placeTaken": "Seattle Washington",
        "takenAt": 1273588500,
        "copyright": "Bob Workman",
        "description": null,
        "asset": {
            "id": 134576,
            "type": "Cargo",
            "name": "COLOMBO EXPRESS"
        },
        "rating": {
            "voteAverage": 5,
            "voteCounter": 1
        },
        "url": "https://images.marinetraffic.com/collection/4524255.webp?size=800"
    },
    {
        "photoId": 4471032,
        "placeTaken": "Perama,Greece",
        "takenAt": 1622805420,
        "copyright": "Giwrgos Mertis",
        "description": null,
        "asset": {
            "id": 134576,
            "type": "Cargo",
            "name": "COLOMBO EXPRESS"
        },
        "rating": {
            "voteAverage": 0,
            "voteCounter": 0
        },
        "url": "https://images.marinetraffic.com/collection/4471032.webp?size=800"
    },
    {
        "photoId": 4436910,
        "placeTaken": "Busan New Port, Rep. of Korea",
        "takenAt": 1568981280,
        "copyright": "V. Tonic",
        "description": "At Busan New Port.",
        "asset": {
            "id": 134576,
            "type": "Cargo",
            "name": "COLOMBO EXPRESS"
        },
        "rating": {
            "voteAverage": 5,
            "voteCounter": 2
        },
        "url": "https://images.marinetraffic.com/collection/4436910.webp?size=800"
    },
    {
        "photoId": 4419303,
        "placeTaken": "Piraeus",
        "takenAt": 1622792040,
        "copyright": "Sakis Antoniou",
        "description": null,
        "asset": {
            "id": 134576,
            "type": "Cargo",
            "name": "COLOMBO EXPRESS"
        },
        "rating": {
            "voteAverage": 0,
            "voteCounter": 0
        },
        "url": "https://images.marinetraffic.com/collection/4419303.webp?size=800"
    },
    {
        "photoId": 4419302,
        "placeTaken": "Piraeus",
        "takenAt": 1622791620,
        "copyright": "Sakis Antoniou",
        "description": null,
        "asset": {
            "id": 134576,
            "type": "Cargo",
            "name": "COLOMBO EXPRESS"
        },
        "rating": {
            "voteAverage": 0,
            "voteCounter": 0
        },
        "url": "https://images.marinetraffic.com/collection/4419302.webp?size=800"
    },
    {
        "photoId": 4419301,
        "placeTaken": "Piraeus",
        "takenAt": 1622789520,
        "copyright": "Sakis Antoniou",
        "description": null,
        "asset": {
            "id": 134576,
            "type": "Cargo",
            "name": "COLOMBO EXPRESS"
        },
        "rating": {
            "voteAverage": 0,
            "voteCounter": 0
        },
        "url": "https://images.marinetraffic.com/collection/4419301.webp?size=800"
    },
    {
        "photoId": 3221545,
        "placeTaken": "Maasvlakte,Rotterdam",
        "takenAt": 1532956320,
        "copyright": "Krijn Hamelink",
        "description": null,
        "asset": {
            "id": 134576,
            "type": "Cargo",
            "name": "COLOMBO EXPRESS"
        },
        "rating": {
            "voteAverage": 5,
            "voteCounter": 1
        },
        "url": "https://images.marinetraffic.com/collection/3221545.webp?size=800"
    },
    {
        "photoId": 3211904,
        "placeTaken": "Terneuzen Margarethapolder",
        "takenAt": 1522607520,
        "copyright": "Alex Van Herrewege",
        "description": null,
        "asset": {
            "id": 134576,
            "type": "Cargo",
            "name": "COLOMBO EXPRESS"
        },
        "rating": {
            "voteAverage": 0,
            "voteCounter": 0
        },
        "url": "https://images.marinetraffic.com/collection/3211904.webp?size=800"
    },
    {
        "photoId": 3205211,
        "placeTaken": "Terneuzen",
        "takenAt": 1533415680,
        "copyright": "patrick westeel",
        "description": null,
        "asset": {
            "id": 134576,
            "type": "Cargo",
            "name": "COLOMBO EXPRESS"
        },
        "rating": {
            "voteAverage": 4.666667,
            "voteCounter": 3
        },
        "url": "https://images.marinetraffic.com/collection/3205211.webp?size=800"
    },
    {
        "photoId": 3205205,
        "placeTaken": "Terneuzen",
        "takenAt": 1533415560,
        "copyright": "patrick westeel",
        "description": null,
        "asset": {
            "id": 134576,
            "type": "Cargo",
            "name": "COLOMBO EXPRESS"
        },
        "rating": {
            "voteAverage": 5,
            "voteCounter": 4
        },
        "url": "https://images.marinetraffic.com/collection/3205205.webp?size=800"
    }
]