[
    {
        "photoId": 2501225,
        "placeTaken": "Hamburg - Blankenese / GER",
        "takenAt": 1477925700,
        "copyright": "Buggi Porschien",
        "description": null,
        "asset": {
            "id": 134576,
            "type": "Cargo",
            "name": "COLOMBO EXPRESS"
        },
        "rating": {
            "voteAverage": 0,
            "voteCounter": 0
        },
        "url": "https://images.marinetraffic.com/collection/2501225.webp?size=800"
    },
    {
        "photoId": 2470501,
        "placeTaken": "Hamburg-Rueschpark",
        "takenAt": 1474894380,
        "copyright": "S.Seelemann",
        "description": "Inbound from Le Havre",
        "asset": {
            "id": 134576,
            "type": "Cargo",
            "name": "COLOMBO EXPRESS"
        },
        "rating": {
            "voteAverage": 0,
            "voteCounter": 0
        },
        "url": "https://images.marinetraffic.com/collection/2470501.webp?size=800"
    },
    {
        "photoId": 2345750,
        "placeTaken": "River Elbe  Hoehe Collmar/Bielenberg",
        "takenAt": 1083225120,
        "copyright": "Arno Bruegmann",
        "description": null,
        "asset": {
            "id": 134576,
            "type": "Cargo",
            "name": "COLOMBO EXPRESS"
        },
        "rating": {
            "voteAverage": 0,
            "voteCounter": 0
        },
        "url": "https://images.marinetraffic.com/collection/2345750.webp?size=800"
    },
    {
        "photoId": 2345749,
        "placeTaken": "River Elbe  Hoehe Collmar/Bielenberg",
        "takenAt": 1083224820,
        "copyright": "Arno Bruegmann",
        "description": null,
        "asset": {
            "id": 134576,
            "type": "Cargo",
            "name": "COLOMBO EXPRESS"
        },
        "rating": {
            "voteAverage": 0,
            "voteCounter": 0
        },
        "url": "https://images.marinetraffic.com/collection/2345749.webp?size=800"
    },
    {
        "photoId": 2204475,
        "placeTaken": null,
        "takenAt": null,
        "copyright": "Andreas Klockenbrink",
        "description": null,
        "asset": {
            "id": 134576,
            "type": "Cargo",
            "name": "COLOMBO EXPRESS"
        },
        "rating": {
            "voteAverage": 0,
            "voteCounter": 0
        },
        "url": "https://images.marinetraffic.com/collection/2204475.webp?size=800"
    },
    {
        "photoId": 2123317,
        "placeTaken": null,
        "takenAt": 1437127140,
        "copyright": "peter lustig",
        "description": null,
        "asset": {
            "id": 134576,
            "type": "Cargo",
            "name": "COLOMBO EXPRESS"
        },
        "rating": {
            "voteAverage": 0,
            "voteCounter": 0
        },
        "url": "https://images.marinetraffic.com/collection/2123317.webp?size=800"
    },
    {
        "photoId": 2093093,
        "placeTaken": "Halifax,Canada",
        "takenAt": 1441112280,
        "copyright": "Ken Watson",
        "description": "COLUMBO EXPRESS inbound Bedford Basin Halifax N.S. on 1 September 2015.",
        "asset": {
            "id": 134576,
            "type": "Cargo",
            "name": "COLOMBO EXPRESS"
        },
        "rating": {
            "voteAverage": 0,
            "voteCounter": 0
        },
        "url": "https://images.marinetraffic.com/collection/2093093.webp?size=800"
    },
    {
        "photoId": 2083314,
        "placeTaken": "Bayonne, NJ",
        "takenAt": 1441384320,
        "copyright": "Marcin Kocoj",
        "description": "Colombo Express arriving at Global Terminal",
        "asset": {
            "id": 134576,
            "type": "Cargo",
            "name": "COLOMBO EXPRESS"
        },
        "rating": {
            "voteAverage": 5,
            "voteCounter": 1
        },
        "url": "https://images.marinetraffic.com/collection/2083314.webp?size=800"
    },
    {
        "photoId": 2062078,
        "placeTaken": "Busan, Rep. of Korea",
        "takenAt": 1414162140,
        "copyright": "V. Tonic",
        "description": "At Busan North Port Gamman terminal getting repairs to her port bow done after the collision with Maersk Tanjong.",
        "asset": {
            "id": 134576,
            "type": "Cargo",
            "name": "COLOMBO EXPRESS"
        },
        "rating": {
            "voteAverage": 0,
            "voteCounter": 0
        },
        "url": "https://images.marinetraffic.com/collection/2062078.webp?size=800"
    },
    {
        "photoId": 2062077,
        "placeTaken": "Busan, Rep. of Korea",
        "takenAt": 1414160940,
        "copyright": "V. Tonic",
        "description": "At Busan North Port Gamman terminal getting repairs to her port bow done after the collision with Maersk Tanjong.",
        "asset": {
            "id": 134576,
            "type": "Cargo",
            "name": "COLOMBO EXPRESS"
        },
        "rating": {
            "voteAverage": 0,
            "voteCounter": 0
        },
        "url": "https://images.marinetraffic.com/collection/2062077.webp?size=800"
    },
    {
        "photoId": 1995051,
        "placeTaken": "Valencia",
        "takenAt": 1424024040,
        "copyright": "Manuel Hern\u00e1ndez",
        "description": null,
        "asset": {
            "id": 134576,
            "type": "Cargo",
            "name": "COLOMBO EXPRESS"
        },
        "rating": {
            "voteAverage": 5,
            "voteCounter": 1
        },
        "url": "https://images.marinetraffic.com/collection/1995051.webp?size=800"
    },
    {
        "photoId": 1915012,
        "placeTaken": "Fos Sur Mer",
        "takenAt": 1423495500,
        "copyright": "Eduard Legkii",
        "description": null,
        "asset": {
            "id": 134576,
            "type": "Cargo",
            "name": "COLOMBO EXPRESS"
        },
        "rating": {
            "voteAverage": 0,
            "voteCounter": 0
        },
        "url": "https://images.marinetraffic.com/collection/1915012.webp?size=800"
    },
    {
        "photoId": 1915010,
        "placeTaken": "Fos Sur Mer",
        "takenAt": 1423495200,
        "copyright": "Eduard Legkii 39RUS",
        "description": null,
        "asset": {
            "id": 134576,
            "type": "Cargo",
            "name": "COLOMBO EXPRESS"
        },
        "rating": {
            "voteAverage": 0,
            "voteCounter": 0
        },
        "url": "https://images.marinetraffic.com/collection/1915010.webp?size=800"
    },
    {
        "photoId": 1915008,
        "placeTaken": "Fos Sur Mer",
        "takenAt": 1423495080,
        "copyright": "Eduard Legkii",
        "description": null,
        "asset": {
            "id": 134576,
            "type": "Cargo",
            "name": "COLOMBO EXPRESS"
        },
        "rating": {
            "voteAverage": 0,
            "voteCounter": 0
        },
        "url": "https://images.marinetraffic.com/collection/1915008.webp?size=800"
    },
    {
        "photoId": 1878392,
        "placeTaken": "Valencia",
        "takenAt": 1424023680,
        "copyright": "Manuel Hernndez",
        "description": null,
        "asset": {
            "id": 134576,
            "type": "Cargo",
            "name": "COLOMBO EXPRESS"
        },
        "rating": {
            "voteAverage": 5,
            "voteCounter": 3
        },
        "url": "https://images.marinetraffic.com/collection/1878392.webp?size=800"
    },
    {
        "photoId": 1849989,
        "placeTaken": "Valencia",
        "takenAt": 1396605480,
        "copyright": "Manuel Hernndez",
        "description": null,
        "asset": {
            "id": 134576,
            "type": "Cargo",
            "name": "COLOMBO EXPRESS"
        },
        "rating": {
            "voteAverage": 5,
            "voteCounter": 1
        },
        "url": "https://images.marinetraffic.com/collection/1849989.webp?size=800"
    },
    {
        "photoId": 1770334,
        "placeTaken": "Genova Voltri",
        "takenAt": 1410974700,
        "copyright": "Andrea Ferrando",
        "description": "Colombo Express appena uscita dal VTE in direzione di Fos Sur Mer.",
        "asset": {
            "id": 134576,
            "type": "Cargo",
            "name": "COLOMBO EXPRESS"
        },
        "rating": {
            "voteAverage": 5,
            "voteCounter": 2
        },
        "url": "https://images.marinetraffic.com/collection/1770334.webp?size=800"
    },
    {
        "photoId": 1695812,
        "placeTaken": "Genova Voltri",
        "takenAt": 1404814740,
        "copyright": "Andrea Ferrando",
        "description": "Colombo Express appena uscita dal VTE in direzione di Fos Sur Mer.",
        "asset": {
            "id": 134576,
            "type": "Cargo",
            "name": "COLOMBO EXPRESS"
        },
        "rating": {
            "voteAverage": 5,
            "voteCounter": 1
        },
        "url": "https://images.marinetraffic.com/collection/1695812.webp?size=800"
    },
    {
        "photoId": 1597583,
        "placeTaken": "Indian Ocean",
        "takenAt": 1391779320,
        "copyright": "smp",
        "description": null,
        "asset": {
            "id": 134576,
            "type": "Cargo",
            "name": "COLOMBO EXPRESS"
        },
        "rating": {
            "voteAverage": 0,
            "voteCounter": 0
        },
        "url": "https://images.marinetraffic.com/collection/1597583.webp?size=800"
    },
    {
        "photoId": 1411196,
        "placeTaken": "Victoria BC",
        "takenAt": 1337770740,
        "copyright": "Patrick Lawson",
        "description": null,
        "asset": {
            "id": 134576,
            "type": "Cargo",
            "name": "COLOMBO EXPRESS"
        },
        "rating": {
            "voteAverage": 5,
            "voteCounter": 1
        },
        "url": "https://images.marinetraffic.com/collection/1411196.webp?size=800"
    }
]