[
    {
        "photoId": 2585295,
        "placeTaken": "Felixtowe, GB",
        "takenAt": 1452337920,
        "copyright": "Michael Ludlow",
        "description": "Mary Maersk opposite No.8 berth prior to going alongside, Felixtowe, GB.",
        "asset": {
            "id": 155798,
            "type": "Cargo",
            "name": "MARY MAERSK"
        },
        "rating": {
            "voteAverage": 5,
            "voteCounter": 1
        },
        "url": "https://images.marinetraffic.com/collection/2585295.webp?size=800"
    },
    {
        "photoId": 2585291,
        "placeTaken": "Felixtowe, GB",
        "takenAt": 1452337380,
        "copyright": "Michael Ludlow",
        "description": "Mary Maersk passing Landguard on her way to No.8 berth, Felixtowe Docks, GB.",
        "asset": {
            "id": 155798,
            "type": "Cargo",
            "name": "MARY MAERSK"
        },
        "rating": {
            "voteAverage": 0,
            "voteCounter": 0
        },
        "url": "https://images.marinetraffic.com/collection/2585291.webp?size=800"
    },
    {
        "photoId": 2546713,
        "placeTaken": "Bremerhaven",
        "takenAt": 1473490140,
        "copyright": "Udo F\u00fcrstenberg",
        "description": null,
        "asset": {
            "id": 155798,
            "type": "Cargo",
            "name": "MARY MAERSK"
        },
        "rating": {
            "voteAverage": 0,
            "voteCounter": 0
        },
        "url": "https://images.marinetraffic.com/collection/2546713.webp?size=800"
    },
    {
        "photoId": 2520268,
        "placeTaken": "Maasvlakte Rotterdam",
        "takenAt": 1479814320,
        "copyright": "Patrick Deenik",
        "description": null,
        "asset": {
            "id": 155798,
            "type": "Cargo",
            "name": "MARY MAERSK"
        },
        "rating": {
            "voteAverage": 0,
            "voteCounter": 0
        },
        "url": "https://images.marinetraffic.com/collection/2520268.webp?size=800"
    },
    {
        "photoId": 2483339,
        "placeTaken": "Bremerhaven",
        "takenAt": 1472653320,
        "copyright": "Helmut Seger",
        "description": null,
        "asset": {
            "id": 155798,
            "type": "Cargo",
            "name": "MARY MAERSK"
        },
        "rating": {
            "voteAverage": 5,
            "voteCounter": 1
        },
        "url": "https://images.marinetraffic.com/collection/2483339.webp?size=800"
    },
    {
        "photoId": 2461396,
        "placeTaken": "Bremerhaven",
        "takenAt": 1472663580,
        "copyright": "Rolf Bridde",
        "description": null,
        "asset": {
            "id": 155798,
            "type": "Cargo",
            "name": "MARY MAERSK"
        },
        "rating": {
            "voteAverage": 0,
            "voteCounter": 0
        },
        "url": "https://images.marinetraffic.com/collection/2461396.webp?size=800"
    },
    {
        "photoId": 2376055,
        "placeTaken": "DK Spodsbjerg",
        "takenAt": 1466518740,
        "copyright": "Kerstin Fischer",
        "description": null,
        "asset": {
            "id": 155798,
            "type": "Cargo",
            "name": "MARY MAERSK"
        },
        "rating": {
            "voteAverage": 0,
            "voteCounter": 0
        },
        "url": "https://images.marinetraffic.com/collection/2376055.webp?size=800"
    },
    {
        "photoId": 2376051,
        "placeTaken": "DK Spodsbjerg",
        "takenAt": 1466518440,
        "copyright": "Kerstin Fischer",
        "description": null,
        "asset": {
            "id": 155798,
            "type": "Cargo",
            "name": "MARY MAERSK"
        },
        "rating": {
            "voteAverage": 0,
            "voteCounter": 0
        },
        "url": "https://images.marinetraffic.com/collection/2376051.webp?size=800"
    },
    {
        "photoId": 2376049,
        "placeTaken": "DK Spodsbjerg",
        "takenAt": 1466518200,
        "copyright": "Kerstin Fischer",
        "description": null,
        "asset": {
            "id": 155798,
            "type": "Cargo",
            "name": "MARY MAERSK"
        },
        "rating": {
            "voteAverage": 5,
            "voteCounter": 1
        },
        "url": "https://images.marinetraffic.com/collection/2376049.webp?size=800"
    },
    {
        "photoId": 2374230,
        "placeTaken": "DK Spodsbjerg",
        "takenAt": 1465890480,
        "copyright": "Kerstin Fischer",
        "description": null,
        "asset": {
            "id": 155798,
            "type": "Cargo",
            "name": "MARY MAERSK"
        },
        "rating": {
            "voteAverage": 5,
            "voteCounter": 1
        },
        "url": "https://images.marinetraffic.com/collection/2374230.webp?size=800"
    },
    {
        "photoId": 2374226,
        "placeTaken": "DK Spodsbjerg",
        "takenAt": 1465890000,
        "copyright": "Kerstin Fischer",
        "description": null,
        "asset": {
            "id": 155798,
            "type": "Cargo",
            "name": "MARY MAERSK"
        },
        "rating": {
            "voteAverage": 0,
            "voteCounter": 0
        },
        "url": "https://images.marinetraffic.com/collection/2374226.webp?size=800"
    },
    {
        "photoId": 2295112,
        "placeTaken": null,
        "takenAt": 1456374360,
        "copyright": "Ventseslav Andreev",
        "description": null,
        "asset": {
            "id": 155798,
            "type": "Cargo",
            "name": "MARY MAERSK"
        },
        "rating": {
            "voteAverage": 0,
            "voteCounter": 0
        },
        "url": "https://images.marinetraffic.com/collection/2295112.webp?size=800"
    },
    {
        "photoId": 2295110,
        "placeTaken": null,
        "takenAt": 1456268940,
        "copyright": "Ventseslav Andreev",
        "description": null,
        "asset": {
            "id": 155798,
            "type": "Cargo",
            "name": "MARY MAERSK"
        },
        "rating": {
            "voteAverage": 5,
            "voteCounter": 1
        },
        "url": "https://images.marinetraffic.com/collection/2295110.webp?size=800"
    },
    {
        "photoId": 2135867,
        "placeTaken": null,
        "takenAt": 1445686980,
        "copyright": "rob damsell",
        "description": null,
        "asset": {
            "id": 155798,
            "type": "Cargo",
            "name": "MARY MAERSK"
        },
        "rating": {
            "voteAverage": 0,
            "voteCounter": 0
        },
        "url": "https://images.marinetraffic.com/collection/2135867.webp?size=800"
    },
    {
        "photoId": 2135471,
        "placeTaken": "Felixstowe ",
        "takenAt": 1445681880,
        "copyright": "Richard Jones",
        "description": null,
        "asset": {
            "id": 155798,
            "type": "Cargo",
            "name": "MARY MAERSK"
        },
        "rating": {
            "voteAverage": 5,
            "voteCounter": 1
        },
        "url": "https://images.marinetraffic.com/collection/2135471.webp?size=800"
    },
    {
        "photoId": 2054190,
        "placeTaken": "felixstowe",
        "takenAt": 1439045880,
        "copyright": "paul hiett",
        "description": null,
        "asset": {
            "id": 155798,
            "type": "Cargo",
            "name": "MARY MAERSK"
        },
        "rating": {
            "voteAverage": 5,
            "voteCounter": 1
        },
        "url": "https://images.marinetraffic.com/collection/2054190.webp?size=800"
    },
    {
        "photoId": 2025968,
        "placeTaken": "Gdask DCT ",
        "takenAt": 1389869520,
        "copyright": "Rafa arnecki",
        "description": null,
        "asset": {
            "id": 155798,
            "type": "Cargo",
            "name": "MARY MAERSK"
        },
        "rating": {
            "voteAverage": 5,
            "voteCounter": 1
        },
        "url": "https://images.marinetraffic.com/collection/2025968.webp?size=800"
    },
    {
        "photoId": 2016799,
        "placeTaken": "Felixstowe ",
        "takenAt": null,
        "copyright": "John Bugg",
        "description": null,
        "asset": {
            "id": 155798,
            "type": "Cargo",
            "name": "MARY MAERSK"
        },
        "rating": {
            "voteAverage": 5,
            "voteCounter": 2
        },
        "url": "https://images.marinetraffic.com/collection/2016799.webp?size=800"
    },
    {
        "photoId": 1988832,
        "placeTaken": "Maasvlakte, Rotterdam",
        "takenAt": 1433794080,
        "copyright": "Krijn Hamelink",
        "description": null,
        "asset": {
            "id": 155798,
            "type": "Cargo",
            "name": "MARY MAERSK"
        },
        "rating": {
            "voteAverage": 0,
            "voteCounter": 0
        },
        "url": "https://images.marinetraffic.com/collection/1988832.webp?size=800"
    },
    {
        "photoId": 1987705,
        "placeTaken": "Maasvlakte, Rotterdam",
        "takenAt": 1433794080,
        "copyright": "Krijn Hamelink",
        "description": null,
        "asset": {
            "id": 155798,
            "type": "Cargo",
            "name": "MARY MAERSK"
        },
        "rating": {
            "voteAverage": 0,
            "voteCounter": 0
        },
        "url": "https://images.marinetraffic.com/collection/1987705.webp?size=800"
    }
]