[
    {
        "photoId": 1972951,
        "placeTaken": "Campingplatz Schillig",
        "takenAt": 1432721940,
        "copyright": "Christoph Schwender",
        "description": null,
        "asset": {
            "id": 155798,
            "type": "Cargo",
            "name": "MARY MAERSK"
        },
        "rating": {
            "voteAverage": 2,
            "voteCounter": 1
        },
        "url": "https://images.marinetraffic.com/collection/1972951.webp?size=800"
    },
    {
        "photoId": 1972900,
        "placeTaken": "Hooksiel",
        "takenAt": 1432720920,
        "copyright": "Winfried Schulmeyer",
        "description": null,
        "asset": {
            "id": 155798,
            "type": "Cargo",
            "name": "MARY MAERSK"
        },
        "rating": {
            "voteAverage": 0,
            "voteCounter": 0
        },
        "url": "https://images.marinetraffic.com/collection/1972900.webp?size=800"
    },
    {
        "photoId": 1972897,
        "placeTaken": "Hooksiel",
        "takenAt": 1432720920,
        "copyright": "Winfried Schulmeyer",
        "description": null,
        "asset": {
            "id": 155798,
            "type": "Cargo",
            "name": "MARY MAERSK"
        },
        "rating": {
            "voteAverage": 0,
            "voteCounter": 0
        },
        "url": "https://images.marinetraffic.com/collection/1972897.webp?size=800"
    },
    {
        "photoId": 1969984,
        "placeTaken": "felixstowe",
        "takenAt": 1432387440,
        "copyright": "paul hiett",
        "description": null,
        "asset": {
            "id": 155798,
            "type": "Cargo",
            "name": "MARY MAERSK"
        },
        "rating": {
            "voteAverage": 5,
            "voteCounter": 1
        },
        "url": "https://images.marinetraffic.com/collection/1969984.webp?size=800"
    },
    {
        "photoId": 1919681,
        "placeTaken": "Maasvlakte",
        "takenAt": 1403963100,
        "copyright": "Bettina Rohbrecht",
        "description": null,
        "asset": {
            "id": 155798,
            "type": "Cargo",
            "name": "MARY MAERSK"
        },
        "rating": {
            "voteAverage": 0,
            "voteCounter": 0
        },
        "url": "https://images.marinetraffic.com/collection/1919681.webp?size=800"
    },
    {
        "photoId": 1903875,
        "placeTaken": "Gdansk",
        "takenAt": 1426353000,
        "copyright": "Michal Renka",
        "description": null,
        "asset": {
            "id": 155798,
            "type": "Cargo",
            "name": "MARY MAERSK"
        },
        "rating": {
            "voteAverage": 5,
            "voteCounter": 1
        },
        "url": "https://images.marinetraffic.com/collection/1903875.webp?size=800"
    },
    {
        "photoId": 1903864,
        "placeTaken": "Gdansk",
        "takenAt": 1426352640,
        "copyright": "Michal Renka",
        "description": null,
        "asset": {
            "id": 155798,
            "type": "Cargo",
            "name": "MARY MAERSK"
        },
        "rating": {
            "voteAverage": 5,
            "voteCounter": 1
        },
        "url": "https://images.marinetraffic.com/collection/1903864.webp?size=800"
    },
    {
        "photoId": 1903862,
        "placeTaken": "Gdansk",
        "takenAt": 1426354140,
        "copyright": "Michal Renka",
        "description": null,
        "asset": {
            "id": 155798,
            "type": "Cargo",
            "name": "MARY MAERSK"
        },
        "rating": {
            "voteAverage": 5,
            "voteCounter": 1
        },
        "url": "https://images.marinetraffic.com/collection/1903862.webp?size=800"
    },
    {
        "photoId": 1903440,
        "placeTaken": "Rotterdam/Netherlands",
        "takenAt": null,
        "copyright": "Michael Schindler",
        "description": null,
        "asset": {
            "id": 155798,
            "type": "Cargo",
            "name": "MARY MAERSK"
        },
        "rating": {
            "voteAverage": 5,
            "voteCounter": 1
        },
        "url": "https://images.marinetraffic.com/collection/1903440.webp?size=800"
    },
    {
        "photoId": 1903438,
        "placeTaken": "Rotterdam/Netherlands",
        "takenAt": null,
        "copyright": "Michael Schindler",
        "description": null,
        "asset": {
            "id": 155798,
            "type": "Cargo",
            "name": "MARY MAERSK"
        },
        "rating": {
            "voteAverage": 5,
            "voteCounter": 1
        },
        "url": "https://images.marinetraffic.com/collection/1903438.webp?size=800"
    },
    {
        "photoId": 1903156,
        "placeTaken": "Gdansk",
        "takenAt": 1426343400,
        "copyright": "Slawomir Burzynski",
        "description": "DCT Gdask",
        "asset": {
            "id": 155798,
            "type": "Cargo",
            "name": "MARY MAERSK"
        },
        "rating": {
            "voteAverage": 0,
            "voteCounter": 0
        },
        "url": "https://images.marinetraffic.com/collection/1903156.webp?size=800"
    },
    {
        "photoId": 1897744,
        "placeTaken": "Felixstowe",
        "takenAt": 1425826620,
        "copyright": "Martin Bott",
        "description": null,
        "asset": {
            "id": 155798,
            "type": "Cargo",
            "name": "MARY MAERSK"
        },
        "rating": {
            "voteAverage": 0,
            "voteCounter": 0
        },
        "url": "https://images.marinetraffic.com/collection/1897744.webp?size=800"
    },
    {
        "photoId": 1897743,
        "placeTaken": "Felixstowe",
        "takenAt": 1425829440,
        "copyright": "Martin Bott",
        "description": null,
        "asset": {
            "id": 155798,
            "type": "Cargo",
            "name": "MARY MAERSK"
        },
        "rating": {
            "voteAverage": 5,
            "voteCounter": 1
        },
        "url": "https://images.marinetraffic.com/collection/1897743.webp?size=800"
    },
    {
        "photoId": 1855729,
        "placeTaken": null,
        "takenAt": 1412097840,
        "copyright": "Valery Cherezov",
        "description": null,
        "asset": {
            "id": 155798,
            "type": "Cargo",
            "name": "MARY MAERSK"
        },
        "rating": {
            "voteAverage": 5,
            "voteCounter": 1
        },
        "url": "https://images.marinetraffic.com/collection/1855729.webp?size=800"
    },
    {
        "photoId": 1855728,
        "placeTaken": null,
        "takenAt": 1412097660,
        "copyright": "Valery Cherezov",
        "description": null,
        "asset": {
            "id": 155798,
            "type": "Cargo",
            "name": "MARY MAERSK"
        },
        "rating": {
            "voteAverage": 0,
            "voteCounter": 0
        },
        "url": "https://images.marinetraffic.com/collection/1855728.webp?size=800"
    },
    {
        "photoId": 1855727,
        "placeTaken": null,
        "takenAt": 1412097480,
        "copyright": "Valery Cherezov",
        "description": null,
        "asset": {
            "id": 155798,
            "type": "Cargo",
            "name": "MARY MAERSK"
        },
        "rating": {
            "voteAverage": 0,
            "voteCounter": 0
        },
        "url": "https://images.marinetraffic.com/collection/1855727.webp?size=800"
    },
    {
        "photoId": 1847150,
        "placeTaken": "Maasvlakte Rotterdam",
        "takenAt": 1419863400,
        "copyright": "Sander Lansbergen",
        "description": null,
        "asset": {
            "id": 155798,
            "type": "Cargo",
            "name": "MARY MAERSK"
        },
        "rating": {
            "voteAverage": 0,
            "voteCounter": 0
        },
        "url": "https://images.marinetraffic.com/collection/1847150.webp?size=800"
    },
    {
        "photoId": 1844831,
        "placeTaken": "Busan New Port, Rep. of Korea",
        "takenAt": 1401180120,
        "copyright": "V. Tonic",
        "description": "At Busan New Port, PNC terminal.",
        "asset": {
            "id": 155798,
            "type": "Cargo",
            "name": "MARY MAERSK"
        },
        "rating": {
            "voteAverage": 0,
            "voteCounter": 0
        },
        "url": "https://images.marinetraffic.com/collection/1844831.webp?size=800"
    },
    {
        "photoId": 1781503,
        "placeTaken": "Port of Aarhus",
        "takenAt": 1412013960,
        "copyright": "Allan J. Kortsen",
        "description": "www.skyaviator.dk",
        "asset": {
            "id": 155798,
            "type": "Cargo",
            "name": "MARY MAERSK"
        },
        "rating": {
            "voteAverage": 5,
            "voteCounter": 2
        },
        "url": "https://images.marinetraffic.com/collection/1781503.webp?size=800"
    },
    {
        "photoId": 1781366,
        "placeTaken": "Strait of Gibraltar, Tarifa, Spain",
        "takenAt": 1405676880,
        "copyright": "Sebastian Kanzler",
        "description": "Mary Maersk in the Strait of Gibraltar",
        "asset": {
            "id": 155798,
            "type": "Cargo",
            "name": "MARY MAERSK"
        },
        "rating": {
            "voteAverage": 0,
            "voteCounter": 0
        },
        "url": "https://images.marinetraffic.com/collection/1781366.webp?size=800"
    }
]