[
    {
        "photoId": 4264382,
        "placeTaken": null,
        "takenAt": null,
        "copyright": "David David Potter",
        "description": null,
        "asset": {
            "id": 122645,
            "type": "Cargo",
            "name": "AURORA"
        },
        "rating": {
            "voteAverage": 0,
            "voteCounter": 0
        },
        "url": "https://images.marinetraffic.com/collection/4264382.webp?size=800"
    },
    {
        "photoId": 4264381,
        "placeTaken": null,
        "takenAt": null,
        "copyright": "David David Potter",
        "description": null,
        "asset": {
            "id": 122645,
            "type": "Cargo",
            "name": "AURORA"
        },
        "rating": {
            "voteAverage": 0,
            "voteCounter": 0
        },
        "url": "https://images.marinetraffic.com/collection/4264381.webp?size=800"
    },
    {
        "photoId": 4212552,
        "placeTaken": "Liverpool",
        "takenAt": 1615560480,
        "copyright": "Howard Harrison",
        "description": null,
        "asset": {
            "id": 122645,
            "type": "Cargo",
            "name": "AURORA"
        },
        "rating": {
            "voteAverage": 0,
            "voteCounter": 0
        },
        "url": "https://images.marinetraffic.com/collection/4212552.webp?size=800"
    },
    {
        "photoId": 4170929,
        "placeTaken": "Firth of Clyde, Scotland",
        "takenAt": 1613486340,
        "copyright": "Michael Leek",
        "description": null,
        "asset": {
            "id": 122645,
            "type": "Cargo",
            "name": "AURORA"
        },
        "rating": {
            "voteAverage": 0,
            "voteCounter": 0
        },
        "url": "https://images.marinetraffic.com/collection/4170929.webp?size=800"
    },
    {
        "photoId": 4170865,
        "placeTaken": "Firth of Clyde, Scotland",
        "takenAt": 1613486160,
        "copyright": "Michael Leek",
        "description": null,
        "asset": {
            "id": 122645,
            "type": "Cargo",
            "name": "AURORA"
        },
        "rating": {
            "voteAverage": 0,
            "voteCounter": 0
        },
        "url": "https://images.marinetraffic.com/collection/4170865.webp?size=800"
    },
    {
        "photoId": 4164039,
        "placeTaken": "Firth of Clyde, Scotland",
        "takenAt": 1612619160,
        "copyright": "Michael Leek",
        "description": null,
        "asset": {
            "id": 122645,
            "type": "Cargo",
            "name": "AURORA"
        },
        "rating": {
            "voteAverage": 0,
            "voteCounter": 0
        },
        "url": "https://images.marinetraffic.com/collection/4164039.webp?size=800"
    },
    {
        "photoId": 4132779,
        "placeTaken": "NL",
        "takenAt": 1599754980,
        "copyright": "Segert van Wensen",
        "description": null,
        "asset": {
            "id": 122645,
            "type": "Cargo",
            "name": "AURORA"
        },
        "rating": {
            "voteAverage": 0,
            "voteCounter": 0
        },
        "url": "https://images.marinetraffic.com/collection/4132779.webp?size=800"
    },
    {
        "photoId": 4070416,
        "placeTaken": "Bremerhaven",
        "takenAt": 1467117060,
        "copyright": "Rolf Bridde",
        "description": null,
        "asset": {
            "id": 122645,
            "type": "Cargo",
            "name": "AURORA"
        },
        "rating": {
            "voteAverage": 5,
            "voteCounter": 1
        },
        "url": "https://images.marinetraffic.com/collection/4070416.webp?size=800"
    },
    {
        "photoId": 4069239,
        "placeTaken": "Maasvlakte,Rotterdam",
        "takenAt": 1600786500,
        "copyright": "Krijn Hamelink",
        "description": null,
        "asset": {
            "id": 122645,
            "type": "Cargo",
            "name": "AURORA"
        },
        "rating": {
            "voteAverage": 0,
            "voteCounter": 0
        },
        "url": "https://images.marinetraffic.com/collection/4069239.webp?size=800"
    },
    {
        "photoId": 4065991,
        "placeTaken": "BELFAST ANCHORAGE",
        "takenAt": null,
        "copyright": "J E T Byrne",
        "description": null,
        "asset": {
            "id": 122645,
            "type": "Cargo",
            "name": "AURORA"
        },
        "rating": {
            "voteAverage": 0,
            "voteCounter": 0
        },
        "url": "https://images.marinetraffic.com/collection/4065991.webp?size=800"
    },
    {
        "photoId": 4051360,
        "placeTaken": "Las Palmas de Gran Canaria",
        "takenAt": 1551633660,
        "copyright": "Rolf Bridde",
        "description": null,
        "asset": {
            "id": 122645,
            "type": "Cargo",
            "name": "AURORA"
        },
        "rating": {
            "voteAverage": 0,
            "voteCounter": 0
        },
        "url": "https://images.marinetraffic.com/collection/4051360.webp?size=800"
    },
    {
        "photoId": 4041566,
        "placeTaken": "Kiel, NOK",
        "takenAt": 1346846040,
        "copyright": "Dietmar Reichert",
        "description": null,
        "asset": {
            "id": 122645,
            "type": "Cargo",
            "name": "AURORA"
        },
        "rating": {
            "voteAverage": 5,
            "voteCounter": 6
        },
        "url": "https://images.marinetraffic.com/collection/4041566.webp?size=800"
    },
    {
        "photoId": 4041565,
        "placeTaken": "Kiel, NOK",
        "takenAt": 1346845860,
        "copyright": "Dietmar Reichert",
        "description": null,
        "asset": {
            "id": 122645,
            "type": "Cargo",
            "name": "AURORA"
        },
        "rating": {
            "voteAverage": 5,
            "voteCounter": 6
        },
        "url": "https://images.marinetraffic.com/collection/4041565.webp?size=800"
    },
    {
        "photoId": 4035960,
        "placeTaken": "Maasvlakte Rotterdam",
        "takenAt": 1600786680,
        "copyright": "Patrick Deenik",
        "description": null,
        "asset": {
            "id": 122645,
            "type": "Cargo",
            "name": "AURORA"
        },
        "rating": {
            "voteAverage": 0,
            "voteCounter": 0
        },
        "url": "https://images.marinetraffic.com/collection/4035960.webp?size=800"
    },
    {
        "photoId": 4035959,
        "placeTaken": "Maasvlakte Rotterdam",
        "takenAt": 1600786320,
        "copyright": "Patrick Deenik",
        "description": null,
        "asset": {
            "id": 122645,
            "type": "Cargo",
            "name": "AURORA"
        },
        "rating": {
            "voteAverage": 0,
            "voteCounter": 0
        },
        "url": "https://images.marinetraffic.com/collection/4035959.webp?size=800"
    },
    {
        "photoId": 4026755,
        "placeTaken": null,
        "takenAt": 1600261140,
        "copyright": "Michael Bateman",
        "description": null,
        "asset": {
            "id": 122645,
            "type": "Cargo",
            "name": "AURORA"
        },
        "rating": {
            "voteAverage": 0,
            "voteCounter": 0
        },
        "url": "https://images.marinetraffic.com/collection/4026755.webp?size=800"
    },
    {
        "photoId": 4024008,
        "placeTaken": "Westerschelde",
        "takenAt": 1599750960,
        "copyright": "Leo Pekaar",
        "description": null,
        "asset": {
            "id": 122645,
            "type": "Cargo",
            "name": "AURORA"
        },
        "rating": {
            "voteAverage": 0,
            "voteCounter": 0
        },
        "url": "https://images.marinetraffic.com/collection/4024008.webp?size=800"
    },
    {
        "photoId": 4022748,
        "placeTaken": "Terneuzen Margarethapolder",
        "takenAt": 1599204240,
        "copyright": "Alex Van Herrewege - Bert van Broekhoven",
        "description": null,
        "asset": {
            "id": 122645,
            "type": "Cargo",
            "name": "AURORA"
        },
        "rating": {
            "voteAverage": 0,
            "voteCounter": 0
        },
        "url": "https://images.marinetraffic.com/collection/4022748.webp?size=800"
    },
    {
        "photoId": 4020960,
        "placeTaken": "Breskens",
        "takenAt": 1599755280,
        "copyright": "W.J.M. Uytterhoeven",
        "description": "Antwerpen - Rotterdam",
        "asset": {
            "id": 122645,
            "type": "Cargo",
            "name": "AURORA"
        },
        "rating": {
            "voteAverage": 0,
            "voteCounter": 0
        },
        "url": "https://images.marinetraffic.com/collection/4020960.webp?size=800"
    },
    {
        "photoId": 4020849,
        "placeTaken": "de Griete Westerschelde",
        "takenAt": 1599752280,
        "copyright": "Carlos van Hecke",
        "description": null,
        "asset": {
            "id": 122645,
            "type": "Cargo",
            "name": "AURORA"
        },
        "rating": {
            "voteAverage": 5,
            "voteCounter": 1
        },
        "url": "https://images.marinetraffic.com/collection/4020849.webp?size=800"
    }
]