[
    {
        "photoId": 4622039,
        "placeTaken": null,
        "takenAt": null,
        "copyright": "David David Potter",
        "description": null,
        "asset": {
            "id": 122645,
            "type": "Cargo",
            "name": "AURORA"
        },
        "rating": {
            "voteAverage": 0,
            "voteCounter": 0
        },
        "url": "https://images.marinetraffic.com/collection/4622039.webp?size=800"
    },
    {
        "photoId": 4588978,
        "placeTaken": "NL",
        "takenAt": 1599754980,
        "copyright": "Segert van Wensen",
        "description": null,
        "asset": {
            "id": 122645,
            "type": "Cargo",
            "name": "AURORA"
        },
        "rating": {
            "voteAverage": 0,
            "voteCounter": 0
        },
        "url": "https://images.marinetraffic.com/collection/4588978.webp?size=800"
    },
    {
        "photoId": 4572645,
        "placeTaken": null,
        "takenAt": null,
        "copyright": "David David Potter",
        "description": null,
        "asset": {
            "id": 122645,
            "type": "Cargo",
            "name": "AURORA"
        },
        "rating": {
            "voteAverage": 0,
            "voteCounter": 0
        },
        "url": "https://images.marinetraffic.com/collection/4572645.webp?size=800"
    },
    {
        "photoId": 4477306,
        "placeTaken": "NOK - Lotsenstation Ruesterbergen Schuelp",
        "takenAt": 1635076200,
        "copyright": "Peter aus Holtenau",
        "description": null,
        "asset": {
            "id": 122645,
            "type": "Cargo",
            "name": "AURORA"
        },
        "rating": {
            "voteAverage": 5,
            "voteCounter": 1
        },
        "url": "https://images.marinetraffic.com/collection/4477306.webp?size=800"
    },
    {
        "photoId": 4477302,
        "placeTaken": "NOK - Lotsenstation Ruesterbergen Schuelp",
        "takenAt": 1635076020,
        "copyright": "Peter aus Holtenau",
        "description": null,
        "asset": {
            "id": 122645,
            "type": "Cargo",
            "name": "AURORA"
        },
        "rating": {
            "voteAverage": 5,
            "voteCounter": 3
        },
        "url": "https://images.marinetraffic.com/collection/4477302.webp?size=800"
    },
    {
        "photoId": 4474253,
        "placeTaken": "Kiel Canal / Germany",
        "takenAt": 1635083700,
        "copyright": "Nils Junge",
        "description": null,
        "asset": {
            "id": 122645,
            "type": "Cargo",
            "name": "AURORA"
        },
        "rating": {
            "voteAverage": 5,
            "voteCounter": 6
        },
        "url": "https://images.marinetraffic.com/collection/4474253.webp?size=800"
    },
    {
        "photoId": 4470792,
        "placeTaken": "NOK - Lotsenstation Ruesterbergen Schuelp",
        "takenAt": 1635076080,
        "copyright": "Peter aus Holtenau",
        "description": null,
        "asset": {
            "id": 122645,
            "type": "Cargo",
            "name": "AURORA"
        },
        "rating": {
            "voteAverage": 5,
            "voteCounter": 1
        },
        "url": "https://images.marinetraffic.com/collection/4470792.webp?size=800"
    },
    {
        "photoId": 4469587,
        "placeTaken": "Kiel Canal",
        "takenAt": 1635070620,
        "copyright": "Malte Schwarz",
        "description": null,
        "asset": {
            "id": 122645,
            "type": "Cargo",
            "name": "AURORA"
        },
        "rating": {
            "voteAverage": 0,
            "voteCounter": 0
        },
        "url": "https://images.marinetraffic.com/collection/4469587.webp?size=800"
    },
    {
        "photoId": 4382923,
        "placeTaken": "Hamburg Bubendey Ufer",
        "takenAt": 1627397940,
        "copyright": "Michael Hatje",
        "description": null,
        "asset": {
            "id": 122645,
            "type": "Cargo",
            "name": "AURORA"
        },
        "rating": {
            "voteAverage": 0,
            "voteCounter": 0
        },
        "url": "https://images.marinetraffic.com/collection/4382923.webp?size=800"
    },
    {
        "photoId": 4361888,
        "placeTaken": null,
        "takenAt": null,
        "copyright": "David David Potter",
        "description": "Calshot Chimney in background.",
        "asset": {
            "id": 122645,
            "type": "Cargo",
            "name": "AURORA"
        },
        "rating": {
            "voteAverage": 0,
            "voteCounter": 0
        },
        "url": "https://images.marinetraffic.com/collection/4361888.webp?size=800"
    },
    {
        "photoId": 4357957,
        "placeTaken": "Rotterdam Maasvlakte",
        "takenAt": 1626595740,
        "copyright": "Arjan Elmendorp",
        "description": "Outbound",
        "asset": {
            "id": 122645,
            "type": "Cargo",
            "name": "AURORA"
        },
        "rating": {
            "voteAverage": 0,
            "voteCounter": 0
        },
        "url": "https://images.marinetraffic.com/collection/4357957.webp?size=800"
    },
    {
        "photoId": 4350146,
        "placeTaken": "Maasmond",
        "takenAt": 1626529440,
        "copyright": "paul gerdes",
        "description": null,
        "asset": {
            "id": 122645,
            "type": "Cargo",
            "name": "AURORA"
        },
        "rating": {
            "voteAverage": 0,
            "voteCounter": 0
        },
        "url": "https://images.marinetraffic.com/collection/4350146.webp?size=800"
    },
    {
        "photoId": 4350145,
        "placeTaken": "Maasmond",
        "takenAt": 1626529320,
        "copyright": "paul gerdes",
        "description": null,
        "asset": {
            "id": 122645,
            "type": "Cargo",
            "name": "AURORA"
        },
        "rating": {
            "voteAverage": 0,
            "voteCounter": 0
        },
        "url": "https://images.marinetraffic.com/collection/4350145.webp?size=800"
    },
    {
        "photoId": 4350144,
        "placeTaken": "Maasmond",
        "takenAt": 1626529260,
        "copyright": "paul gerdes",
        "description": null,
        "asset": {
            "id": 122645,
            "type": "Cargo",
            "name": "AURORA"
        },
        "rating": {
            "voteAverage": 0,
            "voteCounter": 0
        },
        "url": "https://images.marinetraffic.com/collection/4350144.webp?size=800"
    },
    {
        "photoId": 4309467,
        "placeTaken": "st helens",
        "takenAt": 1623588780,
        "copyright": "steve jacobs",
        "description": "aurora",
        "asset": {
            "id": 122645,
            "type": "Cargo",
            "name": "AURORA"
        },
        "rating": {
            "voteAverage": 0,
            "voteCounter": 0
        },
        "url": "https://images.marinetraffic.com/collection/4309467.webp?size=800"
    },
    {
        "photoId": 4309464,
        "placeTaken": "st helens",
        "takenAt": 1623588720,
        "copyright": "steve jacobs",
        "description": "aurora",
        "asset": {
            "id": 122645,
            "type": "Cargo",
            "name": "AURORA"
        },
        "rating": {
            "voteAverage": 0,
            "voteCounter": 0
        },
        "url": "https://images.marinetraffic.com/collection/4309464.webp?size=800"
    },
    {
        "photoId": 4306322,
        "placeTaken": "Rotterdam Waalhaven Holland",
        "takenAt": 1619872200,
        "copyright": "Joop Klaasman",
        "description": "Seen Waalhaven Rotterdam Holland",
        "asset": {
            "id": 122645,
            "type": "Cargo",
            "name": "AURORA"
        },
        "rating": {
            "voteAverage": 0,
            "voteCounter": 0
        },
        "url": "https://images.marinetraffic.com/collection/4306322.webp?size=800"
    },
    {
        "photoId": 4285439,
        "placeTaken": "Rotterdam-Maasvlakte",
        "takenAt": 1621759800,
        "copyright": "Erwin Willemse",
        "description": null,
        "asset": {
            "id": 122645,
            "type": "Cargo",
            "name": "AURORA"
        },
        "rating": {
            "voteAverage": 5,
            "voteCounter": 1
        },
        "url": "https://images.marinetraffic.com/collection/4285439.webp?size=800"
    },
    {
        "photoId": 4285438,
        "placeTaken": "Rotterdam-Maasvlakte",
        "takenAt": 1621759680,
        "copyright": "Erwin Willemse",
        "description": null,
        "asset": {
            "id": 122645,
            "type": "Cargo",
            "name": "AURORA"
        },
        "rating": {
            "voteAverage": 4,
            "voteCounter": 1
        },
        "url": "https://images.marinetraffic.com/collection/4285438.webp?size=800"
    },
    {
        "photoId": 4278644,
        "placeTaken": "Maassluis, Het Scheur",
        "takenAt": 1619877480,
        "copyright": "RIA MAAT",
        "description": null,
        "asset": {
            "id": 122645,
            "type": "Cargo",
            "name": "AURORA"
        },
        "rating": {
            "voteAverage": 0,
            "voteCounter": 0
        },
        "url": "https://images.marinetraffic.com/collection/4278644.webp?size=800"
    }
]