[
    {
        "photoId": 4847302,
        "placeTaken": "Tyne",
        "takenAt": 1662218280,
        "copyright": "Neil C McBride",
        "description": "In for the container terminal",
        "asset": {
            "id": 122645,
            "type": "Cargo",
            "name": "AURORA"
        },
        "rating": {
            "voteAverage": 0,
            "voteCounter": 0
        },
        "url": "https://images.marinetraffic.com/collection/4847302.webp?size=800"
    },
    {
        "photoId": 4847301,
        "placeTaken": "Tyne",
        "takenAt": 1662218220,
        "copyright": "Neil C McBride",
        "description": "In for the container terminal",
        "asset": {
            "id": 122645,
            "type": "Cargo",
            "name": "AURORA"
        },
        "rating": {
            "voteAverage": 0,
            "voteCounter": 0
        },
        "url": "https://images.marinetraffic.com/collection/4847301.webp?size=800"
    },
    {
        "photoId": 4831528,
        "placeTaken": "Maasvlakte/Rotterdam",
        "takenAt": 1662137220,
        "copyright": "Michael Brakhage",
        "description": null,
        "asset": {
            "id": 122645,
            "type": "Cargo",
            "name": "AURORA"
        },
        "rating": {
            "voteAverage": 0,
            "voteCounter": 0
        },
        "url": "https://images.marinetraffic.com/collection/4831528.webp?size=800"
    },
    {
        "photoId": 4805268,
        "placeTaken": "ROTTERDAM en omgeving",
        "takenAt": 1660476720,
        "copyright": "Aloys Eijgermans",
        "description": null,
        "asset": {
            "id": 122645,
            "type": "Cargo",
            "name": "AURORA"
        },
        "rating": {
            "voteAverage": 0,
            "voteCounter": 0
        },
        "url": "https://images.marinetraffic.com/collection/4805268.webp?size=800"
    },
    {
        "photoId": 4805267,
        "placeTaken": "ROTTERDAM en omgeving",
        "takenAt": 1660476840,
        "copyright": "Aloys Eijgermans",
        "description": null,
        "asset": {
            "id": 122645,
            "type": "Cargo",
            "name": "AURORA"
        },
        "rating": {
            "voteAverage": 0,
            "voteCounter": 0
        },
        "url": "https://images.marinetraffic.com/collection/4805267.webp?size=800"
    },
    {
        "photoId": 4799307,
        "placeTaken": "Tees",
        "takenAt": 1660736340,
        "copyright": "Peter Ward",
        "description": "Leaving the Tees",
        "asset": {
            "id": 122645,
            "type": "Cargo",
            "name": "AURORA"
        },
        "rating": {
            "voteAverage": 5,
            "voteCounter": 1
        },
        "url": "https://images.marinetraffic.com/collection/4799307.webp?size=800"
    },
    {
        "photoId": 4789845,
        "placeTaken": "NOK - Landwehr",
        "takenAt": 1659957180,
        "copyright": "Peter aus Holtenau",
        "description": null,
        "asset": {
            "id": 122645,
            "type": "Cargo",
            "name": "AURORA"
        },
        "rating": {
            "voteAverage": 0,
            "voteCounter": 0
        },
        "url": "https://images.marinetraffic.com/collection/4789845.webp?size=800"
    },
    {
        "photoId": 4789687,
        "placeTaken": "NOK - Landwehr",
        "takenAt": 1659957120,
        "copyright": "Peter aus Holtenau",
        "description": null,
        "asset": {
            "id": 122645,
            "type": "Cargo",
            "name": "AURORA"
        },
        "rating": {
            "voteAverage": 5,
            "voteCounter": 5
        },
        "url": "https://images.marinetraffic.com/collection/4789687.webp?size=800"
    },
    {
        "photoId": 4789588,
        "placeTaken": "NOK Landwehr",
        "takenAt": 1659960960,
        "copyright": "Helge Schilling",
        "description": null,
        "asset": {
            "id": 122645,
            "type": "Cargo",
            "name": "AURORA"
        },
        "rating": {
            "voteAverage": 0,
            "voteCounter": 0
        },
        "url": "https://images.marinetraffic.com/collection/4789588.webp?size=800"
    },
    {
        "photoId": 4789587,
        "placeTaken": "NOK Landwehr",
        "takenAt": 1659960840,
        "copyright": "Helge Schilling",
        "description": null,
        "asset": {
            "id": 122645,
            "type": "Cargo",
            "name": "AURORA"
        },
        "rating": {
            "voteAverage": 0,
            "voteCounter": 0
        },
        "url": "https://images.marinetraffic.com/collection/4789587.webp?size=800"
    },
    {
        "photoId": 4789586,
        "placeTaken": "NOK Landwehr",
        "takenAt": 1659960900,
        "copyright": "Helge Schilling",
        "description": null,
        "asset": {
            "id": 122645,
            "type": "Cargo",
            "name": "AURORA"
        },
        "rating": {
            "voteAverage": 0,
            "voteCounter": 0
        },
        "url": "https://images.marinetraffic.com/collection/4789586.webp?size=800"
    },
    {
        "photoId": 4789584,
        "placeTaken": "NOK Landwehr",
        "takenAt": 1659960780,
        "copyright": "Helge Schilling",
        "description": null,
        "asset": {
            "id": 122645,
            "type": "Cargo",
            "name": "AURORA"
        },
        "rating": {
            "voteAverage": 0,
            "voteCounter": 0
        },
        "url": "https://images.marinetraffic.com/collection/4789584.webp?size=800"
    },
    {
        "photoId": 4789449,
        "placeTaken": "NOK - Landwehr",
        "takenAt": 1659957060,
        "copyright": "Peter aus Holtenau",
        "description": null,
        "asset": {
            "id": 122645,
            "type": "Cargo",
            "name": "AURORA"
        },
        "rating": {
            "voteAverage": 0,
            "voteCounter": 0
        },
        "url": "https://images.marinetraffic.com/collection/4789449.webp?size=800"
    },
    {
        "photoId": 4788966,
        "placeTaken": "NOK - Landwehr",
        "takenAt": 1659957000,
        "copyright": "Peter aus Holtenau",
        "description": null,
        "asset": {
            "id": 122645,
            "type": "Cargo",
            "name": "AURORA"
        },
        "rating": {
            "voteAverage": 5,
            "voteCounter": 1
        },
        "url": "https://images.marinetraffic.com/collection/4788966.webp?size=800"
    },
    {
        "photoId": 4786159,
        "placeTaken": "Kieler Foerde",
        "takenAt": 1659187860,
        "copyright": "Nils Junge",
        "description": null,
        "asset": {
            "id": 122645,
            "type": "Cargo",
            "name": "AURORA"
        },
        "rating": {
            "voteAverage": 0,
            "voteCounter": 0
        },
        "url": "https://images.marinetraffic.com/collection/4786159.webp?size=800"
    },
    {
        "photoId": 4783874,
        "placeTaken": "Hamburg/Altenwerder",
        "takenAt": 1262559180,
        "copyright": "Christian Mailer",
        "description": null,
        "asset": {
            "id": 122645,
            "type": "Cargo",
            "name": "AURORA"
        },
        "rating": {
            "voteAverage": 0,
            "voteCounter": 0
        },
        "url": "https://images.marinetraffic.com/collection/4783874.webp?size=800"
    },
    {
        "photoId": 4751747,
        "placeTaken": "Nieuwe Waterweg, Hoek van Holland, NL",
        "takenAt": 1657739100,
        "copyright": "Rush 2112",
        "description": null,
        "asset": {
            "id": 122645,
            "type": "Cargo",
            "name": "AURORA"
        },
        "rating": {
            "voteAverage": 0,
            "voteCounter": 0
        },
        "url": "https://images.marinetraffic.com/collection/4751747.webp?size=800"
    },
    {
        "photoId": 4751746,
        "placeTaken": "Nieuwe Waterweg, Hoek van Holland, NL",
        "takenAt": 1657739040,
        "copyright": "Rush 2112",
        "description": null,
        "asset": {
            "id": 122645,
            "type": "Cargo",
            "name": "AURORA"
        },
        "rating": {
            "voteAverage": 0,
            "voteCounter": 0
        },
        "url": "https://images.marinetraffic.com/collection/4751746.webp?size=800"
    },
    {
        "photoId": 4679264,
        "placeTaken": "Europoort",
        "takenAt": 1653228060,
        "copyright": "Henk Jungerius",
        "description": "Europoort",
        "asset": {
            "id": 122645,
            "type": "Cargo",
            "name": "AURORA"
        },
        "rating": {
            "voteAverage": 0,
            "voteCounter": 0
        },
        "url": "https://images.marinetraffic.com/collection/4679264.webp?size=800"
    },
    {
        "photoId": 4622042,
        "placeTaken": null,
        "takenAt": null,
        "copyright": "David David Potter",
        "description": null,
        "asset": {
            "id": 122645,
            "type": "Cargo",
            "name": "AURORA"
        },
        "rating": {
            "voteAverage": 0,
            "voteCounter": 0
        },
        "url": "https://images.marinetraffic.com/collection/4622042.webp?size=800"
    }
]