[
    {
        "photoId": 4004821,
        "placeTaken": null,
        "takenAt": 1598614260,
        "copyright": "Tony Withers",
        "description": null,
        "asset": {
            "id": 122645,
            "type": "Cargo",
            "name": "AURORA"
        },
        "rating": {
            "voteAverage": 5,
            "voteCounter": 1
        },
        "url": "https://images.marinetraffic.com/collection/4004821.webp?size=800"
    },
    {
        "photoId": 4002969,
        "placeTaken": null,
        "takenAt": 1598457180,
        "copyright": "Tony Withers",
        "description": null,
        "asset": {
            "id": 122645,
            "type": "Cargo",
            "name": "AURORA"
        },
        "rating": {
            "voteAverage": 0,
            "voteCounter": 0
        },
        "url": "https://images.marinetraffic.com/collection/4002969.webp?size=800"
    },
    {
        "photoId": 4001578,
        "placeTaken": null,
        "takenAt": 1598353800,
        "copyright": "Tony Withers",
        "description": null,
        "asset": {
            "id": 122645,
            "type": "Cargo",
            "name": "AURORA"
        },
        "rating": {
            "voteAverage": 0,
            "voteCounter": 0
        },
        "url": "https://images.marinetraffic.com/collection/4001578.webp?size=800"
    },
    {
        "photoId": 4000689,
        "placeTaken": "Terneuzen Margarethapolder",
        "takenAt": 1597558740,
        "copyright": "Alex Van Herrewege",
        "description": null,
        "asset": {
            "id": 122645,
            "type": "Cargo",
            "name": "AURORA"
        },
        "rating": {
            "voteAverage": 0,
            "voteCounter": 0
        },
        "url": "https://images.marinetraffic.com/collection/4000689.webp?size=800"
    },
    {
        "photoId": 3975167,
        "placeTaken": "Kiel Canal",
        "takenAt": 1596468600,
        "copyright": "Helge Massmann",
        "description": null,
        "asset": {
            "id": 122645,
            "type": "Cargo",
            "name": "AURORA"
        },
        "rating": {
            "voteAverage": 5,
            "voteCounter": 23
        },
        "url": "https://images.marinetraffic.com/collection/3975167.webp?size=800"
    },
    {
        "photoId": 3975161,
        "placeTaken": "Kiel Canal",
        "takenAt": 1596468720,
        "copyright": "Helge Massmann",
        "description": null,
        "asset": {
            "id": 122645,
            "type": "Cargo",
            "name": "AURORA"
        },
        "rating": {
            "voteAverage": 5,
            "voteCounter": 18
        },
        "url": "https://images.marinetraffic.com/collection/3975161.webp?size=800"
    },
    {
        "photoId": 3938552,
        "placeTaken": "Fhre Landwehr",
        "takenAt": 1593692160,
        "copyright": "Manfred Sesemann",
        "description": null,
        "asset": {
            "id": 122645,
            "type": "Cargo",
            "name": "AURORA"
        },
        "rating": {
            "voteAverage": 5,
            "voteCounter": 5
        },
        "url": "https://images.marinetraffic.com/collection/3938552.webp?size=800"
    },
    {
        "photoId": 3938550,
        "placeTaken": "Fhre Landwehr",
        "takenAt": 1593692100,
        "copyright": "Manfred Sesemann",
        "description": null,
        "asset": {
            "id": 122645,
            "type": "Cargo",
            "name": "AURORA"
        },
        "rating": {
            "voteAverage": 5,
            "voteCounter": 6
        },
        "url": "https://images.marinetraffic.com/collection/3938550.webp?size=800"
    },
    {
        "photoId": 3903787,
        "placeTaken": "NOK-Schachtholm",
        "takenAt": 1591097580,
        "copyright": "Hans-Peter Schroeder",
        "description": null,
        "asset": {
            "id": 122645,
            "type": "Cargo",
            "name": "AURORA"
        },
        "rating": {
            "voteAverage": 5,
            "voteCounter": 12
        },
        "url": "https://images.marinetraffic.com/collection/3903787.webp?size=800"
    },
    {
        "photoId": 3903785,
        "placeTaken": "NOK-Schachtholm",
        "takenAt": 1591097400,
        "copyright": "Hans-Peter Schroeder",
        "description": null,
        "asset": {
            "id": 122645,
            "type": "Cargo",
            "name": "AURORA"
        },
        "rating": {
            "voteAverage": 5,
            "voteCounter": 16
        },
        "url": "https://images.marinetraffic.com/collection/3903785.webp?size=800"
    },
    {
        "photoId": 3900566,
        "placeTaken": "NOK-Westerroenfeld",
        "takenAt": 1591095180,
        "copyright": "Hans-Peter Schroeder",
        "description": null,
        "asset": {
            "id": 122645,
            "type": "Cargo",
            "name": "AURORA"
        },
        "rating": {
            "voteAverage": 5,
            "voteCounter": 22
        },
        "url": "https://images.marinetraffic.com/collection/3900566.webp?size=800"
    },
    {
        "photoId": 3885992,
        "placeTaken": "Hamburg",
        "takenAt": 1587293160,
        "copyright": "Thomas Tauchert",
        "description": null,
        "asset": {
            "id": 122645,
            "type": "Cargo",
            "name": "AURORA"
        },
        "rating": {
            "voteAverage": 0,
            "voteCounter": 0
        },
        "url": "https://images.marinetraffic.com/collection/3885992.webp?size=800"
    },
    {
        "photoId": 3878492,
        "placeTaken": "Sehestedt /NOK",
        "takenAt": 1589717640,
        "copyright": "Helmut Ivers",
        "description": null,
        "asset": {
            "id": 122645,
            "type": "Cargo",
            "name": "AURORA"
        },
        "rating": {
            "voteAverage": 5,
            "voteCounter": 1
        },
        "url": "https://images.marinetraffic.com/collection/3878492.webp?size=800"
    },
    {
        "photoId": 3878491,
        "placeTaken": "Sehestedt /NOK",
        "takenAt": 1589717760,
        "copyright": "Helmut Ivers",
        "description": null,
        "asset": {
            "id": 122645,
            "type": "Cargo",
            "name": "AURORA"
        },
        "rating": {
            "voteAverage": 0,
            "voteCounter": 0
        },
        "url": "https://images.marinetraffic.com/collection/3878491.webp?size=800"
    },
    {
        "photoId": 3877413,
        "placeTaken": "NOK - Sehestedt",
        "takenAt": 1589721480,
        "copyright": "Peter aus Holtenau",
        "description": null,
        "asset": {
            "id": 122645,
            "type": "Cargo",
            "name": "AURORA"
        },
        "rating": {
            "voteAverage": 5,
            "voteCounter": 1
        },
        "url": "https://images.marinetraffic.com/collection/3877413.webp?size=800"
    },
    {
        "photoId": 3877412,
        "placeTaken": "NOK - Sehestedt",
        "takenAt": 1589721360,
        "copyright": "Peter aus Holtenau",
        "description": null,
        "asset": {
            "id": 122645,
            "type": "Cargo",
            "name": "AURORA"
        },
        "rating": {
            "voteAverage": 5,
            "voteCounter": 8
        },
        "url": "https://images.marinetraffic.com/collection/3877412.webp?size=800"
    },
    {
        "photoId": 3869702,
        "placeTaken": "Kieler Bucht",
        "takenAt": 1562948580,
        "copyright": "Siegfried Haase",
        "description": null,
        "asset": {
            "id": 122645,
            "type": "Cargo",
            "name": "AURORA"
        },
        "rating": {
            "voteAverage": 5,
            "voteCounter": 1
        },
        "url": "https://images.marinetraffic.com/collection/3869702.webp?size=800"
    },
    {
        "photoId": 3851993,
        "placeTaken": "Terneuzen Roads",
        "takenAt": 1587624540,
        "copyright": "Frans Anemaet",
        "description": "Sunset at Terneuzen Roads",
        "asset": {
            "id": 122645,
            "type": "Cargo",
            "name": "AURORA"
        },
        "rating": {
            "voteAverage": 0,
            "voteCounter": 0
        },
        "url": "https://images.marinetraffic.com/collection/3851993.webp?size=800"
    },
    {
        "photoId": 3849560,
        "placeTaken": "Hamburg-Rueschpark",
        "takenAt": 1587386760,
        "copyright": "S.Seelemann",
        "description": null,
        "asset": {
            "id": 122645,
            "type": "Cargo",
            "name": "AURORA"
        },
        "rating": {
            "voteAverage": 5,
            "voteCounter": 2
        },
        "url": "https://images.marinetraffic.com/collection/3849560.webp?size=800"
    },
    {
        "photoId": 3808363,
        "placeTaken": null,
        "takenAt": 1500982440,
        "copyright": "Frank Tribull",
        "description": "als AURORA aufgenommen am 25.07.2017 bei Cuxhaven H\u00f6he Steubenh\u00f6ft",
        "asset": {
            "id": 122645,
            "type": "Cargo",
            "name": "AURORA"
        },
        "rating": {
            "voteAverage": 0,
            "voteCounter": 0
        },
        "url": "https://images.marinetraffic.com/collection/3808363.webp?size=800"
    }
]