[
    {
        "photoId": 2422169,
        "placeTaken": "Southampton Container Docks",
        "takenAt": 1470913380,
        "copyright": "Les Rickman",
        "description": null,
        "asset": {
            "id": 143653,
            "type": "Cargo",
            "name": "KYOTO EXPRESS"
        },
        "rating": {
            "voteAverage": 0,
            "voteCounter": 0
        },
        "url": "https://images.marinetraffic.com/collection/2422169.webp?size=800"
    },
    {
        "photoId": 2416618,
        "placeTaken": "Port of Rotterdam",
        "takenAt": 1470465540,
        "copyright": "Roeland.J.",
        "description": null,
        "asset": {
            "id": 143653,
            "type": "Cargo",
            "name": "KYOTO EXPRESS"
        },
        "rating": {
            "voteAverage": 0,
            "voteCounter": 0
        },
        "url": "https://images.marinetraffic.com/collection/2416618.webp?size=800"
    },
    {
        "photoId": 2362118,
        "placeTaken": "Habour Hamburg",
        "takenAt": 1159783500,
        "copyright": "Arno Bruegmann",
        "description": null,
        "asset": {
            "id": 143653,
            "type": "Cargo",
            "name": "KYOTO EXPRESS"
        },
        "rating": {
            "voteAverage": 4,
            "voteCounter": 1
        },
        "url": "https://images.marinetraffic.com/collection/2362118.webp?size=800"
    },
    {
        "photoId": 2362116,
        "placeTaken": "River Elbe",
        "takenAt": 1310322120,
        "copyright": "Arno Bruegmann",
        "description": null,
        "asset": {
            "id": 143653,
            "type": "Cargo",
            "name": "KYOTO EXPRESS"
        },
        "rating": {
            "voteAverage": 0,
            "voteCounter": 0
        },
        "url": "https://images.marinetraffic.com/collection/2362116.webp?size=800"
    },
    {
        "photoId": 2333500,
        "placeTaken": "Busan, Rep. of Korea",
        "takenAt": 1425827940,
        "copyright": "V. Tonic",
        "description": "At Busan port, Gamman terminal.",
        "asset": {
            "id": 143653,
            "type": "Cargo",
            "name": "KYOTO EXPRESS"
        },
        "rating": {
            "voteAverage": 0,
            "voteCounter": 0
        },
        "url": "https://images.marinetraffic.com/collection/2333500.webp?size=800"
    },
    {
        "photoId": 2333499,
        "placeTaken": "Busan, Rep. of Korea",
        "takenAt": 1425827520,
        "copyright": "V. Tonic",
        "description": "At Busan port, Gamman terminal.",
        "asset": {
            "id": 143653,
            "type": "Cargo",
            "name": "KYOTO EXPRESS"
        },
        "rating": {
            "voteAverage": 0,
            "voteCounter": 0
        },
        "url": "https://images.marinetraffic.com/collection/2333499.webp?size=800"
    },
    {
        "photoId": 2333498,
        "placeTaken": "Busan, Rep. of Korea",
        "takenAt": 1425826440,
        "copyright": "V. Tonic",
        "description": "At Busan port, Gamman terminal.",
        "asset": {
            "id": 143653,
            "type": "Cargo",
            "name": "KYOTO EXPRESS"
        },
        "rating": {
            "voteAverage": 0,
            "voteCounter": 0
        },
        "url": "https://images.marinetraffic.com/collection/2333498.webp?size=800"
    },
    {
        "photoId": 2274209,
        "placeTaken": "Delta, British Columbia",
        "takenAt": 1459545480,
        "copyright": "Malcolm Millar",
        "description": "Working at Delta Port 1",
        "asset": {
            "id": 143653,
            "type": "Cargo",
            "name": "KYOTO EXPRESS"
        },
        "rating": {
            "voteAverage": 4,
            "voteCounter": 1
        },
        "url": "https://images.marinetraffic.com/collection/2274209.webp?size=800"
    },
    {
        "photoId": 2231728,
        "placeTaken": "vancouver canada",
        "takenAt": 1455712680,
        "copyright": "rick voice",
        "description": "English bay anchorage.",
        "asset": {
            "id": 143653,
            "type": "Cargo",
            "name": "KYOTO EXPRESS"
        },
        "rating": {
            "voteAverage": 5,
            "voteCounter": 1
        },
        "url": "https://images.marinetraffic.com/collection/2231728.webp?size=800"
    },
    {
        "photoId": 2231727,
        "placeTaken": "vancouver canada",
        "takenAt": 1455709560,
        "copyright": "rick voice",
        "description": "English bay anchorage.",
        "asset": {
            "id": 143653,
            "type": "Cargo",
            "name": "KYOTO EXPRESS"
        },
        "rating": {
            "voteAverage": 0,
            "voteCounter": 0
        },
        "url": "https://images.marinetraffic.com/collection/2231727.webp?size=800"
    },
    {
        "photoId": 2025507,
        "placeTaken": "Savannah, GA",
        "takenAt": 1436638020,
        "copyright": "Dale Jones",
        "description": "Kyoto Express in Savannah GA",
        "asset": {
            "id": 143653,
            "type": "Cargo",
            "name": "KYOTO EXPRESS"
        },
        "rating": {
            "voteAverage": 5,
            "voteCounter": 2
        },
        "url": "https://images.marinetraffic.com/collection/2025507.webp?size=800"
    },
    {
        "photoId": 1935312,
        "placeTaken": "fos sur mer",
        "takenAt": 1429363860,
        "copyright": "Bonici Emmanuel",
        "description": null,
        "asset": {
            "id": 143653,
            "type": "Cargo",
            "name": "KYOTO EXPRESS"
        },
        "rating": {
            "voteAverage": 0,
            "voteCounter": 0
        },
        "url": "https://images.marinetraffic.com/collection/1935312.webp?size=800"
    },
    {
        "photoId": 1935310,
        "placeTaken": "fos sur mer",
        "takenAt": 1429363500,
        "copyright": "Bonici Emmanuel",
        "description": null,
        "asset": {
            "id": 143653,
            "type": "Cargo",
            "name": "KYOTO EXPRESS"
        },
        "rating": {
            "voteAverage": 0,
            "voteCounter": 0
        },
        "url": "https://images.marinetraffic.com/collection/1935310.webp?size=800"
    },
    {
        "photoId": 1863105,
        "placeTaken": "Valencia",
        "takenAt": 1422099360,
        "copyright": "Manuel Hernndez",
        "description": null,
        "asset": {
            "id": 143653,
            "type": "Cargo",
            "name": "KYOTO EXPRESS"
        },
        "rating": {
            "voteAverage": 5,
            "voteCounter": 2
        },
        "url": "https://images.marinetraffic.com/collection/1863105.webp?size=800"
    },
    {
        "photoId": 1863104,
        "placeTaken": "Valencia",
        "takenAt": 1422099060,
        "copyright": "Manuel Hernndez",
        "description": null,
        "asset": {
            "id": 143653,
            "type": "Cargo",
            "name": "KYOTO EXPRESS"
        },
        "rating": {
            "voteAverage": 0,
            "voteCounter": 0
        },
        "url": "https://images.marinetraffic.com/collection/1863104.webp?size=800"
    },
    {
        "photoId": 1723514,
        "placeTaken": "English Bay, BC",
        "takenAt": 1407058800,
        "copyright": "Max Wei",
        "description": null,
        "asset": {
            "id": 143653,
            "type": "Cargo",
            "name": "KYOTO EXPRESS"
        },
        "rating": {
            "voteAverage": 4.5,
            "voteCounter": 2
        },
        "url": "https://images.marinetraffic.com/collection/1723514.webp?size=800"
    },
    {
        "photoId": 1687896,
        "placeTaken": null,
        "takenAt": 1403734080,
        "copyright": "Patrick Lawson",
        "description": null,
        "asset": {
            "id": 143653,
            "type": "Cargo",
            "name": "KYOTO EXPRESS"
        },
        "rating": {
            "voteAverage": 0,
            "voteCounter": 0
        },
        "url": "https://images.marinetraffic.com/collection/1687896.webp?size=800"
    },
    {
        "photoId": 1670349,
        "placeTaken": "Busan",
        "takenAt": 1401388200,
        "copyright": "Michael Hamelink",
        "description": null,
        "asset": {
            "id": 143653,
            "type": "Cargo",
            "name": "KYOTO EXPRESS"
        },
        "rating": {
            "voteAverage": 0,
            "voteCounter": 0
        },
        "url": "https://images.marinetraffic.com/collection/1670349.webp?size=800"
    },
    {
        "photoId": 1506565,
        "placeTaken": "Victoria, BC",
        "takenAt": 1388488800,
        "copyright": "Karen Swift",
        "description": "Panasonic DMC-FZ18 LUMIX\r\nTaken from the 6th floor apartment\r\n",
        "asset": {
            "id": 143653,
            "type": "Cargo",
            "name": "Kyoto Express"
        },
        "rating": {
            "voteAverage": 5,
            "voteCounter": 1
        },
        "url": "https://images.marinetraffic.com/collection/1506565.webp?size=800"
    },
    {
        "photoId": 1484246,
        "placeTaken": "Tokyo",
        "takenAt": 1385738820,
        "copyright": "Dexter",
        "description": null,
        "asset": {
            "id": 143653,
            "type": "Cargo",
            "name": "KYOTO EXPRESS"
        },
        "rating": {
            "voteAverage": 4.25,
            "voteCounter": 4
        },
        "url": "https://images.marinetraffic.com/collection/1484246.webp?size=800"
    }
]