[
    {
        "photoId": 2631741,
        "placeTaken": "Hamburg",
        "takenAt": 1489591440,
        "copyright": "Hans Schaefer",
        "description": null,
        "asset": {
            "id": 143653,
            "type": "Cargo",
            "name": "KYOTO EXPRESS"
        },
        "rating": {
            "voteAverage": 0,
            "voteCounter": 0
        },
        "url": "https://images.marinetraffic.com/collection/2631741.webp?size=800"
    },
    {
        "photoId": 2631740,
        "placeTaken": "Hamburg",
        "takenAt": 1489591620,
        "copyright": "Hans Schaefer",
        "description": null,
        "asset": {
            "id": 143653,
            "type": "Cargo",
            "name": "KYOTO EXPRESS"
        },
        "rating": {
            "voteAverage": 0,
            "voteCounter": 0
        },
        "url": "https://images.marinetraffic.com/collection/2631740.webp?size=800"
    },
    {
        "photoId": 2616374,
        "placeTaken": "Hamburg-Bubendeyufer",
        "takenAt": 1489671120,
        "copyright": "S.Seelemann",
        "description": null,
        "asset": {
            "id": 143653,
            "type": "Cargo",
            "name": "KYOTO EXPRESS"
        },
        "rating": {
            "voteAverage": 5,
            "voteCounter": 1
        },
        "url": "https://images.marinetraffic.com/collection/2616374.webp?size=800"
    },
    {
        "photoId": 2615723,
        "placeTaken": "Hamburg",
        "takenAt": 1489591440,
        "copyright": "Hans Schaefer",
        "description": null,
        "asset": {
            "id": 143653,
            "type": "Cargo",
            "name": "KYOTO EXPRESS"
        },
        "rating": {
            "voteAverage": 0,
            "voteCounter": 0
        },
        "url": "https://images.marinetraffic.com/collection/2615723.webp?size=800"
    },
    {
        "photoId": 2615722,
        "placeTaken": "Hamburg",
        "takenAt": 1489591620,
        "copyright": "Hans Schaefer",
        "description": null,
        "asset": {
            "id": 143653,
            "type": "Cargo",
            "name": "KYOTO EXPRESS"
        },
        "rating": {
            "voteAverage": 0,
            "voteCounter": 0
        },
        "url": "https://images.marinetraffic.com/collection/2615722.webp?size=800"
    },
    {
        "photoId": 2599061,
        "placeTaken": "Cuxhaven",
        "takenAt": 1476708840,
        "copyright": "Bettina Rohbrecht",
        "description": null,
        "asset": {
            "id": 143653,
            "type": "Cargo",
            "name": "KYOTO EXPRESS"
        },
        "rating": {
            "voteAverage": 0,
            "voteCounter": 0
        },
        "url": "https://images.marinetraffic.com/collection/2599061.webp?size=800"
    },
    {
        "photoId": 2599058,
        "placeTaken": "Cuxhaven",
        "takenAt": 1476708600,
        "copyright": "Bettina Rohbrecht",
        "description": null,
        "asset": {
            "id": 143653,
            "type": "Cargo",
            "name": "KYOTO EXPRESS"
        },
        "rating": {
            "voteAverage": 0,
            "voteCounter": 0
        },
        "url": "https://images.marinetraffic.com/collection/2599058.webp?size=800"
    },
    {
        "photoId": 2552274,
        "placeTaken": "Hamburg, Bubendey-Ufer",
        "takenAt": 1476878820,
        "copyright": "Gerd Frick",
        "description": null,
        "asset": {
            "id": 143653,
            "type": "Cargo",
            "name": "KYOTO EXPRESS"
        },
        "rating": {
            "voteAverage": 5,
            "voteCounter": 1
        },
        "url": "https://images.marinetraffic.com/collection/2552274.webp?size=800"
    },
    {
        "photoId": 2550378,
        "placeTaken": "Elbe river",
        "takenAt": 1483027980,
        "copyright": "Sven",
        "description": null,
        "asset": {
            "id": 143653,
            "type": "Cargo",
            "name": "KYOTO EXPRESS"
        },
        "rating": {
            "voteAverage": 0,
            "voteCounter": 0
        },
        "url": "https://images.marinetraffic.com/collection/2550378.webp?size=800"
    },
    {
        "photoId": 2549465,
        "placeTaken": "Hamburg, Bubendey-Ufer",
        "takenAt": 1483027500,
        "copyright": "Gerd Frick",
        "description": null,
        "asset": {
            "id": 143653,
            "type": "Cargo",
            "name": "KYOTO EXPRESS"
        },
        "rating": {
            "voteAverage": 5,
            "voteCounter": 1
        },
        "url": "https://images.marinetraffic.com/collection/2549465.webp?size=800"
    },
    {
        "photoId": 2548540,
        "placeTaken": "Hamburg",
        "takenAt": 1482930660,
        "copyright": "Oliver Boltz",
        "description": null,
        "asset": {
            "id": 143653,
            "type": "Cargo",
            "name": "KYOTO EXPRESS"
        },
        "rating": {
            "voteAverage": 0,
            "voteCounter": 0
        },
        "url": "https://images.marinetraffic.com/collection/2548540.webp?size=800"
    },
    {
        "photoId": 2493276,
        "placeTaken": "Hamburg",
        "takenAt": 1476922740,
        "copyright": "Lukas Bucher",
        "description": null,
        "asset": {
            "id": 143653,
            "type": "Cargo",
            "name": "KYOTO EXPRESS"
        },
        "rating": {
            "voteAverage": 0,
            "voteCounter": 0
        },
        "url": "https://images.marinetraffic.com/collection/2493276.webp?size=800"
    },
    {
        "photoId": 2493275,
        "placeTaken": "Hamburg",
        "takenAt": 1476922320,
        "copyright": "Lukas Bucher",
        "description": null,
        "asset": {
            "id": 143653,
            "type": "Cargo",
            "name": "KYOTO EXPRESS"
        },
        "rating": {
            "voteAverage": 0,
            "voteCounter": 0
        },
        "url": "https://images.marinetraffic.com/collection/2493275.webp?size=800"
    },
    {
        "photoId": 2489934,
        "placeTaken": "Hamburg, Altenwerder",
        "takenAt": 1476725280,
        "copyright": "martin theiss",
        "description": "KYOTO EXPRESS, im Hintergrund die NYK EAGLE",
        "asset": {
            "id": 143653,
            "type": "Cargo",
            "name": "KYOTO EXPRESS"
        },
        "rating": {
            "voteAverage": 4,
            "voteCounter": 1
        },
        "url": "https://images.marinetraffic.com/collection/2489934.webp?size=800"
    },
    {
        "photoId": 2485887,
        "placeTaken": "Cuxhaven",
        "takenAt": 1473860700,
        "copyright": "Magnar Lyngstad",
        "description": null,
        "asset": {
            "id": 143653,
            "type": "Cargo",
            "name": "KYOTO EXPRESS"
        },
        "rating": {
            "voteAverage": 0,
            "voteCounter": 0
        },
        "url": "https://images.marinetraffic.com/collection/2485887.webp?size=800"
    },
    {
        "photoId": 2485886,
        "placeTaken": "Cuxhaven",
        "takenAt": 1473860940,
        "copyright": "Magnar Lyngstad",
        "description": null,
        "asset": {
            "id": 143653,
            "type": "Cargo",
            "name": "KYOTO EXPRESS"
        },
        "rating": {
            "voteAverage": 4,
            "voteCounter": 1
        },
        "url": "https://images.marinetraffic.com/collection/2485886.webp?size=800"
    },
    {
        "photoId": 2472000,
        "placeTaken": "Rotterdam",
        "takenAt": 1470486720,
        "copyright": "John Downs",
        "description": null,
        "asset": {
            "id": 143653,
            "type": "Cargo",
            "name": "KYOTO EXPRESS"
        },
        "rating": {
            "voteAverage": 4,
            "voteCounter": 1
        },
        "url": "https://images.marinetraffic.com/collection/2472000.webp?size=800"
    },
    {
        "photoId": 2459944,
        "placeTaken": "Southampton Water",
        "takenAt": 1473955980,
        "copyright": "Les Rickman",
        "description": null,
        "asset": {
            "id": 143653,
            "type": "Cargo",
            "name": "KYOTO EXPRESS"
        },
        "rating": {
            "voteAverage": 0,
            "voteCounter": 0
        },
        "url": "https://images.marinetraffic.com/collection/2459944.webp?size=800"
    },
    {
        "photoId": 2459941,
        "placeTaken": "Southampton Water",
        "takenAt": 1473955380,
        "copyright": "Les Rickman",
        "description": null,
        "asset": {
            "id": 143653,
            "type": "Cargo",
            "name": "KYOTO EXPRESS"
        },
        "rating": {
            "voteAverage": 0,
            "voteCounter": 0
        },
        "url": "https://images.marinetraffic.com/collection/2459941.webp?size=800"
    },
    {
        "photoId": 2459933,
        "placeTaken": "Southampton Water",
        "takenAt": 1473955020,
        "copyright": "Les Rickman",
        "description": null,
        "asset": {
            "id": 143653,
            "type": "Cargo",
            "name": "KYOTO EXPRESS"
        },
        "rating": {
            "voteAverage": 0,
            "voteCounter": 0
        },
        "url": "https://images.marinetraffic.com/collection/2459933.webp?size=800"
    }
]