[
    {
        "photoId": 1015308,
        "placeTaken": "Cuxhaven",
        "takenAt": 1352650560,
        "copyright": "Claus Schaefe",
        "description": null,
        "asset": {
            "id": 143653,
            "type": "Cargo",
            "name": "KYOTO EXPRESS"
        },
        "rating": {
            "voteAverage": 5,
            "voteCounter": 4
        },
        "url": "https://images.marinetraffic.com/collection/1015308.webp?size=800"
    },
    {
        "photoId": 1015307,
        "placeTaken": "Cuxhaven",
        "takenAt": 1352650440,
        "copyright": "Claus Schaefe",
        "description": null,
        "asset": {
            "id": 143653,
            "type": "Cargo",
            "name": "KYOTO EXPRESS"
        },
        "rating": {
            "voteAverage": 5,
            "voteCounter": 2
        },
        "url": "https://images.marinetraffic.com/collection/1015307.webp?size=800"
    },
    {
        "photoId": 1015306,
        "placeTaken": "Cuxhaven",
        "takenAt": 1352649900,
        "copyright": "Claus Schaefe",
        "description": null,
        "asset": {
            "id": 143653,
            "type": "Cargo",
            "name": "KYOTO EXPRESS"
        },
        "rating": {
            "voteAverage": 5,
            "voteCounter": 2
        },
        "url": "https://images.marinetraffic.com/collection/1015306.webp?size=800"
    },
    {
        "photoId": 1015304,
        "placeTaken": "Cuxhaven",
        "takenAt": 1352649600,
        "copyright": "Claus Schaefe",
        "description": null,
        "asset": {
            "id": 143653,
            "type": "Cargo",
            "name": "KYOTO EXPRESS"
        },
        "rating": {
            "voteAverage": 5,
            "voteCounter": 3
        },
        "url": "https://images.marinetraffic.com/collection/1015304.webp?size=800"
    },
    {
        "photoId": 936851,
        "placeTaken": "Maasvlakte Rotterdam",
        "takenAt": 1346517180,
        "copyright": "Lucien Manshanden",
        "description": null,
        "asset": {
            "id": 143653,
            "type": "Cargo",
            "name": "KYOTO EXPRESS"
        },
        "rating": {
            "voteAverage": 3.333333,
            "voteCounter": 3
        },
        "url": "https://images.marinetraffic.com/collection/936851.webp?size=800"
    },
    {
        "photoId": 925076,
        "placeTaken": "Isle of Wight,  Solent",
        "takenAt": 1345829280,
        "copyright": "graham farmer",
        "description": null,
        "asset": {
            "id": 143653,
            "type": "Cargo",
            "name": "KYOTO EXPRESS"
        },
        "rating": {
            "voteAverage": 2,
            "voteCounter": 2
        },
        "url": "https://images.marinetraffic.com/collection/925076.webp?size=800"
    },
    {
        "photoId": 923293,
        "placeTaken": "SINGAPORE",
        "takenAt": 1337694360,
        "copyright": "Capt.Turboboss",
        "description": null,
        "asset": {
            "id": 143653,
            "type": "Cargo",
            "name": "KYOTO EXPRESS"
        },
        "rating": {
            "voteAverage": 4,
            "voteCounter": 3
        },
        "url": "https://images.marinetraffic.com/collection/923293.webp?size=800"
    },
    {
        "photoId": 923292,
        "placeTaken": "SINGAPORE",
        "takenAt": 1337694300,
        "copyright": "Capt.Turboboss",
        "description": null,
        "asset": {
            "id": 143653,
            "type": "Cargo",
            "name": "KYOTO EXPRESS"
        },
        "rating": {
            "voteAverage": 3.5,
            "voteCounter": 2
        },
        "url": "https://images.marinetraffic.com/collection/923292.webp?size=800"
    },
    {
        "photoId": 923290,
        "placeTaken": "SINGAPORE",
        "takenAt": 1337694240,
        "copyright": "Capt.Turboboss",
        "description": null,
        "asset": {
            "id": 143653,
            "type": "Cargo",
            "name": "KYOTO EXPRESS"
        },
        "rating": {
            "voteAverage": 3,
            "voteCounter": 1
        },
        "url": "https://images.marinetraffic.com/collection/923290.webp?size=800"
    },
    {
        "photoId": 923289,
        "placeTaken": "SINGAPORE",
        "takenAt": 1337694060,
        "copyright": "Capt.Turboboss",
        "description": null,
        "asset": {
            "id": 143653,
            "type": "Cargo",
            "name": "KYOTO EXPRESS"
        },
        "rating": {
            "voteAverage": 0,
            "voteCounter": 0
        },
        "url": "https://images.marinetraffic.com/collection/923289.webp?size=800"
    },
    {
        "photoId": 923288,
        "placeTaken": "SINGAPORE",
        "takenAt": 1337693880,
        "copyright": "Capt.Turboboss",
        "description": null,
        "asset": {
            "id": 143653,
            "type": "Cargo",
            "name": "KYOTO EXPRESS"
        },
        "rating": {
            "voteAverage": 0,
            "voteCounter": 0
        },
        "url": "https://images.marinetraffic.com/collection/923288.webp?size=800"
    },
    {
        "photoId": 850048,
        "placeTaken": "Hamburger Hafen",
        "takenAt": 1339749600,
        "copyright": "rannug",
        "description": null,
        "asset": {
            "id": 143653,
            "type": "Cargo",
            "name": "KYOTO EXPRESS"
        },
        "rating": {
            "voteAverage": 3.5,
            "voteCounter": 2
        },
        "url": "https://images.marinetraffic.com/collection/850048.webp?size=800"
    },
    {
        "photoId": 846530,
        "placeTaken": "Marchwood",
        "takenAt": 1339913160,
        "copyright": "Gianni Capocci",
        "description": null,
        "asset": {
            "id": 143653,
            "type": "Cargo",
            "name": "KYOTO EXPRESS"
        },
        "rating": {
            "voteAverage": 2.5,
            "voteCounter": 2
        },
        "url": "https://images.marinetraffic.com/collection/846530.webp?size=800"
    },
    {
        "photoId": 772678,
        "placeTaken": "Walsoorden",
        "takenAt": 1332509580,
        "copyright": "Klaus Oberhem",
        "description": null,
        "asset": {
            "id": 143653,
            "type": "Cargo",
            "name": "KYOTO EXPRESS"
        },
        "rating": {
            "voteAverage": 2.5,
            "voteCounter": 2
        },
        "url": "https://images.marinetraffic.com/collection/772678.webp?size=800"
    },
    {
        "photoId": 772674,
        "placeTaken": null,
        "takenAt": 1332509520,
        "copyright": "Klaus Oberhem",
        "description": null,
        "asset": {
            "id": 143653,
            "type": "Cargo",
            "name": "KYOTO EXPRESS"
        },
        "rating": {
            "voteAverage": 2,
            "voteCounter": 1
        },
        "url": "https://images.marinetraffic.com/collection/772674.webp?size=800"
    },
    {
        "photoId": 772654,
        "placeTaken": "Walsoorden",
        "takenAt": 1332509520,
        "copyright": "Klaus Oberhem",
        "description": null,
        "asset": {
            "id": 143653,
            "type": "Cargo",
            "name": "KYOTO EXPRESS"
        },
        "rating": {
            "voteAverage": 2,
            "voteCounter": 1
        },
        "url": "https://images.marinetraffic.com/collection/772654.webp?size=800"
    },
    {
        "photoId": 769224,
        "placeTaken": "Hamburg - Ausdockung Blohm&Voss Dock Elbe 17",
        "takenAt": 1159878660,
        "copyright": "Wolfgang Kreutzer",
        "description": null,
        "asset": {
            "id": 143653,
            "type": "Cargo",
            "name": "KYOTO EXPRESS"
        },
        "rating": {
            "voteAverage": 3,
            "voteCounter": 2
        },
        "url": "https://images.marinetraffic.com/collection/769224.webp?size=800"
    },
    {
        "photoId": 769218,
        "placeTaken": "Hamburg - Ausdockung Blohm&Voss Dock Elbe 17",
        "takenAt": 1159878720,
        "copyright": "Wolfgang Kreutzer",
        "description": null,
        "asset": {
            "id": 143653,
            "type": "Cargo",
            "name": "KYOTO EXPRESS"
        },
        "rating": {
            "voteAverage": 4,
            "voteCounter": 2
        },
        "url": "https://images.marinetraffic.com/collection/769218.webp?size=800"
    },
    {
        "photoId": 762501,
        "placeTaken": "Elbe vor Wedel / Schulau",
        "takenAt": 1310481600,
        "copyright": "Dieter Napiwotzki",
        "description": "auslaufend Hamburg vor Schulau",
        "asset": {
            "id": 143653,
            "type": "Cargo",
            "name": "KYOTO EXPRESS"
        },
        "rating": {
            "voteAverage": 0,
            "voteCounter": 0
        },
        "url": "https://images.marinetraffic.com/collection/762501.webp?size=800"
    },
    {
        "photoId": 742160,
        "placeTaken": "Hamburger Hafen",
        "takenAt": 1332179880,
        "copyright": "rannug",
        "description": null,
        "asset": {
            "id": 143653,
            "type": "Cargo",
            "name": "KYOTO EXPRESS"
        },
        "rating": {
            "voteAverage": 0,
            "voteCounter": 0
        },
        "url": "https://images.marinetraffic.com/collection/742160.webp?size=800"
    }
]