[
    {
        "photoId": 5049209,
        "placeTaken": null,
        "takenAt": 1675067280,
        "copyright": "Christoph Ortmann",
        "description": "Kyoto Express captured approaching Jeddah pilot.",
        "asset": {
            "id": 143653,
            "type": "Cargo",
            "name": "KYOTO EXPRESS"
        },
        "rating": {
            "voteAverage": 0,
            "voteCounter": 0
        },
        "url": "https://images.marinetraffic.com/collection/5049209.webp?size=800"
    },
    {
        "photoId": 5043450,
        "placeTaken": "Hamburg, Germany",
        "takenAt": 1681619820,
        "copyright": "Elmar Weiss",
        "description": "Hamburg, Germany",
        "asset": {
            "id": 143653,
            "type": "Cargo",
            "name": "KYOTO EXPRESS"
        },
        "rating": {
            "voteAverage": 0,
            "voteCounter": 0
        },
        "url": "https://images.marinetraffic.com/collection/5043450.webp?size=800"
    },
    {
        "photoId": 4934226,
        "placeTaken": "Hamburg, Altenwerder",
        "takenAt": 1671358020,
        "copyright": "Oliver Boltz",
        "description": null,
        "asset": {
            "id": 143653,
            "type": "Cargo",
            "name": "KYOTO EXPRESS"
        },
        "rating": {
            "voteAverage": 5,
            "voteCounter": 1
        },
        "url": "https://images.marinetraffic.com/collection/4934226.webp?size=800"
    },
    {
        "photoId": 4839716,
        "placeTaken": "At sea",
        "takenAt": 1633596900,
        "copyright": "Peer Dordel",
        "description": null,
        "asset": {
            "id": 143653,
            "type": "Cargo",
            "name": "KYOTO EXPRESS"
        },
        "rating": {
            "voteAverage": 0,
            "voteCounter": 0
        },
        "url": "https://images.marinetraffic.com/collection/4839716.webp?size=800"
    },
    {
        "photoId": 4839715,
        "placeTaken": "At sea",
        "takenAt": 1633596840,
        "copyright": "Peer Dordel",
        "description": null,
        "asset": {
            "id": 143653,
            "type": "Cargo",
            "name": "KYOTO EXPRESS"
        },
        "rating": {
            "voteAverage": 5,
            "voteCounter": 1
        },
        "url": "https://images.marinetraffic.com/collection/4839715.webp?size=800"
    },
    {
        "photoId": 4700910,
        "placeTaken": "Hamburg-Rueschpark",
        "takenAt": 1654788720,
        "copyright": "S.Seelemann",
        "description": null,
        "asset": {
            "id": 143653,
            "type": "Cargo",
            "name": "KYOTO EXPRESS"
        },
        "rating": {
            "voteAverage": 5,
            "voteCounter": 7
        },
        "url": "https://images.marinetraffic.com/collection/4700910.webp?size=800"
    },
    {
        "photoId": 4649756,
        "placeTaken": null,
        "takenAt": 1615797900,
        "copyright": "Peer Dordel",
        "description": null,
        "asset": {
            "id": 143653,
            "type": "Cargo",
            "name": "KYOTO EXPRESS"
        },
        "rating": {
            "voteAverage": 5,
            "voteCounter": 1
        },
        "url": "https://images.marinetraffic.com/collection/4649756.webp?size=800"
    },
    {
        "photoId": 4649755,
        "placeTaken": null,
        "takenAt": 1633597080,
        "copyright": "Peer Dordel",
        "description": null,
        "asset": {
            "id": 143653,
            "type": "Cargo",
            "name": "KYOTO EXPRESS"
        },
        "rating": {
            "voteAverage": 5,
            "voteCounter": 2
        },
        "url": "https://images.marinetraffic.com/collection/4649755.webp?size=800"
    },
    {
        "photoId": 4616002,
        "placeTaken": "Hamburg Altenwerder",
        "takenAt": 1648620060,
        "copyright": "Ritter Ramon",
        "description": null,
        "asset": {
            "id": 143653,
            "type": "Cargo",
            "name": "KYOTO EXPRESS"
        },
        "rating": {
            "voteAverage": 0,
            "voteCounter": 0
        },
        "url": "https://images.marinetraffic.com/collection/4616002.webp?size=800"
    },
    {
        "photoId": 4573980,
        "placeTaken": "Elbe, Bubendey-Ufer, Hamburg GER",
        "takenAt": 1627484340,
        "copyright": "FBN Raiger",
        "description": "Elbe, Bubendey-Ufer, Hamburg GER",
        "asset": {
            "id": 143653,
            "type": "Cargo",
            "name": "KYOTO EXPRESS"
        },
        "rating": {
            "voteAverage": 5,
            "voteCounter": 32
        },
        "url": "https://images.marinetraffic.com/collection/4573980.webp?size=800"
    },
    {
        "photoId": 4461391,
        "placeTaken": null,
        "takenAt": 1545343620,
        "copyright": "Mario Gressler",
        "description": null,
        "asset": {
            "id": 143653,
            "type": "Cargo",
            "name": "KYOTO EXPRESS"
        },
        "rating": {
            "voteAverage": 0,
            "voteCounter": 0
        },
        "url": "https://images.marinetraffic.com/collection/4461391.webp?size=800"
    },
    {
        "photoId": 4458530,
        "placeTaken": null,
        "takenAt": 1545343260,
        "copyright": "Mario Gressler",
        "description": null,
        "asset": {
            "id": 143653,
            "type": "Cargo",
            "name": "KYOTO EXPRESS"
        },
        "rating": {
            "voteAverage": 5,
            "voteCounter": 2
        },
        "url": "https://images.marinetraffic.com/collection/4458530.webp?size=800"
    },
    {
        "photoId": 4371096,
        "placeTaken": null,
        "takenAt": 1627483140,
        "copyright": "Jannik P.",
        "description": "The KYOTO EXPRESS left the Port of Hamburg",
        "asset": {
            "id": 143653,
            "type": "Cargo",
            "name": "KYOTO EXPRESS"
        },
        "rating": {
            "voteAverage": 0,
            "voteCounter": 0
        },
        "url": "https://images.marinetraffic.com/collection/4371096.webp?size=800"
    },
    {
        "photoId": 4337401,
        "placeTaken": "Walsoorden - Zeedijk",
        "takenAt": 1622556900,
        "copyright": "Etienne Verberckmoes",
        "description": "Westerschelde - inbound Antwerp",
        "asset": {
            "id": 143653,
            "type": "Cargo",
            "name": "KYOTO EXPRESS"
        },
        "rating": {
            "voteAverage": 5,
            "voteCounter": 21
        },
        "url": "https://images.marinetraffic.com/collection/4337401.webp?size=800"
    },
    {
        "photoId": 4288556,
        "placeTaken": "Hamburg",
        "takenAt": 1622222580,
        "copyright": "Hans Schaefer",
        "description": null,
        "asset": {
            "id": 143653,
            "type": "Cargo",
            "name": "KYOTO EXPRESS"
        },
        "rating": {
            "voteAverage": 0,
            "voteCounter": 0
        },
        "url": "https://images.marinetraffic.com/collection/4288556.webp?size=800"
    },
    {
        "photoId": 4287222,
        "placeTaken": "Hamburg",
        "takenAt": 1622223300,
        "copyright": "Krisztian Balla",
        "description": null,
        "asset": {
            "id": 143653,
            "type": "Cargo",
            "name": "KYOTO EXPRESS"
        },
        "rating": {
            "voteAverage": 5,
            "voteCounter": 1
        },
        "url": "https://images.marinetraffic.com/collection/4287222.webp?size=800"
    },
    {
        "photoId": 4253765,
        "placeTaken": "Oude Doel Belgium",
        "takenAt": 1617124860,
        "copyright": "Etienne Verberckmoes",
        "description": "The Kyoto Express on the river Schelde to moor against the current at the Noordzeeterminal - Antwerp",
        "asset": {
            "id": 143653,
            "type": "Cargo",
            "name": "KYOTO EXPRESS"
        },
        "rating": {
            "voteAverage": 5,
            "voteCounter": 21
        },
        "url": "https://images.marinetraffic.com/collection/4253765.webp?size=800"
    },
    {
        "photoId": 4253762,
        "placeTaken": "Oude Doel Belgium",
        "takenAt": 1617124380,
        "copyright": "Etienne Verberckmoes",
        "description": "The Kyoto Express arriving on the river Schelde at Antwerp",
        "asset": {
            "id": 143653,
            "type": "Cargo",
            "name": "KYOTO EXPRESS"
        },
        "rating": {
            "voteAverage": 5,
            "voteCounter": 19
        },
        "url": "https://images.marinetraffic.com/collection/4253762.webp?size=800"
    },
    {
        "photoId": 4169921,
        "placeTaken": "Hamburg",
        "takenAt": 1269611040,
        "copyright": "Hans Schaefer",
        "description": null,
        "asset": {
            "id": 143653,
            "type": "Cargo",
            "name": "KYOTO EXPRESS"
        },
        "rating": {
            "voteAverage": 0,
            "voteCounter": 0
        },
        "url": "https://images.marinetraffic.com/collection/4169921.webp?size=800"
    },
    {
        "photoId": 4162477,
        "placeTaken": "Savannah, GA",
        "takenAt": 1547652480,
        "copyright": "Jeff Thoreson",
        "description": null,
        "asset": {
            "id": 143653,
            "type": "Cargo",
            "name": "KYOTO EXPRESS"
        },
        "rating": {
            "voteAverage": 0,
            "voteCounter": 0
        },
        "url": "https://images.marinetraffic.com/collection/4162477.webp?size=800"
    }
]