[
    {
        "photoId": 3916160,
        "placeTaken": null,
        "takenAt": 1346088060,
        "copyright": "Frank Tribull",
        "description": "als KYOTO EXPRESS aufgenommen am 27.08.2012 bei Cuxhaven H\u00f6he Steubenh\u00f6ft",
        "asset": {
            "id": 143653,
            "type": "Cargo",
            "name": "KYOTO EXPRESS"
        },
        "rating": {
            "voteAverage": 0,
            "voteCounter": 0
        },
        "url": "https://images.marinetraffic.com/collection/3916160.webp?size=800"
    },
    {
        "photoId": 3722752,
        "placeTaken": "Panama City",
        "takenAt": 1559720640,
        "copyright": "Aran Dunkley",
        "description": null,
        "asset": {
            "id": 143653,
            "type": "Cargo",
            "name": "KYOTO EXPRESS"
        },
        "rating": {
            "voteAverage": 5,
            "voteCounter": 1
        },
        "url": "https://images.marinetraffic.com/collection/3722752.webp?size=800"
    },
    {
        "photoId": 3523434,
        "placeTaken": "PANAMA",
        "takenAt": 1559722260,
        "copyright": "Eulo Felber Sabran",
        "description": null,
        "asset": {
            "id": 143653,
            "type": "Cargo",
            "name": "KYOTO EXPRESS"
        },
        "rating": {
            "voteAverage": 0,
            "voteCounter": 0
        },
        "url": "https://images.marinetraffic.com/collection/3523434.webp?size=800"
    },
    {
        "photoId": 3271307,
        "placeTaken": null,
        "takenAt": 1539475380,
        "copyright": "Gregory Rehmke",
        "description": null,
        "asset": {
            "id": 143653,
            "type": "Cargo",
            "name": "KYOTO EXPRESS"
        },
        "rating": {
            "voteAverage": 5,
            "voteCounter": 1
        },
        "url": "https://images.marinetraffic.com/collection/3271307.webp?size=800"
    },
    {
        "photoId": 3089292,
        "placeTaken": "Seattle, WA, USA",
        "takenAt": 1526477280,
        "copyright": "Charlie Allen",
        "description": null,
        "asset": {
            "id": 143653,
            "type": "Cargo",
            "name": "KYOTO EXPRESS"
        },
        "rating": {
            "voteAverage": 0,
            "voteCounter": 0
        },
        "url": "https://images.marinetraffic.com/collection/3089292.webp?size=800"
    },
    {
        "photoId": 3065273,
        "placeTaken": "East China Sea",
        "takenAt": 1336993740,
        "copyright": "Vagabond Voyager",
        "description": "Image taken from aboard NYK Galaxy IMO 9326756",
        "asset": {
            "id": 143653,
            "type": "Cargo",
            "name": "KYOTO EXPRESS"
        },
        "rating": {
            "voteAverage": 0,
            "voteCounter": 0
        },
        "url": "https://images.marinetraffic.com/collection/3065273.webp?size=800"
    },
    {
        "photoId": 3030772,
        "placeTaken": "Genova ",
        "takenAt": 1522492320,
        "copyright": "Federico",
        "description": null,
        "asset": {
            "id": 143653,
            "type": "Cargo",
            "name": "KYOTO EXPRESS"
        },
        "rating": {
            "voteAverage": 5,
            "voteCounter": 1
        },
        "url": "https://images.marinetraffic.com/collection/3030772.webp?size=800"
    },
    {
        "photoId": 3030769,
        "placeTaken": "Genova ",
        "takenAt": 1522491540,
        "copyright": "Federico",
        "description": null,
        "asset": {
            "id": 143653,
            "type": "Cargo",
            "name": "KYOTO EXPRESS"
        },
        "rating": {
            "voteAverage": 5,
            "voteCounter": 1
        },
        "url": "https://images.marinetraffic.com/collection/3030769.webp?size=800"
    },
    {
        "photoId": 3030767,
        "placeTaken": "Genova ",
        "takenAt": 1522491600,
        "copyright": "Federico",
        "description": null,
        "asset": {
            "id": 143653,
            "type": "Cargo",
            "name": "KYOTO EXPRESS"
        },
        "rating": {
            "voteAverage": 5,
            "voteCounter": 1
        },
        "url": "https://images.marinetraffic.com/collection/3030767.webp?size=800"
    },
    {
        "photoId": 3030766,
        "placeTaken": "Genova ",
        "takenAt": 1522492380,
        "copyright": "Federico",
        "description": null,
        "asset": {
            "id": 143653,
            "type": "Cargo",
            "name": "KYOTO EXPRESS"
        },
        "rating": {
            "voteAverage": 5,
            "voteCounter": 1
        },
        "url": "https://images.marinetraffic.com/collection/3030766.webp?size=800"
    },
    {
        "photoId": 3030542,
        "placeTaken": "Genova",
        "takenAt": 1522520220,
        "copyright": "ships@tin.it",
        "description": null,
        "asset": {
            "id": 143653,
            "type": "Cargo",
            "name": "KYOTO EXPRESS"
        },
        "rating": {
            "voteAverage": 0,
            "voteCounter": 0
        },
        "url": "https://images.marinetraffic.com/collection/3030542.webp?size=800"
    },
    {
        "photoId": 2894966,
        "placeTaken": "Berendrecht Antwerpen Pier Berendrechtsluis",
        "takenAt": 1509116880,
        "copyright": "Martine Janssens",
        "description": null,
        "asset": {
            "id": 143653,
            "type": "Cargo",
            "name": "KYOTO EXPRESS"
        },
        "rating": {
            "voteAverage": 5,
            "voteCounter": 1
        },
        "url": "https://images.marinetraffic.com/collection/2894966.webp?size=800"
    },
    {
        "photoId": 2884123,
        "placeTaken": "Maasvlakte Rotterdam",
        "takenAt": 1508601300,
        "copyright": "Hans Voets",
        "description": null,
        "asset": {
            "id": 143653,
            "type": "Cargo",
            "name": "KYOTO EXPRESS"
        },
        "rating": {
            "voteAverage": 5,
            "voteCounter": 1
        },
        "url": "https://images.marinetraffic.com/collection/2884123.webp?size=800"
    },
    {
        "photoId": 2821437,
        "placeTaken": "Hamburg",
        "takenAt": 1503404340,
        "copyright": "Thomas Tauchert",
        "description": null,
        "asset": {
            "id": 143653,
            "type": "Cargo",
            "name": "KYOTO EXPRESS"
        },
        "rating": {
            "voteAverage": 0,
            "voteCounter": 0
        },
        "url": "https://images.marinetraffic.com/collection/2821437.webp?size=800"
    },
    {
        "photoId": 2811700,
        "placeTaken": "Kollmar / Elbe",
        "takenAt": 1503348780,
        "copyright": "K. Schumacher",
        "description": null,
        "asset": {
            "id": 143653,
            "type": "Cargo",
            "name": "KYOTO EXPRESS"
        },
        "rating": {
            "voteAverage": 0,
            "voteCounter": 0
        },
        "url": "https://images.marinetraffic.com/collection/2811700.webp?size=800"
    },
    {
        "photoId": 2793460,
        "placeTaken": "Cuxhaven",
        "takenAt": 1489688760,
        "copyright": "Reinhard Schmidt",
        "description": null,
        "asset": {
            "id": 143653,
            "type": "Cargo",
            "name": "KYOTO EXPRESS"
        },
        "rating": {
            "voteAverage": 0,
            "voteCounter": 0
        },
        "url": "https://images.marinetraffic.com/collection/2793460.webp?size=800"
    },
    {
        "photoId": 2731926,
        "placeTaken": "Hamburg - Blankenese / GER",
        "takenAt": 1497963000,
        "copyright": "Buggi Porschien",
        "description": null,
        "asset": {
            "id": 143653,
            "type": "Cargo",
            "name": "KYOTO EXPRESS"
        },
        "rating": {
            "voteAverage": 5,
            "voteCounter": 1
        },
        "url": "https://images.marinetraffic.com/collection/2731926.webp?size=800"
    },
    {
        "photoId": 2716727,
        "placeTaken": "Hamburg, Bubendey-Ufer",
        "takenAt": 1489671720,
        "copyright": "Gerd Frick",
        "description": null,
        "asset": {
            "id": 143653,
            "type": "Cargo",
            "name": "KYOTO EXPRESS"
        },
        "rating": {
            "voteAverage": 5,
            "voteCounter": 2
        },
        "url": "https://images.marinetraffic.com/collection/2716727.webp?size=800"
    },
    {
        "photoId": 2688408,
        "placeTaken": "Southampyon,United Kingdom",
        "takenAt": 1310823960,
        "copyright": "John Pitcher",
        "description": null,
        "asset": {
            "id": 143653,
            "type": "Cargo",
            "name": "KYOTO EXPRESS"
        },
        "rating": {
            "voteAverage": 0,
            "voteCounter": 0
        },
        "url": "https://images.marinetraffic.com/collection/2688408.webp?size=800"
    },
    {
        "photoId": 2631742,
        "placeTaken": "Hamburg",
        "takenAt": 1489591500,
        "copyright": "Hans Schaefer",
        "description": null,
        "asset": {
            "id": 143653,
            "type": "Cargo",
            "name": "KYOTO EXPRESS"
        },
        "rating": {
            "voteAverage": 0,
            "voteCounter": 0
        },
        "url": "https://images.marinetraffic.com/collection/2631742.webp?size=800"
    }
]