[
    {
        "photoId": 3344865,
        "placeTaken": "Hamburg Blankenese",
        "takenAt": 1544713500,
        "copyright": "Carsten Feldhusen",
        "description": "Die SAJIR verl\u00e4sst am 13.12.2018 den Hamburger Hafen",
        "asset": {
            "id": 1636030,
            "type": "Cargo",
            "name": "SAJIR"
        },
        "rating": {
            "voteAverage": 5,
            "voteCounter": 26
        },
        "url": "https://images.marinetraffic.com/collection/3344865.webp?size=800"
    },
    {
        "photoId": 3344863,
        "placeTaken": "Hamburg Blankenese",
        "takenAt": 1544712480,
        "copyright": "Carsten Feldhusen",
        "description": "Die SAJIR am 13.12.2018 vor Blankenese in Hamburg",
        "asset": {
            "id": 1636030,
            "type": "Cargo",
            "name": "SAJIR"
        },
        "rating": {
            "voteAverage": 5,
            "voteCounter": 30
        },
        "url": "https://images.marinetraffic.com/collection/3344863.webp?size=800"
    },
    {
        "photoId": 3332658,
        "placeTaken": "Hamburg-Teufelsbrueck",
        "takenAt": 1544711580,
        "copyright": "S.Seelemann",
        "description": null,
        "asset": {
            "id": 1636030,
            "type": "Cargo",
            "name": "SAJIR"
        },
        "rating": {
            "voteAverage": 5,
            "voteCounter": 4
        },
        "url": "https://images.marinetraffic.com/collection/3332658.webp?size=800"
    },
    {
        "photoId": 3295546,
        "placeTaken": null,
        "takenAt": 1537957020,
        "copyright": "Philippe Guichot",
        "description": null,
        "asset": {
            "id": 1636030,
            "type": "Cargo",
            "name": "SAJIR"
        },
        "rating": {
            "voteAverage": 5,
            "voteCounter": 1
        },
        "url": "https://images.marinetraffic.com/collection/3295546.webp?size=800"
    },
    {
        "photoId": 3291650,
        "placeTaken": null,
        "takenAt": 1537957140,
        "copyright": "Philippe Guichot",
        "description": null,
        "asset": {
            "id": 1636030,
            "type": "Cargo",
            "name": "SAJIR"
        },
        "rating": {
            "voteAverage": 0,
            "voteCounter": 0
        },
        "url": "https://images.marinetraffic.com/collection/3291650.webp?size=800"
    },
    {
        "photoId": 3288277,
        "placeTaken": null,
        "takenAt": 1537957440,
        "copyright": "Philippe Guichot",
        "description": null,
        "asset": {
            "id": 1636030,
            "type": "Cargo",
            "name": "SAJIR"
        },
        "rating": {
            "voteAverage": 0,
            "voteCounter": 0
        },
        "url": "https://images.marinetraffic.com/collection/3288277.webp?size=800"
    },
    {
        "photoId": 3288274,
        "placeTaken": null,
        "takenAt": 1537956960,
        "copyright": "Philippe Guichot",
        "description": null,
        "asset": {
            "id": 1636030,
            "type": "Cargo",
            "name": "SAJIR"
        },
        "rating": {
            "voteAverage": 5,
            "voteCounter": 1
        },
        "url": "https://images.marinetraffic.com/collection/3288274.webp?size=800"
    },
    {
        "photoId": 3273621,
        "placeTaken": null,
        "takenAt": 1537957620,
        "copyright": "Philippe Guichot",
        "description": null,
        "asset": {
            "id": 1636030,
            "type": "Cargo",
            "name": "SAJIR"
        },
        "rating": {
            "voteAverage": 0,
            "voteCounter": 0
        },
        "url": "https://images.marinetraffic.com/collection/3273621.webp?size=800"
    },
    {
        "photoId": 3161565,
        "placeTaken": "Rotterdam",
        "takenAt": 1530444540,
        "copyright": "Aart van Bezooijen",
        "description": null,
        "asset": {
            "id": 1636030,
            "type": "Cargo",
            "name": "SAJIR"
        },
        "rating": {
            "voteAverage": 0,
            "voteCounter": 0
        },
        "url": "https://images.marinetraffic.com/collection/3161565.webp?size=800"
    },
    {
        "photoId": 3148090,
        "placeTaken": "Maasvlakte Rotterdam",
        "takenAt": 1530285060,
        "copyright": "Patrick Deenik",
        "description": null,
        "asset": {
            "id": 1636030,
            "type": "Cargo",
            "name": "SAJIR"
        },
        "rating": {
            "voteAverage": 0,
            "voteCounter": 0
        },
        "url": "https://images.marinetraffic.com/collection/3148090.webp?size=800"
    },
    {
        "photoId": 3148089,
        "placeTaken": "Maasvlakte Rotterdam",
        "takenAt": 1530284520,
        "copyright": "Patrick Deenik",
        "description": null,
        "asset": {
            "id": 1636030,
            "type": "Cargo",
            "name": "SAJIR"
        },
        "rating": {
            "voteAverage": 0,
            "voteCounter": 0
        },
        "url": "https://images.marinetraffic.com/collection/3148089.webp?size=800"
    },
    {
        "photoId": 3147191,
        "placeTaken": "Rotterdam, Markweg",
        "takenAt": 1530442920,
        "copyright": "Stefan Sill",
        "description": null,
        "asset": {
            "id": 1636030,
            "type": "Cargo",
            "name": "SAJIR"
        },
        "rating": {
            "voteAverage": 5,
            "voteCounter": 1
        },
        "url": "https://images.marinetraffic.com/collection/3147191.webp?size=800"
    },
    {
        "photoId": 3147158,
        "placeTaken": "Rotterdam, Markweg",
        "takenAt": 1530443460,
        "copyright": "Stefan Sill",
        "description": null,
        "asset": {
            "id": 1636030,
            "type": "Cargo",
            "name": "SAJIR"
        },
        "rating": {
            "voteAverage": 5,
            "voteCounter": 1
        },
        "url": "https://images.marinetraffic.com/collection/3147158.webp?size=800"
    },
    {
        "photoId": 3147155,
        "placeTaken": "Rotterdam, Markweg",
        "takenAt": 1530443400,
        "copyright": "Stefan Sill",
        "description": null,
        "asset": {
            "id": 1636030,
            "type": "Cargo",
            "name": "SAJIR"
        },
        "rating": {
            "voteAverage": 5,
            "voteCounter": 1
        },
        "url": "https://images.marinetraffic.com/collection/3147155.webp?size=800"
    },
    {
        "photoId": 3067293,
        "placeTaken": "Terneuzen",
        "takenAt": 1524138360,
        "copyright": "RENE HENRI ROSSEEL",
        "description": "De SAJIR vaart voorbij Terneuzen richting haven van Antwerpen.",
        "asset": {
            "id": 1636030,
            "type": "Cargo",
            "name": "SAJIR"
        },
        "rating": {
            "voteAverage": 5,
            "voteCounter": 13
        },
        "url": "https://images.marinetraffic.com/collection/3067293.webp?size=800"
    },
    {
        "photoId": 3067287,
        "placeTaken": "Terneuzen",
        "takenAt": 1524138180,
        "copyright": "RENE HENRI ROSSEEL",
        "description": "De reusachtige SAJIR vaart voorbij Terneuzen.",
        "asset": {
            "id": 1636030,
            "type": "Cargo",
            "name": "SAJIR"
        },
        "rating": {
            "voteAverage": 5,
            "voteCounter": 14
        },
        "url": "https://images.marinetraffic.com/collection/3067287.webp?size=800"
    },
    {
        "photoId": 3067281,
        "placeTaken": "Terneuzen",
        "takenAt": 1524138120,
        "copyright": "RENE HENRI ROSSEEL",
        "description": "Indrukwekkend containerschip SAJIR komt van de Noordzee en vaart richting Antwerpen.",
        "asset": {
            "id": 1636030,
            "type": "Cargo",
            "name": "SAJIR"
        },
        "rating": {
            "voteAverage": 5,
            "voteCounter": 11
        },
        "url": "https://images.marinetraffic.com/collection/3067281.webp?size=800"
    },
    {
        "photoId": 3060367,
        "placeTaken": "Nieuwe Waterweg Rotterdam.",
        "takenAt": 1523705460,
        "copyright": "Ed Kaas",
        "description": null,
        "asset": {
            "id": 1636030,
            "type": "Cargo",
            "name": "SAJIR"
        },
        "rating": {
            "voteAverage": 0,
            "voteCounter": 0
        },
        "url": "https://images.marinetraffic.com/collection/3060367.webp?size=800"
    },
    {
        "photoId": 2974201,
        "placeTaken": "Hamburg, Bubendey-Ufer",
        "takenAt": 1517144400,
        "copyright": "Gerd Frick",
        "description": null,
        "asset": {
            "id": 1636030,
            "type": "Cargo",
            "name": "SAJIR"
        },
        "rating": {
            "voteAverage": 4.666667,
            "voteCounter": 3
        },
        "url": "https://images.marinetraffic.com/collection/2974201.webp?size=800"
    },
    {
        "photoId": 2973654,
        "placeTaken": "Rotterdam Maasvlakte",
        "takenAt": 1517044080,
        "copyright": "Erwin Willemse",
        "description": null,
        "asset": {
            "id": 1636030,
            "type": "Cargo",
            "name": "SAJIR"
        },
        "rating": {
            "voteAverage": 0,
            "voteCounter": 0
        },
        "url": "https://images.marinetraffic.com/collection/2973654.webp?size=800"
    }
]