[
    {
        "photoId": 2744807,
        "placeTaken": "Bremerhaven",
        "takenAt": 1497069600,
        "copyright": "Paillette Sylvain",
        "description": "A quai europort bremerhaven",
        "asset": {
            "id": 159378,
            "type": "Cargo",
            "name": "EBBA MAERSK"
        },
        "rating": {
            "voteAverage": 0,
            "voteCounter": 0
        },
        "url": "https://images.marinetraffic.com/collection/2744807.webp?size=800"
    },
    {
        "photoId": 2623509,
        "placeTaken": "Busan New Port, Rep. of Korea",
        "takenAt": 1439901900,
        "copyright": "V. Tonic",
        "description": "At Busan New Port, PNC terminal.",
        "asset": {
            "id": 159378,
            "type": "Cargo",
            "name": "EBBA MAERSK"
        },
        "rating": {
            "voteAverage": 0,
            "voteCounter": 0
        },
        "url": "https://images.marinetraffic.com/collection/2623509.webp?size=800"
    },
    {
        "photoId": 2621484,
        "placeTaken": "Busan New Port, Rep. of Korea",
        "takenAt": 1439827380,
        "copyright": "V. Tonic",
        "description": "Arriving at Busan New Port.",
        "asset": {
            "id": 159378,
            "type": "Cargo",
            "name": "EBBA MAERSK"
        },
        "rating": {
            "voteAverage": 0,
            "voteCounter": 0
        },
        "url": "https://images.marinetraffic.com/collection/2621484.webp?size=800"
    },
    {
        "photoId": 2600504,
        "placeTaken": "Felixtowe, GB",
        "takenAt": 1457006100,
        "copyright": "Michael Ludlow",
        "description": "Ebba Maersk at No.8 Berth, Felixtowe, GB. en route from Colombo to Rotterdam.",
        "asset": {
            "id": 159378,
            "type": "Cargo",
            "name": "EBBA MAERSK"
        },
        "rating": {
            "voteAverage": 0,
            "voteCounter": 0
        },
        "url": "https://images.marinetraffic.com/collection/2600504.webp?size=800"
    },
    {
        "photoId": 2575138,
        "placeTaken": "Felixstowe",
        "takenAt": 1484909700,
        "copyright": "Mike Page",
        "description": null,
        "asset": {
            "id": 159378,
            "type": "Cargo",
            "name": "EBBA MAERSK"
        },
        "rating": {
            "voteAverage": 0,
            "voteCounter": 0
        },
        "url": "https://images.marinetraffic.com/collection/2575138.webp?size=800"
    },
    {
        "photoId": 2574315,
        "placeTaken": null,
        "takenAt": 1485638820,
        "copyright": "Maciej Grzegolka",
        "description": "Ebba Maersk at Tanger Marocco",
        "asset": {
            "id": 159378,
            "type": "Cargo",
            "name": "EBBA MAERSK"
        },
        "rating": {
            "voteAverage": 0,
            "voteCounter": 0
        },
        "url": "https://images.marinetraffic.com/collection/2574315.webp?size=800"
    },
    {
        "photoId": 2574314,
        "placeTaken": null,
        "takenAt": 1485638580,
        "copyright": "Maciej Grzegolka",
        "description": "Ebba Maersk at Tanger Marocco",
        "asset": {
            "id": 159378,
            "type": "Cargo",
            "name": "EBBA MAERSK"
        },
        "rating": {
            "voteAverage": 0,
            "voteCounter": 0
        },
        "url": "https://images.marinetraffic.com/collection/2574314.webp?size=800"
    },
    {
        "photoId": 2569821,
        "placeTaken": "Westerschelde",
        "takenAt": 1484990100,
        "copyright": "JK",
        "description": null,
        "asset": {
            "id": 159378,
            "type": "Cargo",
            "name": "EBBA MAERSK"
        },
        "rating": {
            "voteAverage": 0,
            "voteCounter": 0
        },
        "url": "https://images.marinetraffic.com/collection/2569821.webp?size=800"
    },
    {
        "photoId": 2557233,
        "placeTaken": "MAASVLAKTE, Rotterdam, NL",
        "takenAt": 1334324460,
        "copyright": "RIA MAAT",
        "description": null,
        "asset": {
            "id": 159378,
            "type": "Cargo",
            "name": "EBBA MAERSK"
        },
        "rating": {
            "voteAverage": 5,
            "voteCounter": 1
        },
        "url": "https://images.marinetraffic.com/collection/2557233.webp?size=800"
    },
    {
        "photoId": 2547937,
        "placeTaken": null,
        "takenAt": 1443550200,
        "copyright": "Nils Junge",
        "description": null,
        "asset": {
            "id": 159378,
            "type": "Cargo",
            "name": "EBBA MAERSK"
        },
        "rating": {
            "voteAverage": 5,
            "voteCounter": 2
        },
        "url": "https://images.marinetraffic.com/collection/2547937.webp?size=800"
    },
    {
        "photoId": 2547936,
        "placeTaken": null,
        "takenAt": 1443512940,
        "copyright": "Nils Junge",
        "description": null,
        "asset": {
            "id": 159378,
            "type": "Cargo",
            "name": "EBBA MAERSK"
        },
        "rating": {
            "voteAverage": 5,
            "voteCounter": 2
        },
        "url": "https://images.marinetraffic.com/collection/2547936.webp?size=800"
    },
    {
        "photoId": 2500284,
        "placeTaken": null,
        "takenAt": 1477924020,
        "copyright": "leflow",
        "description": null,
        "asset": {
            "id": 159378,
            "type": "Cargo",
            "name": "EBBA MAERSK"
        },
        "rating": {
            "voteAverage": 0,
            "voteCounter": 0
        },
        "url": "https://images.marinetraffic.com/collection/2500284.webp?size=800"
    },
    {
        "photoId": 2417874,
        "placeTaken": "Hamburg - Blankenese / GER",
        "takenAt": 1470652380,
        "copyright": "Buggi Porschien",
        "description": null,
        "asset": {
            "id": 159378,
            "type": "Cargo",
            "name": "EBBA MAERSK"
        },
        "rating": {
            "voteAverage": 0,
            "voteCounter": 0
        },
        "url": "https://images.marinetraffic.com/collection/2417874.webp?size=800"
    },
    {
        "photoId": 2417535,
        "placeTaken": "Hamburg",
        "takenAt": 1470553200,
        "copyright": "Thomas Tauchert",
        "description": null,
        "asset": {
            "id": 159378,
            "type": "Cargo",
            "name": "EBBA MAERSK"
        },
        "rating": {
            "voteAverage": 5,
            "voteCounter": 1
        },
        "url": "https://images.marinetraffic.com/collection/2417535.webp?size=800"
    },
    {
        "photoId": 2417534,
        "placeTaken": "Hamburg",
        "takenAt": 1470552840,
        "copyright": "Thomas Tauchert",
        "description": null,
        "asset": {
            "id": 159378,
            "type": "Cargo",
            "name": "EBBA MAERSK"
        },
        "rating": {
            "voteAverage": 5,
            "voteCounter": 1
        },
        "url": "https://images.marinetraffic.com/collection/2417534.webp?size=800"
    },
    {
        "photoId": 2416587,
        "placeTaken": "Hamburg",
        "takenAt": 1470553560,
        "copyright": "Oliver Boltz",
        "description": null,
        "asset": {
            "id": 159378,
            "type": "Cargo",
            "name": "EBBA MAERSK"
        },
        "rating": {
            "voteAverage": 0,
            "voteCounter": 0
        },
        "url": "https://images.marinetraffic.com/collection/2416587.webp?size=800"
    },
    {
        "photoId": 2416586,
        "placeTaken": "Hamburg",
        "takenAt": 1470553380,
        "copyright": "Oliver Boltz",
        "description": null,
        "asset": {
            "id": 159378,
            "type": "Cargo",
            "name": "EBBA MAERSK"
        },
        "rating": {
            "voteAverage": 0,
            "voteCounter": 0
        },
        "url": "https://images.marinetraffic.com/collection/2416586.webp?size=800"
    },
    {
        "photoId": 2416585,
        "placeTaken": "Hamburg",
        "takenAt": 1470553140,
        "copyright": "Oliver Boltz",
        "description": null,
        "asset": {
            "id": 159378,
            "type": "Cargo",
            "name": "EBBA MAERSK"
        },
        "rating": {
            "voteAverage": 0,
            "voteCounter": 0
        },
        "url": "https://images.marinetraffic.com/collection/2416585.webp?size=800"
    },
    {
        "photoId": 2416583,
        "placeTaken": "Hamburg",
        "takenAt": 1470553020,
        "copyright": "Oliver Boltz",
        "description": null,
        "asset": {
            "id": 159378,
            "type": "Cargo",
            "name": "EBBA MAERSK"
        },
        "rating": {
            "voteAverage": 0,
            "voteCounter": 0
        },
        "url": "https://images.marinetraffic.com/collection/2416583.webp?size=800"
    },
    {
        "photoId": 2344506,
        "placeTaken": "Hamburg",
        "takenAt": 1463923860,
        "copyright": "Thomas Tauchert",
        "description": null,
        "asset": {
            "id": 159378,
            "type": "Cargo",
            "name": "EBBA MAERSK"
        },
        "rating": {
            "voteAverage": 0,
            "voteCounter": 0
        },
        "url": "https://images.marinetraffic.com/collection/2344506.webp?size=800"
    }
]