[
    {
        "photoId": 3971435,
        "placeTaken": null,
        "takenAt": 1596111420,
        "copyright": "stefan horn",
        "description": null,
        "asset": {
            "id": 159378,
            "type": "Cargo",
            "name": "EBBA MAERSK"
        },
        "rating": {
            "voteAverage": 0,
            "voteCounter": 0
        },
        "url": "https://images.marinetraffic.com/collection/3971435.webp?size=800"
    },
    {
        "photoId": 3970085,
        "placeTaken": "Hamburg - Blankenese / GER",
        "takenAt": 1596114420,
        "copyright": "Buggi Porschien",
        "description": null,
        "asset": {
            "id": 159378,
            "type": "Cargo",
            "name": "EBBA MAERSK"
        },
        "rating": {
            "voteAverage": 0,
            "voteCounter": 0
        },
        "url": "https://images.marinetraffic.com/collection/3970085.webp?size=800"
    },
    {
        "photoId": 3969793,
        "placeTaken": "Hamburg- Wittenbergen",
        "takenAt": 1596114120,
        "copyright": "Hartmut Brockmueller",
        "description": null,
        "asset": {
            "id": 159378,
            "type": "Cargo",
            "name": "EBBA MAERSK"
        },
        "rating": {
            "voteAverage": 5,
            "voteCounter": 7
        },
        "url": "https://images.marinetraffic.com/collection/3969793.webp?size=800"
    },
    {
        "photoId": 3969792,
        "placeTaken": "Hamburg- Wittenbergen",
        "takenAt": 1596113880,
        "copyright": "Hartmut Brockmueller",
        "description": null,
        "asset": {
            "id": 159378,
            "type": "Cargo",
            "name": "EBBA MAERSK"
        },
        "rating": {
            "voteAverage": 5,
            "voteCounter": 12
        },
        "url": "https://images.marinetraffic.com/collection/3969792.webp?size=800"
    },
    {
        "photoId": 3917387,
        "placeTaken": null,
        "takenAt": 1407578220,
        "copyright": "Frank Tribull",
        "description": "als EBBA MAERSK aufgenommen am 09.08.2014 bei Imsum H\u00f6he Ochsenturm",
        "asset": {
            "id": 159378,
            "type": "Cargo",
            "name": "EBBA MAERSK"
        },
        "rating": {
            "voteAverage": 5,
            "voteCounter": 1
        },
        "url": "https://images.marinetraffic.com/collection/3917387.webp?size=800"
    },
    {
        "photoId": 3885249,
        "placeTaken": null,
        "takenAt": 1568034060,
        "copyright": "Philippe Guichot",
        "description": null,
        "asset": {
            "id": 159378,
            "type": "Cargo",
            "name": "EBBA MAERSK"
        },
        "rating": {
            "voteAverage": 0,
            "voteCounter": 0
        },
        "url": "https://images.marinetraffic.com/collection/3885249.webp?size=800"
    },
    {
        "photoId": 3885248,
        "placeTaken": null,
        "takenAt": 1568033460,
        "copyright": "Philippe Guichot",
        "description": null,
        "asset": {
            "id": 159378,
            "type": "Cargo",
            "name": "EBBA MAERSK"
        },
        "rating": {
            "voteAverage": 0,
            "voteCounter": 0
        },
        "url": "https://images.marinetraffic.com/collection/3885248.webp?size=800"
    },
    {
        "photoId": 3879282,
        "placeTaken": null,
        "takenAt": 1589895420,
        "copyright": "Andrey Shpek",
        "description": null,
        "asset": {
            "id": 159378,
            "type": "Cargo",
            "name": "EBBA MAERSK"
        },
        "rating": {
            "voteAverage": 0,
            "voteCounter": 0
        },
        "url": "https://images.marinetraffic.com/collection/3879282.webp?size=800"
    },
    {
        "photoId": 3879272,
        "placeTaken": null,
        "takenAt": 1589895120,
        "copyright": "Andrey Shpek",
        "description": null,
        "asset": {
            "id": 159378,
            "type": "Cargo",
            "name": "EBBA MAERSK"
        },
        "rating": {
            "voteAverage": 0,
            "voteCounter": 0
        },
        "url": "https://images.marinetraffic.com/collection/3879272.webp?size=800"
    },
    {
        "photoId": 3866246,
        "placeTaken": "Hamburg",
        "takenAt": 1588828800,
        "copyright": "Ritter Ramon",
        "description": null,
        "asset": {
            "id": 159378,
            "type": "Cargo",
            "name": "EBBA MAERSK"
        },
        "rating": {
            "voteAverage": 0,
            "voteCounter": 0
        },
        "url": "https://images.marinetraffic.com/collection/3866246.webp?size=800"
    },
    {
        "photoId": 3676646,
        "placeTaken": null,
        "takenAt": 1568033880,
        "copyright": "Philippe Guichot",
        "description": null,
        "asset": {
            "id": 159378,
            "type": "Cargo",
            "name": "EBBA MAERSK"
        },
        "rating": {
            "voteAverage": 5,
            "voteCounter": 1
        },
        "url": "https://images.marinetraffic.com/collection/3676646.webp?size=800"
    },
    {
        "photoId": 3676643,
        "placeTaken": null,
        "takenAt": 1568033340,
        "copyright": "Philippe Guichot",
        "description": null,
        "asset": {
            "id": 159378,
            "type": "Cargo",
            "name": "EBBA MAERSK"
        },
        "rating": {
            "voteAverage": 5,
            "voteCounter": 1
        },
        "url": "https://images.marinetraffic.com/collection/3676643.webp?size=800"
    },
    {
        "photoId": 3666396,
        "placeTaken": null,
        "takenAt": 1304814960,
        "copyright": "Philippe Guichot",
        "description": null,
        "asset": {
            "id": 159378,
            "type": "Cargo",
            "name": "EBBA MAERSK"
        },
        "rating": {
            "voteAverage": 5,
            "voteCounter": 1
        },
        "url": "https://images.marinetraffic.com/collection/3666396.webp?size=800"
    },
    {
        "photoId": 3637765,
        "placeTaken": "Cuxhaven-Yachthafen",
        "takenAt": 1567791000,
        "copyright": "Horst Cierullies",
        "description": null,
        "asset": {
            "id": 159378,
            "type": "Cargo",
            "name": "EBBA MAERSK"
        },
        "rating": {
            "voteAverage": 5,
            "voteCounter": 13
        },
        "url": "https://images.marinetraffic.com/collection/3637765.webp?size=800"
    },
    {
        "photoId": 3637735,
        "placeTaken": "Cuxhaven-Yachthafen",
        "takenAt": 1567790940,
        "copyright": "Horst Cierullies",
        "description": null,
        "asset": {
            "id": 159378,
            "type": "Cargo",
            "name": "EBBA MAERSK"
        },
        "rating": {
            "voteAverage": 5,
            "voteCounter": 12
        },
        "url": "https://images.marinetraffic.com/collection/3637735.webp?size=800"
    },
    {
        "photoId": 3637733,
        "placeTaken": "Cuxhaven-Alte Liebe",
        "takenAt": 1567790820,
        "copyright": "Horst Cierullies",
        "description": null,
        "asset": {
            "id": 159378,
            "type": "Cargo",
            "name": "EBBA MAERSK"
        },
        "rating": {
            "voteAverage": 5,
            "voteCounter": 13
        },
        "url": "https://images.marinetraffic.com/collection/3637733.webp?size=800"
    },
    {
        "photoId": 3634234,
        "placeTaken": "Westerschelde, Hansweert",
        "takenAt": 1568030700,
        "copyright": "Ruud Romijn",
        "description": null,
        "asset": {
            "id": 159378,
            "type": "Cargo",
            "name": "EBBA MAERSK"
        },
        "rating": {
            "voteAverage": 5,
            "voteCounter": 2
        },
        "url": "https://images.marinetraffic.com/collection/3634234.webp?size=800"
    },
    {
        "photoId": 3631020,
        "placeTaken": "Hamburg",
        "takenAt": 1567775340,
        "copyright": "Gerd Frick",
        "description": null,
        "asset": {
            "id": 159378,
            "type": "Cargo",
            "name": "EBBA MAERSK"
        },
        "rating": {
            "voteAverage": 5,
            "voteCounter": 2
        },
        "url": "https://images.marinetraffic.com/collection/3631020.webp?size=800"
    },
    {
        "photoId": 3543074,
        "placeTaken": "Westerschelde",
        "takenAt": 1560634020,
        "copyright": "Rene van Quekelberghe",
        "description": "Catching the last daylight",
        "asset": {
            "id": 159378,
            "type": "Cargo",
            "name": "EBBA MAERSK"
        },
        "rating": {
            "voteAverage": 5,
            "voteCounter": 1
        },
        "url": "https://images.marinetraffic.com/collection/3543074.webp?size=800"
    },
    {
        "photoId": 3518275,
        "placeTaken": "Hamburg - Blankenese / GER",
        "takenAt": 1560341280,
        "copyright": "Buggi Porschien",
        "description": null,
        "asset": {
            "id": 159378,
            "type": "Cargo",
            "name": "EBBA MAERSK"
        },
        "rating": {
            "voteAverage": 5,
            "voteCounter": 2
        },
        "url": "https://images.marinetraffic.com/collection/3518275.webp?size=800"
    }
]