[
    {
        "photoId": 1462638,
        "placeTaken": "Port Phillip Heads",
        "takenAt": 1383657840,
        "copyright": "Graham Flett",
        "description": "Gently rolling into Port Phillip",
        "asset": {
            "id": 183916,
            "type": "Cargo",
            "name": "TORRENS"
        },
        "rating": {
            "voteAverage": 5,
            "voteCounter": 1
        },
        "url": "https://images.marinetraffic.com/collection/1462638.webp?size=800"
    },
    {
        "photoId": 1462636,
        "placeTaken": "Port Phillip Heads",
        "takenAt": 1383658320,
        "copyright": "Graham Flett",
        "description": "Turning into the south channel. Queenscliff/Sorrento ferry off the port bow",
        "asset": {
            "id": 183916,
            "type": "Cargo",
            "name": "TORRENS"
        },
        "rating": {
            "voteAverage": 5,
            "voteCounter": 1
        },
        "url": "https://images.marinetraffic.com/collection/1462636.webp?size=800"
    },
    {
        "photoId": 1462628,
        "placeTaken": "Point Lonsdale",
        "takenAt": 1383609600,
        "copyright": "Lester Hunt",
        "description": "Inbound Port Phillip Heads",
        "asset": {
            "id": 183916,
            "type": "Cargo",
            "name": "TORRENS"
        },
        "rating": {
            "voteAverage": 0,
            "voteCounter": 0
        },
        "url": "https://images.marinetraffic.com/collection/1462628.webp?size=800"
    },
    {
        "photoId": 1456045,
        "placeTaken": "Fremantle, Western Australia",
        "takenAt": 1383211020,
        "copyright": "Brian Scott",
        "description": "Arriving in Fremantle harbour.\r\n",
        "asset": {
            "id": 183916,
            "type": "Cargo",
            "name": "TORRENS"
        },
        "rating": {
            "voteAverage": 4,
            "voteCounter": 1
        },
        "url": "https://images.marinetraffic.com/collection/1456045.webp?size=800"
    },
    {
        "photoId": 1456043,
        "placeTaken": "Fremantle, Western Australia",
        "takenAt": 1383210960,
        "copyright": "Brian Scott",
        "description": "Arriving in Fremantle harbour.\r\n",
        "asset": {
            "id": 183916,
            "type": "Cargo",
            "name": "TORRENS"
        },
        "rating": {
            "voteAverage": 0,
            "voteCounter": 0
        },
        "url": "https://images.marinetraffic.com/collection/1456043.webp?size=800"
    },
    {
        "photoId": 1456042,
        "placeTaken": "Fremantle, Western Australia",
        "takenAt": 1383210900,
        "copyright": "Brian Scott",
        "description": "Arriving in Fremantle harbour.\r\n",
        "asset": {
            "id": 183916,
            "type": "Cargo",
            "name": "TORRENS"
        },
        "rating": {
            "voteAverage": 0,
            "voteCounter": 0
        },
        "url": "https://images.marinetraffic.com/collection/1456042.webp?size=800"
    },
    {
        "photoId": 1413008,
        "placeTaken": "Le Havre",
        "takenAt": 1380372600,
        "copyright": "haudebourg",
        "description": null,
        "asset": {
            "id": 183916,
            "type": "Cargo",
            "name": "TORRENS"
        },
        "rating": {
            "voteAverage": 0,
            "voteCounter": 0
        },
        "url": "https://images.marinetraffic.com/collection/1413008.webp?size=800"
    },
    {
        "photoId": 1307463,
        "placeTaken": "Tilbury ro/ro berth",
        "takenAt": 1374662040,
        "copyright": "john white",
        "description": null,
        "asset": {
            "id": 183916,
            "type": "Cargo",
            "name": "TORRENS"
        },
        "rating": {
            "voteAverage": 4,
            "voteCounter": 1
        },
        "url": "https://images.marinetraffic.com/collection/1307463.webp?size=800"
    },
    {
        "photoId": 1306668,
        "placeTaken": "sheerness port uk",
        "takenAt": null,
        "copyright": "kevin haswell",
        "description": null,
        "asset": {
            "id": 183916,
            "type": "Cargo",
            "name": "TORRENS"
        },
        "rating": {
            "voteAverage": 0,
            "voteCounter": 0
        },
        "url": "https://images.marinetraffic.com/collection/1306668.webp?size=800"
    },
    {
        "photoId": 1306666,
        "placeTaken": "sheerness port uk",
        "takenAt": 1374579180,
        "copyright": "kevin haswell",
        "description": null,
        "asset": {
            "id": 183916,
            "type": "Cargo",
            "name": "TORRENS"
        },
        "rating": {
            "voteAverage": 0,
            "voteCounter": 0
        },
        "url": "https://images.marinetraffic.com/collection/1306666.webp?size=800"
    },
    {
        "photoId": 1306663,
        "placeTaken": "tilbury port uk",
        "takenAt": 1374605940,
        "copyright": "kevin haswell",
        "description": null,
        "asset": {
            "id": 183916,
            "type": "Cargo",
            "name": "TORRENS"
        },
        "rating": {
            "voteAverage": 0,
            "voteCounter": 0
        },
        "url": "https://images.marinetraffic.com/collection/1306663.webp?size=800"
    },
    {
        "photoId": 1303129,
        "placeTaken": "Walsoorden( NL)",
        "takenAt": 1374364800,
        "copyright": "Marij",
        "description": null,
        "asset": {
            "id": 183916,
            "type": "Cargo",
            "name": "TORRENS"
        },
        "rating": {
            "voteAverage": 4,
            "voteCounter": 1
        },
        "url": "https://images.marinetraffic.com/collection/1303129.webp?size=800"
    },
    {
        "photoId": 1284626,
        "placeTaken": "Emden / Ems",
        "takenAt": 1373199660,
        "copyright": "Hartema / Heyken",
        "description": null,
        "asset": {
            "id": 183916,
            "type": "Cargo",
            "name": "TORRENS"
        },
        "rating": {
            "voteAverage": 4,
            "voteCounter": 1
        },
        "url": "https://images.marinetraffic.com/collection/1284626.webp?size=800"
    },
    {
        "photoId": 1284619,
        "placeTaken": "Emden / Ems",
        "takenAt": 1373199360,
        "copyright": "Hartema / Heyken",
        "description": null,
        "asset": {
            "id": 183916,
            "type": "Cargo",
            "name": "TORRENS"
        },
        "rating": {
            "voteAverage": 4,
            "voteCounter": 1
        },
        "url": "https://images.marinetraffic.com/collection/1284619.webp?size=800"
    },
    {
        "photoId": 1284615,
        "placeTaken": "Emden / Ems",
        "takenAt": 1373198820,
        "copyright": "Hartema / Heyken",
        "description": null,
        "asset": {
            "id": 183916,
            "type": "Cargo",
            "name": "TORRENS"
        },
        "rating": {
            "voteAverage": 4,
            "voteCounter": 1
        },
        "url": "https://images.marinetraffic.com/collection/1284615.webp?size=800"
    },
    {
        "photoId": 1283671,
        "placeTaken": "Zeebrugge",
        "takenAt": 1373128440,
        "copyright": "De Busscher Hubert",
        "description": null,
        "asset": {
            "id": 183916,
            "type": "Cargo",
            "name": "TORRENS"
        },
        "rating": {
            "voteAverage": 3,
            "voteCounter": 1
        },
        "url": "https://images.marinetraffic.com/collection/1283671.webp?size=800"
    },
    {
        "photoId": 1282446,
        "placeTaken": "Zeebrugge (B)",
        "takenAt": 1373034000,
        "copyright": "guido jansen",
        "description": null,
        "asset": {
            "id": 183916,
            "type": "Cargo",
            "name": "TORRENS"
        },
        "rating": {
            "voteAverage": 4.333333,
            "voteCounter": 3
        },
        "url": "https://images.marinetraffic.com/collection/1282446.webp?size=800"
    },
    {
        "photoId": 1188395,
        "placeTaken": "sheerness port from grain (uk)",
        "takenAt": null,
        "copyright": "kevin haswell",
        "description": null,
        "asset": {
            "id": 183916,
            "type": "Cargo",
            "name": "TORRENS"
        },
        "rating": {
            "voteAverage": 1,
            "voteCounter": 1
        },
        "url": "https://images.marinetraffic.com/collection/1188395.webp?size=800"
    },
    {
        "photoId": 1182945,
        "placeTaken": "Thames",
        "takenAt": 1366704840,
        "copyright": "Ian Greenwood",
        "description": null,
        "asset": {
            "id": 183916,
            "type": "Cargo",
            "name": "TORRENS"
        },
        "rating": {
            "voteAverage": 5,
            "voteCounter": 1
        },
        "url": "https://images.marinetraffic.com/collection/1182945.webp?size=800"
    },
    {
        "photoId": 1182944,
        "placeTaken": "Thames",
        "takenAt": 1366704840,
        "copyright": "Ian Greenwood",
        "description": null,
        "asset": {
            "id": 183916,
            "type": "Cargo",
            "name": "TORRENS"
        },
        "rating": {
            "voteAverage": 5,
            "voteCounter": 1
        },
        "url": "https://images.marinetraffic.com/collection/1182944.webp?size=800"
    }
]