[
    {
        "photoId": 4966967,
        "placeTaken": "Keelung Taiwan",
        "takenAt": null,
        "copyright": "chun-hsi",
        "description": null,
        "asset": {
            "id": 183916,
            "type": "Cargo",
            "name": "TORRENS"
        },
        "rating": {
            "voteAverage": 0,
            "voteCounter": 0
        },
        "url": "https://images.marinetraffic.com/collection/4966967.webp?size=800"
    },
    {
        "photoId": 4966966,
        "placeTaken": "Keelung Taiwan",
        "takenAt": null,
        "copyright": "chun-hsi",
        "description": null,
        "asset": {
            "id": 183916,
            "type": "Cargo",
            "name": "TORRENS"
        },
        "rating": {
            "voteAverage": 5,
            "voteCounter": 1
        },
        "url": "https://images.marinetraffic.com/collection/4966966.webp?size=800"
    },
    {
        "photoId": 4911557,
        "placeTaken": null,
        "takenAt": 1668965280,
        "copyright": "barend J v Rensburg",
        "description": null,
        "asset": {
            "id": 183916,
            "type": "Cargo",
            "name": "TORRENS"
        },
        "rating": {
            "voteAverage": 0,
            "voteCounter": 0
        },
        "url": "https://images.marinetraffic.com/collection/4911557.webp?size=800"
    },
    {
        "photoId": 4857213,
        "placeTaken": "Brunswick, Georgia",
        "takenAt": 1664630160,
        "copyright": "JORDAN  Jenkins",
        "description": "MV Torrens of Wallenius Wilhelmsen Line transits the East Brunswick River under the Sidney Lanier Bridge inbound to CI-3 at Colonels Island Terminal of the Port of Brunswick, Georgia. Pilot 6 Captain Jonathan Tennant of the Brunswick Bar Pilots Association is at the Con. Taken from the Tugboat Ann Moran. ",
        "asset": {
            "id": 183916,
            "type": "Cargo",
            "name": "TORRENS"
        },
        "rating": {
            "voteAverage": 0,
            "voteCounter": 0
        },
        "url": "https://images.marinetraffic.com/collection/4857213.webp?size=800"
    },
    {
        "photoId": 4854614,
        "placeTaken": "Halifax Nova Scotia",
        "takenAt": 1663847640,
        "copyright": "Mogens Hermansen",
        "description": null,
        "asset": {
            "id": 183916,
            "type": "Cargo",
            "name": "TORRENS"
        },
        "rating": {
            "voteAverage": 0,
            "voteCounter": 0
        },
        "url": "https://images.marinetraffic.com/collection/4854614.webp?size=800"
    },
    {
        "photoId": 4826034,
        "placeTaken": null,
        "takenAt": 1662458280,
        "copyright": "Hans Lindskog",
        "description": null,
        "asset": {
            "id": 183916,
            "type": "Cargo",
            "name": "TORRENS"
        },
        "rating": {
            "voteAverage": 0,
            "voteCounter": 0
        },
        "url": "https://images.marinetraffic.com/collection/4826034.webp?size=800"
    },
    {
        "photoId": 4825760,
        "placeTaken": "Point Lonsdale",
        "takenAt": 1650817740,
        "copyright": "Michael OConnor",
        "description": null,
        "asset": {
            "id": 183916,
            "type": "Cargo",
            "name": "TORRENS"
        },
        "rating": {
            "voteAverage": 0,
            "voteCounter": 0
        },
        "url": "https://images.marinetraffic.com/collection/4825760.webp?size=800"
    },
    {
        "photoId": 4825759,
        "placeTaken": "Point Lonsdale",
        "takenAt": 1650817380,
        "copyright": "Michael OConnor",
        "description": null,
        "asset": {
            "id": 183916,
            "type": "Cargo",
            "name": "TORRENS"
        },
        "rating": {
            "voteAverage": 0,
            "voteCounter": 0
        },
        "url": "https://images.marinetraffic.com/collection/4825759.webp?size=800"
    },
    {
        "photoId": 4825757,
        "placeTaken": "Point Lonsdale",
        "takenAt": 1650817080,
        "copyright": "Michael OConnor",
        "description": null,
        "asset": {
            "id": 183916,
            "type": "Cargo",
            "name": "TORRENS"
        },
        "rating": {
            "voteAverage": 5,
            "voteCounter": 1
        },
        "url": "https://images.marinetraffic.com/collection/4825757.webp?size=800"
    },
    {
        "photoId": 4750830,
        "placeTaken": null,
        "takenAt": 1657550580,
        "copyright": "Gabriel Costacurta",
        "description": null,
        "asset": {
            "id": 183916,
            "type": "Cargo",
            "name": "TORRENS"
        },
        "rating": {
            "voteAverage": 0,
            "voteCounter": 0
        },
        "url": "https://images.marinetraffic.com/collection/4750830.webp?size=800"
    },
    {
        "photoId": 4748504,
        "placeTaken": null,
        "takenAt": 1637384100,
        "copyright": "Sawa Muratov",
        "description": null,
        "asset": {
            "id": 183916,
            "type": "Cargo",
            "name": "TORRENS"
        },
        "rating": {
            "voteAverage": 5,
            "voteCounter": 2
        },
        "url": "https://images.marinetraffic.com/collection/4748504.webp?size=800"
    },
    {
        "photoId": 4748500,
        "placeTaken": null,
        "takenAt": 1637314860,
        "copyright": "Sawa Muratov",
        "description": null,
        "asset": {
            "id": 183916,
            "type": "Cargo",
            "name": "TORRENS"
        },
        "rating": {
            "voteAverage": 5,
            "voteCounter": 2
        },
        "url": "https://images.marinetraffic.com/collection/4748500.webp?size=800"
    },
    {
        "photoId": 4642332,
        "placeTaken": "Port Phillip Heads  Victoria  Australia",
        "takenAt": 1650818220,
        "copyright": "Graham Flett",
        "description": null,
        "asset": {
            "id": 183916,
            "type": "Cargo",
            "name": "TORRENS"
        },
        "rating": {
            "voteAverage": 0,
            "voteCounter": 0
        },
        "url": "https://images.marinetraffic.com/collection/4642332.webp?size=800"
    },
    {
        "photoId": 4642331,
        "placeTaken": "Port Phillip Heads  Victoria  Australia",
        "takenAt": 1650817980,
        "copyright": "Graham Flett",
        "description": null,
        "asset": {
            "id": 183916,
            "type": "Cargo",
            "name": "TORRENS"
        },
        "rating": {
            "voteAverage": 5,
            "voteCounter": 1
        },
        "url": "https://images.marinetraffic.com/collection/4642331.webp?size=800"
    },
    {
        "photoId": 4642329,
        "placeTaken": "Port Phillip Heads  Victoria  Australia",
        "takenAt": 1650817620,
        "copyright": "Graham Flett",
        "description": null,
        "asset": {
            "id": 183916,
            "type": "Cargo",
            "name": "TORRENS"
        },
        "rating": {
            "voteAverage": 0,
            "voteCounter": 0
        },
        "url": "https://images.marinetraffic.com/collection/4642329.webp?size=800"
    },
    {
        "photoId": 4483648,
        "placeTaken": "Terneuzen Margarethapolder",
        "takenAt": 1632648000,
        "copyright": "Alex Van Herrewege - Bert van Broekhoven",
        "description": null,
        "asset": {
            "id": 183916,
            "type": "Cargo",
            "name": "TORRENS"
        },
        "rating": {
            "voteAverage": 0,
            "voteCounter": 0
        },
        "url": "https://images.marinetraffic.com/collection/4483648.webp?size=800"
    },
    {
        "photoId": 4446293,
        "placeTaken": null,
        "takenAt": null,
        "copyright": "David David Potter",
        "description": "Fawley Refinery in the background.",
        "asset": {
            "id": 183916,
            "type": "Cargo",
            "name": "TORRENS"
        },
        "rating": {
            "voteAverage": 0,
            "voteCounter": 0
        },
        "url": "https://images.marinetraffic.com/collection/4446293.webp?size=800"
    },
    {
        "photoId": 4446292,
        "placeTaken": null,
        "takenAt": null,
        "copyright": "David David Potter",
        "description": "Calshot Chimney in the background.",
        "asset": {
            "id": 183916,
            "type": "Cargo",
            "name": "TORRENS"
        },
        "rating": {
            "voteAverage": 0,
            "voteCounter": 0
        },
        "url": "https://images.marinetraffic.com/collection/4446292.webp?size=800"
    },
    {
        "photoId": 4360160,
        "placeTaken": "Staten Island NY",
        "takenAt": 1364327700,
        "copyright": "Dallas mayson",
        "description": "Turning North into Newark Bay.",
        "asset": {
            "id": 183916,
            "type": "Cargo",
            "name": "TORRENS"
        },
        "rating": {
            "voteAverage": 0,
            "voteCounter": 0
        },
        "url": "https://images.marinetraffic.com/collection/4360160.webp?size=800"
    },
    {
        "photoId": 4360159,
        "placeTaken": "Staten Island NY",
        "takenAt": 1364327640,
        "copyright": "Dallas mayson",
        "description": "Stern Ramp",
        "asset": {
            "id": 183916,
            "type": "Cargo",
            "name": "TORRENS"
        },
        "rating": {
            "voteAverage": 5,
            "voteCounter": 1
        },
        "url": "https://images.marinetraffic.com/collection/4360159.webp?size=800"
    }
]