[
    {
        "photoId": 3446573,
        "placeTaken": "Callao, Peru",
        "takenAt": 1542017640,
        "copyright": "Bill McLachlan",
        "description": null,
        "asset": {
            "id": 183916,
            "type": "Cargo",
            "name": "TORRENS"
        },
        "rating": {
            "voteAverage": 0,
            "voteCounter": 0
        },
        "url": "https://images.marinetraffic.com/collection/3446573.webp?size=800"
    },
    {
        "photoId": 3417780,
        "placeTaken": "Portishead",
        "takenAt": 1552832580,
        "copyright": "Huw Gibby",
        "description": "Passing Battery Point, Portishead inbound for Royal Portbury Dock from Livorno, Italy.",
        "asset": {
            "id": 183916,
            "type": "Cargo",
            "name": "TORRENS"
        },
        "rating": {
            "voteAverage": 0,
            "voteCounter": 0
        },
        "url": "https://images.marinetraffic.com/collection/3417780.webp?size=800"
    },
    {
        "photoId": 3417779,
        "placeTaken": "Portishead",
        "takenAt": 1552831980,
        "copyright": "Huw Gibby",
        "description": "Passing Portishead inbound for Royal Portbury Dock from Livorno, Italy.",
        "asset": {
            "id": 183916,
            "type": "Cargo",
            "name": "TORRENS"
        },
        "rating": {
            "voteAverage": 0,
            "voteCounter": 0
        },
        "url": "https://images.marinetraffic.com/collection/3417779.webp?size=800"
    },
    {
        "photoId": 3369965,
        "placeTaken": "San Antonio, Chile",
        "takenAt": 1542618180,
        "copyright": "Bill McLachlan",
        "description": null,
        "asset": {
            "id": 183916,
            "type": "Cargo",
            "name": "TORRENS"
        },
        "rating": {
            "voteAverage": 0,
            "voteCounter": 0
        },
        "url": "https://images.marinetraffic.com/collection/3369965.webp?size=800"
    },
    {
        "photoId": 3358308,
        "placeTaken": "Via Del Mar/ Chile",
        "takenAt": 1547127240,
        "copyright": "Christian Pinilla",
        "description": null,
        "asset": {
            "id": 183916,
            "type": "Cargo",
            "name": "TORRENS"
        },
        "rating": {
            "voteAverage": 0,
            "voteCounter": 0
        },
        "url": "https://images.marinetraffic.com/collection/3358308.webp?size=800"
    },
    {
        "photoId": 3340519,
        "placeTaken": null,
        "takenAt": 1545600540,
        "copyright": "Chucho GallSan",
        "description": null,
        "asset": {
            "id": 183916,
            "type": "Cargo",
            "name": "TORRENS"
        },
        "rating": {
            "voteAverage": 0,
            "voteCounter": 0
        },
        "url": "https://images.marinetraffic.com/collection/3340519.webp?size=800"
    },
    {
        "photoId": 3311100,
        "placeTaken": "San Antonio (Chile) ",
        "takenAt": 1542622260,
        "copyright": "Moreight",
        "description": null,
        "asset": {
            "id": 183916,
            "type": "Cargo",
            "name": "TORRENS"
        },
        "rating": {
            "voteAverage": 0,
            "voteCounter": 0
        },
        "url": "https://images.marinetraffic.com/collection/3311100.webp?size=800"
    },
    {
        "photoId": 3071468,
        "placeTaken": "Tilbury RoRo,United Kingdom",
        "takenAt": 1240227960,
        "copyright": "John Pitcher",
        "description": null,
        "asset": {
            "id": 183916,
            "type": "Cargo",
            "name": "TORRENS"
        },
        "rating": {
            "voteAverage": 5,
            "voteCounter": 1
        },
        "url": "https://images.marinetraffic.com/collection/3071468.webp?size=800"
    },
    {
        "photoId": 3024119,
        "placeTaken": "Yokohama port",
        "takenAt": 1461932460,
        "copyright": "Daisuke NIMURA",
        "description": null,
        "asset": {
            "id": 183916,
            "type": "Cargo",
            "name": "TORRENS"
        },
        "rating": {
            "voteAverage": 0,
            "voteCounter": 0
        },
        "url": "https://images.marinetraffic.com/collection/3024119.webp?size=800"
    },
    {
        "photoId": 2692707,
        "placeTaken": "Nagasaki,Japan",
        "takenAt": 1095273000,
        "copyright": "ponta",
        "description": null,
        "asset": {
            "id": 183916,
            "type": "Cargo",
            "name": "TORRENS"
        },
        "rating": {
            "voteAverage": 0,
            "voteCounter": 0
        },
        "url": "https://images.marinetraffic.com/collection/2692707.webp?size=800"
    },
    {
        "photoId": 2414156,
        "placeTaken": "Bremerhaven",
        "takenAt": 1196088180,
        "copyright": "Pekka Jarvinen",
        "description": null,
        "asset": {
            "id": 183916,
            "type": "Cargo",
            "name": "TORRENS"
        },
        "rating": {
            "voteAverage": 0,
            "voteCounter": 0
        },
        "url": "https://images.marinetraffic.com/collection/2414156.webp?size=800"
    },
    {
        "photoId": 2388274,
        "placeTaken": "\u00d8resund",
        "takenAt": 1466277060,
        "copyright": "Bendt Jakobsen",
        "description": null,
        "asset": {
            "id": 183916,
            "type": "Cargo",
            "name": "TORRENS"
        },
        "rating": {
            "voteAverage": 0,
            "voteCounter": 0
        },
        "url": "https://images.marinetraffic.com/collection/2388274.webp?size=800"
    },
    {
        "photoId": 2379064,
        "placeTaken": "Southampton",
        "takenAt": 1466956200,
        "copyright": "Huw Gibby",
        "description": null,
        "asset": {
            "id": 183916,
            "type": "Cargo",
            "name": "TORRENS"
        },
        "rating": {
            "voteAverage": 0,
            "voteCounter": 0
        },
        "url": "https://images.marinetraffic.com/collection/2379064.webp?size=800"
    },
    {
        "photoId": 2379063,
        "placeTaken": "Southampton",
        "takenAt": 1466956140,
        "copyright": "Huw Gibby",
        "description": null,
        "asset": {
            "id": 183916,
            "type": "Cargo",
            "name": "TORRENS"
        },
        "rating": {
            "voteAverage": 0,
            "voteCounter": 0
        },
        "url": "https://images.marinetraffic.com/collection/2379063.webp?size=800"
    },
    {
        "photoId": 2189801,
        "placeTaken": "Baltimore",
        "takenAt": 1440948360,
        "copyright": "Ventseslav Andreev",
        "description": null,
        "asset": {
            "id": 183916,
            "type": "Cargo",
            "name": "TORRENS"
        },
        "rating": {
            "voteAverage": 0,
            "voteCounter": 0
        },
        "url": "https://images.marinetraffic.com/collection/2189801.webp?size=800"
    },
    {
        "photoId": 2189799,
        "placeTaken": "Baltimore",
        "takenAt": 1440910500,
        "copyright": "Ventseslav Andreev",
        "description": null,
        "asset": {
            "id": 183916,
            "type": "Cargo",
            "name": "TORRENS"
        },
        "rating": {
            "voteAverage": 4,
            "voteCounter": 1
        },
        "url": "https://images.marinetraffic.com/collection/2189799.webp?size=800"
    },
    {
        "photoId": 2171783,
        "placeTaken": "Santander - Spain",
        "takenAt": 1448904480,
        "copyright": "Gaspar Luis Prieto Garcia",
        "description": "Arrival port of Santander",
        "asset": {
            "id": 183916,
            "type": "Cargo",
            "name": "TORRENS"
        },
        "rating": {
            "voteAverage": 0,
            "voteCounter": 0
        },
        "url": "https://images.marinetraffic.com/collection/2171783.webp?size=800"
    },
    {
        "photoId": 2158630,
        "placeTaken": "Bremerhaven",
        "takenAt": 1303046160,
        "copyright": "pingi eisbar",
        "description": null,
        "asset": {
            "id": 183916,
            "type": "Cargo",
            "name": "TORRENS"
        },
        "rating": {
            "voteAverage": 0,
            "voteCounter": 0
        },
        "url": "https://images.marinetraffic.com/collection/2158630.webp?size=800"
    },
    {
        "photoId": 2158629,
        "placeTaken": "Bremerhaven",
        "takenAt": 1303046700,
        "copyright": "pingi eisbar",
        "description": null,
        "asset": {
            "id": 183916,
            "type": "Cargo",
            "name": "TORRENS"
        },
        "rating": {
            "voteAverage": 0,
            "voteCounter": 0
        },
        "url": "https://images.marinetraffic.com/collection/2158629.webp?size=800"
    },
    {
        "photoId": 2137083,
        "placeTaken": "Southampton Docks",
        "takenAt": 1445784840,
        "copyright": "Les Rickman",
        "description": null,
        "asset": {
            "id": 183916,
            "type": "Cargo",
            "name": "TORRENS"
        },
        "rating": {
            "voteAverage": 0,
            "voteCounter": 0
        },
        "url": "https://images.marinetraffic.com/collection/2137083.webp?size=800"
    }
]