[
    {
        "photoId": 2010279,
        "placeTaken": "Northfleet Kent UK",
        "takenAt": 1435754940,
        "copyright": "Ray Petri",
        "description": null,
        "asset": {
            "id": 1037013,
            "type": "Cargo",
            "name": "GRANDE BUENOS AIRES"
        },
        "rating": {
            "voteAverage": 0,
            "voteCounter": 0
        },
        "url": "https://images.marinetraffic.com/collection/2010279.webp?size=800"
    },
    {
        "photoId": 2010148,
        "placeTaken": "Northfleet Kent UK",
        "takenAt": 1435755720,
        "copyright": "Ray Petri",
        "description": null,
        "asset": {
            "id": 1037013,
            "type": "Cargo",
            "name": "GRANDE BUENOS AIRES"
        },
        "rating": {
            "voteAverage": 0,
            "voteCounter": 0
        },
        "url": "https://images.marinetraffic.com/collection/2010148.webp?size=800"
    },
    {
        "photoId": 2003668,
        "placeTaken": "Hamburg",
        "takenAt": 1431364860,
        "copyright": "Lukasz Blaszczak",
        "description": null,
        "asset": {
            "id": 1037013,
            "type": "Cargo",
            "name": "GRANDE BUENOS AIRES"
        },
        "rating": {
            "voteAverage": 4,
            "voteCounter": 1
        },
        "url": "https://images.marinetraffic.com/collection/2003668.webp?size=800"
    },
    {
        "photoId": 1986083,
        "placeTaken": "Hamburg - Blankenese",
        "takenAt": 1431363780,
        "copyright": "Antje Lemberg",
        "description": null,
        "asset": {
            "id": 1037013,
            "type": "Cargo",
            "name": "GRANDE BUENOS AIRES"
        },
        "rating": {
            "voteAverage": 0,
            "voteCounter": 0
        },
        "url": "https://images.marinetraffic.com/collection/1986083.webp?size=800"
    },
    {
        "photoId": 1968794,
        "placeTaken": "Leixes - Portugal",
        "takenAt": 1423749660,
        "copyright": "Henrique Cayolla",
        "description": null,
        "asset": {
            "id": 1037013,
            "type": "Cargo",
            "name": "GRANDE BUENOS AIRES"
        },
        "rating": {
            "voteAverage": 5,
            "voteCounter": 1
        },
        "url": "https://images.marinetraffic.com/collection/1968794.webp?size=800"
    },
    {
        "photoId": 1968793,
        "placeTaken": "Leixes - Portugal",
        "takenAt": 1432134360,
        "copyright": "Henrique Cayolla",
        "description": null,
        "asset": {
            "id": 1037013,
            "type": "Cargo",
            "name": "GRANDE BUENOS AIRES"
        },
        "rating": {
            "voteAverage": 0,
            "voteCounter": 0
        },
        "url": "https://images.marinetraffic.com/collection/1968793.webp?size=800"
    },
    {
        "photoId": 1958245,
        "placeTaken": "Hamburg",
        "takenAt": 1431362580,
        "copyright": "Gerd Frick",
        "description": null,
        "asset": {
            "id": 1037013,
            "type": "Cargo",
            "name": "GRANDE BUENOS AIRES"
        },
        "rating": {
            "voteAverage": 5,
            "voteCounter": 3
        },
        "url": "https://images.marinetraffic.com/collection/1958245.webp?size=800"
    },
    {
        "photoId": 1956176,
        "placeTaken": "Hamburg",
        "takenAt": 1431202020,
        "copyright": "Thomas Tauchert",
        "description": null,
        "asset": {
            "id": 1037013,
            "type": "Cargo",
            "name": "GRANDE BUENOS AIRES"
        },
        "rating": {
            "voteAverage": 0,
            "voteCounter": 0
        },
        "url": "https://images.marinetraffic.com/collection/1956176.webp?size=800"
    },
    {
        "photoId": 1868189,
        "placeTaken": "Terneuzen",
        "takenAt": 1337357520,
        "copyright": "Bettina Rohbrecht",
        "description": null,
        "asset": {
            "id": 1037013,
            "type": "Cargo",
            "name": "GRANDE BUENOS AIRES"
        },
        "rating": {
            "voteAverage": 0,
            "voteCounter": 0
        },
        "url": "https://images.marinetraffic.com/collection/1868189.webp?size=800"
    },
    {
        "photoId": 1840126,
        "placeTaken": "Cascais",
        "takenAt": 1415124300,
        "copyright": "Pedro Amaral",
        "description": "Cascais",
        "asset": {
            "id": 1037013,
            "type": "Cargo",
            "name": "Grande Buenos Aires"
        },
        "rating": {
            "voteAverage": 0,
            "voteCounter": 0
        },
        "url": "https://images.marinetraffic.com/collection/1840126.webp?size=800"
    },
    {
        "photoId": 1840125,
        "placeTaken": "Cascais",
        "takenAt": 1415124240,
        "copyright": "Pedro Amaral",
        "description": "Cascais",
        "asset": {
            "id": 1037013,
            "type": "Cargo",
            "name": "Grande Buenos Aires"
        },
        "rating": {
            "voteAverage": 0,
            "voteCounter": 0
        },
        "url": "https://images.marinetraffic.com/collection/1840125.webp?size=800"
    },
    {
        "photoId": 1840124,
        "placeTaken": "Cascais",
        "takenAt": 1415124180,
        "copyright": "Pedro Amaral",
        "description": "Cascais",
        "asset": {
            "id": 1037013,
            "type": "Cargo",
            "name": "Grande Buenos Aires"
        },
        "rating": {
            "voteAverage": 0,
            "voteCounter": 0
        },
        "url": "https://images.marinetraffic.com/collection/1840124.webp?size=800"
    },
    {
        "photoId": 1840123,
        "placeTaken": "Cascais",
        "takenAt": 1415124000,
        "copyright": "Pedro Amaral",
        "description": "Cascais",
        "asset": {
            "id": 1037013,
            "type": "Cargo",
            "name": "Grande Buenos Aires"
        },
        "rating": {
            "voteAverage": 0,
            "voteCounter": 0
        },
        "url": "https://images.marinetraffic.com/collection/1840123.webp?size=800"
    },
    {
        "photoId": 1840122,
        "placeTaken": "Cascais",
        "takenAt": 1415123880,
        "copyright": "Pedro Amaral",
        "description": "Cascais",
        "asset": {
            "id": 1037013,
            "type": "Cargo",
            "name": "GRANDE BUENOS AIRES"
        },
        "rating": {
            "voteAverage": 0,
            "voteCounter": 0
        },
        "url": "https://images.marinetraffic.com/collection/1840122.webp?size=800"
    },
    {
        "photoId": 1808171,
        "placeTaken": "port du havre",
        "takenAt": 1414753740,
        "copyright": "blaise/thierry",
        "description": null,
        "asset": {
            "id": 1037013,
            "type": "Cargo",
            "name": "GRANDE BUENOS AIRES"
        },
        "rating": {
            "voteAverage": 0,
            "voteCounter": 0
        },
        "url": "https://images.marinetraffic.com/collection/1808171.webp?size=800"
    },
    {
        "photoId": 1804748,
        "placeTaken": "Stadersand",
        "takenAt": 1414167000,
        "copyright": "Erich Mund",
        "description": "GRANDE BUENOS AIRES inbound Hamburg on river Elbe",
        "asset": {
            "id": 1037013,
            "type": "Cargo",
            "name": "GRANDE BUENOS AIRES"
        },
        "rating": {
            "voteAverage": 0,
            "voteCounter": 0
        },
        "url": "https://images.marinetraffic.com/collection/1804748.webp?size=800"
    },
    {
        "photoId": 1803450,
        "placeTaken": "(D)Wedel/Schulau",
        "takenAt": 1414169040,
        "copyright": "elbwasser",
        "description": "Welcome Point, Wedel/Schulau",
        "asset": {
            "id": 1037013,
            "type": "Cargo",
            "name": "GRANDE BUENOS AIRES"
        },
        "rating": {
            "voteAverage": 5,
            "voteCounter": 1
        },
        "url": "https://images.marinetraffic.com/collection/1803450.webp?size=800"
    },
    {
        "photoId": 1755382,
        "placeTaken": "Hamburg",
        "takenAt": 1409230440,
        "copyright": "Sebastian Schobert",
        "description": null,
        "asset": {
            "id": 1037013,
            "type": "Cargo",
            "name": "GRANDE BUENOS AIRES"
        },
        "rating": {
            "voteAverage": 0,
            "voteCounter": 0
        },
        "url": "https://images.marinetraffic.com/collection/1755382.webp?size=800"
    },
    {
        "photoId": 1755380,
        "placeTaken": "Hamburg",
        "takenAt": 1409230380,
        "copyright": "Sebastian Schobert",
        "description": "Oswaldkai",
        "asset": {
            "id": 1037013,
            "type": "Cargo",
            "name": "GRANDE BUENOS AIRES"
        },
        "rating": {
            "voteAverage": 0,
            "voteCounter": 0
        },
        "url": "https://images.marinetraffic.com/collection/1755380.webp?size=800"
    },
    {
        "photoId": 1749822,
        "placeTaken": "(D)Wedel/Schulau",
        "takenAt": 1409338440,
        "copyright": "elbwasser",
        "description": "Welcome Point, Wedel/Schulau",
        "asset": {
            "id": 1037013,
            "type": "Cargo",
            "name": "GRANDE BUENOS AIRES"
        },
        "rating": {
            "voteAverage": 0,
            "voteCounter": 0
        },
        "url": "https://images.marinetraffic.com/collection/1749822.webp?size=800"
    }
]