[
    {
        "photoId": 4434041,
        "placeTaken": "Terneuzen Margarethapolder",
        "takenAt": 1632037020,
        "copyright": "Alex Van Herrewege",
        "description": null,
        "asset": {
            "id": 1037013,
            "type": "Cargo",
            "name": "GRANDE BUENOS AIRES"
        },
        "rating": {
            "voteAverage": 0,
            "voteCounter": 0
        },
        "url": "https://images.marinetraffic.com/collection/4434041.webp?size=800"
    },
    {
        "photoId": 4365095,
        "placeTaken": "Hamburg - Blankenese / GER",
        "takenAt": 1627628280,
        "copyright": "Buggi Porschien",
        "description": null,
        "asset": {
            "id": 1037013,
            "type": "Cargo",
            "name": "GRANDE BUENOS AIRES"
        },
        "rating": {
            "voteAverage": 0,
            "voteCounter": 0
        },
        "url": "https://images.marinetraffic.com/collection/4365095.webp?size=800"
    },
    {
        "photoId": 4364881,
        "placeTaken": null,
        "takenAt": 1627628700,
        "copyright": "Dennis Theissen",
        "description": null,
        "asset": {
            "id": 1037013,
            "type": "Cargo",
            "name": "GRANDE BUENOS AIRES"
        },
        "rating": {
            "voteAverage": 0,
            "voteCounter": 0
        },
        "url": "https://images.marinetraffic.com/collection/4364881.webp?size=800"
    },
    {
        "photoId": 4355546,
        "placeTaken": "Panoramaweg Breskens",
        "takenAt": 1627054740,
        "copyright": "W.J.M. Uytterhoeven",
        "description": null,
        "asset": {
            "id": 1037013,
            "type": "Cargo",
            "name": "GRANDE BUENOS AIRES"
        },
        "rating": {
            "voteAverage": 0,
            "voteCounter": 0
        },
        "url": "https://images.marinetraffic.com/collection/4355546.webp?size=800"
    },
    {
        "photoId": 4355545,
        "placeTaken": "Panoramaweg Breskens",
        "takenAt": 1627055040,
        "copyright": "W.J.M. Uytterhoeven",
        "description": "Bestemming Antwerpen",
        "asset": {
            "id": 1037013,
            "type": "Cargo",
            "name": "GRANDE BUENOS AIRES"
        },
        "rating": {
            "voteAverage": 0,
            "voteCounter": 0
        },
        "url": "https://images.marinetraffic.com/collection/4355545.webp?size=800"
    },
    {
        "photoId": 4267938,
        "placeTaken": "Rio de La Plata - Argentina",
        "takenAt": 1620559380,
        "copyright": "Maxi Alonso",
        "description": null,
        "asset": {
            "id": 1037013,
            "type": "Cargo",
            "name": "GRANDE BUENOS AIRES"
        },
        "rating": {
            "voteAverage": 5,
            "voteCounter": 1
        },
        "url": "https://images.marinetraffic.com/collection/4267938.webp?size=800"
    },
    {
        "photoId": 4267936,
        "placeTaken": "Rio de La Plata - Argentina",
        "takenAt": 1620559320,
        "copyright": "Maxi Alonso",
        "description": null,
        "asset": {
            "id": 1037013,
            "type": "Cargo",
            "name": "GRANDE BUENOS AIRES"
        },
        "rating": {
            "voteAverage": 5,
            "voteCounter": 3
        },
        "url": "https://images.marinetraffic.com/collection/4267936.webp?size=800"
    },
    {
        "photoId": 4170820,
        "placeTaken": "Hamburg, Hansahafen",
        "takenAt": 1613221920,
        "copyright": "Oliver Boltz",
        "description": null,
        "asset": {
            "id": 1037013,
            "type": "Cargo",
            "name": "GRANDE BUENOS AIRES"
        },
        "rating": {
            "voteAverage": 0,
            "voteCounter": 0
        },
        "url": "https://images.marinetraffic.com/collection/4170820.webp?size=800"
    },
    {
        "photoId": 4170819,
        "placeTaken": "Hamburg, Hansahafen",
        "takenAt": 1613221380,
        "copyright": "Oliver Boltz",
        "description": null,
        "asset": {
            "id": 1037013,
            "type": "Cargo",
            "name": "GRANDE BUENOS AIRES"
        },
        "rating": {
            "voteAverage": 0,
            "voteCounter": 0
        },
        "url": "https://images.marinetraffic.com/collection/4170819.webp?size=800"
    },
    {
        "photoId": 4167015,
        "placeTaken": "Hamburg-Blankenese, off the ferry station ",
        "takenAt": 1613150280,
        "copyright": "Wolf Achim Wiegand",
        "description": "On the river Elbe, arriving in the Port of Hamburg, Germany ",
        "asset": {
            "id": 1037013,
            "type": "Cargo",
            "name": "GRANDE BUENOS AIRES"
        },
        "rating": {
            "voteAverage": 0,
            "voteCounter": 0
        },
        "url": "https://images.marinetraffic.com/collection/4167015.webp?size=800"
    },
    {
        "photoId": 3868002,
        "placeTaken": "Grande Buenos Aires Hamburg  Hansahafen",
        "takenAt": 1588760400,
        "copyright": "rannug",
        "description": "Grande Buenos Aires Hamburg  Hansahafen",
        "asset": {
            "id": 1037013,
            "type": "Cargo",
            "name": "GRANDE BUENOS AIRES"
        },
        "rating": {
            "voteAverage": 0,
            "voteCounter": 0
        },
        "url": "https://images.marinetraffic.com/collection/3868002.webp?size=800"
    },
    {
        "photoId": 3484046,
        "placeTaken": "Breskens",
        "takenAt": 1557934140,
        "copyright": "W.J.M. Uytterhoeven",
        "description": "Destination Antwerp",
        "asset": {
            "id": 1037013,
            "type": "Cargo",
            "name": "GRANDE BUENOS AIRES"
        },
        "rating": {
            "voteAverage": 0,
            "voteCounter": 0
        },
        "url": "https://images.marinetraffic.com/collection/3484046.webp?size=800"
    },
    {
        "photoId": 3250262,
        "placeTaken": "Tilbury",
        "takenAt": 1377270420,
        "copyright": "Pekka Jarvinen",
        "description": "Tilbury 23.08.2013",
        "asset": {
            "id": 1037013,
            "type": "Cargo",
            "name": "GRANDE BUENOS AIRES"
        },
        "rating": {
            "voteAverage": 0,
            "voteCounter": 0
        },
        "url": "https://images.marinetraffic.com/collection/3250262.webp?size=800"
    },
    {
        "photoId": 3245906,
        "placeTaken": "Valencia",
        "takenAt": 1537380300,
        "copyright": "Manuel Hern\u00e1ndez",
        "description": null,
        "asset": {
            "id": 1037013,
            "type": "Cargo",
            "name": "GRANDE BUENOS AIRES"
        },
        "rating": {
            "voteAverage": 0,
            "voteCounter": 0
        },
        "url": "https://images.marinetraffic.com/collection/3245906.webp?size=800"
    },
    {
        "photoId": 3201549,
        "placeTaken": "Rio de Janeiro, Brazil",
        "takenAt": 1533052800,
        "copyright": "Celso Marino",
        "description": null,
        "asset": {
            "id": 1037013,
            "type": "Cargo",
            "name": "GRANDE BUENOS AIRES"
        },
        "rating": {
            "voteAverage": 5,
            "voteCounter": 5
        },
        "url": "https://images.marinetraffic.com/collection/3201549.webp?size=800"
    },
    {
        "photoId": 3168471,
        "placeTaken": null,
        "takenAt": 1500314340,
        "copyright": "Philippe Guichot",
        "description": null,
        "asset": {
            "id": 1037013,
            "type": "Cargo",
            "name": "GRANDE BUENOS AIRES"
        },
        "rating": {
            "voteAverage": 0,
            "voteCounter": 0
        },
        "url": "https://images.marinetraffic.com/collection/3168471.webp?size=800"
    },
    {
        "photoId": 3159689,
        "placeTaken": null,
        "takenAt": 1500314460,
        "copyright": "Philippe Guichot",
        "description": null,
        "asset": {
            "id": 1037013,
            "type": "Cargo",
            "name": "GRANDE BUENOS AIRES"
        },
        "rating": {
            "voteAverage": 0,
            "voteCounter": 0
        },
        "url": "https://images.marinetraffic.com/collection/3159689.webp?size=800"
    },
    {
        "photoId": 3159687,
        "placeTaken": null,
        "takenAt": 1500314160,
        "copyright": "Philippe Guichot",
        "description": null,
        "asset": {
            "id": 1037013,
            "type": "Cargo",
            "name": "GRANDE BUENOS AIRES"
        },
        "rating": {
            "voteAverage": 0,
            "voteCounter": 0
        },
        "url": "https://images.marinetraffic.com/collection/3159687.webp?size=800"
    },
    {
        "photoId": 3134124,
        "placeTaken": "Cuxhaven, Jachthafen",
        "takenAt": 1529524800,
        "copyright": "Horst Cierullies",
        "description": null,
        "asset": {
            "id": 1037013,
            "type": "Cargo",
            "name": "GRANDE BUENOS AIRES"
        },
        "rating": {
            "voteAverage": 5,
            "voteCounter": 3
        },
        "url": "https://images.marinetraffic.com/collection/3134124.webp?size=800"
    },
    {
        "photoId": 3059858,
        "placeTaken": null,
        "takenAt": 1500314580,
        "copyright": "Philippe Guichot",
        "description": null,
        "asset": {
            "id": 1037013,
            "type": "Cargo",
            "name": "GRANDE BUENOS AIRES"
        },
        "rating": {
            "voteAverage": 0,
            "voteCounter": 0
        },
        "url": "https://images.marinetraffic.com/collection/3059858.webp?size=800"
    }
]