[
    {
        "photoId": 4072637,
        "placeTaken": "Bremerhaven",
        "takenAt": 1469708580,
        "copyright": "Rolf Bridde",
        "description": null,
        "asset": {
            "id": 155831,
            "type": "Cargo",
            "name": "MADISON MAERSK"
        },
        "rating": {
            "voteAverage": 5,
            "voteCounter": 1
        },
        "url": "https://images.marinetraffic.com/collection/4072637.webp?size=800"
    },
    {
        "photoId": 4070754,
        "placeTaken": "Maasmond, Rotterdam NL",
        "takenAt": 1592919480,
        "copyright": "Stefan Lemmens",
        "description": null,
        "asset": {
            "id": 155831,
            "type": "Cargo",
            "name": "MADISON MAERSK"
        },
        "rating": {
            "voteAverage": 0,
            "voteCounter": 0
        },
        "url": "https://images.marinetraffic.com/collection/4070754.webp?size=800"
    },
    {
        "photoId": 4070753,
        "placeTaken": "Maasmond, Rotterdam NL",
        "takenAt": 1592919120,
        "copyright": "Stefan Lemmens",
        "description": null,
        "asset": {
            "id": 155831,
            "type": "Cargo",
            "name": "MADISON MAERSK"
        },
        "rating": {
            "voteAverage": 5,
            "voteCounter": 1
        },
        "url": "https://images.marinetraffic.com/collection/4070753.webp?size=800"
    },
    {
        "photoId": 4070752,
        "placeTaken": "Maasmond, Rotterdam NL",
        "takenAt": 1592919000,
        "copyright": "Stefan Lemmens",
        "description": null,
        "asset": {
            "id": 155831,
            "type": "Cargo",
            "name": "MADISON MAERSK"
        },
        "rating": {
            "voteAverage": 0,
            "voteCounter": 0
        },
        "url": "https://images.marinetraffic.com/collection/4070752.webp?size=800"
    },
    {
        "photoId": 3929856,
        "placeTaken": "Beerkanaal Europoort",
        "takenAt": 1593091740,
        "copyright": "Peter Grashoff",
        "description": "Leaving Port of Rotterdam",
        "asset": {
            "id": 155831,
            "type": "Cargo",
            "name": "MADISON MAERSK"
        },
        "rating": {
            "voteAverage": 0,
            "voteCounter": 0
        },
        "url": "https://images.marinetraffic.com/collection/3929856.webp?size=800"
    },
    {
        "photoId": 3929853,
        "placeTaken": "Beerkanaal Europoort",
        "takenAt": 1593091080,
        "copyright": "Peter Grashoff",
        "description": "Leaving Port of Rotterdam",
        "asset": {
            "id": 155831,
            "type": "Cargo",
            "name": "MADISON MAERSK"
        },
        "rating": {
            "voteAverage": 0,
            "voteCounter": 0
        },
        "url": "https://images.marinetraffic.com/collection/3929853.webp?size=800"
    },
    {
        "photoId": 3929851,
        "placeTaken": "Beerkanaal Europoort",
        "takenAt": 1593090720,
        "copyright": "Peter Grashoff",
        "description": "Leaving Port of Rotterdam",
        "asset": {
            "id": 155831,
            "type": "Cargo",
            "name": "MADISON MAERSK"
        },
        "rating": {
            "voteAverage": 5,
            "voteCounter": 1
        },
        "url": "https://images.marinetraffic.com/collection/3929851.webp?size=800"
    },
    {
        "photoId": 3929848,
        "placeTaken": "Beerkanaal Europoort",
        "takenAt": 1593092640,
        "copyright": "Peter Grashoff",
        "description": "Leaving Port of Rotterdam",
        "asset": {
            "id": 155831,
            "type": "Cargo",
            "name": "MADISON MAERSK"
        },
        "rating": {
            "voteAverage": 0,
            "voteCounter": 0
        },
        "url": "https://images.marinetraffic.com/collection/3929848.webp?size=800"
    },
    {
        "photoId": 3929844,
        "placeTaken": "Beerkanaal Europoort",
        "takenAt": 1593092760,
        "copyright": "Peter Grashoff",
        "description": "Leaving Port of Rotterdam",
        "asset": {
            "id": 155831,
            "type": "Cargo",
            "name": "MADISON MAERSK"
        },
        "rating": {
            "voteAverage": 0,
            "voteCounter": 0
        },
        "url": "https://images.marinetraffic.com/collection/3929844.webp?size=800"
    },
    {
        "photoId": 3909950,
        "placeTaken": "Bremerhaven",
        "takenAt": 1591707000,
        "copyright": "Rolf Bridde",
        "description": null,
        "asset": {
            "id": 155831,
            "type": "Cargo",
            "name": "MADISON MAERSK"
        },
        "rating": {
            "voteAverage": 0,
            "voteCounter": 0
        },
        "url": "https://images.marinetraffic.com/collection/3909950.webp?size=800"
    },
    {
        "photoId": 3903417,
        "placeTaken": null,
        "takenAt": 1533239520,
        "copyright": "Frank Tribull",
        "description": "als MADISON MAERSK aufgenommen am 02.08.2018 bei Cuxhaven H\u00f6he Steubenh\u00f6ftl",
        "asset": {
            "id": 155831,
            "type": "Cargo",
            "name": "MADISON MAERSK"
        },
        "rating": {
            "voteAverage": 0,
            "voteCounter": 0
        },
        "url": "https://images.marinetraffic.com/collection/3903417.webp?size=800"
    },
    {
        "photoId": 3903408,
        "placeTaken": null,
        "takenAt": 1407075480,
        "copyright": "Frank Tribull",
        "description": "als MADISON MAERSK aufgenommen am 03.08.2014 bei Bremerhaven H\u00f6he Container Terminal NTB",
        "asset": {
            "id": 155831,
            "type": "Cargo",
            "name": "MADISON MAERSK"
        },
        "rating": {
            "voteAverage": 0,
            "voteCounter": 0
        },
        "url": "https://images.marinetraffic.com/collection/3903408.webp?size=800"
    },
    {
        "photoId": 3880059,
        "placeTaken": "Bremerhaven",
        "takenAt": 1490194020,
        "copyright": "Rolf Bridde",
        "description": null,
        "asset": {
            "id": 155831,
            "type": "Cargo",
            "name": "MADISON MAERSK"
        },
        "rating": {
            "voteAverage": 0,
            "voteCounter": 0
        },
        "url": "https://images.marinetraffic.com/collection/3880059.webp?size=800"
    },
    {
        "photoId": 3844646,
        "placeTaken": "Rotterdam",
        "takenAt": 1450016580,
        "copyright": "Federico Tobaldi",
        "description": null,
        "asset": {
            "id": 155831,
            "type": "Cargo",
            "name": "MADISON MAERSK"
        },
        "rating": {
            "voteAverage": 0,
            "voteCounter": 0
        },
        "url": "https://images.marinetraffic.com/collection/3844646.webp?size=800"
    },
    {
        "photoId": 3818654,
        "placeTaken": "Bremerhaven",
        "takenAt": 1584791040,
        "copyright": "Rolf Bridde",
        "description": null,
        "asset": {
            "id": 155831,
            "type": "Cargo",
            "name": "MADISON MAERSK"
        },
        "rating": {
            "voteAverage": 0,
            "voteCounter": 0
        },
        "url": "https://images.marinetraffic.com/collection/3818654.webp?size=800"
    },
    {
        "photoId": 3818650,
        "placeTaken": "Bremerhaven",
        "takenAt": 1584790200,
        "copyright": "Rolf Bridde",
        "description": null,
        "asset": {
            "id": 155831,
            "type": "Cargo",
            "name": "MADISON MAERSK"
        },
        "rating": {
            "voteAverage": 5,
            "voteCounter": 1
        },
        "url": "https://images.marinetraffic.com/collection/3818650.webp?size=800"
    },
    {
        "photoId": 3809641,
        "placeTaken": "Great Belt Bridge",
        "takenAt": 1584001020,
        "copyright": "Claus B",
        "description": null,
        "asset": {
            "id": 155831,
            "type": "Cargo",
            "name": "MADISON MAERSK"
        },
        "rating": {
            "voteAverage": 0,
            "voteCounter": 0
        },
        "url": "https://images.marinetraffic.com/collection/3809641.webp?size=800"
    },
    {
        "photoId": 3761624,
        "placeTaken": "Terneuzen",
        "takenAt": 1579265340,
        "copyright": "Carlos van Hecke",
        "description": null,
        "asset": {
            "id": 155831,
            "type": "Cargo",
            "name": "MADISON MAERSK"
        },
        "rating": {
            "voteAverage": 5,
            "voteCounter": 2
        },
        "url": "https://images.marinetraffic.com/collection/3761624.webp?size=800"
    },
    {
        "photoId": 3761147,
        "placeTaken": "Hansweert",
        "takenAt": 1579262160,
        "copyright": "Ruud Romijn",
        "description": null,
        "asset": {
            "id": 155831,
            "type": "Cargo",
            "name": "MADISON MAERSK"
        },
        "rating": {
            "voteAverage": 5,
            "voteCounter": 1
        },
        "url": "https://images.marinetraffic.com/collection/3761147.webp?size=800"
    },
    {
        "photoId": 3760710,
        "placeTaken": "Kruiningen, Westerschelde",
        "takenAt": 1579178100,
        "copyright": "Jos Hoogesteger",
        "description": "The Madison Maersk underway from Felixstowe to Antwerp",
        "asset": {
            "id": 155831,
            "type": "Cargo",
            "name": "MADISON MAERSK"
        },
        "rating": {
            "voteAverage": 5,
            "voteCounter": 3
        },
        "url": "https://images.marinetraffic.com/collection/3760710.webp?size=800"
    }
]