[
    {
        "photoId": 2112474,
        "placeTaken": null,
        "takenAt": 1443350460,
        "copyright": "Malte Kopfer",
        "description": null,
        "asset": {
            "id": 155831,
            "type": "Cargo",
            "name": "MADISON MAERSK"
        },
        "rating": {
            "voteAverage": 5,
            "voteCounter": 1
        },
        "url": "https://images.marinetraffic.com/collection/2112474.webp?size=800"
    },
    {
        "photoId": 2109969,
        "placeTaken": null,
        "takenAt": 1442576580,
        "copyright": "Bartosz Fertyk",
        "description": null,
        "asset": {
            "id": 155831,
            "type": "Cargo",
            "name": "MADISON MAERSK"
        },
        "rating": {
            "voteAverage": 0,
            "voteCounter": 0
        },
        "url": "https://images.marinetraffic.com/collection/2109969.webp?size=800"
    },
    {
        "photoId": 2106076,
        "placeTaken": "Bremerhaven",
        "takenAt": 1443280620,
        "copyright": "Rolf Bridde",
        "description": null,
        "asset": {
            "id": 155831,
            "type": "Cargo",
            "name": "MADISON MAERSK"
        },
        "rating": {
            "voteAverage": 0,
            "voteCounter": 0
        },
        "url": "https://images.marinetraffic.com/collection/2106076.webp?size=800"
    },
    {
        "photoId": 2042051,
        "placeTaken": "Northsea,Maasvlakte",
        "takenAt": 1421502420,
        "copyright": "Ruud Glimmerveen",
        "description": null,
        "asset": {
            "id": 155831,
            "type": "Cargo",
            "name": "MADISON MAERSK"
        },
        "rating": {
            "voteAverage": 5,
            "voteCounter": 6
        },
        "url": "https://images.marinetraffic.com/collection/2042051.webp?size=800"
    },
    {
        "photoId": 2026541,
        "placeTaken": "Johor",
        "takenAt": 1403258700,
        "copyright": "Philip Andrew Muscat",
        "description": null,
        "asset": {
            "id": 155831,
            "type": "Cargo",
            "name": "MADISON MAERSK"
        },
        "rating": {
            "voteAverage": 5,
            "voteCounter": 1
        },
        "url": "https://images.marinetraffic.com/collection/2026541.webp?size=800"
    },
    {
        "photoId": 2026539,
        "placeTaken": "Johor",
        "takenAt": 1403257740,
        "copyright": "Philip Andrew Muscat",
        "description": null,
        "asset": {
            "id": 155831,
            "type": "Cargo",
            "name": "MADISON MAERSK"
        },
        "rating": {
            "voteAverage": 5,
            "voteCounter": 1
        },
        "url": "https://images.marinetraffic.com/collection/2026539.webp?size=800"
    },
    {
        "photoId": 2026534,
        "placeTaken": "Johor",
        "takenAt": 1403256780,
        "copyright": "Philip Andrew Muscat",
        "description": null,
        "asset": {
            "id": 155831,
            "type": "Cargo",
            "name": "MADISON MAERSK"
        },
        "rating": {
            "voteAverage": 5,
            "voteCounter": 1
        },
        "url": "https://images.marinetraffic.com/collection/2026534.webp?size=800"
    },
    {
        "photoId": 2024736,
        "placeTaken": "Sletterhage Lighthouse",
        "takenAt": 1436279940,
        "copyright": "Erik Paasch Jensen",
        "description": null,
        "asset": {
            "id": 155831,
            "type": "Cargo",
            "name": "MADISON MAERSK"
        },
        "rating": {
            "voteAverage": 0,
            "voteCounter": 0
        },
        "url": "https://images.marinetraffic.com/collection/2024736.webp?size=800"
    },
    {
        "photoId": 2006586,
        "placeTaken": "felixstowe",
        "takenAt": 1435496520,
        "copyright": "paul hiett",
        "description": null,
        "asset": {
            "id": 155831,
            "type": "Cargo",
            "name": "MADISON MAERSK"
        },
        "rating": {
            "voteAverage": 0,
            "voteCounter": 0
        },
        "url": "https://images.marinetraffic.com/collection/2006586.webp?size=800"
    },
    {
        "photoId": 1942550,
        "placeTaken": "Rotterdam Europort",
        "takenAt": 1406901960,
        "copyright": "Nataly Mackowiak",
        "description": null,
        "asset": {
            "id": 155831,
            "type": "Cargo",
            "name": "MADISON MA4VSK"
        },
        "rating": {
            "voteAverage": 0,
            "voteCounter": 0
        },
        "url": "https://images.marinetraffic.com/collection/1942550.webp?size=800"
    },
    {
        "photoId": 1942547,
        "placeTaken": "Rotterdam Europort",
        "takenAt": 1406901840,
        "copyright": "Nataly Mackowiak",
        "description": null,
        "asset": {
            "id": 155831,
            "type": "Cargo",
            "name": "MADISON MA4VSK"
        },
        "rating": {
            "voteAverage": 0,
            "voteCounter": 0
        },
        "url": "https://images.marinetraffic.com/collection/1942547.webp?size=800"
    },
    {
        "photoId": 1942544,
        "placeTaken": "Rotterdam Europort",
        "takenAt": 1406901960,
        "copyright": "Nataly Mackowiak",
        "description": null,
        "asset": {
            "id": 155831,
            "type": "Cargo",
            "name": "MADISON MA4VSK"
        },
        "rating": {
            "voteAverage": 0,
            "voteCounter": 0
        },
        "url": "https://images.marinetraffic.com/collection/1942544.webp?size=800"
    },
    {
        "photoId": 1942542,
        "placeTaken": "Rotterdam Europort",
        "takenAt": 1406901960,
        "copyright": "Nataly Mackowiak",
        "description": null,
        "asset": {
            "id": 155831,
            "type": "Cargo",
            "name": "MADISON MA4VSK"
        },
        "rating": {
            "voteAverage": 0,
            "voteCounter": 0
        },
        "url": "https://images.marinetraffic.com/collection/1942542.webp?size=800"
    },
    {
        "photoId": 1937537,
        "placeTaken": "Port of Aarhus",
        "takenAt": 1429530000,
        "copyright": "Allan J. Kortsen",
        "description": "www.skyaviator.dk",
        "asset": {
            "id": 155831,
            "type": "Cargo",
            "name": "MADISON MA4VSK"
        },
        "rating": {
            "voteAverage": 5,
            "voteCounter": 1
        },
        "url": "https://images.marinetraffic.com/collection/1937537.webp?size=800"
    },
    {
        "photoId": 1937528,
        "placeTaken": "Port of Aarhus",
        "takenAt": 1429529340,
        "copyright": "Allan J. Kortsen",
        "description": "www.skyaviator.dk",
        "asset": {
            "id": 155831,
            "type": "Cargo",
            "name": "MADISON MA4VSK"
        },
        "rating": {
            "voteAverage": 5,
            "voteCounter": 1
        },
        "url": "https://images.marinetraffic.com/collection/1937528.webp?size=800"
    },
    {
        "photoId": 1937527,
        "placeTaken": "Port of Aarhus",
        "takenAt": 1429529280,
        "copyright": "Allan J. Kortsen",
        "description": "www.skyaviator.dk",
        "asset": {
            "id": 155831,
            "type": "Cargo",
            "name": "MADISON MA4VSK"
        },
        "rating": {
            "voteAverage": 5,
            "voteCounter": 1
        },
        "url": "https://images.marinetraffic.com/collection/1937527.webp?size=800"
    },
    {
        "photoId": 1937526,
        "placeTaken": "Port of Aarhus",
        "takenAt": 1429558020,
        "copyright": "Allan J. Kortsen",
        "description": "www.skyaviator.dk",
        "asset": {
            "id": 155831,
            "type": "Cargo",
            "name": "MADISON MA4VSK"
        },
        "rating": {
            "voteAverage": 5,
            "voteCounter": 1
        },
        "url": "https://images.marinetraffic.com/collection/1937526.webp?size=800"
    },
    {
        "photoId": 1937524,
        "placeTaken": "Port of Aarhus",
        "takenAt": 1429529160,
        "copyright": "Allan J. Kortsen",
        "description": "www.skyaviator.dk",
        "asset": {
            "id": 155831,
            "type": "Cargo",
            "name": "MADISON MA4VSK"
        },
        "rating": {
            "voteAverage": 5,
            "voteCounter": 1
        },
        "url": "https://images.marinetraffic.com/collection/1937524.webp?size=800"
    },
    {
        "photoId": 1927610,
        "placeTaken": null,
        "takenAt": 1428767640,
        "copyright": "John Cox",
        "description": null,
        "asset": {
            "id": 155831,
            "type": "Cargo",
            "name": "MADISON MA4VSK"
        },
        "rating": {
            "voteAverage": 0,
            "voteCounter": 0
        },
        "url": "https://images.marinetraffic.com/collection/1927610.webp?size=800"
    },
    {
        "photoId": 1927609,
        "placeTaken": null,
        "takenAt": 1428766800,
        "copyright": "John Cox",
        "description": null,
        "asset": {
            "id": 155831,
            "type": "Cargo",
            "name": "MADISON MA4VSK"
        },
        "rating": {
            "voteAverage": 5,
            "voteCounter": 1
        },
        "url": "https://images.marinetraffic.com/collection/1927609.webp?size=800"
    }
]