[
    {
        "photoId": 5054662,
        "placeTaken": "Great Belt, Denmark.",
        "takenAt": 1683205200,
        "copyright": "Jesper Brix",
        "description": null,
        "asset": {
            "id": 155831,
            "type": "Cargo",
            "name": "MADISON MAERSK"
        },
        "rating": {
            "voteAverage": 0,
            "voteCounter": 0
        },
        "url": "https://images.marinetraffic.com/collection/5054662.webp?size=800"
    },
    {
        "photoId": 5054661,
        "placeTaken": "Great Belt, Denmark.",
        "takenAt": 1683205200,
        "copyright": "Jesper Brix",
        "description": null,
        "asset": {
            "id": 155831,
            "type": "Cargo",
            "name": "MADISON MAERSK"
        },
        "rating": {
            "voteAverage": 0,
            "voteCounter": 0
        },
        "url": "https://images.marinetraffic.com/collection/5054661.webp?size=800"
    },
    {
        "photoId": 5054659,
        "placeTaken": "Great Belt, Denmark.",
        "takenAt": 1683205200,
        "copyright": "Jesper Brix",
        "description": null,
        "asset": {
            "id": 155831,
            "type": "Cargo",
            "name": "MADISON MAERSK"
        },
        "rating": {
            "voteAverage": 0,
            "voteCounter": 0
        },
        "url": "https://images.marinetraffic.com/collection/5054659.webp?size=800"
    },
    {
        "photoId": 4893934,
        "placeTaken": "Rotterdam Maasvlakte",
        "takenAt": 1632823320,
        "copyright": "Arjan Elmendorp",
        "description": "Inbound",
        "asset": {
            "id": 155831,
            "type": "Cargo",
            "name": "MADISON MAERSK"
        },
        "rating": {
            "voteAverage": 0,
            "voteCounter": 0
        },
        "url": "https://images.marinetraffic.com/collection/4893934.webp?size=800"
    },
    {
        "photoId": 4886208,
        "placeTaken": "Mediterranean off Gibraltar",
        "takenAt": 1656508260,
        "copyright": "Tony Hogwood",
        "description": null,
        "asset": {
            "id": 155831,
            "type": "Cargo",
            "name": "MADISON MAERSK"
        },
        "rating": {
            "voteAverage": 4.5,
            "voteCounter": 2
        },
        "url": "https://images.marinetraffic.com/collection/4886208.webp?size=800"
    },
    {
        "photoId": 4816672,
        "placeTaken": "Yanshan Container Terminal",
        "takenAt": 1661841000,
        "copyright": "Minn Paing",
        "description": null,
        "asset": {
            "id": 155831,
            "type": "Cargo",
            "name": "MADISON MAERSK"
        },
        "rating": {
            "voteAverage": 0,
            "voteCounter": 0
        },
        "url": "https://images.marinetraffic.com/collection/4816672.webp?size=800"
    },
    {
        "photoId": 4816671,
        "placeTaken": "Yanshan Container Terminal",
        "takenAt": 1661841000,
        "copyright": "Minn Paing",
        "description": null,
        "asset": {
            "id": 155831,
            "type": "Cargo",
            "name": "MADISON MAERSK"
        },
        "rating": {
            "voteAverage": 0,
            "voteCounter": 0
        },
        "url": "https://images.marinetraffic.com/collection/4816671.webp?size=800"
    },
    {
        "photoId": 4691738,
        "placeTaken": "Rotterdam Maasvlakte",
        "takenAt": 1632838260,
        "copyright": "Arjan Elmendorp",
        "description": "Tanker Matrah IMO  9405849",
        "asset": {
            "id": 155831,
            "type": "Cargo",
            "name": "MADISON MAERSK"
        },
        "rating": {
            "voteAverage": 0,
            "voteCounter": 0
        },
        "url": "https://images.marinetraffic.com/collection/4691738.webp?size=800"
    },
    {
        "photoId": 4641602,
        "placeTaken": "Bremerhaven, Weser",
        "takenAt": 1650474060,
        "copyright": "Leif Pape",
        "description": null,
        "asset": {
            "id": 155831,
            "type": "Cargo",
            "name": "MADISON MAERSK"
        },
        "rating": {
            "voteAverage": 5,
            "voteCounter": 13
        },
        "url": "https://images.marinetraffic.com/collection/4641602.webp?size=800"
    },
    {
        "photoId": 4600500,
        "placeTaken": null,
        "takenAt": 1647377400,
        "copyright": "Piet Sinke",
        "description": null,
        "asset": {
            "id": 155831,
            "type": "Cargo",
            "name": "MADISON MAERSK"
        },
        "rating": {
            "voteAverage": 0,
            "voteCounter": 0
        },
        "url": "https://images.marinetraffic.com/collection/4600500.webp?size=800"
    },
    {
        "photoId": 4600499,
        "placeTaken": null,
        "takenAt": 1647377400,
        "copyright": "Piet Sinke",
        "description": null,
        "asset": {
            "id": 155831,
            "type": "Cargo",
            "name": "MADISON MAERSK"
        },
        "rating": {
            "voteAverage": 5,
            "voteCounter": 1
        },
        "url": "https://images.marinetraffic.com/collection/4600499.webp?size=800"
    },
    {
        "photoId": 4600498,
        "placeTaken": null,
        "takenAt": 1647377400,
        "copyright": "Piet Sinke",
        "description": null,
        "asset": {
            "id": 155831,
            "type": "Cargo",
            "name": "MADISON MAERSK"
        },
        "rating": {
            "voteAverage": 0,
            "voteCounter": 0
        },
        "url": "https://images.marinetraffic.com/collection/4600498.webp?size=800"
    },
    {
        "photoId": 4543160,
        "placeTaken": "Great Belt, Denmark.",
        "takenAt": 1629028800,
        "copyright": "Jesper Brix",
        "description": null,
        "asset": {
            "id": 155831,
            "type": "Cargo",
            "name": "MADISON MAERSK"
        },
        "rating": {
            "voteAverage": 0,
            "voteCounter": 0
        },
        "url": "https://images.marinetraffic.com/collection/4543160.webp?size=800"
    },
    {
        "photoId": 4542761,
        "placeTaken": "Great Belt, Denmark.",
        "takenAt": 1629028800,
        "copyright": "Jesper Brix",
        "description": null,
        "asset": {
            "id": 155831,
            "type": "Cargo",
            "name": "MADISON MAERSK"
        },
        "rating": {
            "voteAverage": 0,
            "voteCounter": 0
        },
        "url": "https://images.marinetraffic.com/collection/4542761.webp?size=800"
    },
    {
        "photoId": 4538637,
        "placeTaken": "Bremerhaven",
        "takenAt": 1641474180,
        "copyright": "Rolf Bridde",
        "description": null,
        "asset": {
            "id": 155831,
            "type": "Cargo",
            "name": "MADISON MAERSK"
        },
        "rating": {
            "voteAverage": 5,
            "voteCounter": 4
        },
        "url": "https://images.marinetraffic.com/collection/4538637.webp?size=800"
    },
    {
        "photoId": 4443796,
        "placeTaken": "Maasmond",
        "takenAt": 1632832020,
        "copyright": "paul gerdes",
        "description": null,
        "asset": {
            "id": 155831,
            "type": "Cargo",
            "name": "MADISON MAERSK"
        },
        "rating": {
            "voteAverage": 0,
            "voteCounter": 0
        },
        "url": "https://images.marinetraffic.com/collection/4443796.webp?size=800"
    },
    {
        "photoId": 4443795,
        "placeTaken": "Maasmond",
        "takenAt": 1632831480,
        "copyright": "paul gerdes",
        "description": null,
        "asset": {
            "id": 155831,
            "type": "Cargo",
            "name": "MADISON MAERSK"
        },
        "rating": {
            "voteAverage": 0,
            "voteCounter": 0
        },
        "url": "https://images.marinetraffic.com/collection/4443795.webp?size=800"
    },
    {
        "photoId": 4439451,
        "placeTaken": "Rotterdam Maasvlakte",
        "takenAt": 1632842520,
        "copyright": "Arjan Elmendorp",
        "description": "Inbound",
        "asset": {
            "id": 155831,
            "type": "Cargo",
            "name": "MADISON MAERSK"
        },
        "rating": {
            "voteAverage": 0,
            "voteCounter": 0
        },
        "url": "https://images.marinetraffic.com/collection/4439451.webp?size=800"
    },
    {
        "photoId": 4326585,
        "placeTaken": "Bremerhaven",
        "takenAt": 1624627860,
        "copyright": "Rolf Bridde",
        "description": null,
        "asset": {
            "id": 155831,
            "type": "Cargo",
            "name": "MADISON MAERSK"
        },
        "rating": {
            "voteAverage": 5,
            "voteCounter": 3
        },
        "url": "https://images.marinetraffic.com/collection/4326585.webp?size=800"
    },
    {
        "photoId": 4296226,
        "placeTaken": "Bay of Gibraltar",
        "takenAt": 1622895660,
        "copyright": "Jim Watt",
        "description": null,
        "asset": {
            "id": 155831,
            "type": "Cargo",
            "name": "MADISON MAERSK"
        },
        "rating": {
            "voteAverage": 0,
            "voteCounter": 0
        },
        "url": "https://images.marinetraffic.com/collection/4296226.webp?size=800"
    }
]