[
    {
        "photoId": 4860056,
        "placeTaken": "Hamburg, Germany",
        "takenAt": 1664898960,
        "copyright": "Elmar Weiss",
        "description": "Hamburg, Germany",
        "asset": {
            "id": 1288397,
            "type": "Cargo",
            "name": "KATHARINA SCHEPERS"
        },
        "rating": {
            "voteAverage": 0,
            "voteCounter": 0
        },
        "url": "https://images.marinetraffic.com/collection/4860056.webp?size=800"
    },
    {
        "photoId": 4846295,
        "placeTaken": "NOK Kurs Schleuse DE BRB",
        "takenAt": 1663766520,
        "copyright": "Arno Bruegmann",
        "description": null,
        "asset": {
            "id": 1288397,
            "type": "Cargo",
            "name": "KATHARINA SCHEPERS"
        },
        "rating": {
            "voteAverage": 0,
            "voteCounter": 0
        },
        "url": "https://images.marinetraffic.com/collection/4846295.webp?size=800"
    },
    {
        "photoId": 4846294,
        "placeTaken": "NOK Kurs Schleuse DE BRB",
        "takenAt": 1663766400,
        "copyright": "Arno Bruegmann",
        "description": null,
        "asset": {
            "id": 1288397,
            "type": "Cargo",
            "name": "KATHARINA SCHEPERS"
        },
        "rating": {
            "voteAverage": 0,
            "voteCounter": 0
        },
        "url": "https://images.marinetraffic.com/collection/4846294.webp?size=800"
    },
    {
        "photoId": 4846293,
        "placeTaken": "NOK Kurs Schleuse DE BRB",
        "takenAt": 1663766340,
        "copyright": "Arno Bruegmann",
        "description": null,
        "asset": {
            "id": 1288397,
            "type": "Cargo",
            "name": "KATHARINA SCHEPERS"
        },
        "rating": {
            "voteAverage": 0,
            "voteCounter": 0
        },
        "url": "https://images.marinetraffic.com/collection/4846293.webp?size=800"
    },
    {
        "photoId": 4846292,
        "placeTaken": "NOK Kurs Schleuse DE BRB",
        "takenAt": 1663766220,
        "copyright": "Arno Bruegmann",
        "description": null,
        "asset": {
            "id": 1288397,
            "type": "Cargo",
            "name": "KATHARINA SCHEPERS"
        },
        "rating": {
            "voteAverage": 0,
            "voteCounter": 0
        },
        "url": "https://images.marinetraffic.com/collection/4846292.webp?size=800"
    },
    {
        "photoId": 4846291,
        "placeTaken": "NOK Kurs Schleuse DE BRB",
        "takenAt": 1663766040,
        "copyright": "Arno Bruegmann",
        "description": null,
        "asset": {
            "id": 1288397,
            "type": "Cargo",
            "name": "KATHARINA SCHEPERS"
        },
        "rating": {
            "voteAverage": 0,
            "voteCounter": 0
        },
        "url": "https://images.marinetraffic.com/collection/4846291.webp?size=800"
    },
    {
        "photoId": 4833605,
        "placeTaken": "cuxhaven",
        "takenAt": 1662916200,
        "copyright": "pingi eisbar",
        "description": null,
        "asset": {
            "id": 1288397,
            "type": "Cargo",
            "name": "KATHARINA SCHEPERS"
        },
        "rating": {
            "voteAverage": 0,
            "voteCounter": 0
        },
        "url": "https://images.marinetraffic.com/collection/4833605.webp?size=800"
    },
    {
        "photoId": 4833604,
        "placeTaken": "cuxhaven",
        "takenAt": 1662916200,
        "copyright": "pingi eisbar",
        "description": null,
        "asset": {
            "id": 1288397,
            "type": "Cargo",
            "name": "KATHARINA SCHEPERS"
        },
        "rating": {
            "voteAverage": 5,
            "voteCounter": 1
        },
        "url": "https://images.marinetraffic.com/collection/4833604.webp?size=800"
    },
    {
        "photoId": 4833603,
        "placeTaken": "cuxhaven",
        "takenAt": 1662916200,
        "copyright": "pingi eisbar",
        "description": null,
        "asset": {
            "id": 1288397,
            "type": "Cargo",
            "name": "KATHARINA SCHEPERS"
        },
        "rating": {
            "voteAverage": 0,
            "voteCounter": 0
        },
        "url": "https://images.marinetraffic.com/collection/4833603.webp?size=800"
    },
    {
        "photoId": 4833602,
        "placeTaken": "cuxhaven",
        "takenAt": 1662916200,
        "copyright": "pingi eisbar",
        "description": null,
        "asset": {
            "id": 1288397,
            "type": "Cargo",
            "name": "KATHARINA SCHEPERS"
        },
        "rating": {
            "voteAverage": 0,
            "voteCounter": 0
        },
        "url": "https://images.marinetraffic.com/collection/4833602.webp?size=800"
    },
    {
        "photoId": 4832954,
        "placeTaken": "GDYNIA, POLAND",
        "takenAt": 1662555000,
        "copyright": "JANURY",
        "description": null,
        "asset": {
            "id": 1288397,
            "type": "Cargo",
            "name": "KATHARINA SCHEPERS"
        },
        "rating": {
            "voteAverage": 0,
            "voteCounter": 0
        },
        "url": "https://images.marinetraffic.com/collection/4832954.webp?size=800"
    },
    {
        "photoId": 4831085,
        "placeTaken": "Gdingen",
        "takenAt": 1661926560,
        "copyright": "Rolf Bridde",
        "description": null,
        "asset": {
            "id": 1288397,
            "type": "Cargo",
            "name": "KATHARINA SCHEPERS"
        },
        "rating": {
            "voteAverage": 5,
            "voteCounter": 2
        },
        "url": "https://images.marinetraffic.com/collection/4831085.webp?size=800"
    },
    {
        "photoId": 4814397,
        "placeTaken": "GDYNIA, POLAND",
        "takenAt": 1661517720,
        "copyright": "JANURY",
        "description": null,
        "asset": {
            "id": 1288397,
            "type": "Cargo",
            "name": "KATHARINA SCHEPERS"
        },
        "rating": {
            "voteAverage": 0,
            "voteCounter": 0
        },
        "url": "https://images.marinetraffic.com/collection/4814397.webp?size=800"
    },
    {
        "photoId": 4787021,
        "placeTaken": "GDYNIA, POLAND",
        "takenAt": 1660048320,
        "copyright": "JANURY",
        "description": null,
        "asset": {
            "id": 1288397,
            "type": "Cargo",
            "name": "KATHARINA SCHEPERS"
        },
        "rating": {
            "voteAverage": 0,
            "voteCounter": 0
        },
        "url": "https://images.marinetraffic.com/collection/4787021.webp?size=800"
    },
    {
        "photoId": 4784033,
        "placeTaken": "Hamburg",
        "takenAt": 1659205140,
        "copyright": "Florian Warnecke",
        "description": null,
        "asset": {
            "id": 1288397,
            "type": "Cargo",
            "name": "KATHARINA SCHEPERS"
        },
        "rating": {
            "voteAverage": 0,
            "voteCounter": 0
        },
        "url": "https://images.marinetraffic.com/collection/4784033.webp?size=800"
    },
    {
        "photoId": 4784032,
        "placeTaken": "Hamburg",
        "takenAt": 1659205140,
        "copyright": "Florian Warnecke",
        "description": null,
        "asset": {
            "id": 1288397,
            "type": "Cargo",
            "name": "KATHARINA SCHEPERS"
        },
        "rating": {
            "voteAverage": 0,
            "voteCounter": 0
        },
        "url": "https://images.marinetraffic.com/collection/4784032.webp?size=800"
    },
    {
        "photoId": 4784030,
        "placeTaken": "Hamburg",
        "takenAt": 1659205140,
        "copyright": "Florian Warnecke",
        "description": null,
        "asset": {
            "id": 1288397,
            "type": "Cargo",
            "name": "KATHARINA SCHEPERS"
        },
        "rating": {
            "voteAverage": 0,
            "voteCounter": 0
        },
        "url": "https://images.marinetraffic.com/collection/4784030.webp?size=800"
    },
    {
        "photoId": 4784029,
        "placeTaken": "Hamburg",
        "takenAt": 1659205140,
        "copyright": "Florian Warnecke",
        "description": null,
        "asset": {
            "id": 1288397,
            "type": "Cargo",
            "name": "KATHARINA SCHEPERS"
        },
        "rating": {
            "voteAverage": 5,
            "voteCounter": 1
        },
        "url": "https://images.marinetraffic.com/collection/4784029.webp?size=800"
    },
    {
        "photoId": 4783068,
        "placeTaken": null,
        "takenAt": 943920000,
        "copyright": "Danila Kehling",
        "description": null,
        "asset": {
            "id": 1288397,
            "type": "Cargo",
            "name": "KATHARINA SCHEPERS"
        },
        "rating": {
            "voteAverage": 1,
            "voteCounter": 1
        },
        "url": "https://images.marinetraffic.com/collection/4783068.webp?size=800"
    },
    {
        "photoId": 4761047,
        "placeTaken": "Hamburg",
        "takenAt": 1658347620,
        "copyright": "Michael Brakhage",
        "description": null,
        "asset": {
            "id": 1288397,
            "type": "Cargo",
            "name": "KATHARINA SCHEPERS"
        },
        "rating": {
            "voteAverage": 0,
            "voteCounter": 0
        },
        "url": "https://images.marinetraffic.com/collection/4761047.webp?size=800"
    }
]