[
    {
        "photoId": 4758827,
        "placeTaken": "NOK bei Rendsburg",
        "takenAt": 1657642500,
        "copyright": "Peter aus Holtenau",
        "description": null,
        "asset": {
            "id": 1288397,
            "type": "Cargo",
            "name": "KATHARINA SCHEPERS"
        },
        "rating": {
            "voteAverage": 5,
            "voteCounter": 7
        },
        "url": "https://images.marinetraffic.com/collection/4758827.webp?size=800"
    },
    {
        "photoId": 4758743,
        "placeTaken": "NOK - Holtenau-Kiel",
        "takenAt": 1657632240,
        "copyright": "Peter aus Holtenau",
        "description": null,
        "asset": {
            "id": 1288397,
            "type": "Cargo",
            "name": "KATHARINA SCHEPERS"
        },
        "rating": {
            "voteAverage": 5,
            "voteCounter": 1
        },
        "url": "https://images.marinetraffic.com/collection/4758743.webp?size=800"
    },
    {
        "photoId": 4725168,
        "placeTaken": null,
        "takenAt": 943920000,
        "copyright": "fred crawley",
        "description": null,
        "asset": {
            "id": 1288397,
            "type": "Cargo",
            "name": "KATHARINA SCHEPERS"
        },
        "rating": {
            "voteAverage": 0,
            "voteCounter": 0
        },
        "url": "https://images.marinetraffic.com/collection/4725168.webp?size=800"
    },
    {
        "photoId": 4718933,
        "placeTaken": "NOK - Landwehr",
        "takenAt": 1655826180,
        "copyright": "Peter aus Holtenau",
        "description": null,
        "asset": {
            "id": 1288397,
            "type": "Cargo",
            "name": "KATHARINA SCHEPERS"
        },
        "rating": {
            "voteAverage": 5,
            "voteCounter": 1
        },
        "url": "https://images.marinetraffic.com/collection/4718933.webp?size=800"
    },
    {
        "photoId": 4696658,
        "placeTaken": null,
        "takenAt": 1652883060,
        "copyright": "Malte Schwarz",
        "description": null,
        "asset": {
            "id": 1288397,
            "type": "Cargo",
            "name": "KATHARINA SCHEPERS"
        },
        "rating": {
            "voteAverage": 0,
            "voteCounter": 0
        },
        "url": "https://images.marinetraffic.com/collection/4696658.webp?size=800"
    },
    {
        "photoId": 4676738,
        "placeTaken": "Kiel Canal / Germany",
        "takenAt": 1652004000,
        "copyright": "Nils Junge",
        "description": null,
        "asset": {
            "id": 1288397,
            "type": "Cargo",
            "name": "KATHARINA SCHEPERS"
        },
        "rating": {
            "voteAverage": 0,
            "voteCounter": 0
        },
        "url": "https://images.marinetraffic.com/collection/4676738.webp?size=800"
    },
    {
        "photoId": 4676737,
        "placeTaken": "Kiel Canal / Germany",
        "takenAt": 1652003880,
        "copyright": "Nils Junge",
        "description": null,
        "asset": {
            "id": 1288397,
            "type": "Cargo",
            "name": "KATHARINA SCHEPERS"
        },
        "rating": {
            "voteAverage": 5,
            "voteCounter": 2
        },
        "url": "https://images.marinetraffic.com/collection/4676737.webp?size=800"
    },
    {
        "photoId": 4665241,
        "placeTaken": "NOK Claustal",
        "takenAt": 1652009280,
        "copyright": "Helge Schilling",
        "description": null,
        "asset": {
            "id": 1288397,
            "type": "Cargo",
            "name": "KATHARINA SCHEPERS"
        },
        "rating": {
            "voteAverage": 5,
            "voteCounter": 1
        },
        "url": "https://images.marinetraffic.com/collection/4665241.webp?size=800"
    },
    {
        "photoId": 4665239,
        "placeTaken": "NOK Claustal",
        "takenAt": 1652009220,
        "copyright": "Helge Schilling",
        "description": null,
        "asset": {
            "id": 1288397,
            "type": "Cargo",
            "name": "KATHARINA SCHEPERS"
        },
        "rating": {
            "voteAverage": 5,
            "voteCounter": 1
        },
        "url": "https://images.marinetraffic.com/collection/4665239.webp?size=800"
    },
    {
        "photoId": 4665238,
        "placeTaken": "NOK Claustal",
        "takenAt": 1652009220,
        "copyright": "Helge Schilling",
        "description": null,
        "asset": {
            "id": 1288397,
            "type": "Cargo",
            "name": "KATHARINA SCHEPERS"
        },
        "rating": {
            "voteAverage": 0,
            "voteCounter": 0
        },
        "url": "https://images.marinetraffic.com/collection/4665238.webp?size=800"
    },
    {
        "photoId": 4665237,
        "placeTaken": "NOK Claustal",
        "takenAt": 1652009220,
        "copyright": "Helge Schilling",
        "description": null,
        "asset": {
            "id": 1288397,
            "type": "Cargo",
            "name": "KATHARINA SCHEPERS"
        },
        "rating": {
            "voteAverage": 5,
            "voteCounter": 1
        },
        "url": "https://images.marinetraffic.com/collection/4665237.webp?size=800"
    },
    {
        "photoId": 4655913,
        "placeTaken": "Cuxhaven.",
        "takenAt": 1650972600,
        "copyright": "Rainer Meyer",
        "description": null,
        "asset": {
            "id": 1288397,
            "type": "Cargo",
            "name": "KATHARINA SCHEPERS"
        },
        "rating": {
            "voteAverage": 0,
            "voteCounter": 0
        },
        "url": "https://images.marinetraffic.com/collection/4655913.webp?size=800"
    },
    {
        "photoId": 4624650,
        "placeTaken": "NOK Sehestedt",
        "takenAt": 1646912100,
        "copyright": "Andreas Muhl",
        "description": null,
        "asset": {
            "id": 1288397,
            "type": "Cargo",
            "name": "KATHARINA SCHEPERS"
        },
        "rating": {
            "voteAverage": 5,
            "voteCounter": 2
        },
        "url": "https://images.marinetraffic.com/collection/4624650.webp?size=800"
    },
    {
        "photoId": 4624645,
        "placeTaken": "NOK Sehestedt",
        "takenAt": 1646911980,
        "copyright": "Andreas Muhl",
        "description": null,
        "asset": {
            "id": 1288397,
            "type": "Cargo",
            "name": "KATHARINA SCHEPERS"
        },
        "rating": {
            "voteAverage": 5,
            "voteCounter": 5
        },
        "url": "https://images.marinetraffic.com/collection/4624645.webp?size=800"
    },
    {
        "photoId": 4624043,
        "placeTaken": "NOK Sehestedt",
        "takenAt": 1646911980,
        "copyright": "Andreas Muhl",
        "description": null,
        "asset": {
            "id": 1288397,
            "type": "Cargo",
            "name": "KATHARINA SCHEPERS"
        },
        "rating": {
            "voteAverage": 5,
            "voteCounter": 4
        },
        "url": "https://images.marinetraffic.com/collection/4624043.webp?size=800"
    },
    {
        "photoId": 4623627,
        "placeTaken": "NOK Sehestedt",
        "takenAt": 1646911980,
        "copyright": "Andreas Muhl",
        "description": null,
        "asset": {
            "id": 1288397,
            "type": "Cargo",
            "name": "KATHARINA SCHEPERS"
        },
        "rating": {
            "voteAverage": 5,
            "voteCounter": 3
        },
        "url": "https://images.marinetraffic.com/collection/4623627.webp?size=800"
    },
    {
        "photoId": 4623622,
        "placeTaken": "NOK Sehestedt",
        "takenAt": 1646911920,
        "copyright": "Andreas Muhl",
        "description": null,
        "asset": {
            "id": 1288397,
            "type": "Cargo",
            "name": "KATHARINA SCHEPERS"
        },
        "rating": {
            "voteAverage": 5,
            "voteCounter": 3
        },
        "url": "https://images.marinetraffic.com/collection/4623622.webp?size=800"
    },
    {
        "photoId": 4609690,
        "placeTaken": "DE CKL  Kurs  Schleuse  DE KEL",
        "takenAt": 1648134660,
        "copyright": "Arno Bruegmann",
        "description": null,
        "asset": {
            "id": 1288397,
            "type": "Cargo",
            "name": "KATHARINA SCHEPERS"
        },
        "rating": {
            "voteAverage": 0,
            "voteCounter": 0
        },
        "url": "https://images.marinetraffic.com/collection/4609690.webp?size=800"
    },
    {
        "photoId": 4609689,
        "placeTaken": "DE CKL  Kurs  Schleuse  DE KEL",
        "takenAt": 1648134600,
        "copyright": "Arno Bruegmann",
        "description": null,
        "asset": {
            "id": 1288397,
            "type": "Cargo",
            "name": "KATHARINA SCHEPERS"
        },
        "rating": {
            "voteAverage": 0,
            "voteCounter": 0
        },
        "url": "https://images.marinetraffic.com/collection/4609689.webp?size=800"
    },
    {
        "photoId": 4609687,
        "placeTaken": "DE CKL  Kurs  Schleuse  DE KEL",
        "takenAt": 1648134600,
        "copyright": "Arno Bruegmann",
        "description": null,
        "asset": {
            "id": 1288397,
            "type": "Cargo",
            "name": "KATHARINA SCHEPERS"
        },
        "rating": {
            "voteAverage": 5,
            "voteCounter": 1
        },
        "url": "https://images.marinetraffic.com/collection/4609687.webp?size=800"
    }
]