[
    {
        "photoId": 4609685,
        "placeTaken": "DE CKL  Kurs  Schleuse  DE KEL",
        "takenAt": 1648134540,
        "copyright": "Arno Bruegmann",
        "description": null,
        "asset": {
            "id": 1288397,
            "type": "Cargo",
            "name": "KATHARINA SCHEPERS"
        },
        "rating": {
            "voteAverage": 0,
            "voteCounter": 0
        },
        "url": "https://images.marinetraffic.com/collection/4609685.webp?size=800"
    },
    {
        "photoId": 4609684,
        "placeTaken": "DE CKL  Kurs  Schleuse  DE KEL",
        "takenAt": 1648134420,
        "copyright": "Arno Bruegmann",
        "description": null,
        "asset": {
            "id": 1288397,
            "type": "Cargo",
            "name": "KATHARINA SCHEPERS"
        },
        "rating": {
            "voteAverage": 0,
            "voteCounter": 0
        },
        "url": "https://images.marinetraffic.com/collection/4609684.webp?size=800"
    },
    {
        "photoId": 4604170,
        "placeTaken": "Elbe River",
        "takenAt": 1647109080,
        "copyright": "Johan Trommel",
        "description": null,
        "asset": {
            "id": 1288397,
            "type": "Cargo",
            "name": "KATHARINA SCHEPERS"
        },
        "rating": {
            "voteAverage": 0,
            "voteCounter": 0
        },
        "url": "https://images.marinetraffic.com/collection/4604170.webp?size=800"
    },
    {
        "photoId": 4597312,
        "placeTaken": null,
        "takenAt": 1647082860,
        "copyright": "Pierre Reich",
        "description": null,
        "asset": {
            "id": 1288397,
            "type": "Cargo",
            "name": "KATHARINA SCHEPERS"
        },
        "rating": {
            "voteAverage": 5,
            "voteCounter": 1
        },
        "url": "https://images.marinetraffic.com/collection/4597312.webp?size=800"
    },
    {
        "photoId": 4570703,
        "placeTaken": "KIEL-CANAL, HOCHDONN",
        "takenAt": 1639844220,
        "copyright": "Ernst-Gert Schmidt",
        "description": null,
        "asset": {
            "id": 1288397,
            "type": "Cargo",
            "name": "KATHARINA SCHEPERS"
        },
        "rating": {
            "voteAverage": 5,
            "voteCounter": 41
        },
        "url": "https://images.marinetraffic.com/collection/4570703.webp?size=800"
    },
    {
        "photoId": 4558008,
        "placeTaken": "NOK - Klein Koenigsfoerde",
        "takenAt": 1642941900,
        "copyright": "Peter aus Holtenau",
        "description": null,
        "asset": {
            "id": 1288397,
            "type": "Cargo",
            "name": "KATHARINA SCHEPERS"
        },
        "rating": {
            "voteAverage": 5,
            "voteCounter": 2
        },
        "url": "https://images.marinetraffic.com/collection/4558008.webp?size=800"
    },
    {
        "photoId": 4556932,
        "placeTaken": "NOK - Klein Koenigsfoerde",
        "takenAt": 1642941840,
        "copyright": "Peter aus Holtenau",
        "description": null,
        "asset": {
            "id": 1288397,
            "type": "Cargo",
            "name": "KATHARINA SCHEPERS"
        },
        "rating": {
            "voteAverage": 5,
            "voteCounter": 6
        },
        "url": "https://images.marinetraffic.com/collection/4556932.webp?size=800"
    },
    {
        "photoId": 4554747,
        "placeTaken": "KIEL-CANAL, HOCHDONN",
        "takenAt": 1639844100,
        "copyright": "Ernst-Gert Schmidt",
        "description": null,
        "asset": {
            "id": 1288397,
            "type": "Cargo",
            "name": "KATHARINA SCHEPERS"
        },
        "rating": {
            "voteAverage": 5,
            "voteCounter": 29
        },
        "url": "https://images.marinetraffic.com/collection/4554747.webp?size=800"
    },
    {
        "photoId": 4534061,
        "placeTaken": "Svelvik",
        "takenAt": 1605688020,
        "copyright": "Inge Astor Jensen",
        "description": null,
        "asset": {
            "id": 1288397,
            "type": "Cargo",
            "name": "KATHARINA SCHEPERS"
        },
        "rating": {
            "voteAverage": 0,
            "voteCounter": 0
        },
        "url": "https://images.marinetraffic.com/collection/4534061.webp?size=800"
    },
    {
        "photoId": 4534059,
        "placeTaken": "Svelvik",
        "takenAt": 1623392880,
        "copyright": "Inge Astor Jensen",
        "description": null,
        "asset": {
            "id": 1288397,
            "type": "Cargo",
            "name": "KATHARINA SCHEPERS"
        },
        "rating": {
            "voteAverage": 0,
            "voteCounter": 0
        },
        "url": "https://images.marinetraffic.com/collection/4534059.webp?size=800"
    },
    {
        "photoId": 4534058,
        "placeTaken": "Svelvik",
        "takenAt": 1623393780,
        "copyright": "Inge Astor Jensen",
        "description": null,
        "asset": {
            "id": 1288397,
            "type": "Cargo",
            "name": "KATHARINA SCHEPERS"
        },
        "rating": {
            "voteAverage": 0,
            "voteCounter": 0
        },
        "url": "https://images.marinetraffic.com/collection/4534058.webp?size=800"
    },
    {
        "photoId": 4534057,
        "placeTaken": "Svelvik",
        "takenAt": 1605711720,
        "copyright": "Inge Astor Jensen",
        "description": null,
        "asset": {
            "id": 1288397,
            "type": "Cargo",
            "name": "KATHARINA SCHEPERS"
        },
        "rating": {
            "voteAverage": 0,
            "voteCounter": 0
        },
        "url": "https://images.marinetraffic.com/collection/4534057.webp?size=800"
    },
    {
        "photoId": 4529005,
        "placeTaken": "Hamburg, Bubendeyufer",
        "takenAt": 1614939780,
        "copyright": "Oliver Boltz",
        "description": null,
        "asset": {
            "id": 1288397,
            "type": "Cargo",
            "name": "KATHARINA SCHEPERS"
        },
        "rating": {
            "voteAverage": 5,
            "voteCounter": 1
        },
        "url": "https://images.marinetraffic.com/collection/4529005.webp?size=800"
    },
    {
        "photoId": 4529004,
        "placeTaken": "Hamburg, Bubendeyufer",
        "takenAt": 1614939540,
        "copyright": "Oliver Boltz",
        "description": null,
        "asset": {
            "id": 1288397,
            "type": "Cargo",
            "name": "KATHARINA SCHEPERS"
        },
        "rating": {
            "voteAverage": 5,
            "voteCounter": 1
        },
        "url": "https://images.marinetraffic.com/collection/4529004.webp?size=800"
    },
    {
        "photoId": 4524476,
        "placeTaken": "NOK - Breiholz",
        "takenAt": 1639833300,
        "copyright": "Peter aus Holtenau",
        "description": null,
        "asset": {
            "id": 1288397,
            "type": "Cargo",
            "name": "KATHARINA SCHEPERS"
        },
        "rating": {
            "voteAverage": 5,
            "voteCounter": 1
        },
        "url": "https://images.marinetraffic.com/collection/4524476.webp?size=800"
    },
    {
        "photoId": 4524473,
        "placeTaken": "NOK - Holtenau-Kiel",
        "takenAt": 1639821720,
        "copyright": "Peter aus Holtenau",
        "description": null,
        "asset": {
            "id": 1288397,
            "type": "Cargo",
            "name": "KATHARINA SCHEPERS"
        },
        "rating": {
            "voteAverage": 5,
            "voteCounter": 1
        },
        "url": "https://images.marinetraffic.com/collection/4524473.webp?size=800"
    },
    {
        "photoId": 4481918,
        "placeTaken": "Elbe, Cuxhaven GER",
        "takenAt": 1602333240,
        "copyright": "FBN Raiger",
        "description": "Elbe, Cuxhaven GER",
        "asset": {
            "id": 1288397,
            "type": "Cargo",
            "name": "KATHARINA SCHEPERS"
        },
        "rating": {
            "voteAverage": 5,
            "voteCounter": 27
        },
        "url": "https://images.marinetraffic.com/collection/4481918.webp?size=800"
    },
    {
        "photoId": 4449042,
        "placeTaken": "Hamburg von der HADAG  auf den Weg nach Blanke",
        "takenAt": 1632832500,
        "copyright": "Michael Hatje",
        "description": null,
        "asset": {
            "id": 1288397,
            "type": "Cargo",
            "name": "KATHARINA SCHEPERS"
        },
        "rating": {
            "voteAverage": 5,
            "voteCounter": 2
        },
        "url": "https://images.marinetraffic.com/collection/4449042.webp?size=800"
    },
    {
        "photoId": 4417691,
        "placeTaken": "Elbe - Stadersand",
        "takenAt": 1631118780,
        "copyright": "Jan K\u00f6ser",
        "description": null,
        "asset": {
            "id": 1288397,
            "type": "Cargo",
            "name": "KATHARINA SCHEPERS"
        },
        "rating": {
            "voteAverage": 0,
            "voteCounter": 0
        },
        "url": "https://images.marinetraffic.com/collection/4417691.webp?size=800"
    },
    {
        "photoId": 4381732,
        "placeTaken": "Moss, Norway",
        "takenAt": 1628753160,
        "copyright": "Goran Radanovic",
        "description": null,
        "asset": {
            "id": 1288397,
            "type": "Cargo",
            "name": "KATHARINA SCHEPERS"
        },
        "rating": {
            "voteAverage": 0,
            "voteCounter": 0
        },
        "url": "https://images.marinetraffic.com/collection/4381732.webp?size=800"
    }
]