[
    {
        "photoId": 1740062,
        "placeTaken": "Ulsan, Korea",
        "takenAt": 1388921040,
        "copyright": "V. Tonic",
        "description": "Off HHI shipyard in Ulsan.",
        "asset": {
            "id": 152670,
            "type": "Cargo",
            "name": "LEVERKUSEN EXPRESS"
        },
        "rating": {
            "voteAverage": 0,
            "voteCounter": 0
        },
        "url": "https://images.marinetraffic.com/collection/1740062.webp?size=800"
    },
    {
        "photoId": 1699509,
        "placeTaken": "vlissingen",
        "takenAt": 1404725640,
        "copyright": "Jan Daniels",
        "description": null,
        "asset": {
            "id": 152670,
            "type": "Cargo",
            "name": "LEVERKUSEN EXPRESS"
        },
        "rating": {
            "voteAverage": 0,
            "voteCounter": 0
        },
        "url": "https://images.marinetraffic.com/collection/1699509.webp?size=800"
    },
    {
        "photoId": 1698001,
        "placeTaken": "(D)Wedel/Schulau",
        "takenAt": 1404989280,
        "copyright": "elbwasser",
        "description": "Welcome Point, Wedel/Schulau",
        "asset": {
            "id": 152670,
            "type": "Cargo",
            "name": "LEVERKUSEN EXPRESS"
        },
        "rating": {
            "voteAverage": 5,
            "voteCounter": 1
        },
        "url": "https://images.marinetraffic.com/collection/1698001.webp?size=800"
    },
    {
        "photoId": 1694446,
        "placeTaken": "Ritthem NL",
        "takenAt": 1404726240,
        "copyright": "Dennis Adriaanse",
        "description": "Leverkusen Express passing Ritthem inward bound on the Westerschelde River for Antwerp",
        "asset": {
            "id": 152670,
            "type": "Cargo",
            "name": "LEVERKUSEN EXPRESS"
        },
        "rating": {
            "voteAverage": 0,
            "voteCounter": 0
        },
        "url": "https://images.marinetraffic.com/collection/1694446.webp?size=800"
    },
    {
        "photoId": 1694438,
        "placeTaken": null,
        "takenAt": 1404741480,
        "copyright": "Paul Smets",
        "description": "Inbound Antwerpen",
        "asset": {
            "id": 152670,
            "type": "Cargo",
            "name": "LEVERKUSEN EXPRESS"
        },
        "rating": {
            "voteAverage": 0,
            "voteCounter": 0
        },
        "url": "https://images.marinetraffic.com/collection/1694438.webp?size=800"
    },
    {
        "photoId": 1651782,
        "placeTaken": "Kaohsiung,Taiwan",
        "takenAt": 1401703320,
        "copyright": "Hsu Hao-En",
        "description": "LEVERKUSEN EXPRESS",
        "asset": {
            "id": 152670,
            "type": "Cargo",
            "name": "LEVERKUSEN EXPRESS"
        },
        "rating": {
            "voteAverage": 5,
            "voteCounter": 5
        },
        "url": "https://images.marinetraffic.com/collection/1651782.webp?size=800"
    },
    {
        "photoId": 1651776,
        "placeTaken": null,
        "takenAt": 1401703440,
        "copyright": "Hsu Hao-En",
        "description": "LEVERKUSEN EXPRESS",
        "asset": {
            "id": 152670,
            "type": "Cargo",
            "name": "LEVERKUSEN EXPRESS"
        },
        "rating": {
            "voteAverage": 4.75,
            "voteCounter": 4
        },
        "url": "https://images.marinetraffic.com/collection/1651776.webp?size=800"
    },
    {
        "photoId": 1651686,
        "placeTaken": "Kaohsiung Taiwan",
        "takenAt": 1401701460,
        "copyright": "Meng Lin",
        "description": null,
        "asset": {
            "id": 152670,
            "type": "Cargo",
            "name": "LEVERKUSEN EXPRESS"
        },
        "rating": {
            "voteAverage": 5,
            "voteCounter": 3
        },
        "url": "https://images.marinetraffic.com/collection/1651686.webp?size=800"
    },
    {
        "photoId": 1651685,
        "placeTaken": "Kaohsiung Taiwan",
        "takenAt": 1401701700,
        "copyright": "Meng Lin",
        "description": null,
        "asset": {
            "id": 152670,
            "type": "Cargo",
            "name": "LEVERKUSEN EXPRESS"
        },
        "rating": {
            "voteAverage": 4.5,
            "voteCounter": 2
        },
        "url": "https://images.marinetraffic.com/collection/1651685.webp?size=800"
    },
    {
        "photoId": 1651684,
        "placeTaken": "Kaohsiung Taiwan",
        "takenAt": 1401701700,
        "copyright": "Meng Lin",
        "description": null,
        "asset": {
            "id": 152670,
            "type": "Cargo",
            "name": "LEVERKUSEN EXPRESS"
        },
        "rating": {
            "voteAverage": 0,
            "voteCounter": 0
        },
        "url": "https://images.marinetraffic.com/collection/1651684.webp?size=800"
    },
    {
        "photoId": 1612407,
        "placeTaken": "Hamburg Finkenwerder",
        "takenAt": 1398297600,
        "copyright": "Herbert Sommer",
        "description": "entering port of Hamburg with tugs for assistance at berthing ",
        "asset": {
            "id": 152670,
            "type": "Cargo",
            "name": "LEVERKUSEN EXPRESS"
        },
        "rating": {
            "voteAverage": 4.5,
            "voteCounter": 2
        },
        "url": "https://images.marinetraffic.com/collection/1612407.webp?size=800"
    },
    {
        "photoId": 1610833,
        "placeTaken": "Hamburg K\u00f6hlbrand",
        "takenAt": 1398504780,
        "copyright": "Riko Lischke",
        "description": null,
        "asset": {
            "id": 152670,
            "type": "Cargo",
            "name": "LEVERKUSEN EXPRESS"
        },
        "rating": {
            "voteAverage": 5,
            "voteCounter": 2
        },
        "url": "https://images.marinetraffic.com/collection/1610833.webp?size=800"
    },
    {
        "photoId": 1610389,
        "placeTaken": "Wittenbergen River Elbe",
        "takenAt": 1398509700,
        "copyright": "Holger Karp",
        "description": null,
        "asset": {
            "id": 152670,
            "type": "Cargo",
            "name": "LEVERKUSEN EXPRESS"
        },
        "rating": {
            "voteAverage": 0,
            "voteCounter": 0
        },
        "url": "https://images.marinetraffic.com/collection/1610389.webp?size=800"
    },
    {
        "photoId": 1609794,
        "placeTaken": "Hamburg, Germany",
        "takenAt": 1398347940,
        "copyright": "elbwasser",
        "description": null,
        "asset": {
            "id": 152670,
            "type": "Cargo",
            "name": "LEVERKUSEN EXPRESS"
        },
        "rating": {
            "voteAverage": 4.75,
            "voteCounter": 4
        },
        "url": "https://images.marinetraffic.com/collection/1609794.webp?size=800"
    },
    {
        "photoId": 1608344,
        "placeTaken": "Hamburg-Blankenese",
        "takenAt": 1398346920,
        "copyright": "Buggi Porschien",
        "description": "Maiden trip - first visit home port",
        "asset": {
            "id": 152670,
            "type": "Cargo",
            "name": "LEVERKUSEN EXPRESS"
        },
        "rating": {
            "voteAverage": 5,
            "voteCounter": 2
        },
        "url": "https://images.marinetraffic.com/collection/1608344.webp?size=800"
    },
    {
        "photoId": 1604920,
        "placeTaken": "Terneuzen",
        "takenAt": 1397925240,
        "copyright": "larry_antwerp",
        "description": "The brand new vessel is seen here sailing upstream the river Schelde on its maiden voyage to its berth at the PSA Noordzee Terminal at the port of Antwerp. \r\nIt calls on Southampton, Antwerp, Hamburg, Rotterdam, Jebel Ali, Singapore, Shekou, Kaohsiung, Xiamen, Shekou, Hong Kong, Singapore, Colombo and back to Southampton",
        "asset": {
            "id": 152670,
            "type": "Cargo",
            "name": "LEVERKUSEN EXPRESS"
        },
        "rating": {
            "voteAverage": 5,
            "voteCounter": 2
        },
        "url": "https://images.marinetraffic.com/collection/1604920.webp?size=800"
    },
    {
        "photoId": 1603958,
        "placeTaken": "walsoorden",
        "takenAt": 1397928300,
        "copyright": "JOHNNY VERHULST",
        "description": "https://www.flickr.com/photos/johnny_verhulst/",
        "asset": {
            "id": 152670,
            "type": "Cargo",
            "name": "LEVERKUSEN EXPRESS"
        },
        "rating": {
            "voteAverage": 4.9,
            "voteCounter": 10
        },
        "url": "https://images.marinetraffic.com/collection/1603958.webp?size=800"
    },
    {
        "photoId": 1603585,
        "placeTaken": "terneuzen western scheldt",
        "takenAt": 1366388940,
        "copyright": "adri van de wege",
        "description": "maidentrip to antwerp",
        "asset": {
            "id": 152670,
            "type": "Cargo",
            "name": "LEVERKUSEN EXPRESS"
        },
        "rating": {
            "voteAverage": 5,
            "voteCounter": 1
        },
        "url": "https://images.marinetraffic.com/collection/1603585.webp?size=800"
    },
    {
        "photoId": 1603555,
        "placeTaken": "terneuzen westerschelde",
        "takenAt": 1366389180,
        "copyright": "adri van de wege",
        "description": "maidentrip to antwerp",
        "asset": {
            "id": 152670,
            "type": "Cargo",
            "name": "LEVERKUSEN EXPRESS"
        },
        "rating": {
            "voteAverage": 0,
            "voteCounter": 0
        },
        "url": "https://images.marinetraffic.com/collection/1603555.webp?size=800"
    },
    {
        "photoId": 1576996,
        "placeTaken": "Tanjong Pagar Terminal, Singapore",
        "takenAt": 1395848640,
        "copyright": "Ramli Sarie",
        "description": null,
        "asset": {
            "id": 152670,
            "type": "Cargo",
            "name": "LEVERKUSEN EXPRESS"
        },
        "rating": {
            "voteAverage": 4.5,
            "voteCounter": 2
        },
        "url": "https://images.marinetraffic.com/collection/1576996.webp?size=800"
    }
]