[
    {
        "photoId": 2581428,
        "placeTaken": "Southampton, UK",
        "takenAt": 1485964380,
        "copyright": "Nigel Dixon",
        "description": null,
        "asset": {
            "id": 152670,
            "type": "Cargo",
            "name": "LEVERKUSEN EXPRESS"
        },
        "rating": {
            "voteAverage": 0,
            "voteCounter": 0
        },
        "url": "https://images.marinetraffic.com/collection/2581428.webp?size=800"
    },
    {
        "photoId": 2581426,
        "placeTaken": "Southampton, UK",
        "takenAt": 1485964920,
        "copyright": "Nigel Dixon",
        "description": null,
        "asset": {
            "id": 152670,
            "type": "Cargo",
            "name": "LEVERKUSEN EXPRESS"
        },
        "rating": {
            "voteAverage": 0,
            "voteCounter": 0
        },
        "url": "https://images.marinetraffic.com/collection/2581426.webp?size=800"
    },
    {
        "photoId": 2575116,
        "placeTaken": "Hamburg",
        "takenAt": 1485690540,
        "copyright": "Oliver Boltz",
        "description": null,
        "asset": {
            "id": 152670,
            "type": "Cargo",
            "name": "LEVERKUSEN EXPRESS"
        },
        "rating": {
            "voteAverage": 0,
            "voteCounter": 0
        },
        "url": "https://images.marinetraffic.com/collection/2575116.webp?size=800"
    },
    {
        "photoId": 2574075,
        "placeTaken": "Hamburg",
        "takenAt": 1485604920,
        "copyright": "Thomas Tauchert",
        "description": null,
        "asset": {
            "id": 152670,
            "type": "Cargo",
            "name": "LEVERKUSEN EXPRESS"
        },
        "rating": {
            "voteAverage": 0,
            "voteCounter": 0
        },
        "url": "https://images.marinetraffic.com/collection/2574075.webp?size=800"
    },
    {
        "photoId": 2574074,
        "placeTaken": "Hamburg",
        "takenAt": 1485604260,
        "copyright": "Thomas Tauchert",
        "description": null,
        "asset": {
            "id": 152670,
            "type": "Cargo",
            "name": "LEVERKUSEN EXPRESS"
        },
        "rating": {
            "voteAverage": 0,
            "voteCounter": 0
        },
        "url": "https://images.marinetraffic.com/collection/2574074.webp?size=800"
    },
    {
        "photoId": 2504490,
        "placeTaken": "Southampton Water",
        "takenAt": 1471709760,
        "copyright": "Nigel East",
        "description": "Leverkusen Express with 2 Tugs in attendance entering Southampton heading for the container Port - 20-08-2016",
        "asset": {
            "id": 152670,
            "type": "Cargo",
            "name": "LEVERKUSEN EXPRESS"
        },
        "rating": {
            "voteAverage": 0,
            "voteCounter": 0
        },
        "url": "https://images.marinetraffic.com/collection/2504490.webp?size=800"
    },
    {
        "photoId": 2504484,
        "placeTaken": "Hythe",
        "takenAt": 1471707900,
        "copyright": "Nigel East",
        "description": "Leversuken Express with 2 tugs in attendance enters Southampton heading for the container port ",
        "asset": {
            "id": 152670,
            "type": "Cargo",
            "name": "LEVERKUSEN EXPRESS"
        },
        "rating": {
            "voteAverage": 0,
            "voteCounter": 0
        },
        "url": "https://images.marinetraffic.com/collection/2504484.webp?size=800"
    },
    {
        "photoId": 2483131,
        "placeTaken": "Hamburg",
        "takenAt": 1471369920,
        "copyright": "Bettina Rohbrecht",
        "description": null,
        "asset": {
            "id": 152670,
            "type": "Cargo",
            "name": "LEVERKUSEN EXPRESS"
        },
        "rating": {
            "voteAverage": 0,
            "voteCounter": 0
        },
        "url": "https://images.marinetraffic.com/collection/2483131.webp?size=800"
    },
    {
        "photoId": 2483130,
        "placeTaken": "Hamburg",
        "takenAt": 1471369620,
        "copyright": "Bettina Rohbrecht",
        "description": null,
        "asset": {
            "id": 152670,
            "type": "Cargo",
            "name": "LEVERKUSEN EXPRESS"
        },
        "rating": {
            "voteAverage": 0,
            "voteCounter": 0
        },
        "url": "https://images.marinetraffic.com/collection/2483130.webp?size=800"
    },
    {
        "photoId": 2483129,
        "placeTaken": "Hamburg",
        "takenAt": 1471369860,
        "copyright": "Bettina Rohbrecht",
        "description": null,
        "asset": {
            "id": 152670,
            "type": "Cargo",
            "name": "LEVERKUSEN EXPRESS"
        },
        "rating": {
            "voteAverage": 0,
            "voteCounter": 0
        },
        "url": "https://images.marinetraffic.com/collection/2483129.webp?size=800"
    },
    {
        "photoId": 2434015,
        "placeTaken": "Southampton Dock SCT5",
        "takenAt": 1471792080,
        "copyright": "Christopher Priest",
        "description": "Leverkusen Express in Southampton",
        "asset": {
            "id": 152670,
            "type": "Cargo",
            "name": "LEVERKUSEN EXPRESS"
        },
        "rating": {
            "voteAverage": 0,
            "voteCounter": 0
        },
        "url": "https://images.marinetraffic.com/collection/2434015.webp?size=800"
    },
    {
        "photoId": 2427037,
        "placeTaken": "Hamburg Finkenwerder",
        "takenAt": 1471369260,
        "copyright": "H. Deest",
        "description": null,
        "asset": {
            "id": 152670,
            "type": "Cargo",
            "name": "LEVERKUSEN EXPRESS"
        },
        "rating": {
            "voteAverage": 0,
            "voteCounter": 0
        },
        "url": "https://images.marinetraffic.com/collection/2427037.webp?size=800"
    },
    {
        "photoId": 2427035,
        "placeTaken": "Hamburg Finkenwerder",
        "takenAt": 1471369020,
        "copyright": "H. Deest",
        "description": null,
        "asset": {
            "id": 152670,
            "type": "Cargo",
            "name": "LEVERKUSEN EXPRESS"
        },
        "rating": {
            "voteAverage": 0,
            "voteCounter": 0
        },
        "url": "https://images.marinetraffic.com/collection/2427035.webp?size=800"
    },
    {
        "photoId": 2347344,
        "placeTaken": "Southampton Marchwood",
        "takenAt": 1465304100,
        "copyright": "paul hobbs",
        "description": null,
        "asset": {
            "id": 152670,
            "type": "Cargo",
            "name": "LEVERKUSEN EXPRESS"
        },
        "rating": {
            "voteAverage": 0,
            "voteCounter": 0
        },
        "url": "https://images.marinetraffic.com/collection/2347344.webp?size=800"
    },
    {
        "photoId": 2342558,
        "placeTaken": "Hamburg, Bubendey-Ufer",
        "takenAt": 1465039860,
        "copyright": "Gerd Frick",
        "description": null,
        "asset": {
            "id": 152670,
            "type": "Cargo",
            "name": "LEVERKUSEN EXPRESS"
        },
        "rating": {
            "voteAverage": 5,
            "voteCounter": 1
        },
        "url": "https://images.marinetraffic.com/collection/2342558.webp?size=800"
    },
    {
        "photoId": 2342554,
        "placeTaken": "Hamburg, Bubendey-Ufer",
        "takenAt": 1465039320,
        "copyright": "Gerd Frick",
        "description": null,
        "asset": {
            "id": 152670,
            "type": "Cargo",
            "name": "LEVERKUSEN EXPRESS"
        },
        "rating": {
            "voteAverage": 5,
            "voteCounter": 1
        },
        "url": "https://images.marinetraffic.com/collection/2342554.webp?size=800"
    },
    {
        "photoId": 2341876,
        "placeTaken": "Hamburg-Rueschpark",
        "takenAt": 1465036260,
        "copyright": "S.Seelemann",
        "description": null,
        "asset": {
            "id": 152670,
            "type": "Cargo",
            "name": "LEVERKUSEN EXPRESS"
        },
        "rating": {
            "voteAverage": 0,
            "voteCounter": 0
        },
        "url": "https://images.marinetraffic.com/collection/2341876.webp?size=800"
    },
    {
        "photoId": 2260360,
        "placeTaken": "Rotterdam-Maasgeul",
        "takenAt": 1458056820,
        "copyright": "P.Kooistra",
        "description": null,
        "asset": {
            "id": 152670,
            "type": "Cargo",
            "name": "LEVERKUSEN EXPRESS"
        },
        "rating": {
            "voteAverage": 0,
            "voteCounter": 0
        },
        "url": "https://images.marinetraffic.com/collection/2260360.webp?size=800"
    },
    {
        "photoId": 2260344,
        "placeTaken": "Rotterdam-Maasgeul",
        "takenAt": 1458056460,
        "copyright": "P.Kooistra",
        "description": null,
        "asset": {
            "id": 152670,
            "type": "Cargo",
            "name": "LEVERKUSEN EXPRESS"
        },
        "rating": {
            "voteAverage": 0,
            "voteCounter": 0
        },
        "url": "https://images.marinetraffic.com/collection/2260344.webp?size=800"
    },
    {
        "photoId": 2257589,
        "placeTaken": "Hamburg-Rueschpark",
        "takenAt": 1458132900,
        "copyright": "S.Seelemann",
        "description": "Inbound.",
        "asset": {
            "id": 152670,
            "type": "Cargo",
            "name": "LEVERKUSEN EXPRESS"
        },
        "rating": {
            "voteAverage": 0,
            "voteCounter": 0
        },
        "url": "https://images.marinetraffic.com/collection/2257589.webp?size=800"
    }
]