[
    {
        "photoId": 2183996,
        "placeTaken": "LE HAVRE",
        "takenAt": 1397569800,
        "copyright": "PENFRAT Corentin",
        "description": null,
        "asset": {
            "id": 140612,
            "type": "Cargo",
            "name": "BASLE EXPRESS"
        },
        "rating": {
            "voteAverage": 0,
            "voteCounter": 0
        },
        "url": "https://images.marinetraffic.com/collection/2183996.webp?size=800"
    },
    {
        "photoId": 2183983,
        "placeTaken": "LE HAVRE",
        "takenAt": 1397568900,
        "copyright": "PENFRAT Corentin",
        "description": null,
        "asset": {
            "id": 140612,
            "type": "Cargo",
            "name": "BASLE EXPRESS"
        },
        "rating": {
            "voteAverage": 0,
            "voteCounter": 0
        },
        "url": "https://images.marinetraffic.com/collection/2183983.webp?size=800"
    },
    {
        "photoId": 2166290,
        "placeTaken": "Stadersand",
        "takenAt": 1441051080,
        "copyright": "Arnold Pohen",
        "description": null,
        "asset": {
            "id": 140612,
            "type": "Cargo",
            "name": "BASLE EXPRESS"
        },
        "rating": {
            "voteAverage": 0,
            "voteCounter": 0
        },
        "url": "https://images.marinetraffic.com/collection/2166290.webp?size=800"
    },
    {
        "photoId": 2166288,
        "placeTaken": "Stadersand",
        "takenAt": 1441050480,
        "copyright": "Arnold Pohen",
        "description": null,
        "asset": {
            "id": 140612,
            "type": "Cargo",
            "name": "BASLE EXPRESS"
        },
        "rating": {
            "voteAverage": 0,
            "voteCounter": 0
        },
        "url": "https://images.marinetraffic.com/collection/2166288.webp?size=800"
    },
    {
        "photoId": 2160378,
        "placeTaken": "Lamma Channel, Hong Kong",
        "takenAt": 1418125860,
        "copyright": "V. Tonic",
        "description": "Hong Kong outbound in Lamma Channel.",
        "asset": {
            "id": 140612,
            "type": "Cargo",
            "name": "BASLE EXPRESS"
        },
        "rating": {
            "voteAverage": 0,
            "voteCounter": 0
        },
        "url": "https://images.marinetraffic.com/collection/2160378.webp?size=800"
    },
    {
        "photoId": 2134895,
        "placeTaken": "Busan New Port, Rep. of Korea",
        "takenAt": 1415455980,
        "copyright": "V. Tonic",
        "description": "Departing Busan New port.",
        "asset": {
            "id": 140612,
            "type": "Cargo",
            "name": "BASLE EXPRESS"
        },
        "rating": {
            "voteAverage": 0,
            "voteCounter": 0
        },
        "url": "https://images.marinetraffic.com/collection/2134895.webp?size=800"
    },
    {
        "photoId": 2134893,
        "placeTaken": "Busan New Port, Rep. of Korea",
        "takenAt": 1415455860,
        "copyright": "V. Tonic",
        "description": "Departing Busan New port.",
        "asset": {
            "id": 140612,
            "type": "Cargo",
            "name": "BASLE EXPRESS"
        },
        "rating": {
            "voteAverage": 0,
            "voteCounter": 0
        },
        "url": "https://images.marinetraffic.com/collection/2134893.webp?size=800"
    },
    {
        "photoId": 2134892,
        "placeTaken": "Busan New Port, Rep. of Korea",
        "takenAt": 1415455920,
        "copyright": "V. Tonic",
        "description": "Departing Busan New port.",
        "asset": {
            "id": 140612,
            "type": "Cargo",
            "name": "BASLE EXPRESS"
        },
        "rating": {
            "voteAverage": 0,
            "voteCounter": 0
        },
        "url": "https://images.marinetraffic.com/collection/2134892.webp?size=800"
    },
    {
        "photoId": 2134889,
        "placeTaken": "Busan New Port, Rep. of Korea",
        "takenAt": 1415456460,
        "copyright": "V. Tonic",
        "description": "Departing Busan New port.",
        "asset": {
            "id": 140612,
            "type": "Cargo",
            "name": "BASLE EXPRESS"
        },
        "rating": {
            "voteAverage": 0,
            "voteCounter": 0
        },
        "url": "https://images.marinetraffic.com/collection/2134889.webp?size=800"
    },
    {
        "photoId": 2132479,
        "placeTaken": "SOUTHAMPTON",
        "takenAt": 1441554840,
        "copyright": "Marko waite",
        "description": "BASLE EXPRESS ",
        "asset": {
            "id": 140612,
            "type": "Cargo",
            "name": "BASLE EXPRESS"
        },
        "rating": {
            "voteAverage": 5,
            "voteCounter": 1
        },
        "url": "https://images.marinetraffic.com/collection/2132479.webp?size=800"
    },
    {
        "photoId": 2132469,
        "placeTaken": "SOUTHAMPTON",
        "takenAt": 1441554540,
        "copyright": "Marko waite",
        "description": "BASLE EXPRESS ON HER WAY OUT OF SOUTHAMPTON",
        "asset": {
            "id": 140612,
            "type": "Cargo",
            "name": "BASLE EXPRESS"
        },
        "rating": {
            "voteAverage": 0,
            "voteCounter": 0
        },
        "url": "https://images.marinetraffic.com/collection/2132469.webp?size=800"
    },
    {
        "photoId": 2090292,
        "placeTaken": "Southampton Water",
        "takenAt": 1441330920,
        "copyright": "SolentWight",
        "description": null,
        "asset": {
            "id": 140612,
            "type": "Cargo",
            "name": "BASLE EXPRESS"
        },
        "rating": {
            "voteAverage": 0,
            "voteCounter": 0
        },
        "url": "https://images.marinetraffic.com/collection/2090292.webp?size=800"
    },
    {
        "photoId": 1986149,
        "placeTaken": "Maasvlakte",
        "takenAt": 1433772000,
        "copyright": "Bram van Broekhoven",
        "description": "Place of Photo Maasvlakte Nieuwe Waterweg",
        "asset": {
            "id": 140612,
            "type": "Cargo",
            "name": "BASLE EXPRESS"
        },
        "rating": {
            "voteAverage": 0,
            "voteCounter": 0
        },
        "url": "https://images.marinetraffic.com/collection/1986149.webp?size=800"
    },
    {
        "photoId": 1986148,
        "placeTaken": "Maasvlakte",
        "takenAt": 1433771760,
        "copyright": "Bram van Broekhoven",
        "description": "Place of Photo Maasvlakte Nieuwe Waterweg",
        "asset": {
            "id": 140612,
            "type": "Cargo",
            "name": "BASLE EXPRESS"
        },
        "rating": {
            "voteAverage": 0,
            "voteCounter": 0
        },
        "url": "https://images.marinetraffic.com/collection/1986148.webp?size=800"
    },
    {
        "photoId": 1963526,
        "placeTaken": "Cuxhaven",
        "takenAt": 1420554720,
        "copyright": "J\u00f6rg Friedrich",
        "description": null,
        "asset": {
            "id": 140612,
            "type": "Cargo",
            "name": "BASLE EXPRESS"
        },
        "rating": {
            "voteAverage": 0,
            "voteCounter": 0
        },
        "url": "https://images.marinetraffic.com/collection/1963526.webp?size=800"
    },
    {
        "photoId": 1913036,
        "placeTaken": "Hamburg - Blankenese  GER",
        "takenAt": 1427384340,
        "copyright": "Buggi Porschien",
        "description": null,
        "asset": {
            "id": 140612,
            "type": "Cargo",
            "name": "BASLE EXPRESS"
        },
        "rating": {
            "voteAverage": 0,
            "voteCounter": 0
        },
        "url": "https://images.marinetraffic.com/collection/1913036.webp?size=800"
    },
    {
        "photoId": 1904885,
        "placeTaken": "Hamburg/Germany",
        "takenAt": 1412090280,
        "copyright": "Michael Schindler",
        "description": null,
        "asset": {
            "id": 140612,
            "type": "Cargo",
            "name": "BASLE EXPRESS"
        },
        "rating": {
            "voteAverage": 0,
            "voteCounter": 0
        },
        "url": "https://images.marinetraffic.com/collection/1904885.webp?size=800"
    },
    {
        "photoId": 1904884,
        "placeTaken": "Hamburg/Germany",
        "takenAt": 1412090460,
        "copyright": "Michael Schindler",
        "description": null,
        "asset": {
            "id": 140612,
            "type": "Cargo",
            "name": "BASLE EXPRESS"
        },
        "rating": {
            "voteAverage": 0,
            "voteCounter": 0
        },
        "url": "https://images.marinetraffic.com/collection/1904884.webp?size=800"
    },
    {
        "photoId": 1791369,
        "placeTaken": "Elbe",
        "takenAt": 1411912620,
        "copyright": "rannug",
        "description": "BASLE EXPRESS  Elbe",
        "asset": {
            "id": 140612,
            "type": "Cargo",
            "name": "BASLE EXPRESS"
        },
        "rating": {
            "voteAverage": 0,
            "voteCounter": 0
        },
        "url": "https://images.marinetraffic.com/collection/1791369.webp?size=800"
    },
    {
        "photoId": 1791368,
        "placeTaken": "  Hamburg",
        "takenAt": 1411919820,
        "copyright": "rannug",
        "description": "BASLE EXPRESS  Hamburg",
        "asset": {
            "id": 140612,
            "type": "Cargo",
            "name": "BASLE EXPRESS"
        },
        "rating": {
            "voteAverage": 0,
            "voteCounter": 0
        },
        "url": "https://images.marinetraffic.com/collection/1791368.webp?size=800"
    }
]