[
    {
        "photoId": 1214049,
        "placeTaken": "Admiralty Inlet, Washington",
        "takenAt": 1368715440,
        "copyright": "Clark Crawford",
        "description": "Along Whidby Island shoreline.",
        "asset": {
            "id": 152362,
            "type": "Cargo",
            "name": "PRAGUE EXPRESS"
        },
        "rating": {
            "voteAverage": 5,
            "voteCounter": 1
        },
        "url": "https://images.marinetraffic.com/collection/1214049.webp?size=800"
    },
    {
        "photoId": 1214040,
        "placeTaken": "Salish Sea",
        "takenAt": 1368715740,
        "copyright": "Clark Crawford",
        "description": "Inbound to Tacoma passing by Double Bluff, Whidby Island. 16.5kn/126*",
        "asset": {
            "id": 152362,
            "type": "Cargo",
            "name": "PRAGUE EXPRESS"
        },
        "rating": {
            "voteAverage": 0,
            "voteCounter": 0
        },
        "url": "https://images.marinetraffic.com/collection/1214040.webp?size=800"
    },
    {
        "photoId": 1178672,
        "placeTaken": "Hamburg",
        "takenAt": 1343070300,
        "copyright": "Riko Lischke",
        "description": null,
        "asset": {
            "id": 152362,
            "type": "Cargo",
            "name": "PRAGUE EXPRESS"
        },
        "rating": {
            "voteAverage": 4,
            "voteCounter": 1
        },
        "url": "https://images.marinetraffic.com/collection/1178672.webp?size=800"
    },
    {
        "photoId": 1172015,
        "placeTaken": "Tokyo",
        "takenAt": 1366215420,
        "copyright": "Dexter",
        "description": null,
        "asset": {
            "id": 152362,
            "type": "Cargo",
            "name": "PRAGUE EXPRESS"
        },
        "rating": {
            "voteAverage": 4,
            "voteCounter": 1
        },
        "url": "https://images.marinetraffic.com/collection/1172015.webp?size=800"
    },
    {
        "photoId": 1094008,
        "placeTaken": "Cuxhaven, Kugelbake",
        "takenAt": 1360329060,
        "copyright": "Heiko Schaefer",
        "description": null,
        "asset": {
            "id": 152362,
            "type": "Cargo",
            "name": "PRAGUE EXPRESS"
        },
        "rating": {
            "voteAverage": 4,
            "voteCounter": 2
        },
        "url": "https://images.marinetraffic.com/collection/1094008.webp?size=800"
    },
    {
        "photoId": 1094002,
        "placeTaken": "Cuxhaven, Kugelbake",
        "takenAt": 1360329000,
        "copyright": "Heiko Schaefer",
        "description": null,
        "asset": {
            "id": 152362,
            "type": "Cargo",
            "name": "PRAGUE EXPRESS"
        },
        "rating": {
            "voteAverage": 3,
            "voteCounter": 1
        },
        "url": "https://images.marinetraffic.com/collection/1094002.webp?size=800"
    },
    {
        "photoId": 1091787,
        "placeTaken": "Vlissingen, NL",
        "takenAt": 1349461680,
        "copyright": "Alexander Demin",
        "description": null,
        "asset": {
            "id": 152362,
            "type": "Cargo",
            "name": "PRAGUE EXPRESS"
        },
        "rating": {
            "voteAverage": 3,
            "voteCounter": 1
        },
        "url": "https://images.marinetraffic.com/collection/1091787.webp?size=800"
    },
    {
        "photoId": 1091785,
        "placeTaken": "Vlissingen, NL",
        "takenAt": 1349461380,
        "copyright": "Alexander Demin",
        "description": null,
        "asset": {
            "id": 152362,
            "type": "Cargo",
            "name": "PRAGUE EXPRESS"
        },
        "rating": {
            "voteAverage": 3,
            "voteCounter": 1
        },
        "url": "https://images.marinetraffic.com/collection/1091785.webp?size=800"
    },
    {
        "photoId": 1091782,
        "placeTaken": "Vlissingen, NL",
        "takenAt": 1349461200,
        "copyright": "Alexander Demin",
        "description": null,
        "asset": {
            "id": 152362,
            "type": "Cargo",
            "name": "PRAGUE EXPRESS"
        },
        "rating": {
            "voteAverage": 0,
            "voteCounter": 0
        },
        "url": "https://images.marinetraffic.com/collection/1091782.webp?size=800"
    },
    {
        "photoId": 1091778,
        "placeTaken": "Vlissingen, NL",
        "takenAt": 1349460480,
        "copyright": "Alexander Demin",
        "description": null,
        "asset": {
            "id": 152362,
            "type": "Cargo",
            "name": "PRAGUE EXPRESS"
        },
        "rating": {
            "voteAverage": 0,
            "voteCounter": 0
        },
        "url": "https://images.marinetraffic.com/collection/1091778.webp?size=800"
    },
    {
        "photoId": 1091773,
        "placeTaken": "Terneuzen, NL",
        "takenAt": 1349372580,
        "copyright": "Alexander Demin",
        "description": null,
        "asset": {
            "id": 152362,
            "type": "Cargo",
            "name": "PRAGUE EXPRESS"
        },
        "rating": {
            "voteAverage": 3,
            "voteCounter": 1
        },
        "url": "https://images.marinetraffic.com/collection/1091773.webp?size=800"
    },
    {
        "photoId": 1072647,
        "placeTaken": "Rotterdam",
        "takenAt": 1343369100,
        "copyright": "J.P. de Graaff",
        "description": null,
        "asset": {
            "id": 152362,
            "type": "Cargo",
            "name": "PRAGUE EXPRESS"
        },
        "rating": {
            "voteAverage": 0,
            "voteCounter": 0
        },
        "url": "https://images.marinetraffic.com/collection/1072647.webp?size=800"
    },
    {
        "photoId": 1014129,
        "placeTaken": "Westerschelde",
        "takenAt": 1350580260,
        "copyright": "H.Paling",
        "description": null,
        "asset": {
            "id": 152362,
            "type": "Cargo",
            "name": "PRAGUE EXPRESS"
        },
        "rating": {
            "voteAverage": 0,
            "voteCounter": 0
        },
        "url": "https://images.marinetraffic.com/collection/1014129.webp?size=800"
    },
    {
        "photoId": 1014128,
        "placeTaken": "Westerschelde",
        "takenAt": 1350580200,
        "copyright": "H.Paling",
        "description": null,
        "asset": {
            "id": 152362,
            "type": "Cargo",
            "name": "PRAGUE EXPRESS"
        },
        "rating": {
            "voteAverage": 0,
            "voteCounter": 0
        },
        "url": "https://images.marinetraffic.com/collection/1014128.webp?size=800"
    },
    {
        "photoId": 1014127,
        "placeTaken": "Westerschelde",
        "takenAt": 1350580020,
        "copyright": "H.Paling",
        "description": null,
        "asset": {
            "id": 152362,
            "type": "Cargo",
            "name": "PRAGUE EXPRESS"
        },
        "rating": {
            "voteAverage": 0,
            "voteCounter": 0
        },
        "url": "https://images.marinetraffic.com/collection/1014127.webp?size=800"
    },
    {
        "photoId": 1014125,
        "placeTaken": "Westerschelde",
        "takenAt": 1350578940,
        "copyright": "H.Paling",
        "description": null,
        "asset": {
            "id": 152362,
            "type": "Cargo",
            "name": "PRAGUE EXPRESS"
        },
        "rating": {
            "voteAverage": 0,
            "voteCounter": 0
        },
        "url": "https://images.marinetraffic.com/collection/1014125.webp?size=800"
    },
    {
        "photoId": 989070,
        "placeTaken": "Maasmond, Rotterdam NL",
        "takenAt": 1350381780,
        "copyright": "stefan lemmens",
        "description": null,
        "asset": {
            "id": 152362,
            "type": "Cargo",
            "name": "PRAGUE EXPRESS"
        },
        "rating": {
            "voteAverage": 0,
            "voteCounter": 0
        },
        "url": "https://images.marinetraffic.com/collection/989070.webp?size=800"
    },
    {
        "photoId": 989048,
        "placeTaken": "Maasmond, Rotterdam NL",
        "takenAt": 1350381600,
        "copyright": "stefan lemmens",
        "description": null,
        "asset": {
            "id": 152362,
            "type": "Cargo",
            "name": "PRAGUE EXPRESS"
        },
        "rating": {
            "voteAverage": 0,
            "voteCounter": 0
        },
        "url": "https://images.marinetraffic.com/collection/989048.webp?size=800"
    },
    {
        "photoId": 987859,
        "placeTaken": "Cuxhaven Kugelbake",
        "takenAt": 1349602560,
        "copyright": "K-H Schneider",
        "description": null,
        "asset": {
            "id": 152362,
            "type": "Cargo",
            "name": "PRAGUE EXPRESS"
        },
        "rating": {
            "voteAverage": 0,
            "voteCounter": 0
        },
        "url": "https://images.marinetraffic.com/collection/987859.webp?size=800"
    },
    {
        "photoId": 986921,
        "placeTaken": "Hamburg",
        "takenAt": 1350136260,
        "copyright": "Kalle Rutkowski",
        "description": null,
        "asset": {
            "id": 152362,
            "type": "Cargo",
            "name": "PRAGUE EXPRESS"
        },
        "rating": {
            "voteAverage": 0,
            "voteCounter": 0
        },
        "url": "https://images.marinetraffic.com/collection/986921.webp?size=800"
    }
]