[
    {
        "photoId": 2725433,
        "placeTaken": "Hamburg - Blankenese / GER",
        "takenAt": 1497541620,
        "copyright": "Buggi Porschien",
        "description": null,
        "asset": {
            "id": 152362,
            "type": "Cargo",
            "name": "PRAGUE EXPRESS"
        },
        "rating": {
            "voteAverage": 0,
            "voteCounter": 0
        },
        "url": "https://images.marinetraffic.com/collection/2725433.webp?size=800"
    },
    {
        "photoId": 2138069,
        "placeTaken": "Mediterranean sea",
        "takenAt": 1328106840,
        "copyright": "Yevgeniy B.",
        "description": null,
        "asset": {
            "id": 152362,
            "type": "Cargo",
            "name": "PRAGUE EXPRESS"
        },
        "rating": {
            "voteAverage": 0,
            "voteCounter": 0
        },
        "url": "https://images.marinetraffic.com/collection/2138069.webp?size=800"
    },
    {
        "photoId": 2072452,
        "placeTaken": "Slavyanka, Russia Far East",
        "takenAt": 1440011400,
        "copyright": "Sergei Skriabin",
        "description": null,
        "asset": {
            "id": 152362,
            "type": "Cargo",
            "name": "PRAGUE EXPRESS"
        },
        "rating": {
            "voteAverage": 0,
            "voteCounter": 0
        },
        "url": "https://images.marinetraffic.com/collection/2072452.webp?size=800"
    },
    {
        "photoId": 2070213,
        "placeTaken": "Slavyanka, Russia Far East",
        "takenAt": 1440010740,
        "copyright": "Sergei Skriabin",
        "description": null,
        "asset": {
            "id": 152362,
            "type": "Cargo",
            "name": "PRAGUE EXPRESS"
        },
        "rating": {
            "voteAverage": 5,
            "voteCounter": 2
        },
        "url": "https://images.marinetraffic.com/collection/2070213.webp?size=800"
    },
    {
        "photoId": 1875562,
        "placeTaken": "Elliott Bay, Seattle, Washington",
        "takenAt": 1423669140,
        "copyright": "Debbie Runke",
        "description": null,
        "asset": {
            "id": 152362,
            "type": "Cargo",
            "name": "PRAGUE EXPRESS"
        },
        "rating": {
            "voteAverage": 0,
            "voteCounter": 0
        },
        "url": "https://images.marinetraffic.com/collection/1875562.webp?size=800"
    },
    {
        "photoId": 1745125,
        "placeTaken": "Busan New Port, Rep. of Korea",
        "takenAt": 1389263700,
        "copyright": "V. Tonic",
        "description": "Departing Busan New Port.",
        "asset": {
            "id": 152362,
            "type": "Cargo",
            "name": "PRAGUE EXPRESS"
        },
        "rating": {
            "voteAverage": 0,
            "voteCounter": 0
        },
        "url": "https://images.marinetraffic.com/collection/1745125.webp?size=800"
    },
    {
        "photoId": 1717758,
        "placeTaken": null,
        "takenAt": 1406578020,
        "copyright": "Patrick Lawson",
        "description": null,
        "asset": {
            "id": 152362,
            "type": "Cargo",
            "name": "PRAGUE EXPRESS"
        },
        "rating": {
            "voteAverage": 0,
            "voteCounter": 0
        },
        "url": "https://images.marinetraffic.com/collection/1717758.webp?size=800"
    },
    {
        "photoId": 1641073,
        "placeTaken": "Colombo Harbor",
        "takenAt": 1350950400,
        "copyright": "chamara nuwandika",
        "description": null,
        "asset": {
            "id": 152362,
            "type": "Cargo",
            "name": "PRAGUE EXPRESS"
        },
        "rating": {
            "voteAverage": 0,
            "voteCounter": 0
        },
        "url": "https://images.marinetraffic.com/collection/1641073.webp?size=800"
    },
    {
        "photoId": 1506955,
        "placeTaken": "The Solent",
        "takenAt": 1342795680,
        "copyright": "RichardCD",
        "description": "Making the sharp turn to port at the West Bramble Buoy off Cowes, Isle of Wight, whilst outbound from Southampton for Antwerp. On the far left, Red Funnel car ferry Red Osprey is in the Thorn Channel, on one of her regular runs from Southampton to Cowes.",
        "asset": {
            "id": 152362,
            "type": "Cargo",
            "name": "PRAGUE EXPRESS"
        },
        "rating": {
            "voteAverage": 0,
            "voteCounter": 0
        },
        "url": "https://images.marinetraffic.com/collection/1506955.webp?size=800"
    },
    {
        "photoId": 1506952,
        "placeTaken": "The Solent",
        "takenAt": 1342795680,
        "copyright": "RichardCD",
        "description": "Off Cowes, Isle of Wight, whilst outbound from Southampton for Antwerp. On the right, passenger vessel Princess Caroline is out on a charter from Southampton.",
        "asset": {
            "id": 152362,
            "type": "Cargo",
            "name": "PRAGUE EXPRESS"
        },
        "rating": {
            "voteAverage": 0,
            "voteCounter": 0
        },
        "url": "https://images.marinetraffic.com/collection/1506952.webp?size=800"
    },
    {
        "photoId": 1506949,
        "placeTaken": "The Solent",
        "takenAt": 1342795500,
        "copyright": "RichardCD",
        "description": "Southampton Patrol launch Spitfire (far right) checks there is a clear channel ahead for Prague Express to make the sharp turn to port at the West Bramble Buoy, whilst outbound from Southampton for Antwerp. Red Funnel Isle of Wight car ferry Red Osprey is following down the Thorn Channel, on her regular run from Southampton to Cowes.",
        "asset": {
            "id": 152362,
            "type": "Cargo",
            "name": "PRAGUE EXPRESS"
        },
        "rating": {
            "voteAverage": 0,
            "voteCounter": 0
        },
        "url": "https://images.marinetraffic.com/collection/1506949.webp?size=800"
    },
    {
        "photoId": 1506947,
        "placeTaken": "The Solent",
        "takenAt": 1342795740,
        "copyright": "RichardCD",
        "description": "Off Cowes, Isle of Wight, whilst outbound from Southamptom for Antwerp.",
        "asset": {
            "id": 152362,
            "type": "Cargo",
            "name": "PRAGUE EXPRESS"
        },
        "rating": {
            "voteAverage": 0,
            "voteCounter": 0
        },
        "url": "https://images.marinetraffic.com/collection/1506947.webp?size=800"
    },
    {
        "photoId": 1504604,
        "placeTaken": "Tokyo",
        "takenAt": 1387889820,
        "copyright": "Dexter",
        "description": "Tokyo West In Bound",
        "asset": {
            "id": 152362,
            "type": "Cargo",
            "name": "PRAGUE EXPRESS"
        },
        "rating": {
            "voteAverage": 4.4,
            "voteCounter": 5
        },
        "url": "https://images.marinetraffic.com/collection/1504604.webp?size=800"
    },
    {
        "photoId": 1453137,
        "placeTaken": "Tacoma, WA, USA",
        "takenAt": 1382886720,
        "copyright": "Donald Erickson",
        "description": "Inbound, Commencement Bay, Tacoma",
        "asset": {
            "id": 152362,
            "type": "Cargo",
            "name": "PRAGUE EXPRESS"
        },
        "rating": {
            "voteAverage": 0,
            "voteCounter": 0
        },
        "url": "https://images.marinetraffic.com/collection/1453137.webp?size=800"
    },
    {
        "photoId": 1392704,
        "placeTaken": "Victoria BC",
        "takenAt": 1379415960,
        "copyright": "Patrick Lawson",
        "description": null,
        "asset": {
            "id": 152362,
            "type": "Cargo",
            "name": "PRAGUE EXPRESS"
        },
        "rating": {
            "voteAverage": 5,
            "voteCounter": 1
        },
        "url": "https://images.marinetraffic.com/collection/1392704.webp?size=800"
    },
    {
        "photoId": 1391067,
        "placeTaken": "vancouver canada",
        "takenAt": 1379340540,
        "copyright": "rick voice",
        "description": "Roberts bank",
        "asset": {
            "id": 152362,
            "type": "Cargo",
            "name": "PRAGUE EXPRESS"
        },
        "rating": {
            "voteAverage": 0,
            "voteCounter": 0
        },
        "url": "https://images.marinetraffic.com/collection/1391067.webp?size=800"
    },
    {
        "photoId": 1363091,
        "placeTaken": "Busan New Port, Rep. of Korea",
        "takenAt": 1374753480,
        "copyright": "V. Tonic",
        "description": null,
        "asset": {
            "id": 152362,
            "type": "Cargo",
            "name": "PRAGUE EXPRESS"
        },
        "rating": {
            "voteAverage": 0,
            "voteCounter": 0
        },
        "url": "https://images.marinetraffic.com/collection/1363091.webp?size=800"
    },
    {
        "photoId": 1346688,
        "placeTaken": "Puget Sound, Seattle WA USA",
        "takenAt": 1376125020,
        "copyright": "W.E. McCool",
        "description": null,
        "asset": {
            "id": 152362,
            "type": "Cargo",
            "name": "PRAGUE EXPRESS"
        },
        "rating": {
            "voteAverage": 0,
            "voteCounter": 0
        },
        "url": "https://images.marinetraffic.com/collection/1346688.webp?size=800"
    },
    {
        "photoId": 1329658,
        "placeTaken": "Vancouver, BC, Canada",
        "takenAt": 1375786920,
        "copyright": "Harry Southern",
        "description": "Unloading at Roberts Bank super port",
        "asset": {
            "id": 152362,
            "type": "Cargo",
            "name": "PRAGUE EXPRESS"
        },
        "rating": {
            "voteAverage": 5,
            "voteCounter": 1
        },
        "url": "https://images.marinetraffic.com/collection/1329658.webp?size=800"
    },
    {
        "photoId": 1214056,
        "placeTaken": "Admiralty Inlet, Washington",
        "takenAt": 1368715680,
        "copyright": "Clark Crawford",
        "description": "Near Mutiny Bay, Whidby Island.",
        "asset": {
            "id": 152362,
            "type": "Cargo",
            "name": "PRAGUE EXPRESS"
        },
        "rating": {
            "voteAverage": 5,
            "voteCounter": 1
        },
        "url": "https://images.marinetraffic.com/collection/1214056.webp?size=800"
    }
]