[
    {
        "photoId": 3510693,
        "placeTaken": "Staten Island NY",
        "takenAt": 1559705100,
        "copyright": "Dallas mayson",
        "description": "Inbound to Port Newark.",
        "asset": {
            "id": 159181,
            "type": "Cargo",
            "name": "GERD MAERSK"
        },
        "rating": {
            "voteAverage": 0,
            "voteCounter": 0
        },
        "url": "https://images.marinetraffic.com/collection/3510693.webp?size=800"
    },
    {
        "photoId": 3344724,
        "placeTaken": "Bayonne, NJ",
        "takenAt": 1546084800,
        "copyright": "Marcin Kocoj",
        "description": "Gerd Maersk leaving APM.",
        "asset": {
            "id": 159181,
            "type": "Cargo",
            "name": "GERD MAERSK"
        },
        "rating": {
            "voteAverage": 5,
            "voteCounter": 4
        },
        "url": "https://images.marinetraffic.com/collection/3344724.webp?size=800"
    },
    {
        "photoId": 2946659,
        "placeTaken": "Kaohsiung , Taiwan",
        "takenAt": 1514365260,
        "copyright": "YE CHIA-WEI",
        "description": null,
        "asset": {
            "id": 159181,
            "type": "Cargo",
            "name": "GERD MAERSK"
        },
        "rating": {
            "voteAverage": 5,
            "voteCounter": 1
        },
        "url": "https://images.marinetraffic.com/collection/2946659.webp?size=800"
    },
    {
        "photoId": 2920236,
        "placeTaken": null,
        "takenAt": 1511603520,
        "copyright": "Alan Desic",
        "description": null,
        "asset": {
            "id": 159181,
            "type": "Cargo",
            "name": "GERD MAERSK"
        },
        "rating": {
            "voteAverage": 0,
            "voteCounter": 0
        },
        "url": "https://images.marinetraffic.com/collection/2920236.webp?size=800"
    },
    {
        "photoId": 2800475,
        "placeTaken": "Rijeka,Croatia",
        "takenAt": null,
        "copyright": "Dragec",
        "description": null,
        "asset": {
            "id": 159181,
            "type": "Cargo",
            "name": "GERD MAERSK"
        },
        "rating": {
            "voteAverage": 0,
            "voteCounter": 0
        },
        "url": "https://images.marinetraffic.com/collection/2800475.webp?size=800"
    },
    {
        "photoId": 2800472,
        "placeTaken": "Rijeka,Croatia",
        "takenAt": null,
        "copyright": "Dragec",
        "description": null,
        "asset": {
            "id": 159181,
            "type": "Cargo",
            "name": "GERD MAERSK"
        },
        "rating": {
            "voteAverage": 0,
            "voteCounter": 0
        },
        "url": "https://images.marinetraffic.com/collection/2800472.webp?size=800"
    },
    {
        "photoId": 2800470,
        "placeTaken": "Rijeka,Croatia",
        "takenAt": null,
        "copyright": "Dragec",
        "description": null,
        "asset": {
            "id": 159181,
            "type": "Cargo",
            "name": "GERD MAERSK"
        },
        "rating": {
            "voteAverage": 0,
            "voteCounter": 0
        },
        "url": "https://images.marinetraffic.com/collection/2800470.webp?size=800"
    },
    {
        "photoId": 2800466,
        "placeTaken": "Rijeka,Croatia",
        "takenAt": null,
        "copyright": "Dragec",
        "description": null,
        "asset": {
            "id": 159181,
            "type": "Cargo",
            "name": "GERD MAERSK"
        },
        "rating": {
            "voteAverage": 0,
            "voteCounter": 0
        },
        "url": "https://images.marinetraffic.com/collection/2800466.webp?size=800"
    },
    {
        "photoId": 2778288,
        "placeTaken": "Lamma Channel, Hong Kong",
        "takenAt": 1456653180,
        "copyright": "V. Tonic",
        "description": "Departing Hong Kong.",
        "asset": {
            "id": 159181,
            "type": "Cargo",
            "name": "GERD MAERSK"
        },
        "rating": {
            "voteAverage": 0,
            "voteCounter": 0
        },
        "url": "https://images.marinetraffic.com/collection/2778288.webp?size=800"
    },
    {
        "photoId": 2778286,
        "placeTaken": "Lamma Channel, Hong Kong",
        "takenAt": 1456652580,
        "copyright": "V. Tonic",
        "description": "Departing Hong Kong.",
        "asset": {
            "id": 159181,
            "type": "Cargo",
            "name": "GERD MAERSK"
        },
        "rating": {
            "voteAverage": 0,
            "voteCounter": 0
        },
        "url": "https://images.marinetraffic.com/collection/2778286.webp?size=800"
    },
    {
        "photoId": 2778285,
        "placeTaken": "Lamma Channel, Hong Kong",
        "takenAt": 1456652880,
        "copyright": "V. Tonic",
        "description": "Departing Hong Kong.",
        "asset": {
            "id": 159181,
            "type": "Cargo",
            "name": "GERD MAERSK"
        },
        "rating": {
            "voteAverage": 0,
            "voteCounter": 0
        },
        "url": "https://images.marinetraffic.com/collection/2778285.webp?size=800"
    },
    {
        "photoId": 2774940,
        "placeTaken": "Busan New Port, Rep. of Korea",
        "takenAt": 1456055520,
        "copyright": "V. Tonic",
        "description": "At Busan New Port, PNC terminal.",
        "asset": {
            "id": 159181,
            "type": "Cargo",
            "name": "GERD MAERSK"
        },
        "rating": {
            "voteAverage": 0,
            "voteCounter": 0
        },
        "url": "https://images.marinetraffic.com/collection/2774940.webp?size=800"
    },
    {
        "photoId": 2764677,
        "placeTaken": "Rijeka,Croatia",
        "takenAt": null,
        "copyright": "Dragec",
        "description": null,
        "asset": {
            "id": 159181,
            "type": "Cargo",
            "name": "GERD MAERSK"
        },
        "rating": {
            "voteAverage": 0,
            "voteCounter": 0
        },
        "url": "https://images.marinetraffic.com/collection/2764677.webp?size=800"
    },
    {
        "photoId": 2580870,
        "placeTaken": "Melito di Porto Salvo",
        "takenAt": 1486376160,
        "copyright": "antonino marino",
        "description": "www.rcantonino.it",
        "asset": {
            "id": 159181,
            "type": "Cargo",
            "name": "GERD MAERSK"
        },
        "rating": {
            "voteAverage": 0,
            "voteCounter": 0
        },
        "url": "https://images.marinetraffic.com/collection/2580870.webp?size=800"
    },
    {
        "photoId": 2576088,
        "placeTaken": "KOPER - Slovenia",
        "takenAt": 1485769140,
        "copyright": "Marjan Stropnik",
        "description": null,
        "asset": {
            "id": 159181,
            "type": "Cargo",
            "name": "GERD MAERSK"
        },
        "rating": {
            "voteAverage": 5,
            "voteCounter": 2
        },
        "url": "https://images.marinetraffic.com/collection/2576088.webp?size=800"
    },
    {
        "photoId": 2576087,
        "placeTaken": "KOPER - Slovenia",
        "takenAt": 1485769800,
        "copyright": "Marjan Stropnik",
        "description": null,
        "asset": {
            "id": 159181,
            "type": "Cargo",
            "name": "GERD MAERSK"
        },
        "rating": {
            "voteAverage": 5,
            "voteCounter": 1
        },
        "url": "https://images.marinetraffic.com/collection/2576087.webp?size=800"
    },
    {
        "photoId": 2576086,
        "placeTaken": "KOPER - Slovenia",
        "takenAt": 1485769560,
        "copyright": "Marjan Stropnik",
        "description": null,
        "asset": {
            "id": 159181,
            "type": "Cargo",
            "name": "GERD MAERSK"
        },
        "rating": {
            "voteAverage": 5,
            "voteCounter": 1
        },
        "url": "https://images.marinetraffic.com/collection/2576086.webp?size=800"
    },
    {
        "photoId": 2576085,
        "placeTaken": "KOPER - Slovenia",
        "takenAt": 1485769080,
        "copyright": "Marjan Stropnik",
        "description": null,
        "asset": {
            "id": 159181,
            "type": "Cargo",
            "name": "GERD MAERSK"
        },
        "rating": {
            "voteAverage": 5,
            "voteCounter": 1
        },
        "url": "https://images.marinetraffic.com/collection/2576085.webp?size=800"
    },
    {
        "photoId": 2576084,
        "placeTaken": "KOPER - Slovenia",
        "takenAt": 1485768960,
        "copyright": "Marjan Stropnik",
        "description": null,
        "asset": {
            "id": 159181,
            "type": "Cargo",
            "name": "GERD MAERSK"
        },
        "rating": {
            "voteAverage": 5,
            "voteCounter": 1
        },
        "url": "https://images.marinetraffic.com/collection/2576084.webp?size=800"
    },
    {
        "photoId": 2509144,
        "placeTaken": "KOPER Port Slovenia",
        "takenAt": -2208988800,
        "copyright": "pinko palinko",
        "description": null,
        "asset": {
            "id": 159181,
            "type": "Cargo",
            "name": "GERD MAERSK"
        },
        "rating": {
            "voteAverage": 5,
            "voteCounter": 13
        },
        "url": "https://images.marinetraffic.com/collection/2509144.webp?size=800"
    }
]