[
    {
        "photoId": 330512,
        "placeTaken": "ALGECIRAS",
        "takenAt": 1289476620,
        "copyright": "F.YBANCOS",
        "description": null,
        "asset": {
            "id": 159181,
            "type": "Cargo",
            "name": "GERD MAERSK"
        },
        "rating": {
            "voteAverage": 3.5,
            "voteCounter": 2
        },
        "url": "https://images.marinetraffic.com/collection/330512.webp?size=800"
    },
    {
        "photoId": 324110,
        "placeTaken": "REGGIO CALABRIA OMECA",
        "takenAt": 1288867500,
        "copyright": "COSTA & COSTA",
        "description": null,
        "asset": {
            "id": 159181,
            "type": "Cargo",
            "name": "GERD MAERSK"
        },
        "rating": {
            "voteAverage": 5,
            "voteCounter": 3
        },
        "url": "https://images.marinetraffic.com/collection/324110.webp?size=800"
    },
    {
        "photoId": 223316,
        "placeTaken": "MALAGA",
        "takenAt": 1240404000,
        "copyright": "F.YBANCOS",
        "description": null,
        "asset": {
            "id": 159181,
            "type": "Cargo",
            "name": "GERD MAERSK"
        },
        "rating": {
            "voteAverage": 4,
            "voteCounter": 1
        },
        "url": "https://images.marinetraffic.com/collection/223316.webp?size=800"
    },
    {
        "photoId": 219242,
        "placeTaken": "Algeciras port",
        "takenAt": 1274355240,
        "copyright": "Oscar Sacases",
        "description": null,
        "asset": {
            "id": 159181,
            "type": "Cargo",
            "name": "GERD MAERSK"
        },
        "rating": {
            "voteAverage": 4,
            "voteCounter": 1
        },
        "url": "https://images.marinetraffic.com/collection/219242.webp?size=800"
    },
    {
        "photoId": 219239,
        "placeTaken": "Algeciras port",
        "takenAt": 1274355120,
        "copyright": "Oscar Sacases",
        "description": null,
        "asset": {
            "id": 159181,
            "type": "Cargo",
            "name": "GERD MAERSK"
        },
        "rating": {
            "voteAverage": 4.5,
            "voteCounter": 2
        },
        "url": "https://images.marinetraffic.com/collection/219239.webp?size=800"
    },
    {
        "photoId": 95699,
        "placeTaken": "Valencia",
        "takenAt": 1232213100,
        "copyright": "Manuel Hern\u00e1ndez",
        "description": "Photo : Manuel Hern\u00e1ndez,\r\nValencia on 17/01/2009.",
        "asset": {
            "id": 159181,
            "type": "Cargo",
            "name": "GERD MAERSK"
        },
        "rating": {
            "voteAverage": 4.875,
            "voteCounter": 8
        },
        "url": "https://images.marinetraffic.com/collection/95699.webp?size=800"
    },
    {
        "photoId": 57354,
        "placeTaken": "port : valencia",
        "takenAt": 1239917040,
        "copyright": "jose uno mismo",
        "description": "photo:jose uno mismo.valencia",
        "asset": {
            "id": 159181,
            "type": "Cargo",
            "name": "GERD MAERSK"
        },
        "rating": {
            "voteAverage": 4.5,
            "voteCounter": 24
        },
        "url": "https://images.marinetraffic.com/collection/57354.webp?size=800"
    }
]