[
    {
        "photoId": 2000094,
        "placeTaken": "felixstowe",
        "takenAt": 1434969300,
        "copyright": "paul hiett",
        "description": null,
        "asset": {
            "id": 159181,
            "type": "Cargo",
            "name": "GERD MAERSK"
        },
        "rating": {
            "voteAverage": 0,
            "voteCounter": 0
        },
        "url": "https://images.marinetraffic.com/collection/2000094.webp?size=800"
    },
    {
        "photoId": 1885868,
        "placeTaken": "Cuxhaven",
        "takenAt": 1373290620,
        "copyright": "Volker Steinbarth",
        "description": null,
        "asset": {
            "id": 159181,
            "type": "Cargo",
            "name": "GERD MAERSK"
        },
        "rating": {
            "voteAverage": 0,
            "voteCounter": 0
        },
        "url": "https://images.marinetraffic.com/collection/1885868.webp?size=800"
    },
    {
        "photoId": 1482258,
        "placeTaken": "GIBRALTAR",
        "takenAt": 1363005780,
        "copyright": "GIBFRAN46",
        "description": null,
        "asset": {
            "id": 159181,
            "type": "Cargo",
            "name": "GERD MAERSK"
        },
        "rating": {
            "voteAverage": 0,
            "voteCounter": 0
        },
        "url": "https://images.marinetraffic.com/collection/1482258.webp?size=800"
    },
    {
        "photoId": 1459801,
        "placeTaken": "Le Havre",
        "takenAt": 1383408420,
        "copyright": "niavlys LH76",
        "description": null,
        "asset": {
            "id": 159181,
            "type": "Cargo",
            "name": "GERD MAERSK"
        },
        "rating": {
            "voteAverage": 0,
            "voteCounter": 0
        },
        "url": "https://images.marinetraffic.com/collection/1459801.webp?size=800"
    },
    {
        "photoId": 1452812,
        "placeTaken": "Wedel River Elbe",
        "takenAt": 1382863140,
        "copyright": "Holger Karp",
        "description": null,
        "asset": {
            "id": 159181,
            "type": "Cargo",
            "name": "GERD MAERSK"
        },
        "rating": {
            "voteAverage": 4.333333,
            "voteCounter": 3
        },
        "url": "https://images.marinetraffic.com/collection/1452812.webp?size=800"
    },
    {
        "photoId": 1452464,
        "placeTaken": "Hamburg,Waltershofer Hafen",
        "takenAt": 1382871720,
        "copyright": "Oliver Boltz",
        "description": null,
        "asset": {
            "id": 159181,
            "type": "Cargo",
            "name": "GERD MAERSK"
        },
        "rating": {
            "voteAverage": 0,
            "voteCounter": 0
        },
        "url": "https://images.marinetraffic.com/collection/1452464.webp?size=800"
    },
    {
        "photoId": 1452007,
        "placeTaken": "Bremerhaven",
        "takenAt": 1382795760,
        "copyright": "pingi eisbar",
        "description": null,
        "asset": {
            "id": 159181,
            "type": "Cargo",
            "name": "GERD MAERSK"
        },
        "rating": {
            "voteAverage": 4,
            "voteCounter": 1
        },
        "url": "https://images.marinetraffic.com/collection/1452007.webp?size=800"
    },
    {
        "photoId": 1373737,
        "placeTaken": "Hamburg, R\u00fcschpark",
        "takenAt": 1373328000,
        "copyright": "Wolfgang Schneider",
        "description": null,
        "asset": {
            "id": 159181,
            "type": "Cargo",
            "name": "GERD MAERSK"
        },
        "rating": {
            "voteAverage": 3,
            "voteCounter": 1
        },
        "url": "https://images.marinetraffic.com/collection/1373737.webp?size=800"
    },
    {
        "photoId": 1290499,
        "placeTaken": "Bremerhaven",
        "takenAt": 1373205180,
        "copyright": "Peter Zimmermann",
        "description": null,
        "asset": {
            "id": 159181,
            "type": "Cargo",
            "name": "GERD MAERSK"
        },
        "rating": {
            "voteAverage": 4,
            "voteCounter": 2
        },
        "url": "https://images.marinetraffic.com/collection/1290499.webp?size=800"
    },
    {
        "photoId": 1290498,
        "placeTaken": "Bremerhaven",
        "takenAt": 1373205000,
        "copyright": "Peter Zimmermann",
        "description": null,
        "asset": {
            "id": 159181,
            "type": "Cargo",
            "name": "GERD MAERSK"
        },
        "rating": {
            "voteAverage": 4.5,
            "voteCounter": 2
        },
        "url": "https://images.marinetraffic.com/collection/1290498.webp?size=800"
    },
    {
        "photoId": 1287620,
        "placeTaken": "Wittenbergen River Elbe",
        "takenAt": 1373392020,
        "copyright": "Holger Karp",
        "description": null,
        "asset": {
            "id": 159181,
            "type": "Cargo",
            "name": "GERD MAERSK"
        },
        "rating": {
            "voteAverage": 4,
            "voteCounter": 1
        },
        "url": "https://images.marinetraffic.com/collection/1287620.webp?size=800"
    },
    {
        "photoId": 1286499,
        "placeTaken": "Elbe bei Wedel / Schulau",
        "takenAt": 1373302860,
        "copyright": "Dieter Napiwotzki",
        "description": "einlaufend Hamburg vor Schulau",
        "asset": {
            "id": 159181,
            "type": "Cargo",
            "name": "GERD MAERSK"
        },
        "rating": {
            "voteAverage": 3,
            "voteCounter": 1
        },
        "url": "https://images.marinetraffic.com/collection/1286499.webp?size=800"
    },
    {
        "photoId": 1175443,
        "placeTaken": "Bremerhaven",
        "takenAt": 1188950400,
        "copyright": "Helmut Seger",
        "description": null,
        "asset": {
            "id": 159181,
            "type": "Cargo",
            "name": "GERD MAERSK"
        },
        "rating": {
            "voteAverage": 5,
            "voteCounter": 1
        },
        "url": "https://images.marinetraffic.com/collection/1175443.webp?size=800"
    },
    {
        "photoId": 1100297,
        "placeTaken": "Busan New Port, Rep. of Korea",
        "takenAt": 1357738680,
        "copyright": "V. Tonic",
        "description": null,
        "asset": {
            "id": 159181,
            "type": "Cargo",
            "name": "GERD MAERSK"
        },
        "rating": {
            "voteAverage": 5,
            "voteCounter": 1
        },
        "url": "https://images.marinetraffic.com/collection/1100297.webp?size=800"
    },
    {
        "photoId": 1100296,
        "placeTaken": "Busan New Port, Rep. of Korea",
        "takenAt": 1357738620,
        "copyright": "V. Tonic",
        "description": null,
        "asset": {
            "id": 159181,
            "type": "Cargo",
            "name": "GERD MAERSK"
        },
        "rating": {
            "voteAverage": 0,
            "voteCounter": 0
        },
        "url": "https://images.marinetraffic.com/collection/1100296.webp?size=800"
    },
    {
        "photoId": 1100293,
        "placeTaken": "Busan New Port, Rep. of Korea",
        "takenAt": 1357738440,
        "copyright": "V. Tonic",
        "description": null,
        "asset": {
            "id": 159181,
            "type": "Cargo",
            "name": "GERD MAERSK"
        },
        "rating": {
            "voteAverage": 0,
            "voteCounter": 0
        },
        "url": "https://images.marinetraffic.com/collection/1100293.webp?size=800"
    },
    {
        "photoId": 1100292,
        "placeTaken": "Busan New Port, Rep. of Korea",
        "takenAt": 1357738320,
        "copyright": "V. Tonic",
        "description": null,
        "asset": {
            "id": 159181,
            "type": "Cargo",
            "name": "GERD MAERSK"
        },
        "rating": {
            "voteAverage": 0,
            "voteCounter": 0
        },
        "url": "https://images.marinetraffic.com/collection/1100292.webp?size=800"
    },
    {
        "photoId": 1100291,
        "placeTaken": "Busan New Port, Rep. of Korea",
        "takenAt": 1357738140,
        "copyright": "V. Tonic",
        "description": null,
        "asset": {
            "id": 159181,
            "type": "Cargo",
            "name": "GERD MAERSK"
        },
        "rating": {
            "voteAverage": 0,
            "voteCounter": 0
        },
        "url": "https://images.marinetraffic.com/collection/1100291.webp?size=800"
    },
    {
        "photoId": 1030479,
        "placeTaken": "Hamburg",
        "takenAt": 1353941760,
        "copyright": "citrone",
        "description": null,
        "asset": {
            "id": 159181,
            "type": "Cargo",
            "name": "GERD MAERSK"
        },
        "rating": {
            "voteAverage": 5,
            "voteCounter": 1
        },
        "url": "https://images.marinetraffic.com/collection/1030479.webp?size=800"
    },
    {
        "photoId": 1030470,
        "placeTaken": "Hamburg",
        "takenAt": 1353941520,
        "copyright": "citrone",
        "description": null,
        "asset": {
            "id": 159181,
            "type": "Cargo",
            "name": "GERD MAERSK"
        },
        "rating": {
            "voteAverage": 0,
            "voteCounter": 0
        },
        "url": "https://images.marinetraffic.com/collection/1030470.webp?size=800"
    }
]