[
    {
        "photoId": 3894304,
        "placeTaken": null,
        "takenAt": 1568659980,
        "copyright": "Philippe Guichot",
        "description": null,
        "asset": {
            "id": 159365,
            "type": "Cargo",
            "name": "EVELYN MAERSK"
        },
        "rating": {
            "voteAverage": 0,
            "voteCounter": 0
        },
        "url": "https://images.marinetraffic.com/collection/3894304.webp?size=800"
    },
    {
        "photoId": 3876419,
        "placeTaken": null,
        "takenAt": 1305441720,
        "copyright": "Philippe Guichot",
        "description": null,
        "asset": {
            "id": 159365,
            "type": "Cargo",
            "name": "EVELYN MAERSK"
        },
        "rating": {
            "voteAverage": 0,
            "voteCounter": 0
        },
        "url": "https://images.marinetraffic.com/collection/3876419.webp?size=800"
    },
    {
        "photoId": 3864113,
        "placeTaken": "Panoramaweg Breskens",
        "takenAt": 1588693680,
        "copyright": "W.J.M. Uytterhoeven",
        "description": "Destination Thames",
        "asset": {
            "id": 159365,
            "type": "Cargo",
            "name": "EVELYN MAERSK"
        },
        "rating": {
            "voteAverage": 0,
            "voteCounter": 0
        },
        "url": "https://images.marinetraffic.com/collection/3864113.webp?size=800"
    },
    {
        "photoId": 3864112,
        "placeTaken": "Panoramaweg Breskens",
        "takenAt": 1588694460,
        "copyright": "W.J.M. Uytterhoeven",
        "description": "Bestemming Thames",
        "asset": {
            "id": 159365,
            "type": "Cargo",
            "name": "EVELYN MAERSK"
        },
        "rating": {
            "voteAverage": 0,
            "voteCounter": 0
        },
        "url": "https://images.marinetraffic.com/collection/3864112.webp?size=800"
    },
    {
        "photoId": 3858444,
        "placeTaken": "Hamburg",
        "takenAt": 1588223880,
        "copyright": "Ritter Ramon",
        "description": null,
        "asset": {
            "id": 159365,
            "type": "Cargo",
            "name": "EVELYN MAERSK"
        },
        "rating": {
            "voteAverage": 5,
            "voteCounter": 1
        },
        "url": "https://images.marinetraffic.com/collection/3858444.webp?size=800"
    },
    {
        "photoId": 3857334,
        "placeTaken": "Hamburg- Wittenbergen",
        "takenAt": 1588149720,
        "copyright": "Hartmut Brockmueller",
        "description": null,
        "asset": {
            "id": 159365,
            "type": "Cargo",
            "name": "EVELYN MAERSK"
        },
        "rating": {
            "voteAverage": 5,
            "voteCounter": 11
        },
        "url": "https://images.marinetraffic.com/collection/3857334.webp?size=800"
    },
    {
        "photoId": 3857332,
        "placeTaken": "Hamburg- Wittenbergen",
        "takenAt": 1588149720,
        "copyright": "Hartmut Brockmueller",
        "description": null,
        "asset": {
            "id": 159365,
            "type": "Cargo",
            "name": "EVELYN MAERSK"
        },
        "rating": {
            "voteAverage": 5,
            "voteCounter": 8
        },
        "url": "https://images.marinetraffic.com/collection/3857332.webp?size=800"
    },
    {
        "photoId": 3857331,
        "placeTaken": "Hamburg- Wittenbergen",
        "takenAt": 1588150020,
        "copyright": "Hartmut Brockmueller",
        "description": null,
        "asset": {
            "id": 159365,
            "type": "Cargo",
            "name": "EVELYN MAERSK"
        },
        "rating": {
            "voteAverage": 5,
            "voteCounter": 6
        },
        "url": "https://images.marinetraffic.com/collection/3857331.webp?size=800"
    },
    {
        "photoId": 3781328,
        "placeTaken": "Genova Voltri",
        "takenAt": 1581348300,
        "copyright": "Andrea Ferrando",
        "description": "EVELYN MAERSK appena uscita dal VTE. E in direzione di FOS SUR MER.",
        "asset": {
            "id": 159365,
            "type": "Cargo",
            "name": "EVELYN MAERSK"
        },
        "rating": {
            "voteAverage": 5,
            "voteCounter": 1
        },
        "url": "https://images.marinetraffic.com/collection/3781328.webp?size=800"
    },
    {
        "photoId": 3779081,
        "placeTaken": "Genova Voltri",
        "takenAt": 1581157440,
        "copyright": "Andrea Ferrando",
        "description": "EVELYN MAERSK sta per entrare nel VTE. E la prima volta che scala il VTE. Lavora sul servizio AM1. Proviene da La Spezia.",
        "asset": {
            "id": 159365,
            "type": "Cargo",
            "name": "EVELYN MAERSK"
        },
        "rating": {
            "voteAverage": 5,
            "voteCounter": 2
        },
        "url": "https://images.marinetraffic.com/collection/3779081.webp?size=800"
    },
    {
        "photoId": 3696485,
        "placeTaken": null,
        "takenAt": 1568660340,
        "copyright": "Philippe Guichot",
        "description": null,
        "asset": {
            "id": 159365,
            "type": "Cargo",
            "name": "EVELYN MAERSK"
        },
        "rating": {
            "voteAverage": 0,
            "voteCounter": 0
        },
        "url": "https://images.marinetraffic.com/collection/3696485.webp?size=800"
    },
    {
        "photoId": 3696483,
        "placeTaken": null,
        "takenAt": 1568660100,
        "copyright": "Philippe Guichot",
        "description": null,
        "asset": {
            "id": 159365,
            "type": "Cargo",
            "name": "EVELYN MAERSK"
        },
        "rating": {
            "voteAverage": 0,
            "voteCounter": 0
        },
        "url": "https://images.marinetraffic.com/collection/3696483.webp?size=800"
    },
    {
        "photoId": 3696482,
        "placeTaken": null,
        "takenAt": 1568659800,
        "copyright": "Philippe Guichot",
        "description": null,
        "asset": {
            "id": 159365,
            "type": "Cargo",
            "name": "EVELYN MAERSK"
        },
        "rating": {
            "voteAverage": 0,
            "voteCounter": 0
        },
        "url": "https://images.marinetraffic.com/collection/3696482.webp?size=800"
    },
    {
        "photoId": 3664514,
        "placeTaken": null,
        "takenAt": 1305441660,
        "copyright": "Philippe Guichot",
        "description": null,
        "asset": {
            "id": 159365,
            "type": "Cargo",
            "name": "EVELYN MAERSK"
        },
        "rating": {
            "voteAverage": 0,
            "voteCounter": 0
        },
        "url": "https://images.marinetraffic.com/collection/3664514.webp?size=800"
    },
    {
        "photoId": 3664513,
        "placeTaken": null,
        "takenAt": 1305441840,
        "copyright": "Philippe Guichot",
        "description": null,
        "asset": {
            "id": 159365,
            "type": "Cargo",
            "name": "EVELYN MAERSK"
        },
        "rating": {
            "voteAverage": 0,
            "voteCounter": 0
        },
        "url": "https://images.marinetraffic.com/collection/3664513.webp?size=800"
    },
    {
        "photoId": 3651345,
        "placeTaken": "Cuxhaven",
        "takenAt": 1560954060,
        "copyright": "Maik Richter",
        "description": null,
        "asset": {
            "id": 159365,
            "type": "Cargo",
            "name": "EVELYN MAERSK"
        },
        "rating": {
            "voteAverage": 5,
            "voteCounter": 1
        },
        "url": "https://images.marinetraffic.com/collection/3651345.webp?size=800"
    },
    {
        "photoId": 3651343,
        "placeTaken": "Cuxhaven",
        "takenAt": 1560953520,
        "copyright": "Maik Richter",
        "description": null,
        "asset": {
            "id": 159365,
            "type": "Cargo",
            "name": "EVELYN MAERSK"
        },
        "rating": {
            "voteAverage": 5,
            "voteCounter": 1
        },
        "url": "https://images.marinetraffic.com/collection/3651343.webp?size=800"
    },
    {
        "photoId": 3560708,
        "placeTaken": "Terneuzen Margarethapolder",
        "takenAt": 1561282500,
        "copyright": "Alex Van Herrewege",
        "description": null,
        "asset": {
            "id": 159365,
            "type": "Cargo",
            "name": "EVELYN MAERSK"
        },
        "rating": {
            "voteAverage": 0,
            "voteCounter": 0
        },
        "url": "https://images.marinetraffic.com/collection/3560708.webp?size=800"
    },
    {
        "photoId": 3560706,
        "placeTaken": "Terneuzen Margarethapolder",
        "takenAt": 1561282440,
        "copyright": "Alex Van Herrewege",
        "description": null,
        "asset": {
            "id": 159365,
            "type": "Cargo",
            "name": "EVELYN MAERSK"
        },
        "rating": {
            "voteAverage": 0,
            "voteCounter": 0
        },
        "url": "https://images.marinetraffic.com/collection/3560706.webp?size=800"
    },
    {
        "photoId": 3560704,
        "placeTaken": "Terneuzen Margarethapolder",
        "takenAt": 1561282320,
        "copyright": "Alex Van Herrewege",
        "description": null,
        "asset": {
            "id": 159365,
            "type": "Cargo",
            "name": "EVELYN MAERSK"
        },
        "rating": {
            "voteAverage": 5,
            "voteCounter": 1
        },
        "url": "https://images.marinetraffic.com/collection/3560704.webp?size=800"
    }
]