[
    {
        "photoId": 2318291,
        "placeTaken": "Port of Aarhus, Denmark",
        "takenAt": 1463090040,
        "copyright": "Allan J. Kortsen",
        "description": "www.skyaviator.dk",
        "asset": {
            "id": 159365,
            "type": "Cargo",
            "name": "EVELYN MAERSK"
        },
        "rating": {
            "voteAverage": 5,
            "voteCounter": 1
        },
        "url": "https://images.marinetraffic.com/collection/2318291.webp?size=800"
    },
    {
        "photoId": 2310514,
        "placeTaken": "Deurganckdok-Doel Antwerpen-Belgium",
        "takenAt": 1462464840,
        "copyright": "Luc van Haute",
        "description": "lens 24-2000mm.",
        "asset": {
            "id": 159365,
            "type": "Cargo",
            "name": "EVELYN MAERSK"
        },
        "rating": {
            "voteAverage": 5,
            "voteCounter": 1
        },
        "url": "https://images.marinetraffic.com/collection/2310514.webp?size=800"
    },
    {
        "photoId": 2310002,
        "placeTaken": "Ossenisse/ Terneuzen",
        "takenAt": 1462451220,
        "copyright": "Daniella De Bree",
        "description": null,
        "asset": {
            "id": 159365,
            "type": "Cargo",
            "name": "EVELYN MAERSK"
        },
        "rating": {
            "voteAverage": 0,
            "voteCounter": 0
        },
        "url": "https://images.marinetraffic.com/collection/2310002.webp?size=800"
    },
    {
        "photoId": 2232404,
        "placeTaken": "Port of Aarhus, Denmark",
        "takenAt": 1455815460,
        "copyright": "Allan J. Kortsen",
        "description": "Aarhus Havn, Danmark. www.skyaviator.dk",
        "asset": {
            "id": 159365,
            "type": "Cargo",
            "name": "EVELYN MAERSK"
        },
        "rating": {
            "voteAverage": 5,
            "voteCounter": 2
        },
        "url": "https://images.marinetraffic.com/collection/2232404.webp?size=800"
    },
    {
        "photoId": 2229149,
        "placeTaken": "Bremerhaven",
        "takenAt": 1455546480,
        "copyright": "Rolf Bridde",
        "description": null,
        "asset": {
            "id": 159365,
            "type": "Cargo",
            "name": "EVELYN MAERSK"
        },
        "rating": {
            "voteAverage": 0,
            "voteCounter": 0
        },
        "url": "https://images.marinetraffic.com/collection/2229149.webp?size=800"
    },
    {
        "photoId": 2201947,
        "placeTaken": "Busan New Port, Rep. of Korea",
        "takenAt": 1420985160,
        "copyright": "V. Tonic",
        "description": "At Busan New Port, PNC terminal.",
        "asset": {
            "id": 159365,
            "type": "Cargo",
            "name": "EVELYN MAERSK"
        },
        "rating": {
            "voteAverage": 5,
            "voteCounter": 1
        },
        "url": "https://images.marinetraffic.com/collection/2201947.webp?size=800"
    },
    {
        "photoId": 2201946,
        "placeTaken": "Busan New Port, Rep. of Korea",
        "takenAt": 1420982820,
        "copyright": "V. Tonic",
        "description": "At Busan New Port, PNC terminal.",
        "asset": {
            "id": 159365,
            "type": "Cargo",
            "name": "EVELYN MAERSK"
        },
        "rating": {
            "voteAverage": 5,
            "voteCounter": 1
        },
        "url": "https://images.marinetraffic.com/collection/2201946.webp?size=800"
    },
    {
        "photoId": 2162034,
        "placeTaken": "Southampton Docks",
        "takenAt": 1447846080,
        "copyright": "Les Rickman",
        "description": null,
        "asset": {
            "id": 159365,
            "type": "Cargo",
            "name": "EVELYN MAERSK"
        },
        "rating": {
            "voteAverage": 5,
            "voteCounter": 1
        },
        "url": "https://images.marinetraffic.com/collection/2162034.webp?size=800"
    },
    {
        "photoId": 2092198,
        "placeTaken": "Hansweert",
        "takenAt": 1441373160,
        "copyright": "James Duffy",
        "description": null,
        "asset": {
            "id": 159365,
            "type": "Cargo",
            "name": "EVELYN MAERSK"
        },
        "rating": {
            "voteAverage": 4.5,
            "voteCounter": 2
        },
        "url": "https://images.marinetraffic.com/collection/2092198.webp?size=800"
    },
    {
        "photoId": 2088138,
        "placeTaken": "Elbe Hamburg",
        "takenAt": 1440957780,
        "copyright": "rannug",
        "description": "Evelyn Maersk  Elbe Hamburg",
        "asset": {
            "id": 159365,
            "type": "Cargo",
            "name": "EVELYN MAERSK"
        },
        "rating": {
            "voteAverage": 5,
            "voteCounter": 1
        },
        "url": "https://images.marinetraffic.com/collection/2088138.webp?size=800"
    },
    {
        "photoId": 2085647,
        "placeTaken": "Deurganck Dock",
        "takenAt": 1441552500,
        "copyright": "Frank Goor",
        "description": "Evelyn Maersk at Deurganck Dock",
        "asset": {
            "id": 159365,
            "type": "Cargo",
            "name": "EVELYN MAERSK"
        },
        "rating": {
            "voteAverage": 0,
            "voteCounter": 0
        },
        "url": "https://images.marinetraffic.com/collection/2085647.webp?size=800"
    },
    {
        "photoId": 2083357,
        "placeTaken": "Hamburg, Predhlkai Eurogate",
        "takenAt": 1441032120,
        "copyright": "Jurgen Lorenz",
        "description": null,
        "asset": {
            "id": 159365,
            "type": "Cargo",
            "name": "EVELYN MAERSK"
        },
        "rating": {
            "voteAverage": 5,
            "voteCounter": 1
        },
        "url": "https://images.marinetraffic.com/collection/2083357.webp?size=800"
    },
    {
        "photoId": 2078294,
        "placeTaken": "Busan New Port, Rep. of Korea",
        "takenAt": 1414572600,
        "copyright": "V. Tonic",
        "description": "Departing Busan New Port.",
        "asset": {
            "id": 159365,
            "type": "Cargo",
            "name": "EVELYN MAERSK"
        },
        "rating": {
            "voteAverage": 5,
            "voteCounter": 1
        },
        "url": "https://images.marinetraffic.com/collection/2078294.webp?size=800"
    },
    {
        "photoId": 2078293,
        "placeTaken": "Busan New Port, Rep. of Korea",
        "takenAt": 1414572420,
        "copyright": "V. Tonic",
        "description": "Departing Busan New Port.",
        "asset": {
            "id": 159365,
            "type": "Cargo",
            "name": "EVELYN MAERSK"
        },
        "rating": {
            "voteAverage": 5,
            "voteCounter": 1
        },
        "url": "https://images.marinetraffic.com/collection/2078293.webp?size=800"
    },
    {
        "photoId": 2078292,
        "placeTaken": "Busan New Port, Rep. of Korea",
        "takenAt": 1414572240,
        "copyright": "V. Tonic",
        "description": "Departing Busan New Port.",
        "asset": {
            "id": 159365,
            "type": "Cargo",
            "name": "EVELYN MAERSK"
        },
        "rating": {
            "voteAverage": 0,
            "voteCounter": 0
        },
        "url": "https://images.marinetraffic.com/collection/2078292.webp?size=800"
    },
    {
        "photoId": 2077021,
        "placeTaken": "Cuxhaven",
        "takenAt": 1440942000,
        "copyright": "Christian Schmarje",
        "description": null,
        "asset": {
            "id": 159365,
            "type": "Cargo",
            "name": "EVELYN MAERSK"
        },
        "rating": {
            "voteAverage": 5,
            "voteCounter": 11
        },
        "url": "https://images.marinetraffic.com/collection/2077021.webp?size=800"
    },
    {
        "photoId": 2077018,
        "placeTaken": "Cuxhaven",
        "takenAt": 1440941940,
        "copyright": "Christian Schmarje",
        "description": null,
        "asset": {
            "id": 159365,
            "type": "Cargo",
            "name": "EVELYN MAERSK"
        },
        "rating": {
            "voteAverage": 5,
            "voteCounter": 6
        },
        "url": "https://images.marinetraffic.com/collection/2077018.webp?size=800"
    },
    {
        "photoId": 2001077,
        "placeTaken": "Stadersand",
        "takenAt": 1434390600,
        "copyright": "Mario Gressler",
        "description": null,
        "asset": {
            "id": 159365,
            "type": "Cargo",
            "name": "EVELYN MAERSK"
        },
        "rating": {
            "voteAverage": 5,
            "voteCounter": 1
        },
        "url": "https://images.marinetraffic.com/collection/2001077.webp?size=800"
    },
    {
        "photoId": 2000120,
        "placeTaken": "Stadersand",
        "takenAt": 1434390120,
        "copyright": "Mario Gressler",
        "description": null,
        "asset": {
            "id": 159365,
            "type": "Cargo",
            "name": "EVELYN MAERSK"
        },
        "rating": {
            "voteAverage": 5,
            "voteCounter": 2
        },
        "url": "https://images.marinetraffic.com/collection/2000120.webp?size=800"
    },
    {
        "photoId": 1996411,
        "placeTaken": "Hamburg",
        "takenAt": 1434277020,
        "copyright": "rannug",
        "description": "Evelyn Maersk  hamburg",
        "asset": {
            "id": 159365,
            "type": "Cargo",
            "name": "EVELYN MAERSK"
        },
        "rating": {
            "voteAverage": 0,
            "voteCounter": 0
        },
        "url": "https://images.marinetraffic.com/collection/1996411.webp?size=800"
    }
]