[
    {
        "photoId": 4548576,
        "placeTaken": null,
        "takenAt": 1642442280,
        "copyright": "Ashley Langdon",
        "description": null,
        "asset": {
            "id": 158126,
            "type": "Cargo",
            "name": "MANITOULIN"
        },
        "rating": {
            "voteAverage": 0,
            "voteCounter": 0
        },
        "url": "https://images.marinetraffic.com/collection/4548576.webp?size=800"
    },
    {
        "photoId": 4548575,
        "placeTaken": null,
        "takenAt": 1642443960,
        "copyright": "Ashley Langdon",
        "description": null,
        "asset": {
            "id": 158126,
            "type": "Cargo",
            "name": "MANITOULIN"
        },
        "rating": {
            "voteAverage": 0,
            "voteCounter": 0
        },
        "url": "https://images.marinetraffic.com/collection/4548575.webp?size=800"
    },
    {
        "photoId": 4548574,
        "placeTaken": null,
        "takenAt": 1642444020,
        "copyright": "Ashley Langdon",
        "description": null,
        "asset": {
            "id": 158126,
            "type": "Cargo",
            "name": "MANITOULIN"
        },
        "rating": {
            "voteAverage": 0,
            "voteCounter": 0
        },
        "url": "https://images.marinetraffic.com/collection/4548574.webp?size=800"
    },
    {
        "photoId": 4548573,
        "placeTaken": null,
        "takenAt": 1642444080,
        "copyright": "Ashley Langdon",
        "description": null,
        "asset": {
            "id": 158126,
            "type": "Cargo",
            "name": "MANITOULIN"
        },
        "rating": {
            "voteAverage": 5,
            "voteCounter": 1
        },
        "url": "https://images.marinetraffic.com/collection/4548573.webp?size=800"
    },
    {
        "photoId": 4547846,
        "placeTaken": "Goderich, ON, Canada",
        "takenAt": 1642347300,
        "copyright": "Ryan Bose",
        "description": null,
        "asset": {
            "id": 158126,
            "type": "Cargo",
            "name": "MANITOULIN"
        },
        "rating": {
            "voteAverage": 0,
            "voteCounter": 0
        },
        "url": "https://images.marinetraffic.com/collection/4547846.webp?size=800"
    },
    {
        "photoId": 4547845,
        "placeTaken": "Goderich, ON, Canada",
        "takenAt": 1642346940,
        "copyright": "Ryan Bose",
        "description": null,
        "asset": {
            "id": 158126,
            "type": "Cargo",
            "name": "MANITOULIN"
        },
        "rating": {
            "voteAverage": 0,
            "voteCounter": 0
        },
        "url": "https://images.marinetraffic.com/collection/4547845.webp?size=800"
    },
    {
        "photoId": 4515616,
        "placeTaken": "Grand Haven, Michigan ",
        "takenAt": 1626897780,
        "copyright": "Matthew Uthe",
        "description": null,
        "asset": {
            "id": 158126,
            "type": "Cargo",
            "name": "MANITOULIN"
        },
        "rating": {
            "voteAverage": 0,
            "voteCounter": 0
        },
        "url": "https://images.marinetraffic.com/collection/4515616.webp?size=800"
    },
    {
        "photoId": 4492112,
        "placeTaken": "Grand Haven, Michigan ",
        "takenAt": 1626868560,
        "copyright": "Matthew Uthe",
        "description": null,
        "asset": {
            "id": 158126,
            "type": "Cargo",
            "name": "MANITOULIN"
        },
        "rating": {
            "voteAverage": 5,
            "voteCounter": 1
        },
        "url": "https://images.marinetraffic.com/collection/4492112.webp?size=800"
    },
    {
        "photoId": 4475651,
        "placeTaken": "Detroit River",
        "takenAt": 1635758460,
        "copyright": "Mark Hewer",
        "description": null,
        "asset": {
            "id": 158126,
            "type": "Cargo",
            "name": "MANITOULIN"
        },
        "rating": {
            "voteAverage": 0,
            "voteCounter": 0
        },
        "url": "https://images.marinetraffic.com/collection/4475651.webp?size=800"
    },
    {
        "photoId": 4446997,
        "placeTaken": "Grand Haven, Michigan",
        "takenAt": 1626868620,
        "copyright": "Matthew Uthe",
        "description": null,
        "asset": {
            "id": 158126,
            "type": "Cargo",
            "name": "MANITOULIN"
        },
        "rating": {
            "voteAverage": 0,
            "voteCounter": 0
        },
        "url": "https://images.marinetraffic.com/collection/4446997.webp?size=800"
    },
    {
        "photoId": 4399665,
        "placeTaken": "Hamilton Harbour, Hamilton, Ontario, Canada",
        "takenAt": 1629816180,
        "copyright": "John Heron",
        "description": "Hamilton Harbour, Pier 25",
        "asset": {
            "id": 158126,
            "type": "Cargo",
            "name": "MANITOULIN"
        },
        "rating": {
            "voteAverage": 0,
            "voteCounter": 0
        },
        "url": "https://images.marinetraffic.com/collection/4399665.webp?size=800"
    },
    {
        "photoId": 4374235,
        "placeTaken": "St. Clair River",
        "takenAt": 1627928700,
        "copyright": "Karen Andric",
        "description": null,
        "asset": {
            "id": 158126,
            "type": "Cargo",
            "name": "MANITOULIN"
        },
        "rating": {
            "voteAverage": 0,
            "voteCounter": 0
        },
        "url": "https://images.marinetraffic.com/collection/4374235.webp?size=800"
    },
    {
        "photoId": 4369283,
        "placeTaken": "St. Catharines, Ontario, Canada",
        "takenAt": 1624036020,
        "copyright": "Russ Milland",
        "description": "Downbound in the Welland Canal between Locks 3 and 2",
        "asset": {
            "id": 158126,
            "type": "Cargo",
            "name": "MANITOULIN"
        },
        "rating": {
            "voteAverage": 0,
            "voteCounter": 0
        },
        "url": "https://images.marinetraffic.com/collection/4369283.webp?size=800"
    },
    {
        "photoId": 4369282,
        "placeTaken": "St. Catharines, Ontario, Canada",
        "takenAt": 1624035660,
        "copyright": "Russ Milland",
        "description": "Downbound in the Welland Canal between Locks 3 and 2",
        "asset": {
            "id": 158126,
            "type": "Cargo",
            "name": "MANITOULIN"
        },
        "rating": {
            "voteAverage": 0,
            "voteCounter": 0
        },
        "url": "https://images.marinetraffic.com/collection/4369282.webp?size=800"
    },
    {
        "photoId": 4369281,
        "placeTaken": "St. Catharines, Ontario, Canada",
        "takenAt": 1624035540,
        "copyright": "Russ Milland",
        "description": "Downbound in the Welland Canal between Locks 3 and 2",
        "asset": {
            "id": 158126,
            "type": "Cargo",
            "name": "MANITOULIN"
        },
        "rating": {
            "voteAverage": 0,
            "voteCounter": 0
        },
        "url": "https://images.marinetraffic.com/collection/4369281.webp?size=800"
    },
    {
        "photoId": 4369279,
        "placeTaken": "St. Catharines, Ontario, Canada",
        "takenAt": 1624035240,
        "copyright": "Russ Milland",
        "description": "Downbound in the Welland Canal between Locks 3 and 2",
        "asset": {
            "id": 158126,
            "type": "Cargo",
            "name": "MANITOULIN"
        },
        "rating": {
            "voteAverage": 0,
            "voteCounter": 0
        },
        "url": "https://images.marinetraffic.com/collection/4369279.webp?size=800"
    },
    {
        "photoId": 4320094,
        "placeTaken": "Iroquois lock",
        "takenAt": 1624541100,
        "copyright": "brian stanley",
        "description": "downbound st lawrence river",
        "asset": {
            "id": 158126,
            "type": "Cargo",
            "name": "MANITOULIN"
        },
        "rating": {
            "voteAverage": 5,
            "voteCounter": 1
        },
        "url": "https://images.marinetraffic.com/collection/4320094.webp?size=800"
    },
    {
        "photoId": 4276021,
        "placeTaken": "Port Huron",
        "takenAt": 1600951380,
        "copyright": "Igor Pitirimov",
        "description": null,
        "asset": {
            "id": 158126,
            "type": "Cargo",
            "name": "MANITOULIN"
        },
        "rating": {
            "voteAverage": 0,
            "voteCounter": 0
        },
        "url": "https://images.marinetraffic.com/collection/4276021.webp?size=800"
    },
    {
        "photoId": 4240124,
        "placeTaken": "Calumet River",
        "takenAt": 1618993620,
        "copyright": "Vincent  Hix",
        "description": null,
        "asset": {
            "id": 158126,
            "type": "Cargo",
            "name": "MANITOULIN"
        },
        "rating": {
            "voteAverage": 0,
            "voteCounter": 0
        },
        "url": "https://images.marinetraffic.com/collection/4240124.webp?size=800"
    },
    {
        "photoId": 4187037,
        "placeTaken": "Point Edward, Ontario CANADA",
        "takenAt": 1614777960,
        "copyright": "Kevin Majewski",
        "description": "Manitoulin moored in the North slip at Point Edward, Ontario CANADA.",
        "asset": {
            "id": 158126,
            "type": "Cargo",
            "name": "MANITOULIN"
        },
        "rating": {
            "voteAverage": 5,
            "voteCounter": 26
        },
        "url": "https://images.marinetraffic.com/collection/4187037.webp?size=800"
    }
]