[
    {
        "photoId": 3879307,
        "placeTaken": "Sault Sainte Marie, Mi -St. Marys River",
        "takenAt": 1589895780,
        "copyright": "Peter L Smith",
        "description": null,
        "asset": {
            "id": 158126,
            "type": "Cargo",
            "name": "MANITOULIN"
        },
        "rating": {
            "voteAverage": 0,
            "voteCounter": 0
        },
        "url": "https://images.marinetraffic.com/collection/3879307.webp?size=800"
    },
    {
        "photoId": 3848211,
        "placeTaken": "Sarnia, Ontario CANADA",
        "takenAt": 1456583580,
        "copyright": "Kevin Majewski",
        "description": "Manitoulin in winter lay-up at Sarnia, Ontario on February 27, 2016.",
        "asset": {
            "id": 158126,
            "type": "Cargo",
            "name": "MANITOULIN"
        },
        "rating": {
            "voteAverage": 5,
            "voteCounter": 6
        },
        "url": "https://images.marinetraffic.com/collection/3848211.webp?size=800"
    },
    {
        "photoId": 3847490,
        "placeTaken": null,
        "takenAt": 1586708760,
        "copyright": "Holden Law",
        "description": "Instagram  holdenphilliplaw Twitter  holdenlawphoto ",
        "asset": {
            "id": 158126,
            "type": "Cargo",
            "name": "MANITOULIN"
        },
        "rating": {
            "voteAverage": 0,
            "voteCounter": 0
        },
        "url": "https://images.marinetraffic.com/collection/3847490.webp?size=800"
    },
    {
        "photoId": 3847489,
        "placeTaken": null,
        "takenAt": 1586708760,
        "copyright": "Holden Law",
        "description": "Instagram  holdenphilliplaw Twitter  holdenlawphoto ",
        "asset": {
            "id": 158126,
            "type": "Cargo",
            "name": "MANITOULIN"
        },
        "rating": {
            "voteAverage": 0,
            "voteCounter": 0
        },
        "url": "https://images.marinetraffic.com/collection/3847489.webp?size=800"
    },
    {
        "photoId": 3847488,
        "placeTaken": null,
        "takenAt": 1586708760,
        "copyright": "Holden Law",
        "description": "Instagram  holdenphilliplaw Twitter  holdenlawphoto ",
        "asset": {
            "id": 158126,
            "type": "Cargo",
            "name": "MANITOULIN"
        },
        "rating": {
            "voteAverage": 0,
            "voteCounter": 0
        },
        "url": "https://images.marinetraffic.com/collection/3847488.webp?size=800"
    },
    {
        "photoId": 3847486,
        "placeTaken": null,
        "takenAt": 1586708760,
        "copyright": "Holden Law",
        "description": "Instagram  holdenphilliplaw Twitter  holdenlawphoto ",
        "asset": {
            "id": 158126,
            "type": "Cargo",
            "name": "MANITOULIN"
        },
        "rating": {
            "voteAverage": 5,
            "voteCounter": 1
        },
        "url": "https://images.marinetraffic.com/collection/3847486.webp?size=800"
    },
    {
        "photoId": 3843750,
        "placeTaken": null,
        "takenAt": 1576407900,
        "copyright": "Aidan Vogt",
        "description": null,
        "asset": {
            "id": 158126,
            "type": "Cargo",
            "name": "MANITOULIN"
        },
        "rating": {
            "voteAverage": 0,
            "voteCounter": 0
        },
        "url": "https://images.marinetraffic.com/collection/3843750.webp?size=800"
    },
    {
        "photoId": 3791541,
        "placeTaken": "Thunder Bay,  ON Canada",
        "takenAt": 1490353140,
        "copyright": "Dianne Temple",
        "description": null,
        "asset": {
            "id": 158126,
            "type": "Cargo",
            "name": "MANITOULIN"
        },
        "rating": {
            "voteAverage": 5,
            "voteCounter": 79
        },
        "url": "https://images.marinetraffic.com/collection/3791541.webp?size=800"
    },
    {
        "photoId": 3626247,
        "placeTaken": "Goderich Harbour - Compass Minerals Loading Dock",
        "takenAt": 1567419780,
        "copyright": "Ian Cryer",
        "description": null,
        "asset": {
            "id": 158126,
            "type": "Cargo",
            "name": "MANITOULIN"
        },
        "rating": {
            "voteAverage": 0,
            "voteCounter": 0
        },
        "url": "https://images.marinetraffic.com/collection/3626247.webp?size=800"
    },
    {
        "photoId": 3626245,
        "placeTaken": "Lake Huron approaching Goderich Harbour",
        "takenAt": 1567418220,
        "copyright": "Ian Cryer",
        "description": null,
        "asset": {
            "id": 158126,
            "type": "Cargo",
            "name": "MANITOULIN"
        },
        "rating": {
            "voteAverage": 5,
            "voteCounter": 3
        },
        "url": "https://images.marinetraffic.com/collection/3626245.webp?size=800"
    },
    {
        "photoId": 3626244,
        "placeTaken": "Lake Huron approaching Goderich Harbour",
        "takenAt": 1567422480,
        "copyright": "Ian Cryer",
        "description": null,
        "asset": {
            "id": 158126,
            "type": "Cargo",
            "name": "MANITOULIN"
        },
        "rating": {
            "voteAverage": 5,
            "voteCounter": 1
        },
        "url": "https://images.marinetraffic.com/collection/3626244.webp?size=800"
    },
    {
        "photoId": 3626242,
        "placeTaken": "Lake Huron approaching Goderich Harbour",
        "takenAt": 1567421520,
        "copyright": "Ian Cryer",
        "description": null,
        "asset": {
            "id": 158126,
            "type": "Cargo",
            "name": "MANITOULIN"
        },
        "rating": {
            "voteAverage": 0,
            "voteCounter": 0
        },
        "url": "https://images.marinetraffic.com/collection/3626242.webp?size=800"
    },
    {
        "photoId": 3626240,
        "placeTaken": "Lake Huron Off Goderich",
        "takenAt": 1567421460,
        "copyright": "Ian Cryer",
        "description": null,
        "asset": {
            "id": 158126,
            "type": "Cargo",
            "name": "MANITOULIN"
        },
        "rating": {
            "voteAverage": 0,
            "voteCounter": 0
        },
        "url": "https://images.marinetraffic.com/collection/3626240.webp?size=800"
    },
    {
        "photoId": 3611214,
        "placeTaken": "Downbound in the St-Lawrence seaway",
        "takenAt": 1566305400,
        "copyright": "Serge Daoust",
        "description": "Shortly before reaching St-Lambert lock, near Montreal, Qc",
        "asset": {
            "id": 158126,
            "type": "Cargo",
            "name": "MANITOULIN"
        },
        "rating": {
            "voteAverage": 5,
            "voteCounter": 2
        },
        "url": "https://images.marinetraffic.com/collection/3611214.webp?size=800"
    },
    {
        "photoId": 3472081,
        "placeTaken": null,
        "takenAt": 1556965440,
        "copyright": "Olivier Lachance",
        "description": null,
        "asset": {
            "id": 158126,
            "type": "Cargo",
            "name": "MANITOULIN"
        },
        "rating": {
            "voteAverage": 0,
            "voteCounter": 0
        },
        "url": "https://images.marinetraffic.com/collection/3472081.webp?size=800"
    },
    {
        "photoId": 3472080,
        "placeTaken": "Nicolet",
        "takenAt": 1556965320,
        "copyright": "Olivier Lachance",
        "description": null,
        "asset": {
            "id": 158126,
            "type": "Cargo",
            "name": "MANITOULIN"
        },
        "rating": {
            "voteAverage": 0,
            "voteCounter": 0
        },
        "url": "https://images.marinetraffic.com/collection/3472080.webp?size=800"
    },
    {
        "photoId": 3469977,
        "placeTaken": "Duluth, MN",
        "takenAt": 1554213780,
        "copyright": "Nick Johnson",
        "description": "Manitoulin arriving into Duluth, MN",
        "asset": {
            "id": 158126,
            "type": "Cargo",
            "name": "MANITOULIN"
        },
        "rating": {
            "voteAverage": 0,
            "voteCounter": 0
        },
        "url": "https://images.marinetraffic.com/collection/3469977.webp?size=800"
    },
    {
        "photoId": 3465188,
        "placeTaken": "Quebec canada",
        "takenAt": 1556647200,
        "copyright": "marc boucher",
        "description": null,
        "asset": {
            "id": 158126,
            "type": "Cargo",
            "name": "MANITOULIN"
        },
        "rating": {
            "voteAverage": 4,
            "voteCounter": 1
        },
        "url": "https://images.marinetraffic.com/collection/3465188.webp?size=800"
    },
    {
        "photoId": 3428795,
        "placeTaken": null,
        "takenAt": 1532722740,
        "copyright": "Mark Edwards",
        "description": null,
        "asset": {
            "id": 158126,
            "type": "Cargo",
            "name": "MANITOULIN"
        },
        "rating": {
            "voteAverage": 0,
            "voteCounter": 0
        },
        "url": "https://images.marinetraffic.com/collection/3428795.webp?size=800"
    },
    {
        "photoId": 3428794,
        "placeTaken": null,
        "takenAt": 1532722920,
        "copyright": "Mark Edwards",
        "description": null,
        "asset": {
            "id": 158126,
            "type": "Cargo",
            "name": "MANITOULIN"
        },
        "rating": {
            "voteAverage": 0,
            "voteCounter": 0
        },
        "url": "https://images.marinetraffic.com/collection/3428794.webp?size=800"
    }
]