[
    {
        "photoId": 4251463,
        "placeTaken": "Welland Canal, Port Weller, Ontario, Canada",
        "takenAt": 1598889060,
        "copyright": "Shiphotos...by Paul Beesley",
        "description": "G3 Marquis downbound below Lock 2, Welland Canal, Canada.  August 31, 2020",
        "asset": {
            "id": 1249201,
            "type": "Cargo",
            "name": "G3 MARQUIS"
        },
        "rating": {
            "voteAverage": 0,
            "voteCounter": 0
        },
        "url": "https://images.marinetraffic.com/collection/4251463.webp?size=800"
    },
    {
        "photoId": 4251462,
        "placeTaken": "Welland Canal, Port Weller, Ontario, Canada",
        "takenAt": 1598888700,
        "copyright": "Shiphotos...by Paul Beesley",
        "description": "G3 Marquis downbound below Lock 2, Welland Canal, Canada.  August 31, 2020",
        "asset": {
            "id": 1249201,
            "type": "Cargo",
            "name": "G3 MARQUIS"
        },
        "rating": {
            "voteAverage": 0,
            "voteCounter": 0
        },
        "url": "https://images.marinetraffic.com/collection/4251462.webp?size=800"
    },
    {
        "photoId": 4240509,
        "placeTaken": "Port Huron",
        "takenAt": 1619005620,
        "copyright": "Igor Pitirimov",
        "description": null,
        "asset": {
            "id": 1249201,
            "type": "Cargo",
            "name": "G3 MARQUIS"
        },
        "rating": {
            "voteAverage": 0,
            "voteCounter": 0
        },
        "url": "https://images.marinetraffic.com/collection/4240509.webp?size=800"
    },
    {
        "photoId": 4219140,
        "placeTaken": "Detroit River",
        "takenAt": 1617372540,
        "copyright": "Mark Hewer",
        "description": null,
        "asset": {
            "id": 1249201,
            "type": "Cargo",
            "name": "G3 MARQUIS"
        },
        "rating": {
            "voteAverage": 0,
            "voteCounter": 0
        },
        "url": "https://images.marinetraffic.com/collection/4219140.webp?size=800"
    },
    {
        "photoId": 4118710,
        "placeTaken": "Thunder Bay ON  Canada ",
        "takenAt": 1608218040,
        "copyright": "Dianne Temple",
        "description": null,
        "asset": {
            "id": 1249201,
            "type": "Cargo",
            "name": "G3 MARQUIS"
        },
        "rating": {
            "voteAverage": 4.986667,
            "voteCounter": 75
        },
        "url": "https://images.marinetraffic.com/collection/4118710.webp?size=800"
    },
    {
        "photoId": 4021804,
        "placeTaken": null,
        "takenAt": 1599840300,
        "copyright": "D C",
        "description": null,
        "asset": {
            "id": 1249201,
            "type": "Cargo",
            "name": "G3 MARQUIS"
        },
        "rating": {
            "voteAverage": 0,
            "voteCounter": 0
        },
        "url": "https://images.marinetraffic.com/collection/4021804.webp?size=800"
    },
    {
        "photoId": 4020738,
        "placeTaken": "Port Robinson",
        "takenAt": 1599737280,
        "copyright": "Kerry Epple",
        "description": null,
        "asset": {
            "id": 1249201,
            "type": "Cargo",
            "name": "G3 MARQUIS"
        },
        "rating": {
            "voteAverage": 0,
            "voteCounter": 0
        },
        "url": "https://images.marinetraffic.com/collection/4020738.webp?size=800"
    },
    {
        "photoId": 4020737,
        "placeTaken": "Port Robinson",
        "takenAt": 1599737100,
        "copyright": "Kerry Epple",
        "description": "G3 Marquis going through Port Robinson heading towards lock 8 down in Port Colborne",
        "asset": {
            "id": 1249201,
            "type": "Cargo",
            "name": "G3 MARQUIS"
        },
        "rating": {
            "voteAverage": 0,
            "voteCounter": 0
        },
        "url": "https://images.marinetraffic.com/collection/4020737.webp?size=800"
    },
    {
        "photoId": 3979937,
        "placeTaken": "Photo taken from the dock next to the USPS Wescott",
        "takenAt": 1596820080,
        "copyright": "Scott Collins",
        "description": null,
        "asset": {
            "id": 1249201,
            "type": "Cargo",
            "name": "G3 MARQUIS"
        },
        "rating": {
            "voteAverage": 0,
            "voteCounter": 0
        },
        "url": "https://images.marinetraffic.com/collection/3979937.webp?size=800"
    },
    {
        "photoId": 3956332,
        "placeTaken": "BURLINGTON CANAL",
        "takenAt": 1595158500,
        "copyright": "Wayne Wilson",
        "description": null,
        "asset": {
            "id": 1249201,
            "type": "Cargo",
            "name": "G3 MARQUIS"
        },
        "rating": {
            "voteAverage": 0,
            "voteCounter": 0
        },
        "url": "https://images.marinetraffic.com/collection/3956332.webp?size=800"
    },
    {
        "photoId": 3914206,
        "placeTaken": "st. Marys River",
        "takenAt": 1533759960,
        "copyright": "Kody Lucke",
        "description": null,
        "asset": {
            "id": 1249201,
            "type": "Cargo",
            "name": "G3 MARQUIS"
        },
        "rating": {
            "voteAverage": 0,
            "voteCounter": 0
        },
        "url": "https://images.marinetraffic.com/collection/3914206.webp?size=800"
    },
    {
        "photoId": 3875718,
        "placeTaken": "Port Huron, Michigan USA",
        "takenAt": 1559493480,
        "copyright": "Kevin Majewski",
        "description": "G3 Marquis entering the St. Clair river from Lake Huron at Port Huron, Michigan on June 2, 2019.",
        "asset": {
            "id": 1249201,
            "type": "Cargo",
            "name": "G3 MARQUIS"
        },
        "rating": {
            "voteAverage": 5,
            "voteCounter": 20
        },
        "url": "https://images.marinetraffic.com/collection/3875718.webp?size=800"
    },
    {
        "photoId": 3868402,
        "placeTaken": "St. Catharines, Ontario, Canada",
        "takenAt": 1588356840,
        "copyright": "Russ Milland",
        "description": "Upbound in the Welland Canal between Locks 2 and 3",
        "asset": {
            "id": 1249201,
            "type": "Cargo",
            "name": "G3 MARQUIS"
        },
        "rating": {
            "voteAverage": 0,
            "voteCounter": 0
        },
        "url": "https://images.marinetraffic.com/collection/3868402.webp?size=800"
    },
    {
        "photoId": 3868400,
        "placeTaken": "St. Catharines, Ontario, Canada",
        "takenAt": 1588356660,
        "copyright": "Russ Milland",
        "description": "Upbound in the Welland Canal between Locks 2 and 3",
        "asset": {
            "id": 1249201,
            "type": "Cargo",
            "name": "G3 MARQUIS"
        },
        "rating": {
            "voteAverage": 0,
            "voteCounter": 0
        },
        "url": "https://images.marinetraffic.com/collection/3868400.webp?size=800"
    },
    {
        "photoId": 3868398,
        "placeTaken": "St. Catharines, Ontario, Canada",
        "takenAt": 1588356420,
        "copyright": "Russ Milland",
        "description": "Upbound in the Welland Canal between Locks 2 and 3",
        "asset": {
            "id": 1249201,
            "type": "Cargo",
            "name": "G3 MARQUIS"
        },
        "rating": {
            "voteAverage": 0,
            "voteCounter": 0
        },
        "url": "https://images.marinetraffic.com/collection/3868398.webp?size=800"
    },
    {
        "photoId": 3858513,
        "placeTaken": "Hamilton Lift Bridge",
        "takenAt": 1588244460,
        "copyright": "Karen Andric",
        "description": null,
        "asset": {
            "id": 1249201,
            "type": "Cargo",
            "name": "G3 MARQUIS"
        },
        "rating": {
            "voteAverage": 0,
            "voteCounter": 0
        },
        "url": "https://images.marinetraffic.com/collection/3858513.webp?size=800"
    },
    {
        "photoId": 3846847,
        "placeTaken": "St Catharines, Ontario, Canada",
        "takenAt": 1566734160,
        "copyright": "Shiphotos...by Paul Beesley",
        "description": "G3 Marquis upbound above Lock 3, Welland Canal, Canada.  Passing the downbound Industrial Strength.  August 25, 2019",
        "asset": {
            "id": 1249201,
            "type": "Cargo",
            "name": "G3 MARQUIS"
        },
        "rating": {
            "voteAverage": 0,
            "voteCounter": 0
        },
        "url": "https://images.marinetraffic.com/collection/3846847.webp?size=800"
    },
    {
        "photoId": 3839483,
        "placeTaken": "Marysville, MI",
        "takenAt": 1472052420,
        "copyright": "Jeff Poppe",
        "description": null,
        "asset": {
            "id": 1249201,
            "type": "Cargo",
            "name": "G3 MARQUIS"
        },
        "rating": {
            "voteAverage": 5,
            "voteCounter": 1
        },
        "url": "https://images.marinetraffic.com/collection/3839483.webp?size=800"
    },
    {
        "photoId": 3839482,
        "placeTaken": "Marysville, MI",
        "takenAt": 1472052720,
        "copyright": "Jeff Poppe",
        "description": null,
        "asset": {
            "id": 1249201,
            "type": "Cargo",
            "name": "G3 MARQUIS"
        },
        "rating": {
            "voteAverage": 0,
            "voteCounter": 0
        },
        "url": "https://images.marinetraffic.com/collection/3839482.webp?size=800"
    },
    {
        "photoId": 3829013,
        "placeTaken": "Thunder Bay, Ontario Canada",
        "takenAt": 1585479780,
        "copyright": "Dianne Temple",
        "description": null,
        "asset": {
            "id": 1249201,
            "type": "Cargo",
            "name": "G3 MARQUIS"
        },
        "rating": {
            "voteAverage": 5,
            "voteCounter": 79
        },
        "url": "https://images.marinetraffic.com/collection/3829013.webp?size=800"
    }
]