[
    {
        "photoId": 3026725,
        "placeTaken": "Trois-Rivires",
        "takenAt": 1462386000,
        "copyright": "Olivier Lachance",
        "description": null,
        "asset": {
            "id": 1249201,
            "type": "Cargo",
            "name": "G3 MARQUIS"
        },
        "rating": {
            "voteAverage": 0,
            "voteCounter": 0
        },
        "url": "https://images.marinetraffic.com/collection/3026725.webp?size=800"
    },
    {
        "photoId": 2954783,
        "placeTaken": "Lake Superior Thunder Bay Ontario Canada ",
        "takenAt": 1515124560,
        "copyright": "Chris Artist Photography",
        "description": null,
        "asset": {
            "id": 1249201,
            "type": "Cargo",
            "name": "G3 MARQUIS"
        },
        "rating": {
            "voteAverage": 5,
            "voteCounter": 2
        },
        "url": "https://images.marinetraffic.com/collection/2954783.webp?size=800"
    },
    {
        "photoId": 2902453,
        "placeTaken": "St-Lawrence seaway eastbound approaching Champlain",
        "takenAt": 1510054560,
        "copyright": "Serge Daoust",
        "description": null,
        "asset": {
            "id": 1249201,
            "type": "Cargo",
            "name": "G3 MARQUIS"
        },
        "rating": {
            "voteAverage": 5,
            "voteCounter": 1
        },
        "url": "https://images.marinetraffic.com/collection/2902453.webp?size=800"
    },
    {
        "photoId": 2886194,
        "placeTaken": "St. Catharines, Ontario, Canada",
        "takenAt": 1508121240,
        "copyright": "Russ Milland",
        "description": "Upbound in the Welland Canal between Locks 1 and 2",
        "asset": {
            "id": 1249201,
            "type": "Cargo",
            "name": "G3 MARQUIS"
        },
        "rating": {
            "voteAverage": 0,
            "voteCounter": 0
        },
        "url": "https://images.marinetraffic.com/collection/2886194.webp?size=800"
    },
    {
        "photoId": 2886193,
        "placeTaken": "St. Catharines, Ontario, Canada",
        "takenAt": 1508120880,
        "copyright": "Russ Milland",
        "description": "Upbound in the Welland Canal between Locks 1 and 2",
        "asset": {
            "id": 1249201,
            "type": "Cargo",
            "name": "G3 MARQUIS"
        },
        "rating": {
            "voteAverage": 0,
            "voteCounter": 0
        },
        "url": "https://images.marinetraffic.com/collection/2886193.webp?size=800"
    },
    {
        "photoId": 2886192,
        "placeTaken": "St. Catharines, Ontario, Canada",
        "takenAt": 1508120580,
        "copyright": "Russ Milland",
        "description": "Upbound in the Welland Canal between Locks 1 and 2",
        "asset": {
            "id": 1249201,
            "type": "Cargo",
            "name": "G3 MARQUIS"
        },
        "rating": {
            "voteAverage": 5,
            "voteCounter": 1
        },
        "url": "https://images.marinetraffic.com/collection/2886192.webp?size=800"
    },
    {
        "photoId": 2886191,
        "placeTaken": "St. Catharines, Ontario, Canada",
        "takenAt": 1508120400,
        "copyright": "Russ Milland",
        "description": "Upbound in the Welland Canal between Locks 1 and 2",
        "asset": {
            "id": 1249201,
            "type": "Cargo",
            "name": "G3 MARQUIS"
        },
        "rating": {
            "voteAverage": 5,
            "voteCounter": 1
        },
        "url": "https://images.marinetraffic.com/collection/2886191.webp?size=800"
    },
    {
        "photoId": 2755649,
        "placeTaken": null,
        "takenAt": 1499525640,
        "copyright": "Ernie Guinn",
        "description": null,
        "asset": {
            "id": 1249201,
            "type": "Cargo",
            "name": "G3 MARQUIS"
        },
        "rating": {
            "voteAverage": 0,
            "voteCounter": 0
        },
        "url": "https://images.marinetraffic.com/collection/2755649.webp?size=800"
    },
    {
        "photoId": 2733859,
        "placeTaken": "St. Catharines, Ontario, Canada",
        "takenAt": 1498079580,
        "copyright": "Russ Milland",
        "description": "G3 Marquis upbound in the Welland Canal between Locks 1 and 2",
        "asset": {
            "id": 1249201,
            "type": "Cargo",
            "name": "G3 MARQUIS"
        },
        "rating": {
            "voteAverage": 5,
            "voteCounter": 1
        },
        "url": "https://images.marinetraffic.com/collection/2733859.webp?size=800"
    },
    {
        "photoId": 2722977,
        "placeTaken": "Welland Canal - Canada",
        "takenAt": 1494260760,
        "copyright": "Barry Andersen",
        "description": "Welland  Canal - down bound clear of lock 2",
        "asset": {
            "id": 1249201,
            "type": "Cargo",
            "name": "G3 MARQUIS"
        },
        "rating": {
            "voteAverage": 5,
            "voteCounter": 1
        },
        "url": "https://images.marinetraffic.com/collection/2722977.webp?size=800"
    },
    {
        "photoId": 2676539,
        "placeTaken": "Welland Canal, Port Weller, Ontario, Canada",
        "takenAt": 1494261420,
        "copyright": "Shiphotos...by Paul Beesley",
        "description": "G3 Marquis below Lock 2, Welland Canal, Canada.  May 8, 2017",
        "asset": {
            "id": 1249201,
            "type": "Cargo",
            "name": "G3 MARQUIS"
        },
        "rating": {
            "voteAverage": 0,
            "voteCounter": 0
        },
        "url": "https://images.marinetraffic.com/collection/2676539.webp?size=800"
    },
    {
        "photoId": 2676537,
        "placeTaken": "welland Canal, Port Weller, Ontario, Canada",
        "takenAt": 1494261000,
        "copyright": "Shiphotos...by Paul Beesley",
        "description": "G3 Marquis below Lock 2, Welland Canal, Canada.  May 8, 2017",
        "asset": {
            "id": 1249201,
            "type": "Cargo",
            "name": "G3 MARQUIS"
        },
        "rating": {
            "voteAverage": 0,
            "voteCounter": 0
        },
        "url": "https://images.marinetraffic.com/collection/2676537.webp?size=800"
    },
    {
        "photoId": 2637373,
        "placeTaken": "Welland Canal, Port Weller, Ontario, Canada",
        "takenAt": 1491213360,
        "copyright": "Shiphotos...by Paul Beesley",
        "description": "G3 Marquis below Lock 1, Welland Canal, Canada.  April 3, 2017",
        "asset": {
            "id": 1249201,
            "type": "Cargo",
            "name": "G3 MARQUIS"
        },
        "rating": {
            "voteAverage": 0,
            "voteCounter": 0
        },
        "url": "https://images.marinetraffic.com/collection/2637373.webp?size=800"
    },
    {
        "photoId": 2556133,
        "placeTaken": "St. Catharines, Ontario",
        "takenAt": 1482293520,
        "copyright": "Russ Milland",
        "description": "Downbound in Welland Canal between Locks 4 and 3",
        "asset": {
            "id": 1249201,
            "type": "Cargo",
            "name": "G3 MARQUIS"
        },
        "rating": {
            "voteAverage": 0,
            "voteCounter": 0
        },
        "url": "https://images.marinetraffic.com/collection/2556133.webp?size=800"
    },
    {
        "photoId": 2556131,
        "placeTaken": "St. Catharines, Ontario",
        "takenAt": 1482293280,
        "copyright": "Russ Milland",
        "description": "Downbound in Welland Canal between Locks 4 and 3",
        "asset": {
            "id": 1249201,
            "type": "Cargo",
            "name": "G3 MARQUIS"
        },
        "rating": {
            "voteAverage": 0,
            "voteCounter": 0
        },
        "url": "https://images.marinetraffic.com/collection/2556131.webp?size=800"
    },
    {
        "photoId": 2556130,
        "placeTaken": "St. Catharines, Ontario",
        "takenAt": 1482293040,
        "copyright": "Russ Milland",
        "description": "Downbound in Welland Canal between Locks 4 and 3",
        "asset": {
            "id": 1249201,
            "type": "Cargo",
            "name": "G3 MARQUIS"
        },
        "rating": {
            "voteAverage": 0,
            "voteCounter": 0
        },
        "url": "https://images.marinetraffic.com/collection/2556130.webp?size=800"
    },
    {
        "photoId": 2556129,
        "placeTaken": "St. Catharines, Ontario",
        "takenAt": 1482292680,
        "copyright": "Russ Milland",
        "description": "Downbound in Welland Canal between Locks 2 and 1",
        "asset": {
            "id": 1249201,
            "type": "Cargo",
            "name": "G3 MARQUIS"
        },
        "rating": {
            "voteAverage": 0,
            "voteCounter": 0
        },
        "url": "https://images.marinetraffic.com/collection/2556129.webp?size=800"
    },
    {
        "photoId": 2469324,
        "placeTaken": "Thunder Bay, ON Canada",
        "takenAt": 1473683100,
        "copyright": "Dianne Temple",
        "description": null,
        "asset": {
            "id": 1249201,
            "type": "Cargo",
            "name": "G3 MARQUIS"
        },
        "rating": {
            "voteAverage": 5,
            "voteCounter": 67
        },
        "url": "https://images.marinetraffic.com/collection/2469324.webp?size=800"
    },
    {
        "photoId": 2456537,
        "placeTaken": "Port Weller, Welland Canal, Ontario, Canada",
        "takenAt": 1471946940,
        "copyright": "Shiphotos...by Paul Beesley",
        "description": "G3 Marquis above Lock 1, Welland Canal, Canada.  August 23, 2016",
        "asset": {
            "id": 1249201,
            "type": "Cargo",
            "name": "G3 MARQUIS"
        },
        "rating": {
            "voteAverage": 0,
            "voteCounter": 0
        },
        "url": "https://images.marinetraffic.com/collection/2456537.webp?size=800"
    },
    {
        "photoId": 2454814,
        "placeTaken": "Thunder Bay, ON Canada ",
        "takenAt": 1473414180,
        "copyright": "Dianne Temple",
        "description": null,
        "asset": {
            "id": 1249201,
            "type": "Cargo",
            "name": "G3 MARQUIS"
        },
        "rating": {
            "voteAverage": 5,
            "voteCounter": 66
        },
        "url": "https://images.marinetraffic.com/collection/2454814.webp?size=800"
    }
]