[
    {
        "photoId": 3428459,
        "placeTaken": "Welland Canal, Port Colborne, Canada",
        "takenAt": 1553707320,
        "copyright": "Shiphotos...by Paul Beesley",
        "description": "G3 Marquis upbound at Bridge 21, Port Colborne, Welland canal.  March 27, 2019",
        "asset": {
            "id": 1249201,
            "type": "Cargo",
            "name": "G3 MARQUIS"
        },
        "rating": {
            "voteAverage": 0,
            "voteCounter": 0
        },
        "url": "https://images.marinetraffic.com/collection/3428459.webp?size=800"
    },
    {
        "photoId": 3357485,
        "placeTaken": "Detroit, Michigan",
        "takenAt": 1546026900,
        "copyright": "Rene van Quekelberghe",
        "description": "Passing GM head office",
        "asset": {
            "id": 1249201,
            "type": "Cargo",
            "name": "G3 MARQUIS"
        },
        "rating": {
            "voteAverage": 5,
            "voteCounter": 1
        },
        "url": "https://images.marinetraffic.com/collection/3357485.webp?size=800"
    },
    {
        "photoId": 3343225,
        "placeTaken": "Sault Ste. Mari -St. Marys River",
        "takenAt": 1545908280,
        "copyright": "Peter L Smith",
        "description": null,
        "asset": {
            "id": 1249201,
            "type": "Cargo",
            "name": "G3 MARQUIS"
        },
        "rating": {
            "voteAverage": 0,
            "voteCounter": 0
        },
        "url": "https://images.marinetraffic.com/collection/3343225.webp?size=800"
    },
    {
        "photoId": 3303364,
        "placeTaken": "Cape Vincent, NY",
        "takenAt": 1535113200,
        "copyright": "ivan stevenson",
        "description": null,
        "asset": {
            "id": 1249201,
            "type": "Cargo",
            "name": "G3 MARQUIS"
        },
        "rating": {
            "voteAverage": 0,
            "voteCounter": 0
        },
        "url": "https://images.marinetraffic.com/collection/3303364.webp?size=800"
    },
    {
        "photoId": 3249642,
        "placeTaken": "Marysville, Michigan USA",
        "takenAt": 1537718220,
        "copyright": "Kevin Majewski",
        "description": "G3 Marquis upbound at Marysville, Michigan USA.",
        "asset": {
            "id": 1249201,
            "type": "Cargo",
            "name": "G3 MARQUIS"
        },
        "rating": {
            "voteAverage": 5,
            "voteCounter": 16
        },
        "url": "https://images.marinetraffic.com/collection/3249642.webp?size=800"
    },
    {
        "photoId": 3249640,
        "placeTaken": "Marysville, Michigan USA",
        "takenAt": 1537717920,
        "copyright": "Kevin Majewski",
        "description": "G3 Marquis upbound at Marysville, Michigan USA.",
        "asset": {
            "id": 1249201,
            "type": "Cargo",
            "name": "G3 MARQUIS"
        },
        "rating": {
            "voteAverage": 5,
            "voteCounter": 16
        },
        "url": "https://images.marinetraffic.com/collection/3249640.webp?size=800"
    },
    {
        "photoId": 3241026,
        "placeTaken": "Deschaillons-sur-Saint-Laurent, Quebec",
        "takenAt": 1537202460,
        "copyright": "Jacques Corriveau",
        "description": null,
        "asset": {
            "id": 1249201,
            "type": "Cargo",
            "name": "G3 MARQUIS"
        },
        "rating": {
            "voteAverage": 0,
            "voteCounter": 0
        },
        "url": "https://images.marinetraffic.com/collection/3241026.webp?size=800"
    },
    {
        "photoId": 3223809,
        "placeTaken": "Nicolet",
        "takenAt": 1532954040,
        "copyright": "Olivier Lachance",
        "description": null,
        "asset": {
            "id": 1249201,
            "type": "Cargo",
            "name": "G3 MARQUIS"
        },
        "rating": {
            "voteAverage": 0,
            "voteCounter": 0
        },
        "url": "https://images.marinetraffic.com/collection/3223809.webp?size=800"
    },
    {
        "photoId": 3172706,
        "placeTaken": null,
        "takenAt": 1532253600,
        "copyright": "River Kayaker",
        "description": null,
        "asset": {
            "id": 1249201,
            "type": "Cargo",
            "name": "G3 MARQUIS"
        },
        "rating": {
            "voteAverage": 0,
            "voteCounter": 0
        },
        "url": "https://images.marinetraffic.com/collection/3172706.webp?size=800"
    },
    {
        "photoId": 3168273,
        "placeTaken": "Lock 8 - Port Colborne, ON",
        "takenAt": 1526558460,
        "copyright": "Connie Mancuso",
        "description": null,
        "asset": {
            "id": 1249201,
            "type": "Cargo",
            "name": "G3 MARQUIS"
        },
        "rating": {
            "voteAverage": 0,
            "voteCounter": 0
        },
        "url": "https://images.marinetraffic.com/collection/3168273.webp?size=800"
    },
    {
        "photoId": 3160969,
        "placeTaken": "Beneath Bluewater Bridges Sarnia/Port Huron",
        "takenAt": 1531477380,
        "copyright": "Ian Cryer",
        "description": null,
        "asset": {
            "id": 1249201,
            "type": "Cargo",
            "name": "G3 MARQUIS"
        },
        "rating": {
            "voteAverage": 0,
            "voteCounter": 0
        },
        "url": "https://images.marinetraffic.com/collection/3160969.webp?size=800"
    },
    {
        "photoId": 3160968,
        "placeTaken": "Southern Lake Huron",
        "takenAt": 1531477080,
        "copyright": "Ian Cryer",
        "description": null,
        "asset": {
            "id": 1249201,
            "type": "Cargo",
            "name": "G3 MARQUIS"
        },
        "rating": {
            "voteAverage": 0,
            "voteCounter": 0
        },
        "url": "https://images.marinetraffic.com/collection/3160968.webp?size=800"
    },
    {
        "photoId": 3160707,
        "placeTaken": "Thunder Bay, ON  Canada ",
        "takenAt": 1531311060,
        "copyright": "Dianne Temple",
        "description": null,
        "asset": {
            "id": 1249201,
            "type": "Cargo",
            "name": "G3 MARQUIS"
        },
        "rating": {
            "voteAverage": 4.986486,
            "voteCounter": 74
        },
        "url": "https://images.marinetraffic.com/collection/3160707.webp?size=800"
    },
    {
        "photoId": 3152336,
        "placeTaken": "Sault Ste. Marie, MI",
        "takenAt": null,
        "copyright": "Jack Hurt",
        "description": null,
        "asset": {
            "id": 1249201,
            "type": "Cargo",
            "name": "G3 MARQUIS"
        },
        "rating": {
            "voteAverage": 0,
            "voteCounter": 0
        },
        "url": "https://images.marinetraffic.com/collection/3152336.webp?size=800"
    },
    {
        "photoId": 3130739,
        "placeTaken": "Beneath Bluewater Bridges Sarnia/Port Huron",
        "takenAt": 1529411700,
        "copyright": "Ian Cryer",
        "description": null,
        "asset": {
            "id": 1249201,
            "type": "Cargo",
            "name": "G3 MARQUIS"
        },
        "rating": {
            "voteAverage": 0,
            "voteCounter": 0
        },
        "url": "https://images.marinetraffic.com/collection/3130739.webp?size=800"
    },
    {
        "photoId": 3130736,
        "placeTaken": "St. Clair River",
        "takenAt": 1529411580,
        "copyright": "Ian Cryer",
        "description": null,
        "asset": {
            "id": 1249201,
            "type": "Cargo",
            "name": "G3 MARQUIS"
        },
        "rating": {
            "voteAverage": 0,
            "voteCounter": 0
        },
        "url": "https://images.marinetraffic.com/collection/3130736.webp?size=800"
    },
    {
        "photoId": 3075217,
        "placeTaken": "St-Angle ",
        "takenAt": 1525618440,
        "copyright": "Olivier Lachance",
        "description": null,
        "asset": {
            "id": 1249201,
            "type": "Cargo",
            "name": "G3 MARQUIS"
        },
        "rating": {
            "voteAverage": 0,
            "voteCounter": 0
        },
        "url": "https://images.marinetraffic.com/collection/3075217.webp?size=800"
    },
    {
        "photoId": 3062114,
        "placeTaken": "Thunder Bay, ON  Canada ",
        "takenAt": 1524751680,
        "copyright": "Dianne Temple",
        "description": null,
        "asset": {
            "id": 1249201,
            "type": "Cargo",
            "name": "G3 MARQUIS"
        },
        "rating": {
            "voteAverage": 5,
            "voteCounter": 77
        },
        "url": "https://images.marinetraffic.com/collection/3062114.webp?size=800"
    },
    {
        "photoId": 3062112,
        "placeTaken": "Thunder Bay, ON  Canada ",
        "takenAt": 1524749160,
        "copyright": "Dianne Temple",
        "description": null,
        "asset": {
            "id": 1249201,
            "type": "Cargo",
            "name": "G3 MARQUIS"
        },
        "rating": {
            "voteAverage": 5,
            "voteCounter": 78
        },
        "url": "https://images.marinetraffic.com/collection/3062112.webp?size=800"
    },
    {
        "photoId": 3062108,
        "placeTaken": "Thunder Bay, ON  Canada ",
        "takenAt": 1524660000,
        "copyright": "Dianne Temple",
        "description": null,
        "asset": {
            "id": 1249201,
            "type": "Cargo",
            "name": "G3 MARQUIS"
        },
        "rating": {
            "voteAverage": 5,
            "voteCounter": 80
        },
        "url": "https://images.marinetraffic.com/collection/3062108.webp?size=800"
    }
]