[
    {
        "photoId": 3725580,
        "placeTaken": "Baie-Comeau, Quebec, Canada ",
        "takenAt": 1575369300,
        "copyright": "Richard Belanger",
        "description": null,
        "asset": {
            "id": 1249201,
            "type": "Cargo",
            "name": "G3 MARQUIS"
        },
        "rating": {
            "voteAverage": 0,
            "voteCounter": 0
        },
        "url": "https://images.marinetraffic.com/collection/3725580.webp?size=800"
    },
    {
        "photoId": 3725546,
        "placeTaken": "Baie-Comeau, Quebec, Canada ",
        "takenAt": 1575369120,
        "copyright": "Richard Belanger",
        "description": "Leaving the grain terminal.",
        "asset": {
            "id": 1249201,
            "type": "Cargo",
            "name": "G3 MARQUIS"
        },
        "rating": {
            "voteAverage": 0,
            "voteCounter": 0
        },
        "url": "https://images.marinetraffic.com/collection/3725546.webp?size=800"
    },
    {
        "photoId": 3682951,
        "placeTaken": "Welland Canal Lock 7",
        "takenAt": 1571574000,
        "copyright": "Karen Andric",
        "description": null,
        "asset": {
            "id": 1249201,
            "type": "Cargo",
            "name": "G3 MARQUIS"
        },
        "rating": {
            "voteAverage": 0,
            "voteCounter": 0
        },
        "url": "https://images.marinetraffic.com/collection/3682951.webp?size=800"
    },
    {
        "photoId": 3657794,
        "placeTaken": "Quebec City, Canada",
        "takenAt": 1569682860,
        "copyright": "Mladen Krce",
        "description": null,
        "asset": {
            "id": 1249201,
            "type": "Cargo",
            "name": "G3 MARQUIS"
        },
        "rating": {
            "voteAverage": 0,
            "voteCounter": 0
        },
        "url": "https://images.marinetraffic.com/collection/3657794.webp?size=800"
    },
    {
        "photoId": 3653857,
        "placeTaken": null,
        "takenAt": 1567253400,
        "copyright": "Daniel Lindner",
        "description": null,
        "asset": {
            "id": 1249201,
            "type": "Cargo",
            "name": "G3 MARQUIS"
        },
        "rating": {
            "voteAverage": 5,
            "voteCounter": 2
        },
        "url": "https://images.marinetraffic.com/collection/3653857.webp?size=800"
    },
    {
        "photoId": 3651500,
        "placeTaken": "St. Catharines, Ontario",
        "takenAt": 1567451340,
        "copyright": "Barry Andersen",
        "description": "Welland Canal - down bound clear of lock 3",
        "asset": {
            "id": 1249201,
            "type": "Cargo",
            "name": "G3 MARQUIS"
        },
        "rating": {
            "voteAverage": 5,
            "voteCounter": 2
        },
        "url": "https://images.marinetraffic.com/collection/3651500.webp?size=800"
    },
    {
        "photoId": 3590471,
        "placeTaken": "Upbound in the St-Lawrence seaway",
        "takenAt": 1564905840,
        "copyright": "Serge Daoust",
        "description": "Shortly after leaving St-Lambert lock, near Montreal, Qc",
        "asset": {
            "id": 1249201,
            "type": "Cargo",
            "name": "G3 MARQUIS"
        },
        "rating": {
            "voteAverage": 0,
            "voteCounter": 0
        },
        "url": "https://images.marinetraffic.com/collection/3590471.webp?size=800"
    },
    {
        "photoId": 3569495,
        "placeTaken": "Port Weller, Welland Canal, Canada",
        "takenAt": 1562961720,
        "copyright": "Shiphotos...by Paul Beesley",
        "description": "G3 Marquis below Lock 2, Welland Canal, Canada.  Jul 12-19",
        "asset": {
            "id": 1249201,
            "type": "Cargo",
            "name": "G3 MARQUIS"
        },
        "rating": {
            "voteAverage": 5,
            "voteCounter": 1
        },
        "url": "https://images.marinetraffic.com/collection/3569495.webp?size=800"
    },
    {
        "photoId": 3569493,
        "placeTaken": "Port Weller, Welland Canal, Canada",
        "takenAt": 1562961660,
        "copyright": "Shiphotos...by Paul Beesley",
        "description": "G3 Marquis below Lock 2, Welland Canal, Canada.  Jul 12-19",
        "asset": {
            "id": 1249201,
            "type": "Cargo",
            "name": "G3 MARQUIS"
        },
        "rating": {
            "voteAverage": 5,
            "voteCounter": 1
        },
        "url": "https://images.marinetraffic.com/collection/3569493.webp?size=800"
    },
    {
        "photoId": 3550012,
        "placeTaken": "St. Clair River",
        "takenAt": 943920000,
        "copyright": "Gavin Gennrich",
        "description": null,
        "asset": {
            "id": 1249201,
            "type": "Cargo",
            "name": "G3 MARQUIS"
        },
        "rating": {
            "voteAverage": 0,
            "voteCounter": 0
        },
        "url": "https://images.marinetraffic.com/collection/3550012.webp?size=800"
    },
    {
        "photoId": 3507309,
        "placeTaken": "Port Huron, Michigan USA",
        "takenAt": 1559493360,
        "copyright": "Kevin Majewski",
        "description": "G3 Marquis entering the St. Clair River at Port Huron, Michigan USA.",
        "asset": {
            "id": 1249201,
            "type": "Cargo",
            "name": "G3 MARQUIS"
        },
        "rating": {
            "voteAverage": 4.958333,
            "voteCounter": 24
        },
        "url": "https://images.marinetraffic.com/collection/3507309.webp?size=800"
    },
    {
        "photoId": 3507308,
        "placeTaken": "Port Huron, Michigan USA",
        "takenAt": 1559493660,
        "copyright": "Kevin Majewski",
        "description": "G3 Marquis downbound at Port Huron, MIchigan USA.",
        "asset": {
            "id": 1249201,
            "type": "Cargo",
            "name": "G3 MARQUIS"
        },
        "rating": {
            "voteAverage": 5,
            "voteCounter": 16
        },
        "url": "https://images.marinetraffic.com/collection/3507308.webp?size=800"
    },
    {
        "photoId": 3507306,
        "placeTaken": "Port Huron, Michigan USA",
        "takenAt": 1559493660,
        "copyright": "Kevin Majewski",
        "description": "G3 Marquis downbound at Port Huron, Michigan USA.",
        "asset": {
            "id": 1249201,
            "type": "Cargo",
            "name": "G3 MARQUIS"
        },
        "rating": {
            "voteAverage": 5,
            "voteCounter": 12
        },
        "url": "https://images.marinetraffic.com/collection/3507306.webp?size=800"
    },
    {
        "photoId": 3507305,
        "placeTaken": "Port Huron, Michigan USA",
        "takenAt": 1559493660,
        "copyright": "Kevin Majewski",
        "description": "G3 Marquis downbound at Port Huron, Michigan USA.",
        "asset": {
            "id": 1249201,
            "type": "Cargo",
            "name": "G3 MARQUIS"
        },
        "rating": {
            "voteAverage": 5,
            "voteCounter": 7
        },
        "url": "https://images.marinetraffic.com/collection/3507305.webp?size=800"
    },
    {
        "photoId": 3443048,
        "placeTaken": "St. Catharines, Ontario, Canada",
        "takenAt": 1554455580,
        "copyright": "Russ Milland",
        "description": "Upbound in the Welland Canal between Locks 2 and 1",
        "asset": {
            "id": 1249201,
            "type": "Cargo",
            "name": "G3 MARQUIS"
        },
        "rating": {
            "voteAverage": 0,
            "voteCounter": 0
        },
        "url": "https://images.marinetraffic.com/collection/3443048.webp?size=800"
    },
    {
        "photoId": 3431505,
        "placeTaken": "Thunder Bay, ON  Canada ",
        "takenAt": 1554023220,
        "copyright": "Dianne Temple",
        "description": null,
        "asset": {
            "id": 1249201,
            "type": "Cargo",
            "name": "G3 MARQUIS"
        },
        "rating": {
            "voteAverage": 5,
            "voteCounter": 86
        },
        "url": "https://images.marinetraffic.com/collection/3431505.webp?size=800"
    },
    {
        "photoId": 3428782,
        "placeTaken": null,
        "takenAt": 1553791380,
        "copyright": "Mark Edwards",
        "description": null,
        "asset": {
            "id": 1249201,
            "type": "Cargo",
            "name": "G3 MARQUIS"
        },
        "rating": {
            "voteAverage": 0,
            "voteCounter": 0
        },
        "url": "https://images.marinetraffic.com/collection/3428782.webp?size=800"
    },
    {
        "photoId": 3428779,
        "placeTaken": "Port Huron, MI",
        "takenAt": 1553791620,
        "copyright": "Mark Edwards",
        "description": null,
        "asset": {
            "id": 1249201,
            "type": "Cargo",
            "name": "G3 MARQUIS"
        },
        "rating": {
            "voteAverage": 0,
            "voteCounter": 0
        },
        "url": "https://images.marinetraffic.com/collection/3428779.webp?size=800"
    },
    {
        "photoId": 3428464,
        "placeTaken": "Welland Canal, Port Colborne, Canada",
        "takenAt": 1553707800,
        "copyright": "Shiphotos...by Paul Beesley",
        "description": "G3 Marquis approaching Lake Erie, Port Colborne, Welland canal.  March 27, 2019",
        "asset": {
            "id": 1249201,
            "type": "Cargo",
            "name": "G3 MARQUIS"
        },
        "rating": {
            "voteAverage": 0,
            "voteCounter": 0
        },
        "url": "https://images.marinetraffic.com/collection/3428464.webp?size=800"
    },
    {
        "photoId": 3428461,
        "placeTaken": "Welland Canal, Port Colborne, Canada",
        "takenAt": 1553707620,
        "copyright": "Shiphotos...by Paul Beesley",
        "description": "G3 Marquis upbound above Bridge 21, Port Colborne, Welland canal.  March 27, 2019",
        "asset": {
            "id": 1249201,
            "type": "Cargo",
            "name": "G3 MARQUIS"
        },
        "rating": {
            "voteAverage": 5,
            "voteCounter": 1
        },
        "url": "https://images.marinetraffic.com/collection/3428461.webp?size=800"
    }
]