[
    {
        "photoId": 4589953,
        "placeTaken": "Maasmond",
        "takenAt": 1645369140,
        "copyright": "Peter Heiden",
        "description": null,
        "asset": {
            "id": 143861,
            "type": "Cargo",
            "name": "CONTAINERSHIPS VIII"
        },
        "rating": {
            "voteAverage": 0,
            "voteCounter": 0
        },
        "url": "https://images.marinetraffic.com/collection/4589953.webp?size=800"
    },
    {
        "photoId": 4589952,
        "placeTaken": "Maasmond",
        "takenAt": 1645368900,
        "copyright": "Peter Heiden",
        "description": null,
        "asset": {
            "id": 143861,
            "type": "Cargo",
            "name": "CONTAINERSHIPS VIII"
        },
        "rating": {
            "voteAverage": 0,
            "voteCounter": 0
        },
        "url": "https://images.marinetraffic.com/collection/4589952.webp?size=800"
    },
    {
        "photoId": 4589951,
        "placeTaken": "Maasmond",
        "takenAt": 1645368780,
        "copyright": "Peter Heiden",
        "description": null,
        "asset": {
            "id": 143861,
            "type": "Cargo",
            "name": "CONTAINERSHIPS VIII"
        },
        "rating": {
            "voteAverage": 0,
            "voteCounter": 0
        },
        "url": "https://images.marinetraffic.com/collection/4589951.webp?size=800"
    },
    {
        "photoId": 4577573,
        "placeTaken": "Brunsbttel/Kiel-Canal",
        "takenAt": 1644764040,
        "copyright": "Michael Brakhage",
        "description": null,
        "asset": {
            "id": 143861,
            "type": "Cargo",
            "name": "CONTAINERSHIPS VIII"
        },
        "rating": {
            "voteAverage": 0,
            "voteCounter": 0
        },
        "url": "https://images.marinetraffic.com/collection/4577573.webp?size=800"
    },
    {
        "photoId": 4577572,
        "placeTaken": "Brunsbttel/Kiel-Canal",
        "takenAt": 1644763860,
        "copyright": "Michael Brakhage",
        "description": null,
        "asset": {
            "id": 143861,
            "type": "Cargo",
            "name": "CONTAINERSHIPS VIII"
        },
        "rating": {
            "voteAverage": 5,
            "voteCounter": 1
        },
        "url": "https://images.marinetraffic.com/collection/4577572.webp?size=800"
    },
    {
        "photoId": 4570040,
        "placeTaken": "NOK-Westerroenfeld",
        "takenAt": 1541252820,
        "copyright": "Hans-Peter Schroeder",
        "description": null,
        "asset": {
            "id": 143861,
            "type": "Cargo",
            "name": "CONTAINERSHIPS VIII"
        },
        "rating": {
            "voteAverage": 5,
            "voteCounter": 17
        },
        "url": "https://images.marinetraffic.com/collection/4570040.webp?size=800"
    },
    {
        "photoId": 4570029,
        "placeTaken": "NOK-Westerroenfeld",
        "takenAt": 1590514680,
        "copyright": "Hans-Peter Schroeder",
        "description": null,
        "asset": {
            "id": 143861,
            "type": "Cargo",
            "name": "CONTAINERSHIPS VIII"
        },
        "rating": {
            "voteAverage": 5,
            "voteCounter": 18
        },
        "url": "https://images.marinetraffic.com/collection/4570029.webp?size=800"
    },
    {
        "photoId": 4570026,
        "placeTaken": "NOK-Weiche Schuelp",
        "takenAt": 1533990900,
        "copyright": "Hans-Peter Schroeder",
        "description": null,
        "asset": {
            "id": 143861,
            "type": "Cargo",
            "name": "CONTAINERSHIPS VIII"
        },
        "rating": {
            "voteAverage": 5,
            "voteCounter": 15
        },
        "url": "https://images.marinetraffic.com/collection/4570026.webp?size=800"
    },
    {
        "photoId": 4524172,
        "placeTaken": "Finnischer Meerbusen, Meereskanal, Kronstadt",
        "takenAt": 1636905120,
        "copyright": "Anton Haas",
        "description": null,
        "asset": {
            "id": 143861,
            "type": "Cargo",
            "name": "CONTAINERSHIPS VIII"
        },
        "rating": {
            "voteAverage": 5,
            "voteCounter": 38
        },
        "url": "https://images.marinetraffic.com/collection/4524172.webp?size=800"
    },
    {
        "photoId": 4498411,
        "placeTaken": null,
        "takenAt": 1629057120,
        "copyright": "Philippe Guichot",
        "description": null,
        "asset": {
            "id": 143861,
            "type": "Cargo",
            "name": "CONTAINERSHIPS VIII"
        },
        "rating": {
            "voteAverage": 0,
            "voteCounter": 0
        },
        "url": "https://images.marinetraffic.com/collection/4498411.webp?size=800"
    },
    {
        "photoId": 4498406,
        "placeTaken": null,
        "takenAt": 1629056820,
        "copyright": "Philippe Guichot",
        "description": null,
        "asset": {
            "id": 143861,
            "type": "Cargo",
            "name": "CONTAINERSHIPS VIII"
        },
        "rating": {
            "voteAverage": 0,
            "voteCounter": 0
        },
        "url": "https://images.marinetraffic.com/collection/4498406.webp?size=800"
    },
    {
        "photoId": 4498375,
        "placeTaken": "Kiel Canal",
        "takenAt": 1637586480,
        "copyright": "Helge Massmann",
        "description": null,
        "asset": {
            "id": 143861,
            "type": "Cargo",
            "name": "CONTAINERSHIPS VIII"
        },
        "rating": {
            "voteAverage": 5,
            "voteCounter": 22
        },
        "url": "https://images.marinetraffic.com/collection/4498375.webp?size=800"
    },
    {
        "photoId": 4498374,
        "placeTaken": "Kiel Canal",
        "takenAt": 1637586540,
        "copyright": "Helge Massmann",
        "description": null,
        "asset": {
            "id": 143861,
            "type": "Cargo",
            "name": "CONTAINERSHIPS VIII"
        },
        "rating": {
            "voteAverage": 5,
            "voteCounter": 19
        },
        "url": "https://images.marinetraffic.com/collection/4498374.webp?size=800"
    },
    {
        "photoId": 4498371,
        "placeTaken": "Kiel Canal",
        "takenAt": 1637586600,
        "copyright": "Helge Massmann",
        "description": null,
        "asset": {
            "id": 143861,
            "type": "Cargo",
            "name": "CONTAINERSHIPS VIII"
        },
        "rating": {
            "voteAverage": 5,
            "voteCounter": 13
        },
        "url": "https://images.marinetraffic.com/collection/4498371.webp?size=800"
    },
    {
        "photoId": 4495455,
        "placeTaken": null,
        "takenAt": 1629057000,
        "copyright": "Philippe Guichot",
        "description": null,
        "asset": {
            "id": 143861,
            "type": "Cargo",
            "name": "CONTAINERSHIPS VIII"
        },
        "rating": {
            "voteAverage": 0,
            "voteCounter": 0
        },
        "url": "https://images.marinetraffic.com/collection/4495455.webp?size=800"
    },
    {
        "photoId": 4495454,
        "placeTaken": null,
        "takenAt": 1629056760,
        "copyright": "Philippe Guichot",
        "description": null,
        "asset": {
            "id": 143861,
            "type": "Cargo",
            "name": "CONTAINERSHIPS VIII"
        },
        "rating": {
            "voteAverage": 0,
            "voteCounter": 0
        },
        "url": "https://images.marinetraffic.com/collection/4495454.webp?size=800"
    },
    {
        "photoId": 4493920,
        "placeTaken": null,
        "takenAt": 1358499900,
        "copyright": "Anton Neliubov",
        "description": null,
        "asset": {
            "id": 143861,
            "type": "Cargo",
            "name": "CONTAINERSHIPS VIII"
        },
        "rating": {
            "voteAverage": 0,
            "voteCounter": 0
        },
        "url": "https://images.marinetraffic.com/collection/4493920.webp?size=800"
    },
    {
        "photoId": 4483742,
        "placeTaken": "Rostock Port, LP46 - Pier II",
        "takenAt": 1630142040,
        "copyright": "Juergen Baack",
        "description": null,
        "asset": {
            "id": 143861,
            "type": "Cargo",
            "name": "CONTAINERSHIPS VIII"
        },
        "rating": {
            "voteAverage": 0,
            "voteCounter": 0
        },
        "url": "https://images.marinetraffic.com/collection/4483742.webp?size=800"
    },
    {
        "photoId": 4483741,
        "placeTaken": "Rostock Port, LP46 - Pier II",
        "takenAt": 1630141980,
        "copyright": "Juergen Baack",
        "description": null,
        "asset": {
            "id": 143861,
            "type": "Cargo",
            "name": "CONTAINERSHIPS VIII"
        },
        "rating": {
            "voteAverage": 5,
            "voteCounter": 1
        },
        "url": "https://images.marinetraffic.com/collection/4483741.webp?size=800"
    },
    {
        "photoId": 4483740,
        "placeTaken": "Rostock Port, LP46 - Pier II",
        "takenAt": 1630141980,
        "copyright": "Juergen Baack",
        "description": null,
        "asset": {
            "id": 143861,
            "type": "Cargo",
            "name": "CONTAINERSHIPS VIII"
        },
        "rating": {
            "voteAverage": 5,
            "voteCounter": 1
        },
        "url": "https://images.marinetraffic.com/collection/4483740.webp?size=800"
    }
]