[
    {
        "photoId": 4465105,
        "placeTaken": "Nieuwe Waterweg Hoek van Holland.",
        "takenAt": 1628954100,
        "copyright": "Joop Klaasman",
        "description": "Seen Nieuwe Waterweg Holland",
        "asset": {
            "id": 157841,
            "type": "Cargo",
            "name": "BRITANNIA SEAWAYS"
        },
        "rating": {
            "voteAverage": 0,
            "voteCounter": 0
        },
        "url": "https://images.marinetraffic.com/collection/4465105.webp?size=800"
    },
    {
        "photoId": 4465103,
        "placeTaken": "Nieuwe Waterweg Hoek van Holland.",
        "takenAt": 1628953980,
        "copyright": "Joop Klaasman",
        "description": "Seen Nieuwe Waterweg Holland",
        "asset": {
            "id": 157841,
            "type": "Cargo",
            "name": "BRITANNIA SEAWAYS"
        },
        "rating": {
            "voteAverage": 0,
            "voteCounter": 0
        },
        "url": "https://images.marinetraffic.com/collection/4465103.webp?size=800"
    },
    {
        "photoId": 4429272,
        "placeTaken": "Rozenburg",
        "takenAt": 1632056520,
        "copyright": "Henk Jungerius",
        "description": "Nieuwe Waterweg",
        "asset": {
            "id": 157841,
            "type": "Cargo",
            "name": "BRITANNIA SEAWAYS"
        },
        "rating": {
            "voteAverage": 0,
            "voteCounter": 0
        },
        "url": "https://images.marinetraffic.com/collection/4429272.webp?size=800"
    },
    {
        "photoId": 4412384,
        "placeTaken": "Nieuwe Waterweg.",
        "takenAt": 1630747380,
        "copyright": "Ed Kaas",
        "description": null,
        "asset": {
            "id": 157841,
            "type": "Cargo",
            "name": "BRITANNIA SEAWAYS"
        },
        "rating": {
            "voteAverage": 0,
            "voteCounter": 0
        },
        "url": "https://images.marinetraffic.com/collection/4412384.webp?size=800"
    },
    {
        "photoId": 4410209,
        "placeTaken": null,
        "takenAt": 1630688580,
        "copyright": "StylezShorty",
        "description": null,
        "asset": {
            "id": 157841,
            "type": "Cargo",
            "name": "BRITANNIA SEAWAYS"
        },
        "rating": {
            "voteAverage": 0,
            "voteCounter": 0
        },
        "url": "https://images.marinetraffic.com/collection/4410209.webp?size=800"
    },
    {
        "photoId": 4405490,
        "placeTaken": "Hoek van Holland",
        "takenAt": 1629824400,
        "copyright": "cmp klink",
        "description": null,
        "asset": {
            "id": 157841,
            "type": "Cargo",
            "name": "BRITANNIA SEAWAYS"
        },
        "rating": {
            "voteAverage": 5,
            "voteCounter": 1
        },
        "url": "https://images.marinetraffic.com/collection/4405490.webp?size=800"
    },
    {
        "photoId": 4403297,
        "placeTaken": "Maasvlakte 2.",
        "takenAt": 1630140060,
        "copyright": "Ed Kaas",
        "description": null,
        "asset": {
            "id": 157841,
            "type": "Cargo",
            "name": "BRITANNIA SEAWAYS"
        },
        "rating": {
            "voteAverage": 0,
            "voteCounter": 0
        },
        "url": "https://images.marinetraffic.com/collection/4403297.webp?size=800"
    },
    {
        "photoId": 4385909,
        "placeTaken": "Northsea / Cuxhafen",
        "takenAt": 1628685420,
        "copyright": "Nils Junge",
        "description": null,
        "asset": {
            "id": 157841,
            "type": "Cargo",
            "name": "BRITANNIA SEAWAYS"
        },
        "rating": {
            "voteAverage": 5,
            "voteCounter": 1
        },
        "url": "https://images.marinetraffic.com/collection/4385909.webp?size=800"
    },
    {
        "photoId": 4385908,
        "placeTaken": "Northsea / Cuxhafen",
        "takenAt": 1628685660,
        "copyright": "Nils Junge",
        "description": null,
        "asset": {
            "id": 157841,
            "type": "Cargo",
            "name": "BRITANNIA SEAWAYS"
        },
        "rating": {
            "voteAverage": 5,
            "voteCounter": 1
        },
        "url": "https://images.marinetraffic.com/collection/4385908.webp?size=800"
    },
    {
        "photoId": 4385906,
        "placeTaken": "Northsea / Cuxhafen",
        "takenAt": 1628685480,
        "copyright": "Nils Junge",
        "description": null,
        "asset": {
            "id": 157841,
            "type": "Cargo",
            "name": "BRITANNIA SEAWAYS"
        },
        "rating": {
            "voteAverage": 5,
            "voteCounter": 1
        },
        "url": "https://images.marinetraffic.com/collection/4385906.webp?size=800"
    },
    {
        "photoId": 4385904,
        "placeTaken": "Northsea / Cuxhafen",
        "takenAt": 1628685960,
        "copyright": "Nils Junge",
        "description": null,
        "asset": {
            "id": 157841,
            "type": "Cargo",
            "name": "BRITANNIA SEAWAYS"
        },
        "rating": {
            "voteAverage": 5,
            "voteCounter": 1
        },
        "url": "https://images.marinetraffic.com/collection/4385904.webp?size=800"
    },
    {
        "photoId": 4384700,
        "placeTaken": "Rozenburg",
        "takenAt": 1628952360,
        "copyright": "Henk Jungerius",
        "description": "Nieuwe Waterweg",
        "asset": {
            "id": 157841,
            "type": "Cargo",
            "name": "BRITANNIA SEAWAYS"
        },
        "rating": {
            "voteAverage": 0,
            "voteCounter": 0
        },
        "url": "https://images.marinetraffic.com/collection/4384700.webp?size=800"
    },
    {
        "photoId": 4331634,
        "placeTaken": null,
        "takenAt": 1541702160,
        "copyright": "Mario Gressler",
        "description": null,
        "asset": {
            "id": 157841,
            "type": "Cargo",
            "name": "BRITANNIA SEAWAYS"
        },
        "rating": {
            "voteAverage": 0,
            "voteCounter": 0
        },
        "url": "https://images.marinetraffic.com/collection/4331634.webp?size=800"
    },
    {
        "photoId": 4323084,
        "placeTaken": null,
        "takenAt": 1541702220,
        "copyright": "Mario Gressler",
        "description": null,
        "asset": {
            "id": 157841,
            "type": "Cargo",
            "name": "BRITANNIA SEAWAYS"
        },
        "rating": {
            "voteAverage": 0,
            "voteCounter": 0
        },
        "url": "https://images.marinetraffic.com/collection/4323084.webp?size=800"
    },
    {
        "photoId": 4145772,
        "placeTaken": "Eemshaven",
        "takenAt": 1610984700,
        "copyright": "Joffrey Schluter",
        "description": null,
        "asset": {
            "id": 157841,
            "type": "Cargo",
            "name": "BRITANNIA SEAWAYS"
        },
        "rating": {
            "voteAverage": 0,
            "voteCounter": 0
        },
        "url": "https://images.marinetraffic.com/collection/4145772.webp?size=800"
    },
    {
        "photoId": 4143740,
        "placeTaken": "Rotterdam",
        "takenAt": 1556008800,
        "copyright": "Ian Cowie",
        "description": null,
        "asset": {
            "id": 157841,
            "type": "Cargo",
            "name": "BRITANNIA SEAWAYS"
        },
        "rating": {
            "voteAverage": 0,
            "voteCounter": 0
        },
        "url": "https://images.marinetraffic.com/collection/4143740.webp?size=800"
    },
    {
        "photoId": 4120677,
        "placeTaken": "Cuxhaven",
        "takenAt": 1608384780,
        "copyright": "pingi eisbar",
        "description": null,
        "asset": {
            "id": 157841,
            "type": "Cargo",
            "name": "BRITANNIA SEAWAYS"
        },
        "rating": {
            "voteAverage": 0,
            "voteCounter": 0
        },
        "url": "https://images.marinetraffic.com/collection/4120677.webp?size=800"
    },
    {
        "photoId": 4120676,
        "placeTaken": "Cuxhaven",
        "takenAt": 1608384660,
        "copyright": "pingi eisbar",
        "description": null,
        "asset": {
            "id": 157841,
            "type": "Cargo",
            "name": "BRITANNIA SEAWAYS"
        },
        "rating": {
            "voteAverage": 0,
            "voteCounter": 0
        },
        "url": "https://images.marinetraffic.com/collection/4120676.webp?size=800"
    },
    {
        "photoId": 4120675,
        "placeTaken": "Cuxhaven",
        "takenAt": 1608384540,
        "copyright": "pingi eisbar",
        "description": null,
        "asset": {
            "id": 157841,
            "type": "Cargo",
            "name": "BRITANNIA SEAWAYS"
        },
        "rating": {
            "voteAverage": 0,
            "voteCounter": 0
        },
        "url": "https://images.marinetraffic.com/collection/4120675.webp?size=800"
    },
    {
        "photoId": 4058591,
        "placeTaken": "Cuxhaven, Germany",
        "takenAt": 1602592020,
        "copyright": "Thoralf Doehring, navysite.de",
        "description": null,
        "asset": {
            "id": 157841,
            "type": "Cargo",
            "name": "BRITANNIA SEAWAYS"
        },
        "rating": {
            "voteAverage": 5,
            "voteCounter": 2
        },
        "url": "https://images.marinetraffic.com/collection/4058591.webp?size=800"
    }
]