[
    {
        "photoId": 4929062,
        "placeTaken": "Portland, ME, USA",
        "takenAt": 1660654860,
        "copyright": "Shiphotos...by Paul Beesley",
        "description": "Vivienne Sheri D inbound toward the container terminal, Portland, Maine, USA.  Pilot boat alongside tug Peggy Winslow passing.  August 16, 2022",
        "asset": {
            "id": 121718,
            "type": "Cargo",
            "name": "VIVIENNE SHERI D"
        },
        "rating": {
            "voteAverage": 0,
            "voteCounter": 0
        },
        "url": "https://images.marinetraffic.com/collection/4929062.webp?size=800"
    },
    {
        "photoId": 4929061,
        "placeTaken": "Portland, ME, USA",
        "takenAt": 1660655340,
        "copyright": "Shiphotos...by Paul Beesley",
        "description": "Vivienne Sheri D inbound toward the container terminal, Portland, Maine, USA..  August 16, 2022",
        "asset": {
            "id": 121718,
            "type": "Cargo",
            "name": "VIVIENNE SHERI D"
        },
        "rating": {
            "voteAverage": 0,
            "voteCounter": 0
        },
        "url": "https://images.marinetraffic.com/collection/4929061.webp?size=800"
    },
    {
        "photoId": 4929059,
        "placeTaken": "Portland, ME, USA",
        "takenAt": 1660654740,
        "copyright": "Shiphotos...by Paul Beesley",
        "description": "Vivienne Sheri D inbound toward the container terminal, Portland, Maine, USA..  August 16, 2022",
        "asset": {
            "id": 121718,
            "type": "Cargo",
            "name": "VIVIENNE SHERI D"
        },
        "rating": {
            "voteAverage": 0,
            "voteCounter": 0
        },
        "url": "https://images.marinetraffic.com/collection/4929059.webp?size=800"
    },
    {
        "photoId": 4654479,
        "placeTaken": "Cushing Point, Portland  ME",
        "takenAt": 1651591980,
        "copyright": "Tim Bobinsky",
        "description": "Coming around Cushing Point Bug Light in Portland ME harbor.",
        "asset": {
            "id": 121718,
            "type": "Cargo",
            "name": "VIVIENNE SHERI D"
        },
        "rating": {
            "voteAverage": 5,
            "voteCounter": 1
        },
        "url": "https://images.marinetraffic.com/collection/4654479.webp?size=800"
    },
    {
        "photoId": 4642825,
        "placeTaken": "Reykjavik",
        "takenAt": 1650803940,
        "copyright": "Pier",
        "description": "bunkerplace",
        "asset": {
            "id": 121718,
            "type": "Cargo",
            "name": "VIVIENNE SHERI D"
        },
        "rating": {
            "voteAverage": 5,
            "voteCounter": 1
        },
        "url": "https://images.marinetraffic.com/collection/4642825.webp?size=800"
    },
    {
        "photoId": 4642824,
        "placeTaken": "Reykjavik",
        "takenAt": 1650803880,
        "copyright": "Pier",
        "description": "bunkerplace",
        "asset": {
            "id": 121718,
            "type": "Cargo",
            "name": "VIVIENNE SHERI D"
        },
        "rating": {
            "voteAverage": 5,
            "voteCounter": 1
        },
        "url": "https://images.marinetraffic.com/collection/4642824.webp?size=800"
    },
    {
        "photoId": 4286285,
        "placeTaken": "NORTH ATLANTIC / PORT OF REYKJAVIK / ICELAND",
        "takenAt": 1616523600,
        "copyright": "Achim Egenolf",
        "description": null,
        "asset": {
            "id": 121718,
            "type": "Cargo",
            "name": "PICTOR"
        },
        "rating": {
            "voteAverage": 5,
            "voteCounter": 9
        },
        "url": "https://images.marinetraffic.com/collection/4286285.webp?size=800"
    },
    {
        "photoId": 4195310,
        "placeTaken": "Portland, Maine, USA",
        "takenAt": 1615385340,
        "copyright": "Shiphotos...by Paul Beesley",
        "description": "Pictor inbound Portland, Maine, USA.  March 10, 2021",
        "asset": {
            "id": 121718,
            "type": "Cargo",
            "name": "PICTOR"
        },
        "rating": {
            "voteAverage": 0,
            "voteCounter": 0
        },
        "url": "https://images.marinetraffic.com/collection/4195310.webp?size=800"
    },
    {
        "photoId": 4195309,
        "placeTaken": "Portland, Maine, USA",
        "takenAt": 1615385160,
        "copyright": "Shiphotos...by Paul Beesley",
        "description": "Pictor inbound Portland, Maine, USA.  March 10, 2021",
        "asset": {
            "id": 121718,
            "type": "Cargo",
            "name": "PICTOR"
        },
        "rating": {
            "voteAverage": 0,
            "voteCounter": 0
        },
        "url": "https://images.marinetraffic.com/collection/4195309.webp?size=800"
    },
    {
        "photoId": 4195308,
        "placeTaken": "Portland, Maine, USA",
        "takenAt": 1615385100,
        "copyright": "Shiphotos...by Paul Beesley",
        "description": "Pictor inbound Portland, Maine, USA.  March 10, 2021",
        "asset": {
            "id": 121718,
            "type": "Cargo",
            "name": "PICTOR"
        },
        "rating": {
            "voteAverage": 0,
            "voteCounter": 0
        },
        "url": "https://images.marinetraffic.com/collection/4195308.webp?size=800"
    },
    {
        "photoId": 4047623,
        "placeTaken": "MAASSLUIS, Het Scheur, NL ",
        "takenAt": 1600163580,
        "copyright": "RIA MAAT",
        "description": null,
        "asset": {
            "id": 121718,
            "type": "Cargo",
            "name": "PICTOR"
        },
        "rating": {
            "voteAverage": 0,
            "voteCounter": 0
        },
        "url": "https://images.marinetraffic.com/collection/4047623.webp?size=800"
    },
    {
        "photoId": 4045702,
        "placeTaken": "Maasvlakte Rotterdam",
        "takenAt": 1601381580,
        "copyright": "Patrick Deenik",
        "description": null,
        "asset": {
            "id": 121718,
            "type": "Cargo",
            "name": "PICTOR"
        },
        "rating": {
            "voteAverage": 0,
            "voteCounter": 0
        },
        "url": "https://images.marinetraffic.com/collection/4045702.webp?size=800"
    },
    {
        "photoId": 4045701,
        "placeTaken": "Maasvlakte Rotterdam",
        "takenAt": 1601381280,
        "copyright": "Patrick Deenik",
        "description": null,
        "asset": {
            "id": 121718,
            "type": "Cargo",
            "name": "PICTOR"
        },
        "rating": {
            "voteAverage": 0,
            "voteCounter": 0
        },
        "url": "https://images.marinetraffic.com/collection/4045701.webp?size=800"
    },
    {
        "photoId": 4003210,
        "placeTaken": "Breeddiep.",
        "takenAt": 1595255400,
        "copyright": "Ed Kaas",
        "description": null,
        "asset": {
            "id": 538090569,
            "type": "Exname",
            "name": "PICTOR J"
        },
        "rating": {
            "voteAverage": 5,
            "voteCounter": 3
        },
        "url": "https://images.marinetraffic.com/collection/4003210.webp?size=800"
    },
    {
        "photoId": 3978724,
        "placeTaken": "Sletterhage Lighthouse, Denmark",
        "takenAt": 1596738780,
        "copyright": "Ole Nordahn Lyndgaard",
        "description": null,
        "asset": {
            "id": 121718,
            "type": "Cargo",
            "name": "PICTOR J"
        },
        "rating": {
            "voteAverage": 0,
            "voteCounter": 0
        },
        "url": "https://images.marinetraffic.com/collection/3978724.webp?size=800"
    },
    {
        "photoId": 3885820,
        "placeTaken": "Maassluis",
        "takenAt": 1589215560,
        "copyright": "cmp klink",
        "description": null,
        "asset": {
            "id": 121718,
            "type": "Cargo",
            "name": "PICTOR J"
        },
        "rating": {
            "voteAverage": 0,
            "voteCounter": 0
        },
        "url": "https://images.marinetraffic.com/collection/3885820.webp?size=800"
    },
    {
        "photoId": 3833197,
        "placeTaken": "Portland, Maine, USA",
        "takenAt": 1561197900,
        "copyright": "Shiphotos...by Paul Beesley",
        "description": "Pictor J alongside Portland, Maine, USA.  June 22, 2019.",
        "asset": {
            "id": 121718,
            "type": "Tanker",
            "name": "PICTOR J"
        },
        "rating": {
            "voteAverage": 5,
            "voteCounter": 1
        },
        "url": "https://images.marinetraffic.com/collection/3833197.webp?size=800"
    },
    {
        "photoId": 3833196,
        "placeTaken": "Portland, Maine, USA",
        "takenAt": 1561197420,
        "copyright": "Shiphotos...by Paul Beesley",
        "description": "Pictor J alongside Portland, Maine, USA.  Pilot boat Spring Point alongside waiting for pilot to disembark.  June 22, 2019.",
        "asset": {
            "id": 121718,
            "type": "Tanker",
            "name": "PICTOR J"
        },
        "rating": {
            "voteAverage": 0,
            "voteCounter": 0
        },
        "url": "https://images.marinetraffic.com/collection/3833196.webp?size=800"
    },
    {
        "photoId": 3833195,
        "placeTaken": "Portland, Maine, USA",
        "takenAt": 1561196520,
        "copyright": "Shiphotos...by Paul Beesley",
        "description": "Pictor J inbound Portland, Maine, USA.  June 22, 2019.",
        "asset": {
            "id": 209204000,
            "type": "Exname",
            "name": "PICTOR J"
        },
        "rating": {
            "voteAverage": 5,
            "voteCounter": 1
        },
        "url": "https://images.marinetraffic.com/collection/3833195.webp?size=800"
    },
    {
        "photoId": 3832317,
        "placeTaken": "Portland, Maine, USA",
        "takenAt": 1559396520,
        "copyright": "Shiphotos...by Paul Beesley",
        "description": "Pictor J alongside the container pier in Portland, Maine, USA.  June 1, 2019.",
        "asset": {
            "id": 121718,
            "type": "Cargo",
            "name": "PICTOR J"
        },
        "rating": {
            "voteAverage": 0,
            "voteCounter": 0
        },
        "url": "https://images.marinetraffic.com/collection/3832317.webp?size=800"
    }
]