[
    {
        "photoId": 3332795,
        "placeTaken": "Kiel kanal.",
        "takenAt": 1528666080,
        "copyright": "Magnar Lyngstad",
        "description": null,
        "asset": {
            "id": 121718,
            "type": "Cargo",
            "name": "PICTOR J"
        },
        "rating": {
            "voteAverage": 5,
            "voteCounter": 1
        },
        "url": "https://images.marinetraffic.com/collection/3332795.webp?size=800"
    },
    {
        "photoId": 3332792,
        "placeTaken": "Kiel kanal.",
        "takenAt": 1528665960,
        "copyright": "Magnar Lyngstad",
        "description": null,
        "asset": {
            "id": 121718,
            "type": "Cargo",
            "name": "PICTOR J"
        },
        "rating": {
            "voteAverage": 5,
            "voteCounter": 3
        },
        "url": "https://images.marinetraffic.com/collection/3332792.webp?size=800"
    },
    {
        "photoId": 3322613,
        "placeTaken": "Elbe, Gruenendeich GER",
        "takenAt": 1535053620,
        "copyright": "FBN Raiger",
        "description": "Elbe, outbound Hamburg",
        "asset": {
            "id": 121718,
            "type": "Cargo",
            "name": "PICTOR J"
        },
        "rating": {
            "voteAverage": 5,
            "voteCounter": 17
        },
        "url": "https://images.marinetraffic.com/collection/3322613.webp?size=800"
    },
    {
        "photoId": 3322612,
        "placeTaken": "Elbe, Gruenendeich GER",
        "takenAt": 1535053560,
        "copyright": "FBN Raiger",
        "description": "Elbe, outbound Hamburg",
        "asset": {
            "id": 121718,
            "type": "Cargo",
            "name": "PICTOR J"
        },
        "rating": {
            "voteAverage": 5,
            "voteCounter": 20
        },
        "url": "https://images.marinetraffic.com/collection/3322612.webp?size=800"
    },
    {
        "photoId": 3250957,
        "placeTaken": "Kiel",
        "takenAt": 1537798800,
        "copyright": "Nico Schumacher",
        "description": null,
        "asset": {
            "id": 121718,
            "type": "Cargo",
            "name": "PICTOR J"
        },
        "rating": {
            "voteAverage": 5,
            "voteCounter": 1
        },
        "url": "https://images.marinetraffic.com/collection/3250957.webp?size=800"
    },
    {
        "photoId": 3230624,
        "placeTaken": "Copenhagen, Denmark",
        "takenAt": 1536409980,
        "copyright": "smp",
        "description": null,
        "asset": {
            "id": 121718,
            "type": "Cargo",
            "name": "PICTOR J"
        },
        "rating": {
            "voteAverage": 0,
            "voteCounter": 0
        },
        "url": "https://images.marinetraffic.com/collection/3230624.webp?size=800"
    },
    {
        "photoId": 3224408,
        "placeTaken": "Kiel Canal",
        "takenAt": 1535905500,
        "copyright": "Lutz Worch",
        "description": null,
        "asset": {
            "id": 121718,
            "type": "Cargo",
            "name": "PICTOR J"
        },
        "rating": {
            "voteAverage": 5,
            "voteCounter": 1
        },
        "url": "https://images.marinetraffic.com/collection/3224408.webp?size=800"
    },
    {
        "photoId": 3215548,
        "placeTaken": "Kaiserhafen, Bremerhaven GER",
        "takenAt": 1530204420,
        "copyright": "FBN Raiger",
        "description": "Kaiserhafen, Bremerhaven GER",
        "asset": {
            "id": 121718,
            "type": "Cargo",
            "name": "PICTOR J"
        },
        "rating": {
            "voteAverage": 5,
            "voteCounter": 11
        },
        "url": "https://images.marinetraffic.com/collection/3215548.webp?size=800"
    },
    {
        "photoId": 3215547,
        "placeTaken": "Kaiserhafen, Bremerhaven GER",
        "takenAt": 1530204360,
        "copyright": "FBN Raiger",
        "description": "Kaiserhafen, Bremerhaven GER",
        "asset": {
            "id": 121718,
            "type": "Cargo",
            "name": "PICTOR J"
        },
        "rating": {
            "voteAverage": 5,
            "voteCounter": 18
        },
        "url": "https://images.marinetraffic.com/collection/3215547.webp?size=800"
    },
    {
        "photoId": 3185084,
        "placeTaken": "Kieler Foerde",
        "takenAt": 1533063180,
        "copyright": "Manfred Sesemann",
        "description": null,
        "asset": {
            "id": 121718,
            "type": "Cargo",
            "name": "PICTOR J"
        },
        "rating": {
            "voteAverage": 0,
            "voteCounter": 0
        },
        "url": "https://images.marinetraffic.com/collection/3185084.webp?size=800"
    },
    {
        "photoId": 3185083,
        "placeTaken": "Kieler Foerde",
        "takenAt": 1533062580,
        "copyright": "Manfred Sesemann",
        "description": null,
        "asset": {
            "id": 121718,
            "type": "Cargo",
            "name": "PICTOR J"
        },
        "rating": {
            "voteAverage": 5,
            "voteCounter": 1
        },
        "url": "https://images.marinetraffic.com/collection/3185083.webp?size=800"
    },
    {
        "photoId": 3182651,
        "placeTaken": "Cuxhaven",
        "takenAt": 1523017440,
        "copyright": "Reinhard Schmidt",
        "description": null,
        "asset": {
            "id": 121718,
            "type": "Cargo",
            "name": "PICTOR J"
        },
        "rating": {
            "voteAverage": 0,
            "voteCounter": 0
        },
        "url": "https://images.marinetraffic.com/collection/3182651.webp?size=800"
    },
    {
        "photoId": 3175314,
        "placeTaken": "Cuxhaven",
        "takenAt": 1522411560,
        "copyright": "Reinhard Schmidt",
        "description": null,
        "asset": {
            "id": 121718,
            "type": "Cargo",
            "name": "PICTOR J"
        },
        "rating": {
            "voteAverage": 0,
            "voteCounter": 0
        },
        "url": "https://images.marinetraffic.com/collection/3175314.webp?size=800"
    },
    {
        "photoId": 3160095,
        "placeTaken": "NOK - Holtenau-Kiel",
        "takenAt": 1531426920,
        "copyright": "Peter aus Holtenau",
        "description": null,
        "asset": {
            "id": 121718,
            "type": "Cargo",
            "name": "PICTOR J"
        },
        "rating": {
            "voteAverage": 5,
            "voteCounter": 4
        },
        "url": "https://images.marinetraffic.com/collection/3160095.webp?size=800"
    },
    {
        "photoId": 3155670,
        "placeTaken": "NOK - Holtenau-Kiel",
        "takenAt": 1531161180,
        "copyright": "Peter aus Holtenau",
        "description": null,
        "asset": {
            "id": 121718,
            "type": "Cargo",
            "name": "PICTOR J"
        },
        "rating": {
            "voteAverage": 0,
            "voteCounter": 0
        },
        "url": "https://images.marinetraffic.com/collection/3155670.webp?size=800"
    },
    {
        "photoId": 3155665,
        "placeTaken": "NOK - Holtenau-Kiel",
        "takenAt": 1531161060,
        "copyright": "Peter aus Holtenau",
        "description": null,
        "asset": {
            "id": 121718,
            "type": "Cargo",
            "name": "PICTOR J"
        },
        "rating": {
            "voteAverage": 5,
            "voteCounter": 6
        },
        "url": "https://images.marinetraffic.com/collection/3155665.webp?size=800"
    },
    {
        "photoId": 3151919,
        "placeTaken": "NOK, bei Fischerhtte",
        "takenAt": 1530355320,
        "copyright": "uwe heimhold",
        "description": null,
        "asset": {
            "id": 121718,
            "type": "Cargo",
            "name": "PICTOR J"
        },
        "rating": {
            "voteAverage": 5,
            "voteCounter": 2
        },
        "url": "https://images.marinetraffic.com/collection/3151919.webp?size=800"
    },
    {
        "photoId": 3071361,
        "placeTaken": "Stromkaje, Bremerhaven, Germany",
        "takenAt": 1523875740,
        "copyright": "Sascha Raith",
        "description": null,
        "asset": {
            "id": 121718,
            "type": "Cargo",
            "name": "PICTOR J"
        },
        "rating": {
            "voteAverage": 0,
            "voteCounter": 0
        },
        "url": "https://images.marinetraffic.com/collection/3071361.webp?size=800"
    },
    {
        "photoId": 2983278,
        "placeTaken": "NOK - Holtenau-Kiel",
        "takenAt": 1518104640,
        "copyright": "Peter aus Holtenau",
        "description": null,
        "asset": {
            "id": 121718,
            "type": "Cargo",
            "name": "PICTOR J"
        },
        "rating": {
            "voteAverage": 5,
            "voteCounter": 1
        },
        "url": "https://images.marinetraffic.com/collection/2983278.webp?size=800"
    },
    {
        "photoId": 2981430,
        "placeTaken": "Heikendorf",
        "takenAt": 1431861180,
        "copyright": "Bjarne Wendt",
        "description": null,
        "asset": {
            "id": 121718,
            "type": "Cargo",
            "name": "PICTOR J"
        },
        "rating": {
            "voteAverage": 0,
            "voteCounter": 0
        },
        "url": "https://images.marinetraffic.com/collection/2981430.webp?size=800"
    }
]