[
    {
        "photoId": 2544086,
        "placeTaken": "Maasmond, Rotterdam NL",
        "takenAt": 1470492660,
        "copyright": "Stefan Lemmens",
        "description": null,
        "asset": {
            "id": 1520600,
            "type": "Cargo",
            "name": "MUNKEBO MAERSK"
        },
        "rating": {
            "voteAverage": 0,
            "voteCounter": 0
        },
        "url": "https://images.marinetraffic.com/collection/2544086.webp?size=800"
    },
    {
        "photoId": 2544085,
        "placeTaken": "Maasmond, Rotterdam NL",
        "takenAt": 1470491760,
        "copyright": "Stefan Lemmens",
        "description": null,
        "asset": {
            "id": 1520600,
            "type": "Cargo",
            "name": "MUNKEBO MAERSK"
        },
        "rating": {
            "voteAverage": 5,
            "voteCounter": 1
        },
        "url": "https://images.marinetraffic.com/collection/2544085.webp?size=800"
    },
    {
        "photoId": 2420181,
        "placeTaken": "rotterdam",
        "takenAt": 1470495960,
        "copyright": "John Downs",
        "description": null,
        "asset": {
            "id": 1520600,
            "type": "Cargo",
            "name": "MUNKEBO MAERSK"
        },
        "rating": {
            "voteAverage": 0,
            "voteCounter": 0
        },
        "url": "https://images.marinetraffic.com/collection/2420181.webp?size=800"
    },
    {
        "photoId": 2405512,
        "placeTaken": "Bremerhaven",
        "takenAt": 1463670840,
        "copyright": "Bettina Rohbrecht",
        "description": null,
        "asset": {
            "id": 1520600,
            "type": "Cargo",
            "name": "MUNKEBO MAERSK"
        },
        "rating": {
            "voteAverage": 0,
            "voteCounter": 0
        },
        "url": "https://images.marinetraffic.com/collection/2405512.webp?size=800"
    },
    {
        "photoId": 2405511,
        "placeTaken": "Bremerhaven",
        "takenAt": 1463670300,
        "copyright": "Bettina Rohbrecht",
        "description": null,
        "asset": {
            "id": 1520600,
            "type": "Cargo",
            "name": "MUNKEBO MAERSK"
        },
        "rating": {
            "voteAverage": 0,
            "voteCounter": 0
        },
        "url": "https://images.marinetraffic.com/collection/2405511.webp?size=800"
    },
    {
        "photoId": 2405493,
        "placeTaken": "Bremerhaven",
        "takenAt": 1463669220,
        "copyright": "Bettina Rohbrecht",
        "description": null,
        "asset": {
            "id": 1520600,
            "type": "Cargo",
            "name": "MUNKEBO MAERSK"
        },
        "rating": {
            "voteAverage": 0,
            "voteCounter": 0
        },
        "url": "https://images.marinetraffic.com/collection/2405493.webp?size=800"
    },
    {
        "photoId": 2402615,
        "placeTaken": "Felixstowe",
        "takenAt": 1469525460,
        "copyright": "paul hiett",
        "description": null,
        "asset": {
            "id": 1520600,
            "type": "Cargo",
            "name": "MUNKEBO MAERSK"
        },
        "rating": {
            "voteAverage": 0,
            "voteCounter": 0
        },
        "url": "https://images.marinetraffic.com/collection/2402615.webp?size=800"
    },
    {
        "photoId": 2234249,
        "placeTaken": "felixstowe",
        "takenAt": 1455966180,
        "copyright": "paul hiett",
        "description": null,
        "asset": {
            "id": 1520600,
            "type": "Cargo",
            "name": "MUNKEBO MAERSK"
        },
        "rating": {
            "voteAverage": 0,
            "voteCounter": 0
        },
        "url": "https://images.marinetraffic.com/collection/2234249.webp?size=800"
    },
    {
        "photoId": 2202603,
        "placeTaken": "Busan New Port, Rep. of Korea",
        "takenAt": 1421163540,
        "copyright": "V. Tonic",
        "description": "Departing Busan New Port.",
        "asset": {
            "id": 1520600,
            "type": "Cargo",
            "name": "MUNKEBO MAERSK"
        },
        "rating": {
            "voteAverage": 0,
            "voteCounter": 0
        },
        "url": "https://images.marinetraffic.com/collection/2202603.webp?size=800"
    },
    {
        "photoId": 2202602,
        "placeTaken": "Busan New Port, Rep. of Korea",
        "takenAt": 1421163240,
        "copyright": "V. Tonic",
        "description": "Departing Busan New Port.",
        "asset": {
            "id": 1520600,
            "type": "Cargo",
            "name": "MUNKEBO MAERSK"
        },
        "rating": {
            "voteAverage": 0,
            "voteCounter": 0
        },
        "url": "https://images.marinetraffic.com/collection/2202602.webp?size=800"
    },
    {
        "photoId": 2168853,
        "placeTaken": "Maasvlakte - Rotterdam",
        "takenAt": 1444577520,
        "copyright": "Pablo Guebey",
        "description": null,
        "asset": {
            "id": 1520600,
            "type": "Cargo",
            "name": "MUNKEBO MAERSK"
        },
        "rating": {
            "voteAverage": 4.5,
            "voteCounter": 2
        },
        "url": "https://images.marinetraffic.com/collection/2168853.webp?size=800"
    },
    {
        "photoId": 2168852,
        "placeTaken": "Maasvlakte - Rotterdam",
        "takenAt": 1444577820,
        "copyright": "Pablo Guebey",
        "description": null,
        "asset": {
            "id": 1520600,
            "type": "Cargo",
            "name": "MUNKEBO MAERSK"
        },
        "rating": {
            "voteAverage": 5,
            "voteCounter": 2
        },
        "url": "https://images.marinetraffic.com/collection/2168852.webp?size=800"
    },
    {
        "photoId": 2131064,
        "placeTaken": "Brhaven",
        "takenAt": 1444330500,
        "copyright": "Buggi Porschien",
        "description": null,
        "asset": {
            "id": 1520600,
            "type": "Cargo",
            "name": "MUNKEBO MAERSK"
        },
        "rating": {
            "voteAverage": 0,
            "voteCounter": 0
        },
        "url": "https://images.marinetraffic.com/collection/2131064.webp?size=800"
    },
    {
        "photoId": 2130514,
        "placeTaken": "Okpo, Rep. of Korea",
        "takenAt": 1415264880,
        "copyright": "V. Tonic",
        "description": "Returning from her sea trials.",
        "asset": {
            "id": 1520600,
            "type": "Cargo",
            "name": "MUNKEBO MAERSK"
        },
        "rating": {
            "voteAverage": 0,
            "voteCounter": 0
        },
        "url": "https://images.marinetraffic.com/collection/2130514.webp?size=800"
    },
    {
        "photoId": 2130513,
        "placeTaken": "Okpo, Rep. of Korea",
        "takenAt": 1415264340,
        "copyright": "V. Tonic",
        "description": "Returning from her sea trials.",
        "asset": {
            "id": 1520600,
            "type": "Cargo",
            "name": "MUNKEBO MAERSK"
        },
        "rating": {
            "voteAverage": 0,
            "voteCounter": 0
        },
        "url": "https://images.marinetraffic.com/collection/2130513.webp?size=800"
    },
    {
        "photoId": 2130512,
        "placeTaken": "Okpo, Rep. of Korea",
        "takenAt": 1415264100,
        "copyright": "V. Tonic",
        "description": "Returning from her sea trials.",
        "asset": {
            "id": 1520600,
            "type": "Cargo",
            "name": "MUNKEBO MAERSK"
        },
        "rating": {
            "voteAverage": 0,
            "voteCounter": 0
        },
        "url": "https://images.marinetraffic.com/collection/2130512.webp?size=800"
    },
    {
        "photoId": 2044253,
        "placeTaken": "felixstowe",
        "takenAt": 1438156500,
        "copyright": "paul hiett",
        "description": null,
        "asset": {
            "id": 1520600,
            "type": "Cargo",
            "name": "MUNKEBO MAERSK"
        },
        "rating": {
            "voteAverage": 0,
            "voteCounter": 0
        },
        "url": "https://images.marinetraffic.com/collection/2044253.webp?size=800"
    },
    {
        "photoId": 2044213,
        "placeTaken": "Bremerhaven",
        "takenAt": 1437665100,
        "copyright": "Claus Schaefe",
        "description": null,
        "asset": {
            "id": 1520600,
            "type": "Cargo",
            "name": "MUNKEBO MAERSK"
        },
        "rating": {
            "voteAverage": 5,
            "voteCounter": 1
        },
        "url": "https://images.marinetraffic.com/collection/2044213.webp?size=800"
    },
    {
        "photoId": 2040903,
        "placeTaken": "Wilhelmshaven",
        "takenAt": 1437765240,
        "copyright": "Thomas Pint",
        "description": "Einlaufen zum JadeWeserPort",
        "asset": {
            "id": 1520600,
            "type": "Cargo",
            "name": "MUNKEBO MAERSK"
        },
        "rating": {
            "voteAverage": 0,
            "voteCounter": 0
        },
        "url": "https://images.marinetraffic.com/collection/2040903.webp?size=800"
    },
    {
        "photoId": 2016199,
        "placeTaken": "DPWorld London Gateway",
        "takenAt": 1424940480,
        "copyright": "Karl Ford-Lissenden",
        "description": null,
        "asset": {
            "id": 1520600,
            "type": "Cargo",
            "name": "MUNKEBO MAERSK"
        },
        "rating": {
            "voteAverage": 0,
            "voteCounter": 0
        },
        "url": "https://images.marinetraffic.com/collection/2016199.webp?size=800"
    }
]