[
    {
        "photoId": 2838977,
        "placeTaken": "Yangtzekanaal Rotterdam",
        "takenAt": 1505129760,
        "copyright": "F. Nijenhuis",
        "description": null,
        "asset": {
            "id": 1520600,
            "type": "Cargo",
            "name": "MUNKEBO MAERSK"
        },
        "rating": {
            "voteAverage": 5,
            "voteCounter": 1
        },
        "url": "https://images.marinetraffic.com/collection/2838977.webp?size=800"
    },
    {
        "photoId": 2838836,
        "placeTaken": "Rotterdam ",
        "takenAt": 1505134440,
        "copyright": "Johan Klos",
        "description": "leaving by apm2 ",
        "asset": {
            "id": 1520600,
            "type": "Cargo",
            "name": "MUNKEBO MAERSK"
        },
        "rating": {
            "voteAverage": 0,
            "voteCounter": 0
        },
        "url": "https://images.marinetraffic.com/collection/2838836.webp?size=800"
    },
    {
        "photoId": 2773539,
        "placeTaken": "Bremerhaven",
        "takenAt": 1434043140,
        "copyright": "Rolf Bridde",
        "description": null,
        "asset": {
            "id": 1520600,
            "type": "Cargo",
            "name": "MUNKEBO MAERSK"
        },
        "rating": {
            "voteAverage": 5,
            "voteCounter": 2
        },
        "url": "https://images.marinetraffic.com/collection/2773539.webp?size=800"
    },
    {
        "photoId": 2751357,
        "placeTaken": "Bremerhaven Stromkaje",
        "takenAt": 1467566880,
        "copyright": "Sven Beer",
        "description": null,
        "asset": {
            "id": 1520600,
            "type": "Cargo",
            "name": "MUNKEBO MAERSK"
        },
        "rating": {
            "voteAverage": 0,
            "voteCounter": 0
        },
        "url": "https://images.marinetraffic.com/collection/2751357.webp?size=800"
    },
    {
        "photoId": 2734348,
        "placeTaken": "DK Spodsbjerg",
        "takenAt": 1498155180,
        "copyright": "Kerstin Fischer",
        "description": null,
        "asset": {
            "id": 1520600,
            "type": "Cargo",
            "name": "MUNKEBO MAERSK"
        },
        "rating": {
            "voteAverage": 0,
            "voteCounter": 0
        },
        "url": "https://images.marinetraffic.com/collection/2734348.webp?size=800"
    },
    {
        "photoId": 2734346,
        "placeTaken": "DK Spodsbjerg",
        "takenAt": 1498154880,
        "copyright": "Kerstin Fischer",
        "description": null,
        "asset": {
            "id": 1520600,
            "type": "Cargo",
            "name": "MUNKEBO MAERSK"
        },
        "rating": {
            "voteAverage": 0,
            "voteCounter": 0
        },
        "url": "https://images.marinetraffic.com/collection/2734346.webp?size=800"
    },
    {
        "photoId": 2734344,
        "placeTaken": "DK Spodsbjerg",
        "takenAt": 1498154520,
        "copyright": "Kerstin Fischer",
        "description": null,
        "asset": {
            "id": 1520600,
            "type": "Cargo",
            "name": "MUNKEBO MAERSK"
        },
        "rating": {
            "voteAverage": 0,
            "voteCounter": 0
        },
        "url": "https://images.marinetraffic.com/collection/2734344.webp?size=800"
    },
    {
        "photoId": 2734341,
        "placeTaken": "DK Spodsbjerg",
        "takenAt": 1498154460,
        "copyright": "Kerstin Fischer",
        "description": null,
        "asset": {
            "id": 1520600,
            "type": "Cargo",
            "name": "MUNKEBO MAERSK"
        },
        "rating": {
            "voteAverage": 0,
            "voteCounter": 0
        },
        "url": "https://images.marinetraffic.com/collection/2734341.webp?size=800"
    },
    {
        "photoId": 2709797,
        "placeTaken": null,
        "takenAt": null,
        "copyright": "Maik Ebel - www.ship-photos.de",
        "description": null,
        "asset": {
            "id": 1520600,
            "type": "Cargo",
            "name": "MUNKEBO MAERSK"
        },
        "rating": {
            "voteAverage": 0,
            "voteCounter": 0
        },
        "url": "https://images.marinetraffic.com/collection/2709797.webp?size=800"
    },
    {
        "photoId": 2695324,
        "placeTaken": "Busan New Port, Rep. of Korea",
        "takenAt": 1447932900,
        "copyright": "V. Tonic",
        "description": "Arriving at Busan New Port.",
        "asset": {
            "id": 1520600,
            "type": "Cargo",
            "name": "MUNKEBO MAERSK"
        },
        "rating": {
            "voteAverage": 0,
            "voteCounter": 0
        },
        "url": "https://images.marinetraffic.com/collection/2695324.webp?size=800"
    },
    {
        "photoId": 2695321,
        "placeTaken": "Busan New Port, Rep. of Korea",
        "takenAt": 1447932660,
        "copyright": "V. Tonic",
        "description": "Arriving at Busan New Port.",
        "asset": {
            "id": 1520600,
            "type": "Cargo",
            "name": "MUNKEBO MAERSK"
        },
        "rating": {
            "voteAverage": 5,
            "voteCounter": 1
        },
        "url": "https://images.marinetraffic.com/collection/2695321.webp?size=800"
    },
    {
        "photoId": 2652263,
        "placeTaken": "Container Terminal Wilhelmshaven",
        "takenAt": 1431177480,
        "copyright": "Uwe Ostermoor",
        "description": "Munkebo Maersk, and in the background Maribo Maersk",
        "asset": {
            "id": 1520600,
            "type": "Cargo",
            "name": "MUNKEBO MAERSK"
        },
        "rating": {
            "voteAverage": 0,
            "voteCounter": 0
        },
        "url": "https://images.marinetraffic.com/collection/2652263.webp?size=800"
    },
    {
        "photoId": 2639112,
        "placeTaken": "Pr.Amaliahaven Rotterdam.",
        "takenAt": 1490536320,
        "copyright": "Lammert Melk",
        "description": null,
        "asset": {
            "id": 1520600,
            "type": "Cargo",
            "name": "MUNKEBO MAERSK"
        },
        "rating": {
            "voteAverage": 0,
            "voteCounter": 0
        },
        "url": "https://images.marinetraffic.com/collection/2639112.webp?size=800"
    },
    {
        "photoId": 2639110,
        "placeTaken": "Pr.Amaliahaven Rotterdam.",
        "takenAt": 1490535960,
        "copyright": "Lammert Melk",
        "description": null,
        "asset": {
            "id": 1520600,
            "type": "Cargo",
            "name": "MUNKEBO MAERSK"
        },
        "rating": {
            "voteAverage": 0,
            "voteCounter": 0
        },
        "url": "https://images.marinetraffic.com/collection/2639110.webp?size=800"
    },
    {
        "photoId": 2571243,
        "placeTaken": "GIBRALTAR",
        "takenAt": 1485001080,
        "copyright": "GIBFRAN46",
        "description": null,
        "asset": {
            "id": 1520600,
            "type": "Cargo",
            "name": "MUNKEBO MAERSK"
        },
        "rating": {
            "voteAverage": 0,
            "voteCounter": 0
        },
        "url": "https://images.marinetraffic.com/collection/2571243.webp?size=800"
    },
    {
        "photoId": 2562569,
        "placeTaken": "Bremerhaven",
        "takenAt": 1484397300,
        "copyright": "Rolf Bridde",
        "description": null,
        "asset": {
            "id": 1520600,
            "type": "Cargo",
            "name": "MUNKEBO MAERSK"
        },
        "rating": {
            "voteAverage": 5,
            "voteCounter": 1
        },
        "url": "https://images.marinetraffic.com/collection/2562569.webp?size=800"
    },
    {
        "photoId": 2562567,
        "placeTaken": "Bremerhaven",
        "takenAt": 1484396760,
        "copyright": "Rolf Bridde",
        "description": null,
        "asset": {
            "id": 1520600,
            "type": "Cargo",
            "name": "MUNKEBO MAERSK"
        },
        "rating": {
            "voteAverage": 5,
            "voteCounter": 1
        },
        "url": "https://images.marinetraffic.com/collection/2562567.webp?size=800"
    },
    {
        "photoId": 2562563,
        "placeTaken": "Bremerhaven",
        "takenAt": 1484396040,
        "copyright": "Rolf Bridde",
        "description": null,
        "asset": {
            "id": 1520600,
            "type": "Cargo",
            "name": "MUNKEBO MAERSK"
        },
        "rating": {
            "voteAverage": 5,
            "voteCounter": 5
        },
        "url": "https://images.marinetraffic.com/collection/2562563.webp?size=800"
    },
    {
        "photoId": 2559081,
        "placeTaken": "Gdansk",
        "takenAt": 1483968900,
        "copyright": "Piotr Jaglinski",
        "description": "Port of Gdansk - Deepwater Container Terminal II",
        "asset": {
            "id": 1520600,
            "type": "Cargo",
            "name": "MUNKEBO MAERSK"
        },
        "rating": {
            "voteAverage": 0,
            "voteCounter": 0
        },
        "url": "https://images.marinetraffic.com/collection/2559081.webp?size=800"
    },
    {
        "photoId": 2544087,
        "placeTaken": "Maasmond, Rotterdam NL",
        "takenAt": 1470493080,
        "copyright": "Stefan Lemmens",
        "description": null,
        "asset": {
            "id": 1520600,
            "type": "Cargo",
            "name": "MUNKEBO MAERSK"
        },
        "rating": {
            "voteAverage": 0,
            "voteCounter": 0
        },
        "url": "https://images.marinetraffic.com/collection/2544087.webp?size=800"
    }
]