[
    {
        "photoId": 4994990,
        "placeTaken": "LISBOA",
        "takenAt": 1660237680,
        "copyright": "FERNANDO.R",
        "description": null,
        "asset": {
            "id": 104741,
            "type": "Cargo",
            "name": "CORVO"
        },
        "rating": {
            "voteAverage": 0,
            "voteCounter": 0
        },
        "url": "https://images.marinetraffic.com/collection/4994990.webp?size=800"
    },
    {
        "photoId": 4991946,
        "placeTaken": null,
        "takenAt": 1677925800,
        "copyright": "adrianwheatleyhotmail. com",
        "description": null,
        "asset": {
            "id": 104741,
            "type": "Cargo",
            "name": "CORVO"
        },
        "rating": {
            "voteAverage": 0,
            "voteCounter": 0
        },
        "url": "https://images.marinetraffic.com/collection/4991946.webp?size=800"
    },
    {
        "photoId": 4679390,
        "placeTaken": "Porta Delgarda, Azorerne",
        "takenAt": 1653298380,
        "copyright": "Adolf S\u00f8rensen",
        "description": null,
        "asset": {
            "id": 104741,
            "type": "Cargo",
            "name": "CORVO"
        },
        "rating": {
            "voteAverage": 0,
            "voteCounter": 0
        },
        "url": "https://images.marinetraffic.com/collection/4679390.webp?size=800"
    },
    {
        "photoId": 4586654,
        "placeTaken": "Ponta Delgada",
        "takenAt": 1375433340,
        "copyright": "Egil Dammen",
        "description": null,
        "asset": {
            "id": 104741,
            "type": "Cargo",
            "name": "CORVO"
        },
        "rating": {
            "voteAverage": 0,
            "voteCounter": 0
        },
        "url": "https://images.marinetraffic.com/collection/4586654.webp?size=800"
    },
    {
        "photoId": 4586653,
        "placeTaken": "Ponta Delgada",
        "takenAt": 1375433160,
        "copyright": "Egil Dammen",
        "description": null,
        "asset": {
            "id": 104741,
            "type": "Cargo",
            "name": "CORVO"
        },
        "rating": {
            "voteAverage": 0,
            "voteCounter": 0
        },
        "url": "https://images.marinetraffic.com/collection/4586653.webp?size=800"
    },
    {
        "photoId": 4113252,
        "placeTaken": "Port of So Roque Pico",
        "takenAt": 1607613900,
        "copyright": "Miguel N\u00f3ia",
        "description": null,
        "asset": {
            "id": 104741,
            "type": "Cargo",
            "name": "CORVO"
        },
        "rating": {
            "voteAverage": 0,
            "voteCounter": 0
        },
        "url": "https://images.marinetraffic.com/collection/4113252.webp?size=800"
    },
    {
        "photoId": 3676316,
        "placeTaken": "Porto das Lajes das Flores - Ilha das Flores",
        "takenAt": 1419013380,
        "copyright": "Tito Noia",
        "description": null,
        "asset": {
            "id": 104741,
            "type": "Cargo",
            "name": "CORVO"
        },
        "rating": {
            "voteAverage": 0,
            "voteCounter": 0
        },
        "url": "https://images.marinetraffic.com/collection/3676316.webp?size=800"
    },
    {
        "photoId": 3627536,
        "placeTaken": null,
        "takenAt": 1567513800,
        "copyright": "Fabio  Silva",
        "description": null,
        "asset": {
            "id": 104741,
            "type": "Cargo",
            "name": "CORVO"
        },
        "rating": {
            "voteAverage": 0,
            "voteCounter": 0
        },
        "url": "https://images.marinetraffic.com/collection/3627536.webp?size=800"
    },
    {
        "photoId": 3616148,
        "placeTaken": null,
        "takenAt": 1565795100,
        "copyright": "Vasco Cardoso",
        "description": null,
        "asset": {
            "id": 104741,
            "type": "Cargo",
            "name": "CORVO"
        },
        "rating": {
            "voteAverage": 0,
            "voteCounter": 0
        },
        "url": "https://images.marinetraffic.com/collection/3616148.webp?size=800"
    },
    {
        "photoId": 3287941,
        "placeTaken": "Ponta Delgada - Aores",
        "takenAt": 1537184340,
        "copyright": "HUTSE Luc",
        "description": null,
        "asset": {
            "id": 104741,
            "type": "Cargo",
            "name": "CORVO"
        },
        "rating": {
            "voteAverage": 5,
            "voteCounter": 3
        },
        "url": "https://images.marinetraffic.com/collection/3287941.webp?size=800"
    },
    {
        "photoId": 3224986,
        "placeTaken": "Ponta Delgada, Portugal",
        "takenAt": 1534833780,
        "copyright": "Joseph Kutta",
        "description": null,
        "asset": {
            "id": 104741,
            "type": "Cargo",
            "name": "CORVO"
        },
        "rating": {
            "voteAverage": 5,
            "voteCounter": 5
        },
        "url": "https://images.marinetraffic.com/collection/3224986.webp?size=800"
    },
    {
        "photoId": 3224985,
        "placeTaken": "Ponta Delgada, Portugal",
        "takenAt": 1534866840,
        "copyright": "Joseph Kutta",
        "description": null,
        "asset": {
            "id": 104741,
            "type": "Cargo",
            "name": "CORVO"
        },
        "rating": {
            "voteAverage": 5,
            "voteCounter": 8
        },
        "url": "https://images.marinetraffic.com/collection/3224985.webp?size=800"
    },
    {
        "photoId": 2864356,
        "placeTaken": "Lisbonne",
        "takenAt": 1505226240,
        "copyright": "Paskal Bronnec",
        "description": null,
        "asset": {
            "id": 104741,
            "type": "Cargo",
            "name": "CORVO"
        },
        "rating": {
            "voteAverage": 0,
            "voteCounter": 0
        },
        "url": "https://images.marinetraffic.com/collection/2864356.webp?size=800"
    },
    {
        "photoId": 2524160,
        "placeTaken": "Lisbon",
        "takenAt": 1476351600,
        "copyright": "pauldimages.co.uk",
        "description": null,
        "asset": {
            "id": 104741,
            "type": "Cargo",
            "name": "CORVO"
        },
        "rating": {
            "voteAverage": 0,
            "voteCounter": 0
        },
        "url": "https://images.marinetraffic.com/collection/2524160.webp?size=800"
    },
    {
        "photoId": 2462129,
        "placeTaken": "Horta",
        "takenAt": 1470842580,
        "copyright": "Jean-Pierre Leon",
        "description": "Horta  Faial  Azores",
        "asset": {
            "id": 104741,
            "type": "Cargo",
            "name": "CORVO"
        },
        "rating": {
            "voteAverage": 0,
            "voteCounter": 0
        },
        "url": "https://images.marinetraffic.com/collection/2462129.webp?size=800"
    },
    {
        "photoId": 2364078,
        "placeTaken": "Ponta Delgada Azores",
        "takenAt": 1465240620,
        "copyright": "frans truyens",
        "description": null,
        "asset": {
            "id": 104741,
            "type": "Cargo",
            "name": "CORVO"
        },
        "rating": {
            "voteAverage": 0,
            "voteCounter": 0
        },
        "url": "https://images.marinetraffic.com/collection/2364078.webp?size=800"
    },
    {
        "photoId": 2314130,
        "placeTaken": "Ponta Delgada",
        "takenAt": 1462635720,
        "copyright": "TR Foto",
        "description": null,
        "asset": {
            "id": 104741,
            "type": "Cargo",
            "name": "CORVO"
        },
        "rating": {
            "voteAverage": 0,
            "voteCounter": 0
        },
        "url": "https://images.marinetraffic.com/collection/2314130.webp?size=800"
    },
    {
        "photoId": 1999193,
        "placeTaken": "Ponta Delgada Azores",
        "takenAt": 1434360240,
        "copyright": "frans truyens",
        "description": null,
        "asset": {
            "id": 104741,
            "type": "Cargo",
            "name": "CORVO"
        },
        "rating": {
            "voteAverage": 0,
            "voteCounter": 0
        },
        "url": "https://images.marinetraffic.com/collection/1999193.webp?size=800"
    },
    {
        "photoId": 1999190,
        "placeTaken": "Ponta Delgada Azores",
        "takenAt": 1433535240,
        "copyright": "frans truyens",
        "description": null,
        "asset": {
            "id": 104741,
            "type": "Cargo",
            "name": "CORVO"
        },
        "rating": {
            "voteAverage": 0,
            "voteCounter": 0
        },
        "url": "https://images.marinetraffic.com/collection/1999190.webp?size=800"
    },
    {
        "photoId": 1817814,
        "placeTaken": null,
        "takenAt": 1404576360,
        "copyright": "Nuno Mota Gomes",
        "description": null,
        "asset": {
            "id": 104741,
            "type": "Cargo",
            "name": "CORVO"
        },
        "rating": {
            "voteAverage": 0,
            "voteCounter": 0
        },
        "url": "https://images.marinetraffic.com/collection/1817814.webp?size=800"
    }
]