[
    {
        "photoId": 1112543,
        "placeTaken": "Lisboa",
        "takenAt": 1361899200,
        "copyright": "Joao Carvalho",
        "description": null,
        "asset": {
            "id": 104741,
            "type": "Cargo",
            "name": "CORVO"
        },
        "rating": {
            "voteAverage": 5,
            "voteCounter": 1
        },
        "url": "https://images.marinetraffic.com/collection/1112543.webp?size=800"
    },
    {
        "photoId": 1086129,
        "placeTaken": "Lisboa",
        "takenAt": 1359479700,
        "copyright": "Ricardo Martins",
        "description": "Corvo leaving Lisboa",
        "asset": {
            "id": 104741,
            "type": "Cargo",
            "name": "CORVO"
        },
        "rating": {
            "voteAverage": 4,
            "voteCounter": 1
        },
        "url": "https://images.marinetraffic.com/collection/1086129.webp?size=800"
    },
    {
        "photoId": 933772,
        "placeTaken": "Leix\u00f5es",
        "takenAt": 1346403180,
        "copyright": "Jose Antonio Terroso Modesto",
        "description": "\"CORVO\"\r\nOperating today at Leix\u00f5es-Porto-Portugal",
        "asset": {
            "id": 104741,
            "type": "Cargo",
            "name": "CORVO"
        },
        "rating": {
            "voteAverage": 5,
            "voteCounter": 2
        },
        "url": "https://images.marinetraffic.com/collection/933772.webp?size=800"
    },
    {
        "photoId": 840721,
        "placeTaken": "S\u00e3o Roque - Pico",
        "takenAt": 1185484320,
        "copyright": "Miguel  N\u00f3ia",
        "description": null,
        "asset": {
            "id": 104741,
            "type": "Cargo",
            "name": "CORVO"
        },
        "rating": {
            "voteAverage": 5,
            "voteCounter": 3
        },
        "url": "https://images.marinetraffic.com/collection/840721.webp?size=800"
    },
    {
        "photoId": 840719,
        "placeTaken": "Horta A\u00e7ores ",
        "takenAt": 1185377580,
        "copyright": "Miguel N\u00f3ia",
        "description": null,
        "asset": {
            "id": 104741,
            "type": "Cargo",
            "name": "CORVO"
        },
        "rating": {
            "voteAverage": 5,
            "voteCounter": 11
        },
        "url": "https://images.marinetraffic.com/collection/840719.webp?size=800"
    },
    {
        "photoId": 840718,
        "placeTaken": "Horta A\u00e7ores ",
        "takenAt": 1305829740,
        "copyright": "Miguel  Noia",
        "description": null,
        "asset": {
            "id": 104741,
            "type": "Cargo",
            "name": "CORVO"
        },
        "rating": {
            "voteAverage": 5,
            "voteCounter": 3
        },
        "url": "https://images.marinetraffic.com/collection/840718.webp?size=800"
    },
    {
        "photoId": 826740,
        "placeTaken": "Horta A\u00e7ores ",
        "takenAt": 1338539280,
        "copyright": "Miguel N\u00f3ia",
        "description": null,
        "asset": {
            "id": 104741,
            "type": "Cargo",
            "name": "CORVO"
        },
        "rating": {
            "voteAverage": 5,
            "voteCounter": 3
        },
        "url": "https://images.marinetraffic.com/collection/826740.webp?size=800"
    },
    {
        "photoId": 816013,
        "placeTaken": "ENVC Shipyard",
        "takenAt": 1337761980,
        "copyright": "paulo jorge abreu",
        "description": null,
        "asset": {
            "id": 104741,
            "type": "Cargo",
            "name": "CORVO"
        },
        "rating": {
            "voteAverage": 4.8,
            "voteCounter": 5
        },
        "url": "https://images.marinetraffic.com/collection/816013.webp?size=800"
    },
    {
        "photoId": 811744,
        "placeTaken": null,
        "takenAt": 1337589000,
        "copyright": "paulo jorge abreu",
        "description": "ENVC Shipyard",
        "asset": {
            "id": 104741,
            "type": "Cargo",
            "name": "CORVO"
        },
        "rating": {
            "voteAverage": 5,
            "voteCounter": 2
        },
        "url": "https://images.marinetraffic.com/collection/811744.webp?size=800"
    },
    {
        "photoId": 811743,
        "placeTaken": null,
        "takenAt": 1337589000,
        "copyright": "paulo jorge abreu",
        "description": "ENVC Shipyard",
        "asset": {
            "id": 104741,
            "type": "Cargo",
            "name": "CORVO"
        },
        "rating": {
            "voteAverage": 0,
            "voteCounter": 0
        },
        "url": "https://images.marinetraffic.com/collection/811743.webp?size=800"
    },
    {
        "photoId": 811741,
        "placeTaken": null,
        "takenAt": 1337589000,
        "copyright": "paulo jorge abreu",
        "description": "ENVC Shipyard",
        "asset": {
            "id": 104741,
            "type": "Cargo",
            "name": "CORVO"
        },
        "rating": {
            "voteAverage": 0,
            "voteCounter": 0
        },
        "url": "https://images.marinetraffic.com/collection/811741.webp?size=800"
    },
    {
        "photoId": 502067,
        "placeTaken": "Lisboa, Portugal",
        "takenAt": 1308851280,
        "copyright": "V\u00edtor Guerra",
        "description": null,
        "asset": {
            "id": 104741,
            "type": "Cargo",
            "name": "CORVO"
        },
        "rating": {
            "voteAverage": 5,
            "voteCounter": 3
        },
        "url": "https://images.marinetraffic.com/collection/502067.webp?size=800"
    },
    {
        "photoId": 496208,
        "placeTaken": "Horta",
        "takenAt": 1308152640,
        "copyright": "Roland Huebsch",
        "description": null,
        "asset": {
            "id": 104741,
            "type": "Cargo",
            "name": "CORVO"
        },
        "rating": {
            "voteAverage": 4.4,
            "voteCounter": 5
        },
        "url": "https://images.marinetraffic.com/collection/496208.webp?size=800"
    },
    {
        "photoId": 152276,
        "placeTaken": null,
        "takenAt": 1203170760,
        "copyright": null,
        "description": null,
        "asset": {
            "id": 104741,
            "type": "Cargo",
            "name": "CORVO"
        },
        "rating": {
            "voteAverage": 4.142857,
            "voteCounter": 7
        },
        "url": "https://images.marinetraffic.com/collection/152276.webp?size=800"
    }
]