[
    {
        "photoId": 5028389,
        "placeTaken": "Elbe-Stade-Stadersand GER",
        "takenAt": 1679848500,
        "copyright": "Jan K\u00f6ser",
        "description": null,
        "asset": {
            "id": 159408,
            "type": "Cargo",
            "name": "EUGEN MAERSK"
        },
        "rating": {
            "voteAverage": 5,
            "voteCounter": 7
        },
        "url": "https://images.marinetraffic.com/collection/5028389.webp?size=800"
    },
    {
        "photoId": 5018162,
        "placeTaken": "Elbe-Stade-Stadersand GER",
        "takenAt": 1679848440,
        "copyright": "Jan K\u00f6ser",
        "description": null,
        "asset": {
            "id": 159408,
            "type": "Cargo",
            "name": "EUGEN MAERSK"
        },
        "rating": {
            "voteAverage": 5,
            "voteCounter": 9
        },
        "url": "https://images.marinetraffic.com/collection/5018162.webp?size=800"
    },
    {
        "photoId": 5016524,
        "placeTaken": "DE HAM, River Elbe, Walterhofer Hafen, Eurogate",
        "takenAt": 1679749560,
        "copyright": "Bernd-Ruediger Wulff",
        "description": null,
        "asset": {
            "id": 159408,
            "type": "Cargo",
            "name": "EUGEN MAERSK"
        },
        "rating": {
            "voteAverage": 5,
            "voteCounter": 8
        },
        "url": "https://images.marinetraffic.com/collection/5016524.webp?size=800"
    },
    {
        "photoId": 5016523,
        "placeTaken": "DE HAM, River Elbe, Walterhofer Hafen, Eurogate",
        "takenAt": 1679749260,
        "copyright": "Bernd-Ruediger Wulff",
        "description": null,
        "asset": {
            "id": 159408,
            "type": "Cargo",
            "name": "EUGEN MAERSK"
        },
        "rating": {
            "voteAverage": 5,
            "voteCounter": 4
        },
        "url": "https://images.marinetraffic.com/collection/5016523.webp?size=800"
    },
    {
        "photoId": 4938123,
        "placeTaken": "Hamburg, Waltershof",
        "takenAt": 1670153280,
        "copyright": "Oliver Boltz",
        "description": null,
        "asset": {
            "id": 159408,
            "type": "Cargo",
            "name": "EUGEN MAERSK"
        },
        "rating": {
            "voteAverage": 0,
            "voteCounter": 0
        },
        "url": "https://images.marinetraffic.com/collection/4938123.webp?size=800"
    },
    {
        "photoId": 4832238,
        "placeTaken": "Bremerhaven",
        "takenAt": 1662898140,
        "copyright": "Dennis Taube",
        "description": null,
        "asset": {
            "id": 159408,
            "type": "Cargo",
            "name": "EUGEN MAERSK"
        },
        "rating": {
            "voteAverage": 0,
            "voteCounter": 0
        },
        "url": "https://images.marinetraffic.com/collection/4832238.webp?size=800"
    },
    {
        "photoId": 4697605,
        "placeTaken": "Rotterdam",
        "takenAt": 1654268400,
        "copyright": "Aart van Bezooijen",
        "description": null,
        "asset": {
            "id": 159408,
            "type": "Cargo",
            "name": "EUGEN MAERSK"
        },
        "rating": {
            "voteAverage": 0,
            "voteCounter": 0
        },
        "url": "https://images.marinetraffic.com/collection/4697605.webp?size=800"
    },
    {
        "photoId": 4647543,
        "placeTaken": "Maasmond Holland",
        "takenAt": 1647092280,
        "copyright": "Joop Klaasman",
        "description": "Seen Maasmond Holland",
        "asset": {
            "id": 159408,
            "type": "Cargo",
            "name": "EUGEN MAERSK"
        },
        "rating": {
            "voteAverage": 0,
            "voteCounter": 0
        },
        "url": "https://images.marinetraffic.com/collection/4647543.webp?size=800"
    },
    {
        "photoId": 4647541,
        "placeTaken": "Maasmond Holland",
        "takenAt": 1647091560,
        "copyright": "Joop Klaasman",
        "description": "Seen Maasmond Holland",
        "asset": {
            "id": 159408,
            "type": "Cargo",
            "name": "EUGEN MAERSK"
        },
        "rating": {
            "voteAverage": 5,
            "voteCounter": 1
        },
        "url": "https://images.marinetraffic.com/collection/4647541.webp?size=800"
    },
    {
        "photoId": 4601512,
        "placeTaken": "Bremerhaven",
        "takenAt": 1646754300,
        "copyright": "Rolf Bridde",
        "description": null,
        "asset": {
            "id": 159408,
            "type": "Cargo",
            "name": "EUGEN MAERSK"
        },
        "rating": {
            "voteAverage": 5,
            "voteCounter": 3
        },
        "url": "https://images.marinetraffic.com/collection/4601512.webp?size=800"
    },
    {
        "photoId": 4601511,
        "placeTaken": "Bremerhaven",
        "takenAt": 1646754120,
        "copyright": "Rolf Bridde",
        "description": null,
        "asset": {
            "id": 159408,
            "type": "Cargo",
            "name": "EUGEN MAERSK"
        },
        "rating": {
            "voteAverage": 5,
            "voteCounter": 4
        },
        "url": "https://images.marinetraffic.com/collection/4601511.webp?size=800"
    },
    {
        "photoId": 4524090,
        "placeTaken": "Rotterdam Maasvlakte",
        "takenAt": 1630685820,
        "copyright": "Arjan Elmendorp",
        "description": "Outbound",
        "asset": {
            "id": 159408,
            "type": "Cargo",
            "name": "EUGEN MAERSK"
        },
        "rating": {
            "voteAverage": 5,
            "voteCounter": 1
        },
        "url": "https://images.marinetraffic.com/collection/4524090.webp?size=800"
    },
    {
        "photoId": 4487000,
        "placeTaken": "Hamburg",
        "takenAt": 1600279680,
        "copyright": "Nico T.",
        "description": null,
        "asset": {
            "id": 159408,
            "type": "Cargo",
            "name": "EUGEN MAERSK"
        },
        "rating": {
            "voteAverage": 5,
            "voteCounter": 4
        },
        "url": "https://images.marinetraffic.com/collection/4487000.webp?size=800"
    },
    {
        "photoId": 4399434,
        "placeTaken": "Bremerhaven",
        "takenAt": 1629891240,
        "copyright": "Rolf Bridde",
        "description": null,
        "asset": {
            "id": 159408,
            "type": "Cargo",
            "name": "EUGEN MAERSK"
        },
        "rating": {
            "voteAverage": 0,
            "voteCounter": 0
        },
        "url": "https://images.marinetraffic.com/collection/4399434.webp?size=800"
    },
    {
        "photoId": 4273855,
        "placeTaken": "Felixstowe",
        "takenAt": null,
        "copyright": "Colm O Laoi",
        "description": null,
        "asset": {
            "id": 220503000,
            "type": "Exname",
            "name": "EDITH MAERSK"
        },
        "rating": {
            "voteAverage": 0,
            "voteCounter": 0
        },
        "url": "https://images.marinetraffic.com/collection/4273855.webp?size=800"
    },
    {
        "photoId": 4249030,
        "placeTaken": "London Gateway",
        "takenAt": 1557244980,
        "copyright": "Pekka Jarvinen",
        "description": "London Gateway 07.05.2019. Photo by capt. Soini.",
        "asset": {
            "id": 159408,
            "type": "Cargo",
            "name": "EUGEN MAERSK"
        },
        "rating": {
            "voteAverage": 0,
            "voteCounter": 0
        },
        "url": "https://images.marinetraffic.com/collection/4249030.webp?size=800"
    },
    {
        "photoId": 4205919,
        "placeTaken": null,
        "takenAt": 1614960900,
        "copyright": "Kai Ro",
        "description": null,
        "asset": {
            "id": 159408,
            "type": "Cargo",
            "name": "EUGEN MAERSK"
        },
        "rating": {
            "voteAverage": 0,
            "voteCounter": 0
        },
        "url": "https://images.marinetraffic.com/collection/4205919.webp?size=800"
    },
    {
        "photoId": 4205913,
        "placeTaken": null,
        "takenAt": 1614960480,
        "copyright": "Kai Ro",
        "description": null,
        "asset": {
            "id": 159408,
            "type": "Cargo",
            "name": "EUGEN MAERSK"
        },
        "rating": {
            "voteAverage": 0,
            "voteCounter": 0
        },
        "url": "https://images.marinetraffic.com/collection/4205913.webp?size=800"
    },
    {
        "photoId": 4192670,
        "placeTaken": "elbabwaerts",
        "takenAt": 1615104600,
        "copyright": "Christoph Bo",
        "description": null,
        "asset": {
            "id": 159408,
            "type": "Cargo",
            "name": "EUGEN MAERSK"
        },
        "rating": {
            "voteAverage": 5,
            "voteCounter": 1
        },
        "url": "https://images.marinetraffic.com/collection/4192670.webp?size=800"
    },
    {
        "photoId": 4188838,
        "placeTaken": "Hamburg Waltershofer Hafen",
        "takenAt": 1614924780,
        "copyright": "Ritter Ramon",
        "description": null,
        "asset": {
            "id": 159408,
            "type": "Cargo",
            "name": "EUGEN MAERSK"
        },
        "rating": {
            "voteAverage": 0,
            "voteCounter": 0
        },
        "url": "https://images.marinetraffic.com/collection/4188838.webp?size=800"
    }
]