[
    {
        "photoId": 3588912,
        "placeTaken": "Elbe",
        "takenAt": 1564124100,
        "copyright": "uwe heimhold",
        "description": null,
        "asset": {
            "id": 159408,
            "type": "Cargo",
            "name": "EUGEN MAERSK"
        },
        "rating": {
            "voteAverage": 0,
            "voteCounter": 0
        },
        "url": "https://images.marinetraffic.com/collection/3588912.webp?size=800"
    },
    {
        "photoId": 3588911,
        "placeTaken": "Elbe",
        "takenAt": 1564123860,
        "copyright": "uwe heimhold",
        "description": null,
        "asset": {
            "id": 159408,
            "type": "Cargo",
            "name": "EUGEN MAERSK"
        },
        "rating": {
            "voteAverage": 5,
            "voteCounter": 1
        },
        "url": "https://images.marinetraffic.com/collection/3588911.webp?size=800"
    },
    {
        "photoId": 3483645,
        "placeTaken": "Gibraltar Straith",
        "takenAt": 1557912780,
        "copyright": "Captain Ocean",
        "description": null,
        "asset": {
            "id": 159408,
            "type": "Cargo",
            "name": "EUGEN MAERSK"
        },
        "rating": {
            "voteAverage": 5,
            "voteCounter": 1
        },
        "url": "https://images.marinetraffic.com/collection/3483645.webp?size=800"
    },
    {
        "photoId": 3277984,
        "placeTaken": "Europahaven, Rotterdam NL",
        "takenAt": 1530963600,
        "copyright": "Stefan Lemmens",
        "description": null,
        "asset": {
            "id": 159408,
            "type": "Cargo",
            "name": "EUGEN MAERSK"
        },
        "rating": {
            "voteAverage": 0,
            "voteCounter": 0
        },
        "url": "https://images.marinetraffic.com/collection/3277984.webp?size=800"
    },
    {
        "photoId": 3277983,
        "placeTaken": "Maasmond, Rotterdam NL",
        "takenAt": 1530958740,
        "copyright": "Stefan Lemmens",
        "description": null,
        "asset": {
            "id": 159408,
            "type": "Cargo",
            "name": "EUGEN MAERSK"
        },
        "rating": {
            "voteAverage": 0,
            "voteCounter": 0
        },
        "url": "https://images.marinetraffic.com/collection/3277983.webp?size=800"
    },
    {
        "photoId": 3247845,
        "placeTaken": null,
        "takenAt": 1537708980,
        "copyright": "Roger Borm",
        "description": null,
        "asset": {
            "id": 159408,
            "type": "Cargo",
            "name": "EUGEN MAERSK"
        },
        "rating": {
            "voteAverage": 5,
            "voteCounter": 1
        },
        "url": "https://images.marinetraffic.com/collection/3247845.webp?size=800"
    },
    {
        "photoId": 3246830,
        "placeTaken": "Bremerhaven",
        "takenAt": 1537389960,
        "copyright": "Peter Thomas",
        "description": null,
        "asset": {
            "id": 159408,
            "type": "Cargo",
            "name": "EUGEN MAERSK"
        },
        "rating": {
            "voteAverage": 0,
            "voteCounter": 0
        },
        "url": "https://images.marinetraffic.com/collection/3246830.webp?size=800"
    },
    {
        "photoId": 3165129,
        "placeTaken": "Felixstowe",
        "takenAt": 1530528300,
        "copyright": "paul hiett",
        "description": null,
        "asset": {
            "id": 159408,
            "type": "Cargo",
            "name": "EUGEN MAERSK"
        },
        "rating": {
            "voteAverage": 0,
            "voteCounter": 0
        },
        "url": "https://images.marinetraffic.com/collection/3165129.webp?size=800"
    },
    {
        "photoId": 3155593,
        "placeTaken": "Rotterdam Europoort",
        "takenAt": 1530972180,
        "copyright": "Arjan Elmendorp",
        "description": "Cont. Ship 2008",
        "asset": {
            "id": 159408,
            "type": "Cargo",
            "name": "EUGEN MAERSK"
        },
        "rating": {
            "voteAverage": 0,
            "voteCounter": 0
        },
        "url": "https://images.marinetraffic.com/collection/3155593.webp?size=800"
    },
    {
        "photoId": 3148310,
        "placeTaken": "Rotterdam",
        "takenAt": 1530621480,
        "copyright": "W.J.M. Uytterhoeven",
        "description": "Maasvlakte",
        "asset": {
            "id": 159408,
            "type": "Cargo",
            "name": "EUGEN MAERSK"
        },
        "rating": {
            "voteAverage": 0,
            "voteCounter": 0
        },
        "url": "https://images.marinetraffic.com/collection/3148310.webp?size=800"
    },
    {
        "photoId": 3142970,
        "placeTaken": "Harwich Haven",
        "takenAt": 1530282060,
        "copyright": "J Ramsey",
        "description": null,
        "asset": {
            "id": 159408,
            "type": "Cargo",
            "name": "EUGEN MAERSK"
        },
        "rating": {
            "voteAverage": 5,
            "voteCounter": 5
        },
        "url": "https://images.marinetraffic.com/collection/3142970.webp?size=800"
    },
    {
        "photoId": 3002678,
        "placeTaken": "Hamburg Blankenese",
        "takenAt": 1519834140,
        "copyright": "Carsten Feldhusen",
        "description": "EUGEN MAERSK am 28.02.2018 in Hamburg",
        "asset": {
            "id": 159408,
            "type": "Cargo",
            "name": "EUGEN MAERSK"
        },
        "rating": {
            "voteAverage": 5,
            "voteCounter": 23
        },
        "url": "https://images.marinetraffic.com/collection/3002678.webp?size=800"
    },
    {
        "photoId": 3002677,
        "placeTaken": "Hamburg Blankenese",
        "takenAt": 1519833060,
        "copyright": "Carsten Feldhusen",
        "description": "EUGEN MAERSK am 28.02.2018 in Hamburg",
        "asset": {
            "id": 159408,
            "type": "Cargo",
            "name": "EUGEN MAERSK"
        },
        "rating": {
            "voteAverage": 5,
            "voteCounter": 28
        },
        "url": "https://images.marinetraffic.com/collection/3002677.webp?size=800"
    },
    {
        "photoId": 3001629,
        "placeTaken": "Hamburg-Rueschpark",
        "takenAt": 1519834560,
        "copyright": "S.Seelemann",
        "description": null,
        "asset": {
            "id": 159408,
            "type": "Cargo",
            "name": "EUGEN MAERSK"
        },
        "rating": {
            "voteAverage": 5,
            "voteCounter": 3
        },
        "url": "https://images.marinetraffic.com/collection/3001629.webp?size=800"
    },
    {
        "photoId": 2996347,
        "placeTaken": "Felixstowe, GB.",
        "takenAt": 1396019580,
        "copyright": "Michael Ludlow",
        "description": "Eugen Maersk, Felixstowe, GB.",
        "asset": {
            "id": 159408,
            "type": "Cargo",
            "name": "EUGEN MAERSK"
        },
        "rating": {
            "voteAverage": 0,
            "voteCounter": 0
        },
        "url": "https://images.marinetraffic.com/collection/2996347.webp?size=800"
    },
    {
        "photoId": 2996345,
        "placeTaken": "Felixstowe, GB.",
        "takenAt": 1396018560,
        "copyright": "Michael Ludlow",
        "description": "Eugen Maersk, Felixtowe, GB.",
        "asset": {
            "id": 159408,
            "type": "Cargo",
            "name": "EUGEN MAERSK"
        },
        "rating": {
            "voteAverage": 0,
            "voteCounter": 0
        },
        "url": "https://images.marinetraffic.com/collection/2996345.webp?size=800"
    },
    {
        "photoId": 2996343,
        "placeTaken": "Felixstowe, GB.",
        "takenAt": 1396015380,
        "copyright": "Michael Ludlow",
        "description": "Eugen Maersk at Trinity Berth No.7, Felixstowe, GB, as seen from Shotley village.",
        "asset": {
            "id": 159408,
            "type": "Cargo",
            "name": "EUGEN MAERSK"
        },
        "rating": {
            "voteAverage": 0,
            "voteCounter": 0
        },
        "url": "https://images.marinetraffic.com/collection/2996343.webp?size=800"
    },
    {
        "photoId": 2922822,
        "placeTaken": "Southampton",
        "takenAt": 1487442900,
        "copyright": "Jim Croucher",
        "description": null,
        "asset": {
            "id": 159408,
            "type": "Cargo",
            "name": "EUGEN MAERSK"
        },
        "rating": {
            "voteAverage": 0,
            "voteCounter": 0
        },
        "url": "https://images.marinetraffic.com/collection/2922822.webp?size=800"
    },
    {
        "photoId": 2890221,
        "placeTaken": null,
        "takenAt": 1508771760,
        "copyright": "akila ushan",
        "description": null,
        "asset": {
            "id": 159408,
            "type": "Cargo",
            "name": "EUGEN MAERSK"
        },
        "rating": {
            "voteAverage": 5,
            "voteCounter": 1
        },
        "url": "https://images.marinetraffic.com/collection/2890221.webp?size=800"
    },
    {
        "photoId": 2777543,
        "placeTaken": "Bremerhaven",
        "takenAt": 1500150540,
        "copyright": "KnucklesTheEchidna",
        "description": null,
        "asset": {
            "id": 159408,
            "type": "Cargo",
            "name": "EUGEN MAERSK"
        },
        "rating": {
            "voteAverage": 0,
            "voteCounter": 0
        },
        "url": "https://images.marinetraffic.com/collection/2777543.webp?size=800"
    }
]