[
    {
        "photoId": 4188837,
        "placeTaken": "Hamburg Waltershofer Hafen",
        "takenAt": 1614925080,
        "copyright": "Ritter Ramon",
        "description": null,
        "asset": {
            "id": 159408,
            "type": "Cargo",
            "name": "EUGEN MAERSK"
        },
        "rating": {
            "voteAverage": 0,
            "voteCounter": 0
        },
        "url": "https://images.marinetraffic.com/collection/4188837.webp?size=800"
    },
    {
        "photoId": 4116385,
        "placeTaken": "Salalah, Oman",
        "takenAt": 1602305100,
        "copyright": "smp",
        "description": null,
        "asset": {
            "id": 159408,
            "type": "Cargo",
            "name": "EUGEN MAERSK"
        },
        "rating": {
            "voteAverage": 0,
            "voteCounter": 0
        },
        "url": "https://images.marinetraffic.com/collection/4116385.webp?size=800"
    },
    {
        "photoId": 4089405,
        "placeTaken": "Salalah, Oman",
        "takenAt": 1521961080,
        "copyright": "J\u00fcrgen Ruhardt",
        "description": null,
        "asset": {
            "id": 159408,
            "type": "Cargo",
            "name": "EUGEN MAERSK"
        },
        "rating": {
            "voteAverage": 0,
            "voteCounter": 0
        },
        "url": "https://images.marinetraffic.com/collection/4089405.webp?size=800"
    },
    {
        "photoId": 4027831,
        "placeTaken": null,
        "takenAt": 1600261980,
        "copyright": "jens gerlach",
        "description": null,
        "asset": {
            "id": 159408,
            "type": "Cargo",
            "name": "EUGEN MAERSK"
        },
        "rating": {
            "voteAverage": 0,
            "voteCounter": 0
        },
        "url": "https://images.marinetraffic.com/collection/4027831.webp?size=800"
    },
    {
        "photoId": 4026620,
        "placeTaken": null,
        "takenAt": 1600262160,
        "copyright": "jens gerlach",
        "description": null,
        "asset": {
            "id": 159408,
            "type": "Cargo",
            "name": "EUGEN MAERSK"
        },
        "rating": {
            "voteAverage": 0,
            "voteCounter": 0
        },
        "url": "https://images.marinetraffic.com/collection/4026620.webp?size=800"
    },
    {
        "photoId": 4003061,
        "placeTaken": "Terneuzen Margarethapolder",
        "takenAt": 1593427260,
        "copyright": "Alex Van Herrewege",
        "description": null,
        "asset": {
            "id": 159408,
            "type": "Cargo",
            "name": "EUGEN MAERSK"
        },
        "rating": {
            "voteAverage": 0,
            "voteCounter": 0
        },
        "url": "https://images.marinetraffic.com/collection/4003061.webp?size=800"
    },
    {
        "photoId": 3959697,
        "placeTaken": "Terneuzen Margarethapolder",
        "takenAt": 1593423780,
        "copyright": "Alex Van Herrewege",
        "description": null,
        "asset": {
            "id": 159408,
            "type": "Cargo",
            "name": "EUGEN MAERSK"
        },
        "rating": {
            "voteAverage": 5,
            "voteCounter": 1
        },
        "url": "https://images.marinetraffic.com/collection/3959697.webp?size=800"
    },
    {
        "photoId": 3959696,
        "placeTaken": "Terneuzen Margarethapolder",
        "takenAt": 1593423360,
        "copyright": "Alex Van Herrewege",
        "description": null,
        "asset": {
            "id": 159408,
            "type": "Cargo",
            "name": "EUGEN MAERSK"
        },
        "rating": {
            "voteAverage": 0,
            "voteCounter": 0
        },
        "url": "https://images.marinetraffic.com/collection/3959696.webp?size=800"
    },
    {
        "photoId": 3922018,
        "placeTaken": "Felixstowe",
        "takenAt": 1592810460,
        "copyright": "Rob Speirs",
        "description": null,
        "asset": {
            "id": 159408,
            "type": "Cargo",
            "name": "EUGEN MAERSK"
        },
        "rating": {
            "voteAverage": 5,
            "voteCounter": 1
        },
        "url": "https://images.marinetraffic.com/collection/3922018.webp?size=800"
    },
    {
        "photoId": 3917432,
        "placeTaken": null,
        "takenAt": 1470135060,
        "copyright": "Frank Tribull",
        "description": "als EUGEN MAERSK aufgenommen am 02.08.2016 bei Cuxhaven H\u00f6he Steubenh\u00f6ft",
        "asset": {
            "id": 159408,
            "type": "Cargo",
            "name": "EUGEN MAERSK"
        },
        "rating": {
            "voteAverage": 5,
            "voteCounter": 1
        },
        "url": "https://images.marinetraffic.com/collection/3917432.webp?size=800"
    },
    {
        "photoId": 3839225,
        "placeTaken": "Hamburg",
        "takenAt": 1585983060,
        "copyright": "Thomas Tauchert",
        "description": null,
        "asset": {
            "id": 159408,
            "type": "Cargo",
            "name": "EUGEN MAERSK"
        },
        "rating": {
            "voteAverage": 0,
            "voteCounter": 0
        },
        "url": "https://images.marinetraffic.com/collection/3839225.webp?size=800"
    },
    {
        "photoId": 3839220,
        "placeTaken": "Hamburg",
        "takenAt": 1585982880,
        "copyright": "Thomas Tauchert",
        "description": null,
        "asset": {
            "id": 159408,
            "type": "Cargo",
            "name": "EUGEN MAERSK"
        },
        "rating": {
            "voteAverage": 0,
            "voteCounter": 0
        },
        "url": "https://images.marinetraffic.com/collection/3839220.webp?size=800"
    },
    {
        "photoId": 3832395,
        "placeTaken": "Hamburg",
        "takenAt": 1585891380,
        "copyright": "Ritter Ramon",
        "description": null,
        "asset": {
            "id": 159408,
            "type": "Cargo",
            "name": "EUGEN MAERSK"
        },
        "rating": {
            "voteAverage": 5,
            "voteCounter": 1
        },
        "url": "https://images.marinetraffic.com/collection/3832395.webp?size=800"
    },
    {
        "photoId": 3754551,
        "placeTaken": "Hamburg",
        "takenAt": 1556541540,
        "copyright": "Gerd Frick",
        "description": null,
        "asset": {
            "id": 159408,
            "type": "Cargo",
            "name": "EUGEN MAERSK"
        },
        "rating": {
            "voteAverage": 0,
            "voteCounter": 0
        },
        "url": "https://images.marinetraffic.com/collection/3754551.webp?size=800"
    },
    {
        "photoId": 3724871,
        "placeTaken": "Maasvlakte Noordzee",
        "takenAt": 1531049760,
        "copyright": "Ruud Glimmerveen",
        "description": null,
        "asset": {
            "id": 159408,
            "type": "Cargo",
            "name": "EUGEN MAERSK"
        },
        "rating": {
            "voteAverage": 5,
            "voteCounter": 1
        },
        "url": "https://images.marinetraffic.com/collection/3724871.webp?size=800"
    },
    {
        "photoId": 3603812,
        "placeTaken": "Terneuzen - Margarethapolder",
        "takenAt": 1564299420,
        "copyright": "Alex Van Herrewege",
        "description": null,
        "asset": {
            "id": 159408,
            "type": "Cargo",
            "name": "EUGEN MAERSK"
        },
        "rating": {
            "voteAverage": 5,
            "voteCounter": 1
        },
        "url": "https://images.marinetraffic.com/collection/3603812.webp?size=800"
    },
    {
        "photoId": 3603810,
        "placeTaken": "Terneuzen - Margarethapolder",
        "takenAt": 1564298880,
        "copyright": "Alex Van Herrewege",
        "description": null,
        "asset": {
            "id": 159408,
            "type": "Cargo",
            "name": "EUGEN MAERSK"
        },
        "rating": {
            "voteAverage": 0,
            "voteCounter": 0
        },
        "url": "https://images.marinetraffic.com/collection/3603810.webp?size=800"
    },
    {
        "photoId": 3603808,
        "placeTaken": "Terneuzen - Margarethapolder",
        "takenAt": 1564298760,
        "copyright": "Alex Van Herrewege",
        "description": null,
        "asset": {
            "id": 159408,
            "type": "Cargo",
            "name": "EUGEN MAERSK"
        },
        "rating": {
            "voteAverage": 0,
            "voteCounter": 0
        },
        "url": "https://images.marinetraffic.com/collection/3603808.webp?size=800"
    },
    {
        "photoId": 3588918,
        "placeTaken": "Elbe",
        "takenAt": 1564124220,
        "copyright": "uwe heimhold",
        "description": null,
        "asset": {
            "id": 159408,
            "type": "Cargo",
            "name": "EUGEN MAERSK"
        },
        "rating": {
            "voteAverage": 0,
            "voteCounter": 0
        },
        "url": "https://images.marinetraffic.com/collection/3588918.webp?size=800"
    },
    {
        "photoId": 3588915,
        "placeTaken": "Elbe",
        "takenAt": 1564124100,
        "copyright": "uwe heimhold",
        "description": null,
        "asset": {
            "id": 159408,
            "type": "Cargo",
            "name": "EUGEN MAERSK"
        },
        "rating": {
            "voteAverage": 5,
            "voteCounter": 1
        },
        "url": "https://images.marinetraffic.com/collection/3588915.webp?size=800"
    }
]