[
    {
        "photoId": 1932397,
        "placeTaken": "Maasvlakte",
        "takenAt": 1414852800,
        "copyright": "Jan van Broekhoven",
        "description": null,
        "asset": {
            "id": 4792962,
            "type": "Cargo",
            "name": "MOGENS MAERSK"
        },
        "rating": {
            "voteAverage": 5,
            "voteCounter": 2
        },
        "url": "https://images.marinetraffic.com/collection/1932397.webp?size=800"
    },
    {
        "photoId": 1875718,
        "placeTaken": "Bremerhaven",
        "takenAt": 1422388020,
        "copyright": "DiFoo",
        "description": "Bremerhaven",
        "asset": {
            "id": 4792962,
            "type": "Cargo",
            "name": "MOGENS MAERSK"
        },
        "rating": {
            "voteAverage": 0,
            "voteCounter": 0
        },
        "url": "https://images.marinetraffic.com/collection/1875718.webp?size=800"
    },
    {
        "photoId": 1874458,
        "placeTaken": "Maasmond,Rotterdam",
        "takenAt": 1414853340,
        "copyright": "Ruud Glimmerveen",
        "description": null,
        "asset": {
            "id": 4792962,
            "type": "Cargo",
            "name": "MOGENS MAERSK"
        },
        "rating": {
            "voteAverage": 4.8,
            "voteCounter": 5
        },
        "url": "https://images.marinetraffic.com/collection/1874458.webp?size=800"
    },
    {
        "photoId": 1861788,
        "placeTaken": "Northsea,Maasvlakte",
        "takenAt": 1414852740,
        "copyright": "Ruud Glimmerveen",
        "description": null,
        "asset": {
            "id": 4792962,
            "type": "Cargo",
            "name": "MOGENS MAERSK"
        },
        "rating": {
            "voteAverage": 5,
            "voteCounter": 10
        },
        "url": "https://images.marinetraffic.com/collection/1861788.webp?size=800"
    },
    {
        "photoId": 1858900,
        "placeTaken": "Okpo, Rep. of Korea",
        "takenAt": 1401544380,
        "copyright": "V. Tonic",
        "description": "Launching at DSME shipyard.",
        "asset": {
            "id": 4792962,
            "type": "Cargo",
            "name": "MOGENS MAERSK"
        },
        "rating": {
            "voteAverage": 5,
            "voteCounter": 1
        },
        "url": "https://images.marinetraffic.com/collection/1858900.webp?size=800"
    },
    {
        "photoId": 1858898,
        "placeTaken": "Okpo, Rep. of Korea",
        "takenAt": 1401532680,
        "copyright": "V. Tonic",
        "description": "Launching at DSME shipyard.",
        "asset": {
            "id": 4792962,
            "type": "Cargo",
            "name": "MOGENS MAERSK"
        },
        "rating": {
            "voteAverage": 0,
            "voteCounter": 0
        },
        "url": "https://images.marinetraffic.com/collection/1858898.webp?size=800"
    },
    {
        "photoId": 1823020,
        "placeTaken": "Aarhus, Denmark",
        "takenAt": 1415718240,
        "copyright": "Ole Sonne",
        "description": "First arrival in Aarhus",
        "asset": {
            "id": 4792962,
            "type": "Cargo",
            "name": "MOGENS MAERSK"
        },
        "rating": {
            "voteAverage": 5,
            "voteCounter": 1
        },
        "url": "https://images.marinetraffic.com/collection/1823020.webp?size=800"
    },
    {
        "photoId": 1823012,
        "placeTaken": "Aarhus, Denmark",
        "takenAt": 1415717580,
        "copyright": "Ole Sonne",
        "description": "First arrival in Aarhus",
        "asset": {
            "id": 4792962,
            "type": "Cargo",
            "name": "MOGENS MAERSK"
        },
        "rating": {
            "voteAverage": 4,
            "voteCounter": 2
        },
        "url": "https://images.marinetraffic.com/collection/1823012.webp?size=800"
    },
    {
        "photoId": 1817654,
        "placeTaken": "Port of Aarhus",
        "takenAt": 1415664000,
        "copyright": "Allan J. Kortsen",
        "description": "www.skyaviator.dk",
        "asset": {
            "id": 4792962,
            "type": "Cargo",
            "name": "MOGENS MAERSK"
        },
        "rating": {
            "voteAverage": 4.5,
            "voteCounter": 2
        },
        "url": "https://images.marinetraffic.com/collection/1817654.webp?size=800"
    },
    {
        "photoId": 1817653,
        "placeTaken": "Port of Aarhus",
        "takenAt": 1415664000,
        "copyright": "Allan J. Kortsen",
        "description": "www.skyaviator.dk",
        "asset": {
            "id": 4792962,
            "type": "Cargo",
            "name": "MOGENS MAERSK"
        },
        "rating": {
            "voteAverage": 4.8,
            "voteCounter": 5
        },
        "url": "https://images.marinetraffic.com/collection/1817653.webp?size=800"
    },
    {
        "photoId": 1817652,
        "placeTaken": "Port of Aarhus",
        "takenAt": 1415664000,
        "copyright": "Allan J. Kortsen",
        "description": "www.skyaviator.dk",
        "asset": {
            "id": 4792962,
            "type": "Cargo",
            "name": "MOGENS MAERSK"
        },
        "rating": {
            "voteAverage": 4.8,
            "voteCounter": 5
        },
        "url": "https://images.marinetraffic.com/collection/1817652.webp?size=800"
    },
    {
        "photoId": 1815978,
        "placeTaken": "GIBRALTAR",
        "takenAt": 1414578780,
        "copyright": "GIBFRAN46",
        "description": null,
        "asset": {
            "id": 4792962,
            "type": "Cargo",
            "name": "MOGENS MAERSK"
        },
        "rating": {
            "voteAverage": 4.5,
            "voteCounter": 2
        },
        "url": "https://images.marinetraffic.com/collection/1815978.webp?size=800"
    },
    {
        "photoId": 1815306,
        "placeTaken": "Gda\u0144sk",
        "takenAt": 1415449320,
        "copyright": "S\u0142awomir Burzy\u0144ski",
        "description": "DCT Gda\u0144sk",
        "asset": {
            "id": 4792962,
            "type": "Cargo",
            "name": "MOGENS MAERSK"
        },
        "rating": {
            "voteAverage": 0,
            "voteCounter": 0
        },
        "url": "https://images.marinetraffic.com/collection/1815306.webp?size=800"
    },
    {
        "photoId": 1812236,
        "placeTaken": "Rotterdam",
        "takenAt": 1414851780,
        "copyright": "Aart van Bezooijen",
        "description": null,
        "asset": {
            "id": 4792962,
            "type": "Cargo",
            "name": "MOGENS MAERSK"
        },
        "rating": {
            "voteAverage": 4.5,
            "voteCounter": 2
        },
        "url": "https://images.marinetraffic.com/collection/1812236.webp?size=800"
    },
    {
        "photoId": 1811832,
        "placeTaken": "Hoek van Holland",
        "takenAt": 1414853160,
        "copyright": "paul gerdes",
        "description": null,
        "asset": {
            "id": 4792962,
            "type": "Cargo",
            "name": "MOGENS MAERSK"
        },
        "rating": {
            "voteAverage": 4,
            "voteCounter": 1
        },
        "url": "https://images.marinetraffic.com/collection/1811832.webp?size=800"
    },
    {
        "photoId": 1811831,
        "placeTaken": "Hoek van Holland",
        "takenAt": 1414852980,
        "copyright": "paul gerdes",
        "description": null,
        "asset": {
            "id": 4792962,
            "type": "Cargo",
            "name": "MOGENS MAERSK"
        },
        "rating": {
            "voteAverage": 0,
            "voteCounter": 0
        },
        "url": "https://images.marinetraffic.com/collection/1811831.webp?size=800"
    },
    {
        "photoId": 1811830,
        "placeTaken": "Hoek van Holland",
        "takenAt": 1414852800,
        "copyright": "paul gerdes",
        "description": null,
        "asset": {
            "id": 4792962,
            "type": "Cargo",
            "name": "MOGENS MAERSK"
        },
        "rating": {
            "voteAverage": 4.5,
            "voteCounter": 2
        },
        "url": "https://images.marinetraffic.com/collection/1811830.webp?size=800"
    },
    {
        "photoId": 1810878,
        "placeTaken": "Maasvlakte, Waterweg",
        "takenAt": 1414852260,
        "copyright": "Jan van Broekhoven",
        "description": null,
        "asset": {
            "id": 4792962,
            "type": "Cargo",
            "name": "MOGENS MAERSK"
        },
        "rating": {
            "voteAverage": 0,
            "voteCounter": 0
        },
        "url": "https://images.marinetraffic.com/collection/1810878.webp?size=800"
    },
    {
        "photoId": 1809089,
        "placeTaken": "Maasvlakte - Rotterdam",
        "takenAt": 1414848840,
        "copyright": "Pablo Guebey",
        "description": null,
        "asset": {
            "id": 4792962,
            "type": "Cargo",
            "name": "MOGENS MAERSK"
        },
        "rating": {
            "voteAverage": 5,
            "voteCounter": 1
        },
        "url": "https://images.marinetraffic.com/collection/1809089.webp?size=800"
    },
    {
        "photoId": 1809087,
        "placeTaken": "Rotterdam",
        "takenAt": 1414853160,
        "copyright": "Hannes van Rijn",
        "description": "RTD",
        "asset": {
            "id": 4792962,
            "type": "Cargo",
            "name": "MOGENS MAERSK"
        },
        "rating": {
            "voteAverage": 0,
            "voteCounter": 0
        },
        "url": "https://images.marinetraffic.com/collection/1809087.webp?size=800"
    }
]