[
    {
        "photoId": 2181614,
        "placeTaken": "london gateway port",
        "takenAt": 1449340620,
        "copyright": "Andrew Bowen",
        "description": null,
        "asset": {
            "id": 4792962,
            "type": "Cargo",
            "name": "MOGENS MAERSK"
        },
        "rating": {
            "voteAverage": 0,
            "voteCounter": 0
        },
        "url": "https://images.marinetraffic.com/collection/2181614.webp?size=800"
    },
    {
        "photoId": 2176590,
        "placeTaken": "london gateway port",
        "takenAt": 1449340620,
        "copyright": "Andrew Bowen",
        "description": null,
        "asset": {
            "id": 4792962,
            "type": "Cargo",
            "name": "MOGENS MAERSK"
        },
        "rating": {
            "voteAverage": 5,
            "voteCounter": 1
        },
        "url": "https://images.marinetraffic.com/collection/2176590.webp?size=800"
    },
    {
        "photoId": 2176587,
        "placeTaken": "London Gateway Port",
        "takenAt": 1449264840,
        "copyright": "Andrew Bowen",
        "description": "arrival at london gateway",
        "asset": {
            "id": 4792962,
            "type": "Cargo",
            "name": "MOGENS MAERSK"
        },
        "rating": {
            "voteAverage": 5,
            "voteCounter": 2
        },
        "url": "https://images.marinetraffic.com/collection/2176587.webp?size=800"
    },
    {
        "photoId": 2111371,
        "placeTaken": "Port of Aarhus, Denmark",
        "takenAt": 1443519480,
        "copyright": "Allan J. Kortsen",
        "description": "www.skyaviator.dk",
        "asset": {
            "id": 4792962,
            "type": "Cargo",
            "name": "MOGENS MAERSK"
        },
        "rating": {
            "voteAverage": 0,
            "voteCounter": 0
        },
        "url": "https://images.marinetraffic.com/collection/2111371.webp?size=800"
    },
    {
        "photoId": 2036711,
        "placeTaken": "Rotterdam/Maasvlakte",
        "takenAt": 1437314280,
        "copyright": "Michael Brakhage",
        "description": null,
        "asset": {
            "id": 4792962,
            "type": "Cargo",
            "name": "MOGENS MAERSK"
        },
        "rating": {
            "voteAverage": 0,
            "voteCounter": 0
        },
        "url": "https://images.marinetraffic.com/collection/2036711.webp?size=800"
    },
    {
        "photoId": 2031548,
        "placeTaken": "Aarhus",
        "takenAt": 1436907480,
        "copyright": "Jan Pedersen",
        "description": "Mogens Maersk arriving to Port of Aarhus",
        "asset": {
            "id": 4792962,
            "type": "Cargo",
            "name": "MOGENS MAERSK"
        },
        "rating": {
            "voteAverage": 4.5,
            "voteCounter": 4
        },
        "url": "https://images.marinetraffic.com/collection/2031548.webp?size=800"
    },
    {
        "photoId": 2026956,
        "placeTaken": "Bay of Aarhus",
        "takenAt": 1436907480,
        "copyright": "Allan J. Kortsen",
        "description": "www.skyaviator.dk",
        "asset": {
            "id": 4792962,
            "type": "Cargo",
            "name": "MOGENS MAERSK"
        },
        "rating": {
            "voteAverage": 5,
            "voteCounter": 1
        },
        "url": "https://images.marinetraffic.com/collection/2026956.webp?size=800"
    },
    {
        "photoId": 2026952,
        "placeTaken": "Bay of Aarhus",
        "takenAt": 1436907420,
        "copyright": "Allan J. Kortsen",
        "description": "www.skyaviator.dk",
        "asset": {
            "id": 4792962,
            "type": "Cargo",
            "name": "MOGENS MAERSK"
        },
        "rating": {
            "voteAverage": 0,
            "voteCounter": 0
        },
        "url": "https://images.marinetraffic.com/collection/2026952.webp?size=800"
    },
    {
        "photoId": 2024571,
        "placeTaken": "Felixstowe",
        "takenAt": 1436013300,
        "copyright": "M.E.Davis",
        "description": "Mogens Maersk arriving at Felixstowe",
        "asset": {
            "id": 4792962,
            "type": "Cargo",
            "name": "MOGENS MAERSK"
        },
        "rating": {
            "voteAverage": 5,
            "voteCounter": 1
        },
        "url": "https://images.marinetraffic.com/collection/2024571.webp?size=800"
    },
    {
        "photoId": 2018784,
        "placeTaken": "DK Spodsbjerg",
        "takenAt": 1436432940,
        "copyright": "Kerstin Fischer",
        "description": null,
        "asset": {
            "id": 4792962,
            "type": "Cargo",
            "name": "MOGENS MAERSK"
        },
        "rating": {
            "voteAverage": 5,
            "voteCounter": 1
        },
        "url": "https://images.marinetraffic.com/collection/2018784.webp?size=800"
    },
    {
        "photoId": 2018780,
        "placeTaken": "DK Spodsbjerg",
        "takenAt": 1436432760,
        "copyright": "Kerstin Fischer",
        "description": null,
        "asset": {
            "id": 4792962,
            "type": "Cargo",
            "name": "MOGENS MAERSK"
        },
        "rating": {
            "voteAverage": 5,
            "voteCounter": 1
        },
        "url": "https://images.marinetraffic.com/collection/2018780.webp?size=800"
    },
    {
        "photoId": 2018757,
        "placeTaken": "DK Spodsbjerg",
        "takenAt": 1436432460,
        "copyright": "Kerstin Fischer",
        "description": null,
        "asset": {
            "id": 4792962,
            "type": "Cargo",
            "name": "MOGENS MAERSK"
        },
        "rating": {
            "voteAverage": 5,
            "voteCounter": 2
        },
        "url": "https://images.marinetraffic.com/collection/2018757.webp?size=800"
    },
    {
        "photoId": 2015574,
        "placeTaken": "Wilhelmshaven",
        "takenAt": 1436205540,
        "copyright": "Winfried Schulmeyer",
        "description": null,
        "asset": {
            "id": 4792962,
            "type": "Cargo",
            "name": "MOGENS MAERSK"
        },
        "rating": {
            "voteAverage": 5,
            "voteCounter": 1
        },
        "url": "https://images.marinetraffic.com/collection/2015574.webp?size=800"
    },
    {
        "photoId": 2015570,
        "placeTaken": "Wilhelmshaven",
        "takenAt": 1436204460,
        "copyright": "Winfried Schulmeyer",
        "description": null,
        "asset": {
            "id": 4792962,
            "type": "Cargo",
            "name": "MOGENS MAERSK"
        },
        "rating": {
            "voteAverage": 5,
            "voteCounter": 2
        },
        "url": "https://images.marinetraffic.com/collection/2015570.webp?size=800"
    },
    {
        "photoId": 2015508,
        "placeTaken": "Felixstowe.",
        "takenAt": 1436013360,
        "copyright": "M.E.Davis",
        "description": "Mogens Maersk returns to Felixstowe in daylight.",
        "asset": {
            "id": 4792962,
            "type": "Cargo",
            "name": "MOGENS MAERSK"
        },
        "rating": {
            "voteAverage": 5,
            "voteCounter": 1
        },
        "url": "https://images.marinetraffic.com/collection/2015508.webp?size=800"
    },
    {
        "photoId": 2013429,
        "placeTaken": "felixstowe",
        "takenAt": 1436016780,
        "copyright": "paul hiett",
        "description": null,
        "asset": {
            "id": 4792962,
            "type": "Cargo",
            "name": "MOGENS MAERSK"
        },
        "rating": {
            "voteAverage": 5,
            "voteCounter": 4
        },
        "url": "https://images.marinetraffic.com/collection/2013429.webp?size=800"
    },
    {
        "photoId": 1952960,
        "placeTaken": "Bremerhaven",
        "takenAt": 1430919600,
        "copyright": "Rolf Bridde",
        "description": null,
        "asset": {
            "id": 4792962,
            "type": "Cargo",
            "name": "MOGENS MAERSK"
        },
        "rating": {
            "voteAverage": 0,
            "voteCounter": 0
        },
        "url": "https://images.marinetraffic.com/collection/1952960.webp?size=800"
    },
    {
        "photoId": 1952958,
        "placeTaken": "Bremerhaven",
        "takenAt": 1430918760,
        "copyright": "Rolf Bridde",
        "description": null,
        "asset": {
            "id": 4792962,
            "type": "Cargo",
            "name": "MOGENS MAERSK"
        },
        "rating": {
            "voteAverage": 0,
            "voteCounter": 0
        },
        "url": "https://images.marinetraffic.com/collection/1952958.webp?size=800"
    },
    {
        "photoId": 1945760,
        "placeTaken": "Port of Aarhus",
        "takenAt": 1430301780,
        "copyright": "Allan J. Kortsen",
        "description": "www.skyaviator.dk",
        "asset": {
            "id": 4792962,
            "type": "Cargo",
            "name": "MOGENS MAERSK"
        },
        "rating": {
            "voteAverage": 4.666667,
            "voteCounter": 3
        },
        "url": "https://images.marinetraffic.com/collection/1945760.webp?size=800"
    },
    {
        "photoId": 1945759,
        "placeTaken": "Port of Aarhus",
        "takenAt": 1430301720,
        "copyright": "Allan J. Kortsen",
        "description": "www.skyaviator.dk",
        "asset": {
            "id": 4792962,
            "type": "Cargo",
            "name": "MOGENS MAERSK"
        },
        "rating": {
            "voteAverage": 5,
            "voteCounter": 2
        },
        "url": "https://images.marinetraffic.com/collection/1945759.webp?size=800"
    }
]