[
    {
        "photoId": 3106261,
        "placeTaken": null,
        "takenAt": 1527615120,
        "copyright": "Pascal P",
        "description": null,
        "asset": {
            "id": 4792962,
            "type": "Cargo",
            "name": "MOGENS MAERSK"
        },
        "rating": {
            "voteAverage": 0,
            "voteCounter": 0
        },
        "url": "https://images.marinetraffic.com/collection/3106261.webp?size=800"
    },
    {
        "photoId": 3105932,
        "placeTaken": "Hamburg-Rueschpark",
        "takenAt": 1527613440,
        "copyright": "S.Seelemann",
        "description": null,
        "asset": {
            "id": 4792962,
            "type": "Cargo",
            "name": "MOGENS MAERSK"
        },
        "rating": {
            "voteAverage": 5,
            "voteCounter": 2
        },
        "url": "https://images.marinetraffic.com/collection/3105932.webp?size=800"
    },
    {
        "photoId": 3100315,
        "placeTaken": "GIBRALTAR",
        "takenAt": 1527078120,
        "copyright": "GIBFRAN46",
        "description": null,
        "asset": {
            "id": 4792962,
            "type": "Cargo",
            "name": "MOGENS MAERSK"
        },
        "rating": {
            "voteAverage": 0,
            "voteCounter": 0
        },
        "url": "https://images.marinetraffic.com/collection/3100315.webp?size=800"
    },
    {
        "photoId": 3098441,
        "placeTaken": null,
        "takenAt": 1527105060,
        "copyright": "Juan Carlos Perez Garcia",
        "description": null,
        "asset": {
            "id": 4792962,
            "type": "Cargo",
            "name": "MOGENS MAERSK"
        },
        "rating": {
            "voteAverage": 0,
            "voteCounter": 0
        },
        "url": "https://images.marinetraffic.com/collection/3098441.webp?size=800"
    },
    {
        "photoId": 3098440,
        "placeTaken": null,
        "takenAt": 1527105360,
        "copyright": "Juan Carlos Perez Garcia",
        "description": null,
        "asset": {
            "id": 4792962,
            "type": "Cargo",
            "name": "MOGENS MAERSK"
        },
        "rating": {
            "voteAverage": 5,
            "voteCounter": 1
        },
        "url": "https://images.marinetraffic.com/collection/3098440.webp?size=800"
    },
    {
        "photoId": 3006592,
        "placeTaken": "Puerto Algeciras ",
        "takenAt": 1520363340,
        "copyright": "Manuel Perez Romero",
        "description": null,
        "asset": {
            "id": 4792962,
            "type": "Cargo",
            "name": "MOGENS MAERSK"
        },
        "rating": {
            "voteAverage": 0,
            "voteCounter": 0
        },
        "url": "https://images.marinetraffic.com/collection/3006592.webp?size=800"
    },
    {
        "photoId": 3000715,
        "placeTaken": "Terneuzen",
        "takenAt": 1519646700,
        "copyright": "Frans Anemaet",
        "description": null,
        "asset": {
            "id": 4792962,
            "type": "Cargo",
            "name": "MOGENS MAERSK"
        },
        "rating": {
            "voteAverage": 5,
            "voteCounter": 2
        },
        "url": "https://images.marinetraffic.com/collection/3000715.webp?size=800"
    },
    {
        "photoId": 2994422,
        "placeTaken": "Busan New Port, Rep of Korea.",
        "takenAt": 1516174500,
        "copyright": "smp",
        "description": null,
        "asset": {
            "id": 4792962,
            "type": "Cargo",
            "name": "MOGENS MAERSK"
        },
        "rating": {
            "voteAverage": 0,
            "voteCounter": 0
        },
        "url": "https://images.marinetraffic.com/collection/2994422.webp?size=800"
    },
    {
        "photoId": 2957027,
        "placeTaken": "Rotterdam",
        "takenAt": 1481377800,
        "copyright": "Andrey Konchak",
        "description": null,
        "asset": {
            "id": 4792962,
            "type": "Cargo",
            "name": "MOGENS MAERSK"
        },
        "rating": {
            "voteAverage": 5,
            "voteCounter": 1
        },
        "url": "https://images.marinetraffic.com/collection/2957027.webp?size=800"
    },
    {
        "photoId": 2939175,
        "placeTaken": "GIBRALTAR",
        "takenAt": 1513327800,
        "copyright": "GIBFRAN46",
        "description": null,
        "asset": {
            "id": 4792962,
            "type": "Cargo",
            "name": "MOGENS MAERSK"
        },
        "rating": {
            "voteAverage": 5,
            "voteCounter": 1
        },
        "url": "https://images.marinetraffic.com/collection/2939175.webp?size=800"
    },
    {
        "photoId": 2936598,
        "placeTaken": "Rotterdam",
        "takenAt": 1481377560,
        "copyright": "Andrey Konchak",
        "description": "Rotterdam",
        "asset": {
            "id": 4792962,
            "type": "Cargo",
            "name": "MOGENS MAERSK"
        },
        "rating": {
            "voteAverage": 0,
            "voteCounter": 0
        },
        "url": "https://images.marinetraffic.com/collection/2936598.webp?size=800"
    },
    {
        "photoId": 2930517,
        "placeTaken": "Felixstowe",
        "takenAt": 1512385800,
        "copyright": "paul hiett",
        "description": null,
        "asset": {
            "id": 4792962,
            "type": "Cargo",
            "name": "MOGENS MAERSK"
        },
        "rating": {
            "voteAverage": 5,
            "voteCounter": 1
        },
        "url": "https://images.marinetraffic.com/collection/2930517.webp?size=800"
    },
    {
        "photoId": 2930512,
        "placeTaken": "Felixstowe",
        "takenAt": 1512380400,
        "copyright": "paul hiett",
        "description": null,
        "asset": {
            "id": 4792962,
            "type": "Cargo",
            "name": "MOGENS MAERSK"
        },
        "rating": {
            "voteAverage": 0,
            "voteCounter": 0
        },
        "url": "https://images.marinetraffic.com/collection/2930512.webp?size=800"
    },
    {
        "photoId": 2929461,
        "placeTaken": "GIBRALTAR",
        "takenAt": 1511874360,
        "copyright": "GIBFRAN46",
        "description": null,
        "asset": {
            "id": 4792962,
            "type": "Cargo",
            "name": "MOGENS MAERSK"
        },
        "rating": {
            "voteAverage": 0,
            "voteCounter": 0
        },
        "url": "https://images.marinetraffic.com/collection/2929461.webp?size=800"
    },
    {
        "photoId": 2750507,
        "placeTaken": "Felixstowe UK",
        "takenAt": 1499078340,
        "copyright": "Andy Jackson",
        "description": "Arrival Felixstowe",
        "asset": {
            "id": 4792962,
            "type": "Cargo",
            "name": "MOGENS MAERSK"
        },
        "rating": {
            "voteAverage": 0,
            "voteCounter": 0
        },
        "url": "https://images.marinetraffic.com/collection/2750507.webp?size=800"
    },
    {
        "photoId": 2707553,
        "placeTaken": null,
        "takenAt": null,
        "copyright": "Maik Ebel - www.ship-photos.de",
        "description": null,
        "asset": {
            "id": 4792962,
            "type": "Cargo",
            "name": "MOGENS MAERSK"
        },
        "rating": {
            "voteAverage": 0,
            "voteCounter": 0
        },
        "url": "https://images.marinetraffic.com/collection/2707553.webp?size=800"
    },
    {
        "photoId": 2691438,
        "placeTaken": "Busan New Port, Rep. of Korea",
        "takenAt": 1446558540,
        "copyright": "V. Tonic",
        "description": "At Busan New Port, PNIT terminal.",
        "asset": {
            "id": 4792962,
            "type": "Cargo",
            "name": "MOGENS MAERSK"
        },
        "rating": {
            "voteAverage": 0,
            "voteCounter": 0
        },
        "url": "https://images.marinetraffic.com/collection/2691438.webp?size=800"
    },
    {
        "photoId": 2629121,
        "placeTaken": "Harwich Haven, GB",
        "takenAt": 1436016600,
        "copyright": "Michael Ludlow",
        "description": "Mogens Maersk about to approach her berth.",
        "asset": {
            "id": 4792962,
            "type": "Cargo",
            "name": "MOGENS MAERSK"
        },
        "rating": {
            "voteAverage": 0,
            "voteCounter": 0
        },
        "url": "https://images.marinetraffic.com/collection/2629121.webp?size=800"
    },
    {
        "photoId": 2629115,
        "placeTaken": "Harwich Haven, GB",
        "takenAt": 1436016120,
        "copyright": "Michael Ludlow",
        "description": "Mogens Maersk swinging in Harwich Haven prior to berthing at No.8 berth, Felixtowe, GB.",
        "asset": {
            "id": 4792962,
            "type": "Cargo",
            "name": "MOGENS MAERSK"
        },
        "rating": {
            "voteAverage": 0,
            "voteCounter": 0
        },
        "url": "https://images.marinetraffic.com/collection/2629115.webp?size=800"
    },
    {
        "photoId": 2629106,
        "placeTaken": "Felixtowe, GB.",
        "takenAt": 1436015520,
        "copyright": "Michael Ludlow",
        "description": "Mogens Maersk heading up into Harwich Haven, GB.",
        "asset": {
            "id": 4792962,
            "type": "Cargo",
            "name": "MOGENS MAERSK"
        },
        "rating": {
            "voteAverage": 0,
            "voteCounter": 0
        },
        "url": "https://images.marinetraffic.com/collection/2629106.webp?size=800"
    }
]