[
    {
        "photoId": 2972837,
        "placeTaken": "Hamburg",
        "takenAt": 1517060940,
        "copyright": "Thomas Tauchert",
        "description": null,
        "asset": {
            "id": 180578,
            "type": "Cargo",
            "name": "CMA CGM JULES VERNE"
        },
        "rating": {
            "voteAverage": 0,
            "voteCounter": 0
        },
        "url": "https://images.marinetraffic.com/collection/2972837.webp?size=800"
    },
    {
        "photoId": 2961275,
        "placeTaken": "Algeciras",
        "takenAt": 1509011100,
        "copyright": "Geir Magne Skj\u00f8lsvik",
        "description": null,
        "asset": {
            "id": 180578,
            "type": "Cargo",
            "name": "CMA CGM JULES VERNE"
        },
        "rating": {
            "voteAverage": 0,
            "voteCounter": 0
        },
        "url": "https://images.marinetraffic.com/collection/2961275.webp?size=800"
    },
    {
        "photoId": 2914409,
        "placeTaken": "Hamburg, Rschpark",
        "takenAt": 1509807780,
        "copyright": "Gerd Frick",
        "description": null,
        "asset": {
            "id": 180578,
            "type": "Cargo",
            "name": "CMA CGM JULES VERNE"
        },
        "rating": {
            "voteAverage": 5,
            "voteCounter": 1
        },
        "url": "https://images.marinetraffic.com/collection/2914409.webp?size=800"
    },
    {
        "photoId": 2812763,
        "placeTaken": "Puerto de Algeciras",
        "takenAt": 1503403020,
        "copyright": "Antonio  Fernandez",
        "description": "Puerto de Algeciras",
        "asset": {
            "id": 180578,
            "type": "Cargo",
            "name": "CMA CGM JULES VERNE"
        },
        "rating": {
            "voteAverage": 0,
            "voteCounter": 0
        },
        "url": "https://images.marinetraffic.com/collection/2812763.webp?size=800"
    },
    {
        "photoId": 2796397,
        "placeTaken": "Cuxhaven",
        "takenAt": 1495127340,
        "copyright": "Reinhard Schmidt",
        "description": null,
        "asset": {
            "id": 180578,
            "type": "Cargo",
            "name": "CMA CGM JULES VERNE"
        },
        "rating": {
            "voteAverage": 5,
            "voteCounter": 1
        },
        "url": "https://images.marinetraffic.com/collection/2796397.webp?size=800"
    },
    {
        "photoId": 2790661,
        "placeTaken": "Marchwood Southampton ",
        "takenAt": 1502030160,
        "copyright": "Bruce Hunter",
        "description": null,
        "asset": {
            "id": 180578,
            "type": "Cargo",
            "name": "CMA CGM JULES VERNE"
        },
        "rating": {
            "voteAverage": 0,
            "voteCounter": 0
        },
        "url": "https://images.marinetraffic.com/collection/2790661.webp?size=800"
    },
    {
        "photoId": 2727994,
        "placeTaken": "Wedel, Willkomm-Hft Welcome Point",
        "takenAt": 1495307160,
        "copyright": "Stephan Heimers",
        "description": null,
        "asset": {
            "id": 180578,
            "type": "Cargo",
            "name": "CMA CGM JULES VERNE"
        },
        "rating": {
            "voteAverage": 0,
            "voteCounter": 0
        },
        "url": "https://images.marinetraffic.com/collection/2727994.webp?size=800"
    },
    {
        "photoId": 2702421,
        "placeTaken": "Southampton",
        "takenAt": 1494950220,
        "copyright": "Steen Schneller Larsen",
        "description": null,
        "asset": {
            "id": 180578,
            "type": "Cargo",
            "name": "CMA CGM JULES VERNE"
        },
        "rating": {
            "voteAverage": 0,
            "voteCounter": 0
        },
        "url": "https://images.marinetraffic.com/collection/2702421.webp?size=800"
    },
    {
        "photoId": 2702418,
        "placeTaken": "Southampton",
        "takenAt": 1494949980,
        "copyright": "Steen Schneller Larsen",
        "description": null,
        "asset": {
            "id": 180578,
            "type": "Cargo",
            "name": "CMA CGM JULES VERNE"
        },
        "rating": {
            "voteAverage": 5,
            "voteCounter": 1
        },
        "url": "https://images.marinetraffic.com/collection/2702418.webp?size=800"
    },
    {
        "photoId": 2702414,
        "placeTaken": "Southampton",
        "takenAt": 1494949320,
        "copyright": "Steen Schneller Larsen",
        "description": null,
        "asset": {
            "id": 180578,
            "type": "Cargo",
            "name": "CMA CGM JULES VERNE"
        },
        "rating": {
            "voteAverage": 0,
            "voteCounter": 0
        },
        "url": "https://images.marinetraffic.com/collection/2702414.webp?size=800"
    },
    {
        "photoId": 2681643,
        "placeTaken": "Southampton Water",
        "takenAt": 1494776340,
        "copyright": "Adrian Shawcross",
        "description": null,
        "asset": {
            "id": 180578,
            "type": "Cargo",
            "name": "CMA CGM JULES VERNE"
        },
        "rating": {
            "voteAverage": 0,
            "voteCounter": 0
        },
        "url": "https://images.marinetraffic.com/collection/2681643.webp?size=800"
    },
    {
        "photoId": 2606036,
        "placeTaken": null,
        "takenAt": 1488717540,
        "copyright": "Marios Prekas",
        "description": null,
        "asset": {
            "id": 180578,
            "type": "Cargo",
            "name": "CMA CGM JULES VERNE"
        },
        "rating": {
            "voteAverage": 0,
            "voteCounter": 0
        },
        "url": "https://images.marinetraffic.com/collection/2606036.webp?size=800"
    },
    {
        "photoId": 2526228,
        "placeTaken": "Hamburg, Rschpark",
        "takenAt": 1480418760,
        "copyright": "Gerd Frick",
        "description": null,
        "asset": {
            "id": 180578,
            "type": "Cargo",
            "name": "CMA CGM JULES VERNE"
        },
        "rating": {
            "voteAverage": 5,
            "voteCounter": 4
        },
        "url": "https://images.marinetraffic.com/collection/2526228.webp?size=800"
    },
    {
        "photoId": 2525132,
        "placeTaken": "Waltershofer Hafen  Hamburg",
        "takenAt": 1480177500,
        "copyright": "rannug",
        "description": "CMA CGM Jules Verne    Waltershofer Hafen  Hamburg",
        "asset": {
            "id": 180578,
            "type": "Cargo",
            "name": "CMA CGM JULES VERNE"
        },
        "rating": {
            "voteAverage": 0,
            "voteCounter": 0
        },
        "url": "https://images.marinetraffic.com/collection/2525132.webp?size=800"
    },
    {
        "photoId": 2447302,
        "placeTaken": "Hamburg",
        "takenAt": 1472885640,
        "copyright": "Thomas Tauchert",
        "description": null,
        "asset": {
            "id": 180578,
            "type": "Cargo",
            "name": "CMA CGM JULES VERNE"
        },
        "rating": {
            "voteAverage": 0,
            "voteCounter": 0
        },
        "url": "https://images.marinetraffic.com/collection/2447302.webp?size=800"
    },
    {
        "photoId": 2447301,
        "placeTaken": "Hamburg",
        "takenAt": 1472883120,
        "copyright": "Thomas Tauchert",
        "description": null,
        "asset": {
            "id": 180578,
            "type": "Cargo",
            "name": "CMA CGM JULES VERNE"
        },
        "rating": {
            "voteAverage": 0,
            "voteCounter": 0
        },
        "url": "https://images.marinetraffic.com/collection/2447301.webp?size=800"
    },
    {
        "photoId": 2371304,
        "placeTaken": null,
        "takenAt": 1465129260,
        "copyright": "Matthias  Schmitt",
        "description": null,
        "asset": {
            "id": 180578,
            "type": "Cargo",
            "name": "CMA CGM JULES VERNE"
        },
        "rating": {
            "voteAverage": 0,
            "voteCounter": 0
        },
        "url": "https://images.marinetraffic.com/collection/2371304.webp?size=800"
    },
    {
        "photoId": 2355516,
        "placeTaken": "Hamburg",
        "takenAt": 1464989700,
        "copyright": "Michael Purer",
        "description": "CMA CGM Jules Verne at CTB.",
        "asset": {
            "id": 180578,
            "type": "Cargo",
            "name": "CMA CGM JULES VERNE"
        },
        "rating": {
            "voteAverage": 0,
            "voteCounter": 0
        },
        "url": "https://images.marinetraffic.com/collection/2355516.webp?size=800"
    },
    {
        "photoId": 2344488,
        "placeTaken": "Hamburg",
        "takenAt": 1465111860,
        "copyright": "Thomas Tauchert",
        "description": null,
        "asset": {
            "id": 180578,
            "type": "Cargo",
            "name": "CMA CGM JULES VERNE"
        },
        "rating": {
            "voteAverage": 0,
            "voteCounter": 0
        },
        "url": "https://images.marinetraffic.com/collection/2344488.webp?size=800"
    },
    {
        "photoId": 2338172,
        "placeTaken": "Southampton - Calshot",
        "takenAt": 1464535860,
        "copyright": "Rainer Petzold",
        "description": null,
        "asset": {
            "id": 180578,
            "type": "Cargo",
            "name": "CMA CGM JULES VERNE"
        },
        "rating": {
            "voteAverage": 4,
            "voteCounter": 1
        },
        "url": "https://images.marinetraffic.com/collection/2338172.webp?size=800"
    }
]