[
    {
        "photoId": 3285271,
        "placeTaken": "Bremerhaven",
        "takenAt": 1540654140,
        "copyright": "pingi eisbar",
        "description": null,
        "asset": {
            "id": 5346374,
            "type": "Cargo",
            "name": "MARIE MAERSK"
        },
        "rating": {
            "voteAverage": 5,
            "voteCounter": 1
        },
        "url": "https://images.marinetraffic.com/collection/3285271.webp?size=800"
    },
    {
        "photoId": 2959630,
        "placeTaken": "Maasvlakte Rotterdam",
        "takenAt": 1515501780,
        "copyright": "Patrick Deenik",
        "description": null,
        "asset": {
            "id": 5346374,
            "type": "Cargo",
            "name": "MARIE MAERSK"
        },
        "rating": {
            "voteAverage": 0,
            "voteCounter": 0
        },
        "url": "https://images.marinetraffic.com/collection/2959630.webp?size=800"
    },
    {
        "photoId": 2959629,
        "placeTaken": "Maasvlakte Rotterdam",
        "takenAt": 1515501120,
        "copyright": "Patrick Deenik",
        "description": null,
        "asset": {
            "id": 5346374,
            "type": "Cargo",
            "name": "MARIE MAERSK"
        },
        "rating": {
            "voteAverage": 5,
            "voteCounter": 1
        },
        "url": "https://images.marinetraffic.com/collection/2959629.webp?size=800"
    },
    {
        "photoId": 2956590,
        "placeTaken": "Felixtowe, GB.",
        "takenAt": 1515329760,
        "copyright": "Michael Ludlow",
        "description": "Marie Maersk, Felixtowe, GB.",
        "asset": {
            "id": 5346374,
            "type": "Cargo",
            "name": "MARIE MAERSK"
        },
        "rating": {
            "voteAverage": 0,
            "voteCounter": 0
        },
        "url": "https://images.marinetraffic.com/collection/2956590.webp?size=800"
    },
    {
        "photoId": 2956584,
        "placeTaken": "Felixtowe, GB.",
        "takenAt": 1515321300,
        "copyright": "Michael Ludlow",
        "description": "Marie Maersk at No.9 berth, Felixtowe, GB, with OOCL Germany on the next berth.",
        "asset": {
            "id": 5346374,
            "type": "Cargo",
            "name": "MARIE MAERSK"
        },
        "rating": {
            "voteAverage": 0,
            "voteCounter": 0
        },
        "url": "https://images.marinetraffic.com/collection/2956584.webp?size=800"
    },
    {
        "photoId": 2952731,
        "placeTaken": "Bubendey-Ufer - Hamburg",
        "takenAt": 1472927640,
        "copyright": "Carsten Feldhusen",
        "description": "MARIE M\u00c6RSK in Hamburg",
        "asset": {
            "id": 5346374,
            "type": "Cargo",
            "name": "MARIE MAERSK"
        },
        "rating": {
            "voteAverage": 5,
            "voteCounter": 26
        },
        "url": "https://images.marinetraffic.com/collection/2952731.webp?size=800"
    },
    {
        "photoId": 2948796,
        "placeTaken": "Bay of Biscay",
        "takenAt": 1402314120,
        "copyright": "John Pitcher",
        "description": null,
        "asset": {
            "id": 5346374,
            "type": "Cargo",
            "name": "MARIE MAERSK"
        },
        "rating": {
            "voteAverage": 5,
            "voteCounter": 2
        },
        "url": "https://images.marinetraffic.com/collection/2948796.webp?size=800"
    },
    {
        "photoId": 2904123,
        "placeTaken": "Maasvlakte",
        "takenAt": 1495888860,
        "copyright": "Ruud Glimmerveen",
        "description": null,
        "asset": {
            "id": 5346374,
            "type": "Cargo",
            "name": "MARIE MAERSK"
        },
        "rating": {
            "voteAverage": 5,
            "voteCounter": 4
        },
        "url": "https://images.marinetraffic.com/collection/2904123.webp?size=800"
    },
    {
        "photoId": 2878716,
        "placeTaken": "Dover Straits, West Bound.",
        "takenAt": 1502179200,
        "copyright": "Dalek Swift. UK",
        "description": "A dull morning.",
        "asset": {
            "id": 5346374,
            "type": "Cargo",
            "name": "MARIE MAERSK"
        },
        "rating": {
            "voteAverage": 4.619048,
            "voteCounter": 21
        },
        "url": "https://images.marinetraffic.com/collection/2878716.webp?size=800"
    },
    {
        "photoId": 2878715,
        "placeTaken": "Dover Straits, West Bound.",
        "takenAt": 1502179020,
        "copyright": "Dalek Swift. UK",
        "description": "A Dull Morning.",
        "asset": {
            "id": 5346374,
            "type": "Cargo",
            "name": "MARIE MAERSK"
        },
        "rating": {
            "voteAverage": 4.571429,
            "voteCounter": 21
        },
        "url": "https://images.marinetraffic.com/collection/2878715.webp?size=800"
    },
    {
        "photoId": 2836188,
        "placeTaken": "River Elbe  Hoehe Schulau / Wedel",
        "takenAt": 1494608700,
        "copyright": "Arno Bruegmann",
        "description": "Elbaufwaerts Kurs Habour Hamburg ...",
        "asset": {
            "id": 5346374,
            "type": "Cargo",
            "name": "MARIE MAERSK"
        },
        "rating": {
            "voteAverage": 0,
            "voteCounter": 0
        },
        "url": "https://images.marinetraffic.com/collection/2836188.webp?size=800"
    },
    {
        "photoId": 2805830,
        "placeTaken": "Lhe/Anleger",
        "takenAt": 1494610140,
        "copyright": "Reinhard Schmidt",
        "description": null,
        "asset": {
            "id": 5346374,
            "type": "Cargo",
            "name": "MARIE MAERSK"
        },
        "rating": {
            "voteAverage": 5,
            "voteCounter": 1
        },
        "url": "https://images.marinetraffic.com/collection/2805830.webp?size=800"
    },
    {
        "photoId": 2795608,
        "placeTaken": "Marchwood Southampton ",
        "takenAt": 1502311380,
        "copyright": "Bruce Hunter",
        "description": null,
        "asset": {
            "id": 5346374,
            "type": "Cargo",
            "name": "MARIE MAERSK"
        },
        "rating": {
            "voteAverage": 0,
            "voteCounter": 0
        },
        "url": "https://images.marinetraffic.com/collection/2795608.webp?size=800"
    },
    {
        "photoId": 2794459,
        "placeTaken": "Marchwood Southampton ",
        "takenAt": 1502258580,
        "copyright": "Bruce Hunter",
        "description": null,
        "asset": {
            "id": 5346374,
            "type": "Cargo",
            "name": "MARIE MAERSK"
        },
        "rating": {
            "voteAverage": 5,
            "voteCounter": 1
        },
        "url": "https://images.marinetraffic.com/collection/2794459.webp?size=800"
    },
    {
        "photoId": 2776358,
        "placeTaken": "KWAI CHUNG, HONG KONG ",
        "takenAt": 1499596920,
        "copyright": "Fok  Tat Hei",
        "description": null,
        "asset": {
            "id": 5346374,
            "type": "Cargo",
            "name": "MARIE MAERSK"
        },
        "rating": {
            "voteAverage": 0,
            "voteCounter": 0
        },
        "url": "https://images.marinetraffic.com/collection/2776358.webp?size=800"
    },
    {
        "photoId": 2744892,
        "placeTaken": "Maasmond, Rotterdam NL",
        "takenAt": 1496046420,
        "copyright": "Stefan Lemmens",
        "description": null,
        "asset": {
            "id": 5346374,
            "type": "Cargo",
            "name": "MARIE MAERSK"
        },
        "rating": {
            "voteAverage": 0,
            "voteCounter": 0
        },
        "url": "https://images.marinetraffic.com/collection/2744892.webp?size=800"
    },
    {
        "photoId": 2735786,
        "placeTaken": "Hamburg, Rschpark",
        "takenAt": 1494770160,
        "copyright": "Gerd Frick",
        "description": null,
        "asset": {
            "id": 5346374,
            "type": "Cargo",
            "name": "MARIE MAERSK"
        },
        "rating": {
            "voteAverage": 5,
            "voteCounter": 1
        },
        "url": "https://images.marinetraffic.com/collection/2735786.webp?size=800"
    },
    {
        "photoId": 2722812,
        "placeTaken": "Hamburg, Rschpark",
        "takenAt": 1494770100,
        "copyright": "Gerd Frick",
        "description": null,
        "asset": {
            "id": 5346374,
            "type": "Cargo",
            "name": "MARIE MAERSK"
        },
        "rating": {
            "voteAverage": 5,
            "voteCounter": 1
        },
        "url": "https://images.marinetraffic.com/collection/2722812.webp?size=800"
    },
    {
        "photoId": 2713970,
        "placeTaken": "Maasvlakte",
        "takenAt": 1495892940,
        "copyright": "paul gerdes",
        "description": null,
        "asset": {
            "id": 5346374,
            "type": "Cargo",
            "name": "MARIE MAERSK"
        },
        "rating": {
            "voteAverage": 0,
            "voteCounter": 0
        },
        "url": "https://images.marinetraffic.com/collection/2713970.webp?size=800"
    },
    {
        "photoId": 2681596,
        "placeTaken": "Hamburg-Rueschpark",
        "takenAt": 1494766260,
        "copyright": "S.Seelemann",
        "description": "leaving Hamburg.",
        "asset": {
            "id": 5346374,
            "type": "Cargo",
            "name": "MARIE MAERSK"
        },
        "rating": {
            "voteAverage": 0,
            "voteCounter": 0
        },
        "url": "https://images.marinetraffic.com/collection/2681596.webp?size=800"
    }
]