[
    {
        "photoId": 2680609,
        "placeTaken": "River Elbe",
        "takenAt": 1494611280,
        "copyright": "Arno Bruegmann",
        "description": null,
        "asset": {
            "id": 5346374,
            "type": "Cargo",
            "name": "MARIE MAERSK"
        },
        "rating": {
            "voteAverage": 0,
            "voteCounter": 0
        },
        "url": "https://images.marinetraffic.com/collection/2680609.webp?size=800"
    },
    {
        "photoId": 2680607,
        "placeTaken": "River Elbe",
        "takenAt": 1494608160,
        "copyright": "Arno Bruegmann",
        "description": null,
        "asset": {
            "id": 5346374,
            "type": "Cargo",
            "name": "MARIE MAERSK"
        },
        "rating": {
            "voteAverage": 0,
            "voteCounter": 0
        },
        "url": "https://images.marinetraffic.com/collection/2680607.webp?size=800"
    },
    {
        "photoId": 2680605,
        "placeTaken": "River Elbe",
        "takenAt": 1494608100,
        "copyright": "Arno Bruegmann",
        "description": null,
        "asset": {
            "id": 5346374,
            "type": "Cargo",
            "name": "MARIE MAERSK"
        },
        "rating": {
            "voteAverage": 0,
            "voteCounter": 0
        },
        "url": "https://images.marinetraffic.com/collection/2680605.webp?size=800"
    },
    {
        "photoId": 2680604,
        "placeTaken": "River Elbe",
        "takenAt": 1494610680,
        "copyright": "Arno Bruegmann",
        "description": null,
        "asset": {
            "id": 5346374,
            "type": "Cargo",
            "name": "MARIE MAERSK"
        },
        "rating": {
            "voteAverage": 0,
            "voteCounter": 0
        },
        "url": "https://images.marinetraffic.com/collection/2680604.webp?size=800"
    },
    {
        "photoId": 2679733,
        "placeTaken": "Hamburg - Blankenese / GER",
        "takenAt": 1494611880,
        "copyright": "Buggi Porschien",
        "description": null,
        "asset": {
            "id": 5346374,
            "type": "Cargo",
            "name": "MARIE MAERSK"
        },
        "rating": {
            "voteAverage": 5,
            "voteCounter": 1
        },
        "url": "https://images.marinetraffic.com/collection/2679733.webp?size=800"
    },
    {
        "photoId": 2665147,
        "placeTaken": "Port of Aarhus, Denmark",
        "takenAt": 1401740880,
        "copyright": "Allan J. Kortsen",
        "description": "www.skyaviator.dk",
        "asset": {
            "id": 5346374,
            "type": "Cargo",
            "name": "MARIE MAERSK"
        },
        "rating": {
            "voteAverage": 5,
            "voteCounter": 1
        },
        "url": "https://images.marinetraffic.com/collection/2665147.webp?size=800"
    },
    {
        "photoId": 2613632,
        "placeTaken": "Felixtowe, GB",
        "takenAt": 1459781640,
        "copyright": "Michael Ludlow",
        "description": "Marie Maersk at No.8 Berth, Felixtowe, GB.",
        "asset": {
            "id": 5346374,
            "type": "Cargo",
            "name": "MARIE MAERSK"
        },
        "rating": {
            "voteAverage": 5,
            "voteCounter": 2
        },
        "url": "https://images.marinetraffic.com/collection/2613632.webp?size=800"
    },
    {
        "photoId": 2600233,
        "placeTaken": "Hooksiel",
        "takenAt": 1488204540,
        "copyright": "Winfried Schulmeyer",
        "description": null,
        "asset": {
            "id": 5346374,
            "type": "Cargo",
            "name": "MARIE MAERSK"
        },
        "rating": {
            "voteAverage": 5,
            "voteCounter": 1
        },
        "url": "https://images.marinetraffic.com/collection/2600233.webp?size=800"
    },
    {
        "photoId": 2591110,
        "placeTaken": "Hamburg, velgnne",
        "takenAt": 1487411880,
        "copyright": "Gerd Frick",
        "description": null,
        "asset": {
            "id": 5346374,
            "type": "Cargo",
            "name": "MARIE MAERSK"
        },
        "rating": {
            "voteAverage": 5,
            "voteCounter": 2
        },
        "url": "https://images.marinetraffic.com/collection/2591110.webp?size=800"
    },
    {
        "photoId": 2590758,
        "placeTaken": "Hamburg - Blankenese / GER",
        "takenAt": 1487410440,
        "copyright": "Buggi Porschien",
        "description": null,
        "asset": {
            "id": 5346374,
            "type": "Cargo",
            "name": "MARIE MAERSK"
        },
        "rating": {
            "voteAverage": 0,
            "voteCounter": 0
        },
        "url": "https://images.marinetraffic.com/collection/2590758.webp?size=800"
    },
    {
        "photoId": 2548485,
        "placeTaken": "Hamburg",
        "takenAt": 1480242240,
        "copyright": "Oliver Boltz",
        "description": null,
        "asset": {
            "id": 5346374,
            "type": "Cargo",
            "name": "MARIE MAERSK"
        },
        "rating": {
            "voteAverage": 0,
            "voteCounter": 0
        },
        "url": "https://images.marinetraffic.com/collection/2548485.webp?size=800"
    },
    {
        "photoId": 2525307,
        "placeTaken": "Cuxhaven",
        "takenAt": 1480331880,
        "copyright": "Claus Schaefe",
        "description": null,
        "asset": {
            "id": 5346374,
            "type": "Cargo",
            "name": "MARIE MAERSK"
        },
        "rating": {
            "voteAverage": 5,
            "voteCounter": 3
        },
        "url": "https://images.marinetraffic.com/collection/2525307.webp?size=800"
    },
    {
        "photoId": 2525306,
        "placeTaken": "Cuxhaven",
        "takenAt": 1480331700,
        "copyright": "Claus Schaefe",
        "description": null,
        "asset": {
            "id": 5346374,
            "type": "Cargo",
            "name": "MARIE MAERSK"
        },
        "rating": {
            "voteAverage": 5,
            "voteCounter": 2
        },
        "url": "https://images.marinetraffic.com/collection/2525306.webp?size=800"
    },
    {
        "photoId": 2525305,
        "placeTaken": "Cuxhaven",
        "takenAt": 1480331640,
        "copyright": "Claus Schaefe",
        "description": null,
        "asset": {
            "id": 5346374,
            "type": "Cargo",
            "name": "MARIE MAERSK"
        },
        "rating": {
            "voteAverage": 5,
            "voteCounter": 1
        },
        "url": "https://images.marinetraffic.com/collection/2525305.webp?size=800"
    },
    {
        "photoId": 2525303,
        "placeTaken": "Cuxhaven",
        "takenAt": 1480331400,
        "copyright": "Claus Schaefe",
        "description": null,
        "asset": {
            "id": 5346374,
            "type": "Cargo",
            "name": "MARIE MAERSK"
        },
        "rating": {
            "voteAverage": 5,
            "voteCounter": 1
        },
        "url": "https://images.marinetraffic.com/collection/2525303.webp?size=800"
    },
    {
        "photoId": 2525302,
        "placeTaken": "Cuxhaven",
        "takenAt": 1480331100,
        "copyright": "Claus Schaefe",
        "description": null,
        "asset": {
            "id": 5346374,
            "type": "Cargo",
            "name": "MARIE MAERSK"
        },
        "rating": {
            "voteAverage": 5,
            "voteCounter": 2
        },
        "url": "https://images.marinetraffic.com/collection/2525302.webp?size=800"
    },
    {
        "photoId": 2521838,
        "placeTaken": "Bremerhaven",
        "takenAt": 1479995940,
        "copyright": "Rolf Bridde",
        "description": null,
        "asset": {
            "id": 5346374,
            "type": "Cargo",
            "name": "MARIE MAERSK"
        },
        "rating": {
            "voteAverage": 0,
            "voteCounter": 0
        },
        "url": "https://images.marinetraffic.com/collection/2521838.webp?size=800"
    },
    {
        "photoId": 2493298,
        "placeTaken": "Hamburg",
        "takenAt": 1472981460,
        "copyright": "Oliver Boltz",
        "description": null,
        "asset": {
            "id": 5346374,
            "type": "Cargo",
            "name": "MARIE MAERSK"
        },
        "rating": {
            "voteAverage": 0,
            "voteCounter": 0
        },
        "url": "https://images.marinetraffic.com/collection/2493298.webp?size=800"
    },
    {
        "photoId": 2493296,
        "placeTaken": "Hamburg",
        "takenAt": 1472981280,
        "copyright": "Oliver Boltz",
        "description": null,
        "asset": {
            "id": 5346374,
            "type": "Cargo",
            "name": "MARIE MAERSK"
        },
        "rating": {
            "voteAverage": 0,
            "voteCounter": 0
        },
        "url": "https://images.marinetraffic.com/collection/2493296.webp?size=800"
    },
    {
        "photoId": 2483227,
        "placeTaken": "Bremerhaven",
        "takenAt": 1472648100,
        "copyright": "Helmut Seger",
        "description": null,
        "asset": {
            "id": 5346374,
            "type": "Cargo",
            "name": "MARIE MAERSK"
        },
        "rating": {
            "voteAverage": 5,
            "voteCounter": 1
        },
        "url": "https://images.marinetraffic.com/collection/2483227.webp?size=800"
    }
]