[
    {
        "photoId": 3622692,
        "placeTaken": null,
        "takenAt": 1567191120,
        "copyright": "Hussein Malki",
        "description": null,
        "asset": {
            "id": 153115,
            "type": "Cargo",
            "name": "NEW YORK EXPRESS"
        },
        "rating": {
            "voteAverage": 0,
            "voteCounter": 0
        },
        "url": "https://images.marinetraffic.com/collection/3622692.webp?size=800"
    },
    {
        "photoId": 3622690,
        "placeTaken": null,
        "takenAt": 943920000,
        "copyright": "Hussein Malki",
        "description": null,
        "asset": {
            "id": 153115,
            "type": "Cargo",
            "name": "NEW YORK EXPRESS"
        },
        "rating": {
            "voteAverage": 0,
            "voteCounter": 0
        },
        "url": "https://images.marinetraffic.com/collection/3622690.webp?size=800"
    },
    {
        "photoId": 3089957,
        "placeTaken": "Seattle, WA, USA",
        "takenAt": 1526451660,
        "copyright": "Charlie Allen",
        "description": null,
        "asset": {
            "id": 153115,
            "type": "Cargo",
            "name": "NEW YORK EXPRESS"
        },
        "rating": {
            "voteAverage": 0,
            "voteCounter": 0
        },
        "url": "https://images.marinetraffic.com/collection/3089957.webp?size=800"
    },
    {
        "photoId": 2964935,
        "placeTaken": "Solent,United Kingdom",
        "takenAt": 1439137620,
        "copyright": "John Pitcher",
        "description": null,
        "asset": {
            "id": 153115,
            "type": "Cargo",
            "name": "NEW YORK EXPRESS"
        },
        "rating": {
            "voteAverage": 0,
            "voteCounter": 0
        },
        "url": "https://images.marinetraffic.com/collection/2964935.webp?size=800"
    },
    {
        "photoId": 2964860,
        "placeTaken": "Southampton,United Kingdom",
        "takenAt": 1439041800,
        "copyright": "John Pitcher",
        "description": null,
        "asset": {
            "id": 153115,
            "type": "Cargo",
            "name": "NEW YORK EXPRESS"
        },
        "rating": {
            "voteAverage": 0,
            "voteCounter": 0
        },
        "url": "https://images.marinetraffic.com/collection/2964860.webp?size=800"
    },
    {
        "photoId": 2854172,
        "placeTaken": "Piraeus",
        "takenAt": 1499932680,
        "copyright": "Sakis Antoniou",
        "description": null,
        "asset": {
            "id": 153115,
            "type": "Cargo",
            "name": "NEW YORK EXPRESS"
        },
        "rating": {
            "voteAverage": 0,
            "voteCounter": 0
        },
        "url": "https://images.marinetraffic.com/collection/2854172.webp?size=800"
    },
    {
        "photoId": 2854166,
        "placeTaken": "Piraeus",
        "takenAt": 1499932740,
        "copyright": "Sakis Antoniou",
        "description": null,
        "asset": {
            "id": 153115,
            "type": "Cargo",
            "name": "NEW YORK EXPRESS"
        },
        "rating": {
            "voteAverage": 0,
            "voteCounter": 0
        },
        "url": "https://images.marinetraffic.com/collection/2854166.webp?size=800"
    },
    {
        "photoId": 2854164,
        "placeTaken": "Piraeus",
        "takenAt": 1499933280,
        "copyright": "Sakis Antoniou",
        "description": null,
        "asset": {
            "id": 153115,
            "type": "Cargo",
            "name": "NEW YORK EXPRESS"
        },
        "rating": {
            "voteAverage": 0,
            "voteCounter": 0
        },
        "url": "https://images.marinetraffic.com/collection/2854164.webp?size=800"
    },
    {
        "photoId": 2854157,
        "placeTaken": "Piraeus",
        "takenAt": 1499933520,
        "copyright": "Sakis Antoniou",
        "description": null,
        "asset": {
            "id": 153115,
            "type": "Cargo",
            "name": "NEW YORK EXPRESS"
        },
        "rating": {
            "voteAverage": 0,
            "voteCounter": 0
        },
        "url": "https://images.marinetraffic.com/collection/2854157.webp?size=800"
    },
    {
        "photoId": 2854154,
        "placeTaken": "Piraeus",
        "takenAt": 1499933700,
        "copyright": "Sakis Antoniou",
        "description": null,
        "asset": {
            "id": 153115,
            "type": "Cargo",
            "name": "NEW YORK EXPRESS"
        },
        "rating": {
            "voteAverage": 0,
            "voteCounter": 0
        },
        "url": "https://images.marinetraffic.com/collection/2854154.webp?size=800"
    },
    {
        "photoId": 2803231,
        "placeTaken": "Lhe/Anleger",
        "takenAt": 1492701240,
        "copyright": "Reinhard Schmidt",
        "description": null,
        "asset": {
            "id": 153115,
            "type": "Cargo",
            "name": "NEW YORK EXPRESS"
        },
        "rating": {
            "voteAverage": 0,
            "voteCounter": 0
        },
        "url": "https://images.marinetraffic.com/collection/2803231.webp?size=800"
    },
    {
        "photoId": 2684143,
        "placeTaken": "rilland",
        "takenAt": 1492586700,
        "copyright": "adriaan de schipper",
        "description": null,
        "asset": {
            "id": 153115,
            "type": "Cargo",
            "name": "NEW YORK EXPRESS"
        },
        "rating": {
            "voteAverage": 0,
            "voteCounter": 0
        },
        "url": "https://images.marinetraffic.com/collection/2684143.webp?size=800"
    },
    {
        "photoId": 2680061,
        "placeTaken": "Cuxhaven",
        "takenAt": 1492687260,
        "copyright": "Bettina Rohbrecht",
        "description": null,
        "asset": {
            "id": 153115,
            "type": "Cargo",
            "name": "NEW YORK EXPRESS"
        },
        "rating": {
            "voteAverage": 4.75,
            "voteCounter": 4
        },
        "url": "https://images.marinetraffic.com/collection/2680061.webp?size=800"
    },
    {
        "photoId": 2680059,
        "placeTaken": "Cuxhaven",
        "takenAt": 1492687380,
        "copyright": "Bettina Rohbrecht",
        "description": null,
        "asset": {
            "id": 153115,
            "type": "Cargo",
            "name": "NEW YORK EXPRESS"
        },
        "rating": {
            "voteAverage": 0,
            "voteCounter": 0
        },
        "url": "https://images.marinetraffic.com/collection/2680059.webp?size=800"
    },
    {
        "photoId": 2653502,
        "placeTaken": "Hamburg",
        "takenAt": 1492700940,
        "copyright": "Hans Schaefer",
        "description": null,
        "asset": {
            "id": 153115,
            "type": "Cargo",
            "name": "NEW YORK EXPRESS"
        },
        "rating": {
            "voteAverage": 0,
            "voteCounter": 0
        },
        "url": "https://images.marinetraffic.com/collection/2653502.webp?size=800"
    },
    {
        "photoId": 2652397,
        "placeTaken": "Hamburg",
        "takenAt": 1492701180,
        "copyright": "Hans Schaefer",
        "description": null,
        "asset": {
            "id": 153115,
            "type": "Cargo",
            "name": "NEW YORK EXPRESS"
        },
        "rating": {
            "voteAverage": 0,
            "voteCounter": 0
        },
        "url": "https://images.marinetraffic.com/collection/2652397.webp?size=800"
    },
    {
        "photoId": 2652396,
        "placeTaken": "Hamburg",
        "takenAt": 1492701000,
        "copyright": "Hans Schaefer",
        "description": null,
        "asset": {
            "id": 153115,
            "type": "Cargo",
            "name": "NEW YORK EXPRESS"
        },
        "rating": {
            "voteAverage": 0,
            "voteCounter": 0
        },
        "url": "https://images.marinetraffic.com/collection/2652396.webp?size=800"
    },
    {
        "photoId": 2652253,
        "placeTaken": "Hamburg-Teufelsbrueck",
        "takenAt": 1492700340,
        "copyright": "S.Seelemann",
        "description": null,
        "asset": {
            "id": 153115,
            "type": "Cargo",
            "name": "NEW YORK EXPRESS"
        },
        "rating": {
            "voteAverage": 0,
            "voteCounter": 0
        },
        "url": "https://images.marinetraffic.com/collection/2652253.webp?size=800"
    },
    {
        "photoId": 2650396,
        "placeTaken": "rilland",
        "takenAt": 1492586820,
        "copyright": "adriaan de schipper",
        "description": null,
        "asset": {
            "id": 153115,
            "type": "Cargo",
            "name": "NEW YORK EXPRESS"
        },
        "rating": {
            "voteAverage": 0,
            "voteCounter": 0
        },
        "url": "https://images.marinetraffic.com/collection/2650396.webp?size=800"
    },
    {
        "photoId": 2579276,
        "placeTaken": "Westerschelde",
        "takenAt": 1485000780,
        "copyright": "JK",
        "description": null,
        "asset": {
            "id": 153115,
            "type": "Cargo",
            "name": "NEW YORK EXPRESS"
        },
        "rating": {
            "voteAverage": 0,
            "voteCounter": 0
        },
        "url": "https://images.marinetraffic.com/collection/2579276.webp?size=800"
    }
]