[
    {
        "photoId": 622809,
        "placeTaken": "Hamburg-Blankenese",
        "takenAt": 1319550240,
        "copyright": "Buggi Porschien",
        "description": null,
        "asset": {
            "id": 152344,
            "type": "Cargo",
            "name": "VIENNA EXPRESS"
        },
        "rating": {
            "voteAverage": 3.666667,
            "voteCounter": 3
        },
        "url": "https://images.marinetraffic.com/collection/622809.webp?size=800"
    },
    {
        "photoId": 622149,
        "placeTaken": "Hamburg",
        "takenAt": 1319551320,
        "copyright": "S.Seelemann",
        "description": null,
        "asset": {
            "id": 152344,
            "type": "Cargo",
            "name": "VIENNA EXPRESS"
        },
        "rating": {
            "voteAverage": 4,
            "voteCounter": 5
        },
        "url": "https://images.marinetraffic.com/collection/622149.webp?size=800"
    },
    {
        "photoId": 594053,
        "placeTaken": "Terneuzen",
        "takenAt": 1312892580,
        "copyright": "Aart van Bezooijen",
        "description": null,
        "asset": {
            "id": 152344,
            "type": "Cargo",
            "name": "VIENNA EXPRESS"
        },
        "rating": {
            "voteAverage": 4.4,
            "voteCounter": 5
        },
        "url": "https://images.marinetraffic.com/collection/594053.webp?size=800"
    },
    {
        "photoId": 549909,
        "placeTaken": "Vlissingen",
        "takenAt": 1312896180,
        "copyright": "Rob Altena",
        "description": null,
        "asset": {
            "id": 152344,
            "type": "Cargo",
            "name": "VIENNA EXPRESS"
        },
        "rating": {
            "voteAverage": 2.666667,
            "voteCounter": 3
        },
        "url": "https://images.marinetraffic.com/collection/549909.webp?size=800"
    },
    {
        "photoId": 488395,
        "placeTaken": "Tokyo",
        "takenAt": 1294763100,
        "copyright": "Dexter",
        "description": null,
        "asset": {
            "id": 152344,
            "type": "Cargo",
            "name": "VIENNA EXPRESS"
        },
        "rating": {
            "voteAverage": 4,
            "voteCounter": 4
        },
        "url": "https://images.marinetraffic.com/collection/488395.webp?size=800"
    },
    {
        "photoId": 477109,
        "placeTaken": "Singapore",
        "takenAt": 1303045200,
        "copyright": "Frank Herron",
        "description": null,
        "asset": {
            "id": 152344,
            "type": "Cargo",
            "name": "VIENNA EXPRESS"
        },
        "rating": {
            "voteAverage": 3,
            "voteCounter": 2
        },
        "url": "https://images.marinetraffic.com/collection/477109.webp?size=800"
    },
    {
        "photoId": 459065,
        "placeTaken": "WALSOORDEN",
        "takenAt": 1305294600,
        "copyright": "JOHNNY VERHULST",
        "description": null,
        "asset": {
            "id": 152344,
            "type": "Cargo",
            "name": "VIENNA EXPRESS"
        },
        "rating": {
            "voteAverage": 5,
            "voteCounter": 4
        },
        "url": "https://images.marinetraffic.com/collection/459065.webp?size=800"
    },
    {
        "photoId": 386500,
        "placeTaken": "Kollmar, Germany",
        "takenAt": 1298305740,
        "copyright": "R.Stadelmann",
        "description": "VIENNA EXPRESS, Elbe River near Kollmar, Germany",
        "asset": {
            "id": 152344,
            "type": "Cargo",
            "name": "VIENNA EXPRESS"
        },
        "rating": {
            "voteAverage": 2.666667,
            "voteCounter": 3
        },
        "url": "https://images.marinetraffic.com/collection/386500.webp?size=800"
    },
    {
        "photoId": 364140,
        "placeTaken": "Busan, Rep. of Korea",
        "takenAt": 1295101140,
        "copyright": "V. Tonic",
        "description": null,
        "asset": {
            "id": 152344,
            "type": "Cargo",
            "name": "VIENNA EXPRESS"
        },
        "rating": {
            "voteAverage": 4.5,
            "voteCounter": 2
        },
        "url": "https://images.marinetraffic.com/collection/364140.webp?size=800"
    },
    {
        "photoId": 316955,
        "placeTaken": "Kollmar / Elbe",
        "takenAt": 1287924000,
        "copyright": "S.Schumacher",
        "description": null,
        "asset": {
            "id": 152344,
            "type": "Cargo",
            "name": "VIENNA EXPRESS"
        },
        "rating": {
            "voteAverage": 2,
            "voteCounter": 1
        },
        "url": "https://images.marinetraffic.com/collection/316955.webp?size=800"
    },
    {
        "photoId": 283344,
        "placeTaken": "Admiralty Inlet, Washington",
        "takenAt": 1283244120,
        "copyright": "Clark Crawford",
        "description": "Passing by Mutiny Bay, Whidby Island. 19kn/307*",
        "asset": {
            "id": 152344,
            "type": "Cargo",
            "name": "VIENNA EXPRESS"
        },
        "rating": {
            "voteAverage": 0,
            "voteCounter": 0
        },
        "url": "https://images.marinetraffic.com/collection/283344.webp?size=800"
    },
    {
        "photoId": 276873,
        "placeTaken": "Hamburg, Germany",
        "takenAt": 1277815980,
        "copyright": "Aleksi Lindstr\u00f6m - ajlships.tk",
        "description": null,
        "asset": {
            "id": 152344,
            "type": "Cargo",
            "name": "VIENNA EXPRESS"
        },
        "rating": {
            "voteAverage": 4.777778,
            "voteCounter": 9
        },
        "url": "https://images.marinetraffic.com/collection/276873.webp?size=800"
    },
    {
        "photoId": 276869,
        "placeTaken": "Rendsburg, Kiel Canal",
        "takenAt": 1277816100,
        "copyright": "Aleksi Lindstr\u00f6m - ajlships.tk",
        "description": null,
        "asset": {
            "id": 152344,
            "type": "Cargo",
            "name": "VIENNA EXPRESS"
        },
        "rating": {
            "voteAverage": 4.666667,
            "voteCounter": 3
        },
        "url": "https://images.marinetraffic.com/collection/276869.webp?size=800"
    },
    {
        "photoId": 276867,
        "placeTaken": "Rendsburg, Kiel Canal",
        "takenAt": 1277816340,
        "copyright": "Aleksi Lindstr\u00f6m - ajlships.tk",
        "description": null,
        "asset": {
            "id": 152344,
            "type": "Cargo",
            "name": "VIENNA EXPRESS"
        },
        "rating": {
            "voteAverage": 4.5,
            "voteCounter": 8
        },
        "url": "https://images.marinetraffic.com/collection/276867.webp?size=800"
    },
    {
        "photoId": 276863,
        "placeTaken": "Hamburg, Germany",
        "takenAt": 1277816400,
        "copyright": "Aleksi Lindstr\u00f6m - ajlships.tk",
        "description": null,
        "asset": {
            "id": 152344,
            "type": "Cargo",
            "name": "VIENNA EXPRESS"
        },
        "rating": {
            "voteAverage": 5,
            "voteCounter": 7
        },
        "url": "https://images.marinetraffic.com/collection/276863.webp?size=800"
    },
    {
        "photoId": 244825,
        "placeTaken": "In the Solent",
        "takenAt": 1278159180,
        "copyright": "Chris Hunsicker",
        "description": null,
        "asset": {
            "id": 152344,
            "type": "Cargo",
            "name": "VIENNA EXPRESS"
        },
        "rating": {
            "voteAverage": 4,
            "voteCounter": 1
        },
        "url": "https://images.marinetraffic.com/collection/244825.webp?size=800"
    },
    {
        "photoId": 244824,
        "placeTaken": "In the Solent",
        "takenAt": 1278158760,
        "copyright": "Chris Hunsicker",
        "description": null,
        "asset": {
            "id": 152344,
            "type": "Cargo",
            "name": "VIENNA EXPRESS"
        },
        "rating": {
            "voteAverage": 4.666667,
            "voteCounter": 3
        },
        "url": "https://images.marinetraffic.com/collection/244824.webp?size=800"
    },
    {
        "photoId": 242165,
        "placeTaken": "Cuxhaven Glameyer Stack",
        "takenAt": 1277826840,
        "copyright": "Marco Teubner",
        "description": null,
        "asset": {
            "id": 152344,
            "type": "Cargo",
            "name": "VIENNA EXPRESS"
        },
        "rating": {
            "voteAverage": 4,
            "voteCounter": 2
        },
        "url": "https://images.marinetraffic.com/collection/242165.webp?size=800"
    },
    {
        "photoId": 241855,
        "placeTaken": "Hamburg",
        "takenAt": 1277767140,
        "copyright": "A. Karij",
        "description": null,
        "asset": {
            "id": 152344,
            "type": "Cargo",
            "name": "VIENNA EXPRESS"
        },
        "rating": {
            "voteAverage": 3.333333,
            "voteCounter": 6
        },
        "url": "https://images.marinetraffic.com/collection/241855.webp?size=800"
    },
    {
        "photoId": 240935,
        "placeTaken": "Kollmar / Elbe",
        "takenAt": 1277645040,
        "copyright": "K. Schumacher",
        "description": null,
        "asset": {
            "id": 152344,
            "type": "Cargo",
            "name": "VIENNA EXPRESS"
        },
        "rating": {
            "voteAverage": 2,
            "voteCounter": 3
        },
        "url": "https://images.marinetraffic.com/collection/240935.webp?size=800"
    }
]