[
    {
        "photoId": 1108573,
        "placeTaken": "Rotterdam - Maasmond",
        "takenAt": 1342178340,
        "copyright": "Wessel Blokzijl",
        "description": null,
        "asset": {
            "id": 152344,
            "type": "Cargo",
            "name": "VIENNA EXPRESS"
        },
        "rating": {
            "voteAverage": 0,
            "voteCounter": 0
        },
        "url": "https://images.marinetraffic.com/collection/1108573.webp?size=800"
    },
    {
        "photoId": 1074852,
        "placeTaken": "Kaohsiung",
        "takenAt": 1358767980,
        "copyright": "Hsu Hao-En",
        "description": null,
        "asset": {
            "id": 152344,
            "type": "Cargo",
            "name": "VIENNA EXPRESS"
        },
        "rating": {
            "voteAverage": 5,
            "voteCounter": 2
        },
        "url": "https://images.marinetraffic.com/collection/1074852.webp?size=800"
    },
    {
        "photoId": 1070856,
        "placeTaken": "Colombo/Sri Lanka",
        "takenAt": 1353231540,
        "copyright": "L. Kock",
        "description": null,
        "asset": {
            "id": 152344,
            "type": "Cargo",
            "name": "VIENNA EXPRESS"
        },
        "rating": {
            "voteAverage": 5,
            "voteCounter": 2
        },
        "url": "https://images.marinetraffic.com/collection/1070856.webp?size=800"
    },
    {
        "photoId": 1040655,
        "placeTaken": "Cuxhaven, Alte Liebe",
        "takenAt": 1355230920,
        "copyright": "Heiko Schaefer",
        "description": null,
        "asset": {
            "id": 152344,
            "type": "Cargo",
            "name": "VIENNA EXPRESS"
        },
        "rating": {
            "voteAverage": 5,
            "voteCounter": 1
        },
        "url": "https://images.marinetraffic.com/collection/1040655.webp?size=800"
    },
    {
        "photoId": 1040653,
        "placeTaken": "Cuxhaven, Alte Liebe",
        "takenAt": 1355230800,
        "copyright": "Heiko Schaefer",
        "description": null,
        "asset": {
            "id": 152344,
            "type": "Cargo",
            "name": "VIENNA EXPRESS"
        },
        "rating": {
            "voteAverage": 0,
            "voteCounter": 0
        },
        "url": "https://images.marinetraffic.com/collection/1040653.webp?size=800"
    },
    {
        "photoId": 1040647,
        "placeTaken": "Cuxhaven, Alte Liebe",
        "takenAt": 1355230680,
        "copyright": "Heiko Schaefer",
        "description": null,
        "asset": {
            "id": 152344,
            "type": "Cargo",
            "name": "VIENNA EXPRESS"
        },
        "rating": {
            "voteAverage": 0,
            "voteCounter": 0
        },
        "url": "https://images.marinetraffic.com/collection/1040647.webp?size=800"
    },
    {
        "photoId": 1030755,
        "placeTaken": "Singapore",
        "takenAt": null,
        "copyright": "Owen Foley",
        "description": null,
        "asset": {
            "id": 152344,
            "type": "Cargo",
            "name": "VIENNA EXPRESS"
        },
        "rating": {
            "voteAverage": 0,
            "voteCounter": 0
        },
        "url": "https://images.marinetraffic.com/collection/1030755.webp?size=800"
    },
    {
        "photoId": 1030754,
        "placeTaken": "Singapore",
        "takenAt": null,
        "copyright": "Owen Foley",
        "description": null,
        "asset": {
            "id": 152344,
            "type": "Cargo",
            "name": "VIENNA EXPRESS"
        },
        "rating": {
            "voteAverage": 5,
            "voteCounter": 1
        },
        "url": "https://images.marinetraffic.com/collection/1030754.webp?size=800"
    },
    {
        "photoId": 958254,
        "placeTaken": "Isle of Wight,  Solent",
        "takenAt": 1348161960,
        "copyright": "graham farmer",
        "description": null,
        "asset": {
            "id": 152344,
            "type": "Cargo",
            "name": "VIENNA EXPRESS"
        },
        "rating": {
            "voteAverage": 0,
            "voteCounter": 0
        },
        "url": "https://images.marinetraffic.com/collection/958254.webp?size=800"
    },
    {
        "photoId": 942474,
        "placeTaken": "SINGAPORE",
        "takenAt": 1339582980,
        "copyright": "Capt.Turboboss",
        "description": null,
        "asset": {
            "id": 152344,
            "type": "Cargo",
            "name": "VIENNA EXPRESS"
        },
        "rating": {
            "voteAverage": 0,
            "voteCounter": 0
        },
        "url": "https://images.marinetraffic.com/collection/942474.webp?size=800"
    },
    {
        "photoId": 942470,
        "placeTaken": "SINGAPORE",
        "takenAt": 1339582860,
        "copyright": "Capt.Turboboss",
        "description": null,
        "asset": {
            "id": 152344,
            "type": "Cargo",
            "name": "VIENNA EXPRESS"
        },
        "rating": {
            "voteAverage": 0,
            "voteCounter": 0
        },
        "url": "https://images.marinetraffic.com/collection/942470.webp?size=800"
    },
    {
        "photoId": 942469,
        "placeTaken": "SINGAPORE",
        "takenAt": 1339571400,
        "copyright": "Capt.Turboboss",
        "description": null,
        "asset": {
            "id": 152344,
            "type": "Cargo",
            "name": "VIENNA EXPRESS"
        },
        "rating": {
            "voteAverage": 0,
            "voteCounter": 0
        },
        "url": "https://images.marinetraffic.com/collection/942469.webp?size=800"
    },
    {
        "photoId": 776508,
        "placeTaken": "Elbe  Freiburg ",
        "takenAt": 1335102780,
        "copyright": "Hasso49",
        "description": null,
        "asset": {
            "id": 152344,
            "type": "Cargo",
            "name": "VIENNA EXPRESS"
        },
        "rating": {
            "voteAverage": 2.111111,
            "voteCounter": 9
        },
        "url": "https://images.marinetraffic.com/collection/776508.webp?size=800"
    },
    {
        "photoId": 776484,
        "placeTaken": "Kollmar / Elbe",
        "takenAt": 1335052800,
        "copyright": "K. Schumacher",
        "description": null,
        "asset": {
            "id": 152344,
            "type": "Cargo",
            "name": "VIENNA EXPRESS"
        },
        "rating": {
            "voteAverage": 5,
            "voteCounter": 1
        },
        "url": "https://images.marinetraffic.com/collection/776484.webp?size=800"
    },
    {
        "photoId": 776481,
        "placeTaken": "Kollmar / Elbe",
        "takenAt": 1335052800,
        "copyright": "K. Schumacher",
        "description": null,
        "asset": {
            "id": 152344,
            "type": "Cargo",
            "name": "VIENNA EXPRESS"
        },
        "rating": {
            "voteAverage": 5,
            "voteCounter": 1
        },
        "url": "https://images.marinetraffic.com/collection/776481.webp?size=800"
    },
    {
        "photoId": 686853,
        "placeTaken": "Cuxhaven",
        "takenAt": 1326968700,
        "copyright": "Heiko Schaefer",
        "description": null,
        "asset": {
            "id": 152344,
            "type": "Cargo",
            "name": "VIENNA EXPRESS"
        },
        "rating": {
            "voteAverage": 3.8,
            "voteCounter": 5
        },
        "url": "https://images.marinetraffic.com/collection/686853.webp?size=800"
    },
    {
        "photoId": 627292,
        "placeTaken": "Antwerpen",
        "takenAt": 1319760000,
        "copyright": "Paul Smets",
        "description": "Inbound Antwerpen - Schelde",
        "asset": {
            "id": 152344,
            "type": "Cargo",
            "name": "VIENNA EXPRESS"
        },
        "rating": {
            "voteAverage": 4,
            "voteCounter": 4
        },
        "url": "https://images.marinetraffic.com/collection/627292.webp?size=800"
    },
    {
        "photoId": 624978,
        "placeTaken": "\"De Griete\"",
        "takenAt": 1319807040,
        "copyright": "C.van der Have",
        "description": null,
        "asset": {
            "id": 152344,
            "type": "Cargo",
            "name": "VIENNA EXPRESS"
        },
        "rating": {
            "voteAverage": 4.5,
            "voteCounter": 2
        },
        "url": "https://images.marinetraffic.com/collection/624978.webp?size=800"
    },
    {
        "photoId": 624919,
        "placeTaken": "Westerschelde, Terneuzen. NL",
        "takenAt": 1319760000,
        "copyright": "Taco Boendermaker",
        "description": null,
        "asset": {
            "id": 152344,
            "type": "Cargo",
            "name": "VIENNA EXPRESS"
        },
        "rating": {
            "voteAverage": 2.666667,
            "voteCounter": 3
        },
        "url": "https://images.marinetraffic.com/collection/624919.webp?size=800"
    },
    {
        "photoId": 624754,
        "placeTaken": "Hamburg-Blankenese",
        "takenAt": 1319724420,
        "copyright": "Buggi Porschien",
        "description": null,
        "asset": {
            "id": 152344,
            "type": "Cargo",
            "name": "VIENNA EXPRESS"
        },
        "rating": {
            "voteAverage": 3,
            "voteCounter": 3
        },
        "url": "https://images.marinetraffic.com/collection/624754.webp?size=800"
    }
]