[
    {
        "photoId": 3452518,
        "placeTaken": null,
        "takenAt": 1555742820,
        "copyright": "Randall Jaunzemis",
        "description": null,
        "asset": {
            "id": 152344,
            "type": "Cargo",
            "name": "VIENNA EXPRESS"
        },
        "rating": {
            "voteAverage": 0,
            "voteCounter": 0
        },
        "url": "https://images.marinetraffic.com/collection/3452518.webp?size=800"
    },
    {
        "photoId": 2612570,
        "placeTaken": "Uraga Channel",
        "takenAt": 1489337040,
        "copyright": "JunkatHaneda",
        "description": null,
        "asset": {
            "id": 152344,
            "type": "Cargo",
            "name": "VIENNA EXPRESS"
        },
        "rating": {
            "voteAverage": 0,
            "voteCounter": 0
        },
        "url": "https://images.marinetraffic.com/collection/2612570.webp?size=800"
    },
    {
        "photoId": 2553771,
        "placeTaken": "Delta, B.C.",
        "takenAt": 1483448040,
        "copyright": "Malcolm Millar",
        "description": null,
        "asset": {
            "id": 152344,
            "type": "Cargo",
            "name": "VIENNA EXPRESS"
        },
        "rating": {
            "voteAverage": 0,
            "voteCounter": 0
        },
        "url": "https://images.marinetraffic.com/collection/2553771.webp?size=800"
    },
    {
        "photoId": 2440949,
        "placeTaken": null,
        "takenAt": 1472438220,
        "copyright": "Gregory Rehmke",
        "description": null,
        "asset": {
            "id": 152344,
            "type": "Cargo",
            "name": "VIENNA EXPRESS"
        },
        "rating": {
            "voteAverage": 0,
            "voteCounter": 0
        },
        "url": "https://images.marinetraffic.com/collection/2440949.webp?size=800"
    },
    {
        "photoId": 2202605,
        "placeTaken": "Busan New Port, Rep. of Korea",
        "takenAt": 1421158200,
        "copyright": "V. Tonic",
        "description": "At Busan New Port, PNIT terminal.",
        "asset": {
            "id": 152344,
            "type": "Cargo",
            "name": "VIENNA EXPRESS"
        },
        "rating": {
            "voteAverage": 0,
            "voteCounter": 0
        },
        "url": "https://images.marinetraffic.com/collection/2202605.webp?size=800"
    },
    {
        "photoId": 2202604,
        "placeTaken": "Busan New Port, Rep. of Korea",
        "takenAt": 1421152080,
        "copyright": "V. Tonic",
        "description": "At Busan New Port, PNIT terminal.",
        "asset": {
            "id": 152344,
            "type": "Cargo",
            "name": "VIENNA EXPRESS"
        },
        "rating": {
            "voteAverage": 0,
            "voteCounter": 0
        },
        "url": "https://images.marinetraffic.com/collection/2202604.webp?size=800"
    },
    {
        "photoId": 2112075,
        "placeTaken": "vancouver canada",
        "takenAt": 1443710280,
        "copyright": "rick voice",
        "description": "English bay anchorage",
        "asset": {
            "id": 152344,
            "type": "Cargo",
            "name": "VIENNA EXPRESS"
        },
        "rating": {
            "voteAverage": 0,
            "voteCounter": 0
        },
        "url": "https://images.marinetraffic.com/collection/2112075.webp?size=800"
    },
    {
        "photoId": 2111124,
        "placeTaken": "vancouver canada",
        "takenAt": 1443616980,
        "copyright": "rick voice",
        "description": "English bay anchorage",
        "asset": {
            "id": 152344,
            "type": "Cargo",
            "name": "VIENNA EXPRESS"
        },
        "rating": {
            "voteAverage": 0,
            "voteCounter": 0
        },
        "url": "https://images.marinetraffic.com/collection/2111124.webp?size=800"
    },
    {
        "photoId": 2111123,
        "placeTaken": "vancouver canada",
        "takenAt": 1443614940,
        "copyright": "rick voice",
        "description": "English bay anchorage",
        "asset": {
            "id": 152344,
            "type": "Cargo",
            "name": "VIENNA EXPRESS"
        },
        "rating": {
            "voteAverage": 5,
            "voteCounter": 1
        },
        "url": "https://images.marinetraffic.com/collection/2111123.webp?size=800"
    },
    {
        "photoId": 2110732,
        "placeTaken": "English Bay, BC",
        "takenAt": 1443604260,
        "copyright": "Max Wei",
        "description": null,
        "asset": {
            "id": 152344,
            "type": "Cargo",
            "name": "VIENNA EXPRESS"
        },
        "rating": {
            "voteAverage": 5,
            "voteCounter": 2
        },
        "url": "https://images.marinetraffic.com/collection/2110732.webp?size=800"
    },
    {
        "photoId": 2108578,
        "placeTaken": "English Bay, BC",
        "takenAt": 1443433680,
        "copyright": "Max Wei",
        "description": null,
        "asset": {
            "id": 152344,
            "type": "Cargo",
            "name": "VIENNA EXPRESS"
        },
        "rating": {
            "voteAverage": 5,
            "voteCounter": 1
        },
        "url": "https://images.marinetraffic.com/collection/2108578.webp?size=800"
    },
    {
        "photoId": 1884272,
        "placeTaken": "Cuxhaven",
        "takenAt": 1348586220,
        "copyright": "Bettina Rohbrecht",
        "description": null,
        "asset": {
            "id": 152344,
            "type": "Cargo",
            "name": "VIENNA EXPRESS"
        },
        "rating": {
            "voteAverage": 0,
            "voteCounter": 0
        },
        "url": "https://images.marinetraffic.com/collection/1884272.webp?size=800"
    },
    {
        "photoId": 1884270,
        "placeTaken": "Cuxhaven",
        "takenAt": 1348586040,
        "copyright": "Bettina Rohbrecht",
        "description": null,
        "asset": {
            "id": 152344,
            "type": "Cargo",
            "name": "VIENNA EXPRESS"
        },
        "rating": {
            "voteAverage": 0,
            "voteCounter": 0
        },
        "url": "https://images.marinetraffic.com/collection/1884270.webp?size=800"
    },
    {
        "photoId": 1867038,
        "placeTaken": "Roberts Bank BC.",
        "takenAt": 1422544260,
        "copyright": "Richard Gulbransen",
        "description": null,
        "asset": {
            "id": 152344,
            "type": "Cargo",
            "name": "VIENNA EXPRESS"
        },
        "rating": {
            "voteAverage": 0,
            "voteCounter": 0
        },
        "url": "https://images.marinetraffic.com/collection/1867038.webp?size=800"
    },
    {
        "photoId": 1831676,
        "placeTaken": "APMT Terminal, Port of Tacoma.",
        "takenAt": 1417380960,
        "copyright": "Pete Adler",
        "description": null,
        "asset": {
            "id": 152344,
            "type": "Cargo",
            "name": "VIENNA EXPRESS"
        },
        "rating": {
            "voteAverage": 0,
            "voteCounter": 0
        },
        "url": "https://images.marinetraffic.com/collection/1831676.webp?size=800"
    },
    {
        "photoId": 1825688,
        "placeTaken": "Vancouver Island, BC. Can.",
        "takenAt": 1416652560,
        "copyright": "Donald Armitage",
        "description": "Entering Satellite Channel anchorage area (Cowichan Bay) , Vancouver Island, BC. Can.",
        "asset": {
            "id": 152344,
            "type": "Cargo",
            "name": "VIENNA EXPRESS"
        },
        "rating": {
            "voteAverage": 4,
            "voteCounter": 1
        },
        "url": "https://images.marinetraffic.com/collection/1825688.webp?size=800"
    },
    {
        "photoId": 1825683,
        "placeTaken": null,
        "takenAt": 1416652500,
        "copyright": "Donald Armitage",
        "description": "Entering Satellite Channel anchorage area.",
        "asset": {
            "id": 152344,
            "type": "Cargo",
            "name": "VIENNA EXPRESS"
        },
        "rating": {
            "voteAverage": 0,
            "voteCounter": 0
        },
        "url": "https://images.marinetraffic.com/collection/1825683.webp?size=800"
    },
    {
        "photoId": 1825280,
        "placeTaken": "Cowichan Bay, British Columbia",
        "takenAt": null,
        "copyright": "Dave Mann",
        "description": null,
        "asset": {
            "id": 152344,
            "type": "Cargo",
            "name": "VIENNA EXPRESS"
        },
        "rating": {
            "voteAverage": 5,
            "voteCounter": 1
        },
        "url": "https://images.marinetraffic.com/collection/1825280.webp?size=800"
    },
    {
        "photoId": 1794342,
        "placeTaken": "Vancouver, BC, Canada",
        "takenAt": 1409125620,
        "copyright": "kayak m",
        "description": null,
        "asset": {
            "id": 152344,
            "type": "Cargo",
            "name": "VIENNA EXPRESS"
        },
        "rating": {
            "voteAverage": 0,
            "voteCounter": 0
        },
        "url": "https://images.marinetraffic.com/collection/1794342.webp?size=800"
    },
    {
        "photoId": 1791144,
        "placeTaken": null,
        "takenAt": 1409487780,
        "copyright": "Patrick Lawson",
        "description": null,
        "asset": {
            "id": 152344,
            "type": "Cargo",
            "name": "VIENNA EXPRESS"
        },
        "rating": {
            "voteAverage": 0,
            "voteCounter": 0
        },
        "url": "https://images.marinetraffic.com/collection/1791144.webp?size=800"
    }
]