[
    {
        "photoId": 150860,
        "placeTaken": "Penzance Harbour",
        "takenAt": 1172707200,
        "copyright": "johnstokesphotography.co.uk",
        "description": null,
        "asset": {
            "id": 182977,
            "type": "Cargo",
            "name": "GRY MARITHA"
        },
        "rating": {
            "voteAverage": 4,
            "voteCounter": 7
        },
        "url": "https://images.marinetraffic.com/collection/150860.webp?size=800"
    },
    {
        "photoId": 148954,
        "placeTaken": "Penzance",
        "takenAt": 1252505820,
        "copyright": "Heikoworld",
        "description": "Loading,for departure to the Scilly Isles.",
        "asset": {
            "id": 182977,
            "type": "Cargo",
            "name": "GRY MARITHA"
        },
        "rating": {
            "voteAverage": 4.333333,
            "voteCounter": 6
        },
        "url": "https://images.marinetraffic.com/collection/148954.webp?size=800"
    },
    {
        "photoId": 105097,
        "placeTaken": "Isles of Scilly",
        "takenAt": 1250158860,
        "copyright": "Robin Mawer",
        "description": "Leaving St. Mary's for Penzance , its regular route",
        "asset": {
            "id": 182977,
            "type": "Cargo",
            "name": "GRY MARITHA"
        },
        "rating": {
            "voteAverage": 4,
            "voteCounter": 15
        },
        "url": "https://images.marinetraffic.com/collection/105097.webp?size=800"
    }
]