[
    {
        "photoId": 599016,
        "placeTaken": "Penzance Bay",
        "takenAt": 1317306540,
        "copyright": "Barrie Clark",
        "description": "waiting for the tide before entering PZ harbour",
        "asset": {
            "id": 182977,
            "type": "Cargo",
            "name": "GRY MARITHA"
        },
        "rating": {
            "voteAverage": 0,
            "voteCounter": 0
        },
        "url": "https://images.marinetraffic.com/collection/599016.webp?size=800"
    },
    {
        "photoId": 599014,
        "placeTaken": "Penzance Bay",
        "takenAt": 1317306300,
        "copyright": "Barrie Clark",
        "description": "approaching the harbour with St Michaels mount in the background",
        "asset": {
            "id": 182977,
            "type": "Cargo",
            "name": "GRY MARITHA"
        },
        "rating": {
            "voteAverage": 0,
            "voteCounter": 0
        },
        "url": "https://images.marinetraffic.com/collection/599014.webp?size=800"
    },
    {
        "photoId": 598996,
        "placeTaken": "Penzance ",
        "takenAt": 1317308040,
        "copyright": "Barrie Clark",
        "description": "unloading on return from Scilly Isles",
        "asset": {
            "id": 182977,
            "type": "Cargo",
            "name": "GRY MARITHA"
        },
        "rating": {
            "voteAverage": 4,
            "voteCounter": 2
        },
        "url": "https://images.marinetraffic.com/collection/598996.webp?size=800"
    },
    {
        "photoId": 598990,
        "placeTaken": "Penzance ",
        "takenAt": 1317309240,
        "copyright": "Barrie Clark",
        "description": "unloading on lighthouse pier due to very low tide",
        "asset": {
            "id": 182977,
            "type": "Cargo",
            "name": "GRY MARITHA"
        },
        "rating": {
            "voteAverage": 5,
            "voteCounter": 2
        },
        "url": "https://images.marinetraffic.com/collection/598990.webp?size=800"
    },
    {
        "photoId": 561981,
        "placeTaken": "Penzance",
        "takenAt": 1312195980,
        "copyright": "Graham Stephenson",
        "description": null,
        "asset": {
            "id": 182977,
            "type": "Cargo",
            "name": "GRY MARITHA"
        },
        "rating": {
            "voteAverage": 3.25,
            "voteCounter": 4
        },
        "url": "https://images.marinetraffic.com/collection/561981.webp?size=800"
    },
    {
        "photoId": 553689,
        "placeTaken": "Scilly Isles",
        "takenAt": 1312562880,
        "copyright": "Graham Stephenson",
        "description": "Taken from Sillonian III ",
        "asset": {
            "id": 182977,
            "type": "Cargo",
            "name": "GRY MARITHA"
        },
        "rating": {
            "voteAverage": 4.333333,
            "voteCounter": 3
        },
        "url": "https://images.marinetraffic.com/collection/553689.webp?size=800"
    },
    {
        "photoId": 518187,
        "placeTaken": "Isles of Scilly",
        "takenAt": 1310148000,
        "copyright": "Robin Mawer",
        "description": null,
        "asset": {
            "id": 182977,
            "type": "Cargo",
            "name": "GRY MARITHA"
        },
        "rating": {
            "voteAverage": 5,
            "voteCounter": 2
        },
        "url": "https://images.marinetraffic.com/collection/518187.webp?size=800"
    },
    {
        "photoId": 518184,
        "placeTaken": "Isles of Scilly",
        "takenAt": 1310148000,
        "copyright": "Robin Mawer",
        "description": null,
        "asset": {
            "id": 182977,
            "type": "Cargo",
            "name": "GRY MARITHA"
        },
        "rating": {
            "voteAverage": 4.5,
            "voteCounter": 2
        },
        "url": "https://images.marinetraffic.com/collection/518184.webp?size=800"
    },
    {
        "photoId": 510931,
        "placeTaken": "Isles of Scilly",
        "takenAt": 1309600140,
        "copyright": "Robin Mawer",
        "description": "Leaving St. Mary's Harbour",
        "asset": {
            "id": 182977,
            "type": "Cargo",
            "name": "GRY MARITHA"
        },
        "rating": {
            "voteAverage": 2,
            "voteCounter": 1
        },
        "url": "https://images.marinetraffic.com/collection/510931.webp?size=800"
    },
    {
        "photoId": 434688,
        "placeTaken": "Penzance",
        "takenAt": 1295873580,
        "copyright": "IOS",
        "description": null,
        "asset": {
            "id": 182977,
            "type": "Cargo",
            "name": "GRY MARITHA"
        },
        "rating": {
            "voteAverage": 4.75,
            "voteCounter": 4
        },
        "url": "https://images.marinetraffic.com/collection/434688.webp?size=800"
    },
    {
        "photoId": 427979,
        "placeTaken": "Penzance",
        "takenAt": 1302447540,
        "copyright": "Troy Trevains",
        "description": null,
        "asset": {
            "id": 182977,
            "type": "Cargo",
            "name": "GRY MARITHA"
        },
        "rating": {
            "voteAverage": 3,
            "voteCounter": 4
        },
        "url": "https://images.marinetraffic.com/collection/427979.webp?size=800"
    },
    {
        "photoId": 427976,
        "placeTaken": "Penzance",
        "takenAt": 1302447360,
        "copyright": "Troy Trevains",
        "description": null,
        "asset": {
            "id": 182977,
            "type": "Cargo",
            "name": "GRY MARITHA"
        },
        "rating": {
            "voteAverage": 5,
            "voteCounter": 2
        },
        "url": "https://images.marinetraffic.com/collection/427976.webp?size=800"
    },
    {
        "photoId": 394816,
        "placeTaken": "Penzance ",
        "takenAt": 1299250980,
        "copyright": "Barrie Clark",
        "description": null,
        "asset": {
            "id": 182977,
            "type": "Cargo",
            "name": "GRY MARITHA"
        },
        "rating": {
            "voteAverage": 2,
            "voteCounter": 2
        },
        "url": "https://images.marinetraffic.com/collection/394816.webp?size=800"
    },
    {
        "photoId": 394814,
        "placeTaken": "Penzance harbour",
        "takenAt": 1299250800,
        "copyright": "Barrie Clark",
        "description": "loading up for the trip to the Scillies",
        "asset": {
            "id": 182977,
            "type": "Cargo",
            "name": "GRY MARITHA"
        },
        "rating": {
            "voteAverage": 3,
            "voteCounter": 3
        },
        "url": "https://images.marinetraffic.com/collection/394814.webp?size=800"
    },
    {
        "photoId": 394813,
        "placeTaken": "Penzance harbour",
        "takenAt": 1299251100,
        "copyright": "Barrie Clark",
        "description": null,
        "asset": {
            "id": 182977,
            "type": "Cargo",
            "name": "GRY MARITHA"
        },
        "rating": {
            "voteAverage": 2.333333,
            "voteCounter": 3
        },
        "url": "https://images.marinetraffic.com/collection/394813.webp?size=800"
    },
    {
        "photoId": 332084,
        "placeTaken": "Penzance,Cornwall UK",
        "takenAt": 1289907540,
        "copyright": "Barrie Clark",
        "description": "loading stores for the Isles of Scillies in Penzance inner basin",
        "asset": {
            "id": 182977,
            "type": "Cargo",
            "name": "GRY MARITHA"
        },
        "rating": {
            "voteAverage": 3.285714,
            "voteCounter": 7
        },
        "url": "https://images.marinetraffic.com/collection/332084.webp?size=800"
    },
    {
        "photoId": 259676,
        "placeTaken": "Isles of Scilly",
        "takenAt": 1280394300,
        "copyright": "Robin Mawer",
        "description": null,
        "asset": {
            "id": 182977,
            "type": "Cargo",
            "name": "GRY MARITHA"
        },
        "rating": {
            "voteAverage": 3.428571,
            "voteCounter": 14
        },
        "url": "https://images.marinetraffic.com/collection/259676.webp?size=800"
    },
    {
        "photoId": 210633,
        "placeTaken": "Penzance",
        "takenAt": null,
        "copyright": "johnstokesphotography.co.uk",
        "description": null,
        "asset": {
            "id": 182977,
            "type": "Cargo",
            "name": "GRY MARITHA"
        },
        "rating": {
            "voteAverage": 2.857143,
            "voteCounter": 7
        },
        "url": "https://images.marinetraffic.com/collection/210633.webp?size=800"
    },
    {
        "photoId": 176594,
        "placeTaken": "Penzance",
        "takenAt": 1266240300,
        "copyright": null,
        "description": null,
        "asset": {
            "id": 182977,
            "type": "Cargo",
            "name": "GRY MARITHA"
        },
        "rating": {
            "voteAverage": 3.75,
            "voteCounter": 8
        },
        "url": "https://images.marinetraffic.com/collection/176594.webp?size=800"
    },
    {
        "photoId": 167303,
        "placeTaken": "Penzance",
        "takenAt": 1262952000,
        "copyright": "John Keast",
        "description": null,
        "asset": {
            "id": 182977,
            "type": "Cargo",
            "name": "GRY MARITHA"
        },
        "rating": {
            "voteAverage": 3.777778,
            "voteCounter": 9
        },
        "url": "https://images.marinetraffic.com/collection/167303.webp?size=800"
    }
]