[
    {
        "photoId": 1255145,
        "placeTaken": "hamburg altenwerder",
        "takenAt": 1371254400,
        "copyright": "joachim fischer",
        "description": null,
        "asset": {
            "id": 153107,
            "type": "Cargo",
            "name": "HAMBURG EXPRESS"
        },
        "rating": {
            "voteAverage": 4.5,
            "voteCounter": 2
        },
        "url": "https://images.marinetraffic.com/collection/1255145.webp?size=800"
    },
    {
        "photoId": 1255089,
        "placeTaken": "L\u00fche, Germany",
        "takenAt": 1371302700,
        "copyright": "Marvin L.",
        "description": null,
        "asset": {
            "id": 153107,
            "type": "Cargo",
            "name": "HAMBURG EXPRESS"
        },
        "rating": {
            "voteAverage": 4,
            "voteCounter": 1
        },
        "url": "https://images.marinetraffic.com/collection/1255089.webp?size=800"
    },
    {
        "photoId": 1254351,
        "placeTaken": "Cuxhaven",
        "takenAt": 1371292140,
        "copyright": "Horst Schmidt",
        "description": null,
        "asset": {
            "id": 153107,
            "type": "Cargo",
            "name": "HAMBURG EXPRESS"
        },
        "rating": {
            "voteAverage": 3,
            "voteCounter": 1
        },
        "url": "https://images.marinetraffic.com/collection/1254351.webp?size=800"
    },
    {
        "photoId": 1152946,
        "placeTaken": "Hamburg K\u00f6hlbrand",
        "takenAt": 1364957940,
        "copyright": "Riko Lischke",
        "description": null,
        "asset": {
            "id": 153107,
            "type": "Cargo",
            "name": "HAMBURG EXPRESS"
        },
        "rating": {
            "voteAverage": 1.6,
            "voteCounter": 5
        },
        "url": "https://images.marinetraffic.com/collection/1152946.webp?size=800"
    },
    {
        "photoId": 1075060,
        "placeTaken": "Hamburg",
        "takenAt": 1358079420,
        "copyright": "Kay Andresen",
        "description": null,
        "asset": {
            "id": 153107,
            "type": "Cargo",
            "name": "HAMBURG EXPRESS"
        },
        "rating": {
            "voteAverage": 3,
            "voteCounter": 2
        },
        "url": "https://images.marinetraffic.com/collection/1075060.webp?size=800"
    },
    {
        "photoId": 1075058,
        "placeTaken": "Hamburg",
        "takenAt": 1358079180,
        "copyright": "Kay Andresen",
        "description": null,
        "asset": {
            "id": 153107,
            "type": "Cargo",
            "name": "HAMBURG EXPRESS"
        },
        "rating": {
            "voteAverage": 3,
            "voteCounter": 1
        },
        "url": "https://images.marinetraffic.com/collection/1075058.webp?size=800"
    },
    {
        "photoId": 1075057,
        "placeTaken": "Hamburg",
        "takenAt": 1358079120,
        "copyright": "Kay Andresen",
        "description": null,
        "asset": {
            "id": 153107,
            "type": "Cargo",
            "name": "HAMBURG EXPRESS"
        },
        "rating": {
            "voteAverage": 0,
            "voteCounter": 0
        },
        "url": "https://images.marinetraffic.com/collection/1075057.webp?size=800"
    },
    {
        "photoId": 1068896,
        "placeTaken": "(D)Wedel/Schulau",
        "takenAt": 1358170560,
        "copyright": "elbwasser",
        "description": null,
        "asset": {
            "id": 153107,
            "type": "Cargo",
            "name": "HAMBURG EXPRESS"
        },
        "rating": {
            "voteAverage": 4.142857,
            "voteCounter": 7
        },
        "url": "https://images.marinetraffic.com/collection/1068896.webp?size=800"
    },
    {
        "photoId": 1066787,
        "placeTaken": "Cuxhaven",
        "takenAt": 1358016120,
        "copyright": "Willi B. aus N.",
        "description": null,
        "asset": {
            "id": 153107,
            "type": "Cargo",
            "name": "HAMBURG EXPRESS"
        },
        "rating": {
            "voteAverage": 3.666667,
            "voteCounter": 3
        },
        "url": "https://images.marinetraffic.com/collection/1066787.webp?size=800"
    },
    {
        "photoId": 1061237,
        "placeTaken": "Hamburg",
        "takenAt": 1345135860,
        "copyright": "Kay Andresen",
        "description": null,
        "asset": {
            "id": 153107,
            "type": "Cargo",
            "name": "HAMBURG EXPRESS"
        },
        "rating": {
            "voteAverage": 0,
            "voteCounter": 0
        },
        "url": "https://images.marinetraffic.com/collection/1061237.webp?size=800"
    },
    {
        "photoId": 1016327,
        "placeTaken": " Hamburg 1. call ",
        "takenAt": 1344988800,
        "copyright": "Verena Sommer",
        "description": "Nikon D7000",
        "asset": {
            "id": 153107,
            "type": "Cargo",
            "name": "HAMBURG EXPRESS"
        },
        "rating": {
            "voteAverage": 4.727273,
            "voteCounter": 11
        },
        "url": "https://images.marinetraffic.com/collection/1016327.webp?size=800"
    },
    {
        "photoId": 1003039,
        "placeTaken": "Hamburg, Norderelbe, K\u00f6hlbrand",
        "takenAt": 1345013700,
        "copyright": "Erik Hirsch",
        "description": "First arrival at home port Hamburg",
        "asset": {
            "id": 153107,
            "type": "Cargo",
            "name": "HAMBURG EXPRESS"
        },
        "rating": {
            "voteAverage": 4.25,
            "voteCounter": 8
        },
        "url": "https://images.marinetraffic.com/collection/1003039.webp?size=800"
    },
    {
        "photoId": 999273,
        "placeTaken": "Hamburg CTA",
        "takenAt": 1351364040,
        "copyright": "Jan Sieg",
        "description": "www.jansieg.de",
        "asset": {
            "id": 153107,
            "type": "Cargo",
            "name": "Hamburg Express"
        },
        "rating": {
            "voteAverage": 4.722222,
            "voteCounter": 18
        },
        "url": "https://images.marinetraffic.com/collection/999273.webp?size=800"
    },
    {
        "photoId": 999175,
        "placeTaken": "Hamburg Altona entering Koehlbrand",
        "takenAt": null,
        "copyright": "Herbert Sommer",
        "description": "Nikon D 700",
        "asset": {
            "id": 153107,
            "type": "Cargo",
            "name": "HAMBURG EXPRESS"
        },
        "rating": {
            "voteAverage": 3.5,
            "voteCounter": 4
        },
        "url": "https://images.marinetraffic.com/collection/999175.webp?size=800"
    },
    {
        "photoId": 935520,
        "placeTaken": "Hamburg",
        "takenAt": 1344988800,
        "copyright": "Wolfram Tribull",
        "description": "Fotografiert am 15.08.2012 bei Hamburg-Finkenwerder H\u00f6he R\u00fcschpark\r\nbeim Erstanlauf in den Hamburger Hafen",
        "asset": {
            "id": 153107,
            "type": "Cargo",
            "name": "HAMBURG EXPRESS"
        },
        "rating": {
            "voteAverage": 4.214286,
            "voteCounter": 14
        },
        "url": "https://images.marinetraffic.com/collection/935520.webp?size=800"
    },
    {
        "photoId": 926986,
        "placeTaken": "Southampton Docks",
        "takenAt": 1345377780,
        "copyright": "Steve Greenwood",
        "description": null,
        "asset": {
            "id": 153107,
            "type": "Cargo",
            "name": "HAMBURG EXPRESS"
        },
        "rating": {
            "voteAverage": 4.2,
            "voteCounter": 10
        },
        "url": "https://images.marinetraffic.com/collection/926986.webp?size=800"
    },
    {
        "photoId": 918700,
        "placeTaken": "Solent",
        "takenAt": 1345366920,
        "copyright": "graham farmer",
        "description": "Taken while fishing,passing No Mans Fort",
        "asset": {
            "id": 153107,
            "type": "Cargo",
            "name": "HAMBURG EXPRESS"
        },
        "rating": {
            "voteAverage": 2.833333,
            "voteCounter": 12
        },
        "url": "https://images.marinetraffic.com/collection/918700.webp?size=800"
    },
    {
        "photoId": 915724,
        "placeTaken": "Hamburg",
        "takenAt": 1345195140,
        "copyright": "citrone",
        "description": null,
        "asset": {
            "id": 153107,
            "type": "Cargo",
            "name": "HAMBURG EXPRESS"
        },
        "rating": {
            "voteAverage": 3.6,
            "voteCounter": 5
        },
        "url": "https://images.marinetraffic.com/collection/915724.webp?size=800"
    },
    {
        "photoId": 913543,
        "placeTaken": "Hamburg Altenwerder",
        "takenAt": 1344987180,
        "copyright": "Herbert Sommer",
        "description": null,
        "asset": {
            "id": 153107,
            "type": "Cargo",
            "name": "HAMBURG EXPRESS"
        },
        "rating": {
            "voteAverage": 4.44,
            "voteCounter": 25
        },
        "url": "https://images.marinetraffic.com/collection/913543.webp?size=800"
    },
    {
        "photoId": 913541,
        "placeTaken": "Hamburg Teufelsbrueck",
        "takenAt": 1344983940,
        "copyright": "Herbert Sommer",
        "description": null,
        "asset": {
            "id": 153107,
            "type": "Cargo",
            "name": "HAMBURG EXPRESS"
        },
        "rating": {
            "voteAverage": 4.607143,
            "voteCounter": 28
        },
        "url": "https://images.marinetraffic.com/collection/913541.webp?size=800"
    }
]