[
    {
        "photoId": 2903075,
        "placeTaken": "Bend Of Bath, Netherlands",
        "takenAt": 1510068900,
        "copyright": "Martine Janssens",
        "description": null,
        "asset": {
            "id": 159318,
            "type": "Cargo",
            "name": "ELEONORA MAERSK"
        },
        "rating": {
            "voteAverage": 0,
            "voteCounter": 0
        },
        "url": "https://images.marinetraffic.com/collection/2903075.webp?size=800"
    },
    {
        "photoId": 2903074,
        "placeTaken": "Bend Of Bath, Netherlands",
        "takenAt": 1510068840,
        "copyright": "Martine Janssens",
        "description": null,
        "asset": {
            "id": 159318,
            "type": "Cargo",
            "name": "ELEONORA MAERSK"
        },
        "rating": {
            "voteAverage": 5,
            "voteCounter": 2
        },
        "url": "https://images.marinetraffic.com/collection/2903074.webp?size=800"
    },
    {
        "photoId": 2898268,
        "placeTaken": "Bremerhaven",
        "takenAt": 1254304740,
        "copyright": "Maik Richter",
        "description": null,
        "asset": {
            "id": 159318,
            "type": "Cargo",
            "name": "ELEONORA MAERSK"
        },
        "rating": {
            "voteAverage": 5,
            "voteCounter": 2
        },
        "url": "https://images.marinetraffic.com/collection/2898268.webp?size=800"
    },
    {
        "photoId": 2895638,
        "placeTaken": "HaMBURG",
        "takenAt": 1509371400,
        "copyright": "Matthias Kukasch",
        "description": null,
        "asset": {
            "id": 159318,
            "type": "Cargo",
            "name": "ELEONORA MAERSK"
        },
        "rating": {
            "voteAverage": 0,
            "voteCounter": 0
        },
        "url": "https://images.marinetraffic.com/collection/2895638.webp?size=800"
    },
    {
        "photoId": 2895635,
        "placeTaken": "HaMBURG",
        "takenAt": 1509371760,
        "copyright": "Matthias Kukasch",
        "description": null,
        "asset": {
            "id": 159318,
            "type": "Cargo",
            "name": "ELEONORA MAERSK"
        },
        "rating": {
            "voteAverage": 0,
            "voteCounter": 0
        },
        "url": "https://images.marinetraffic.com/collection/2895635.webp?size=800"
    },
    {
        "photoId": 2895632,
        "placeTaken": null,
        "takenAt": 1509372420,
        "copyright": "Matthias Kukasch",
        "description": null,
        "asset": {
            "id": 159318,
            "type": "Cargo",
            "name": "ELEONORA MAERSK"
        },
        "rating": {
            "voteAverage": 0,
            "voteCounter": 0
        },
        "url": "https://images.marinetraffic.com/collection/2895632.webp?size=800"
    },
    {
        "photoId": 2895631,
        "placeTaken": "HaMBURG",
        "takenAt": 1509371340,
        "copyright": "Matthias Kukasch",
        "description": null,
        "asset": {
            "id": 159318,
            "type": "Cargo",
            "name": "ELEONORA MAERSK"
        },
        "rating": {
            "voteAverage": 0,
            "voteCounter": 0
        },
        "url": "https://images.marinetraffic.com/collection/2895631.webp?size=800"
    },
    {
        "photoId": 2894833,
        "placeTaken": "Hamburg, Bubendey-Ufer",
        "takenAt": 1509364860,
        "copyright": "Gerd Frick",
        "description": null,
        "asset": {
            "id": 159318,
            "type": "Cargo",
            "name": "ELEONORA MAERSK"
        },
        "rating": {
            "voteAverage": 5,
            "voteCounter": 6
        },
        "url": "https://images.marinetraffic.com/collection/2894833.webp?size=800"
    },
    {
        "photoId": 2894295,
        "placeTaken": "River Elbe, Hamburg Aproach",
        "takenAt": 1509365940,
        "copyright": "Olaf Ulrich",
        "description": null,
        "asset": {
            "id": 159318,
            "type": "Cargo",
            "name": "ELEONORA MAERSK"
        },
        "rating": {
            "voteAverage": 5,
            "voteCounter": 1
        },
        "url": "https://images.marinetraffic.com/collection/2894295.webp?size=800"
    },
    {
        "photoId": 2814124,
        "placeTaken": "Felixtowe, GB.",
        "takenAt": 1475758620,
        "copyright": "Michael Ludlow",
        "description": "Eleonora Maersk at Trinity No.7 berth, Felixtowe, GB, en route from Bremerhaven to Antwerp.",
        "asset": {
            "id": 159318,
            "type": "Cargo",
            "name": "ELEONORA MAERSK"
        },
        "rating": {
            "voteAverage": 5,
            "voteCounter": 1
        },
        "url": "https://images.marinetraffic.com/collection/2814124.webp?size=800"
    },
    {
        "photoId": 2809432,
        "placeTaken": "Elbe",
        "takenAt": 1502862540,
        "copyright": "Tetens, Jan-H.",
        "description": null,
        "asset": {
            "id": 159318,
            "type": "Cargo",
            "name": "ELEONORA MAERSK"
        },
        "rating": {
            "voteAverage": 5,
            "voteCounter": 1
        },
        "url": "https://images.marinetraffic.com/collection/2809432.webp?size=800"
    },
    {
        "photoId": 2808970,
        "placeTaken": "Hamburg, Teufelsbrck",
        "takenAt": 1502701620,
        "copyright": "Gerd Frick",
        "description": null,
        "asset": {
            "id": 159318,
            "type": "Cargo",
            "name": "ELEONORA MAERSK"
        },
        "rating": {
            "voteAverage": 5,
            "voteCounter": 2
        },
        "url": "https://images.marinetraffic.com/collection/2808970.webp?size=800"
    },
    {
        "photoId": 2801634,
        "placeTaken": "Hamburg, Teufelsbrck",
        "takenAt": 1502701800,
        "copyright": "Gerd Frick",
        "description": null,
        "asset": {
            "id": 159318,
            "type": "Cargo",
            "name": "ELEONORA MAERSK"
        },
        "rating": {
            "voteAverage": 5,
            "voteCounter": 3
        },
        "url": "https://images.marinetraffic.com/collection/2801634.webp?size=800"
    },
    {
        "photoId": 2800370,
        "placeTaken": "Rotterdam-Maasvlakte",
        "takenAt": 1502454600,
        "copyright": "Cas Louwarts",
        "description": null,
        "asset": {
            "id": 159318,
            "type": "Cargo",
            "name": "ELEONORA MAERSK"
        },
        "rating": {
            "voteAverage": 0,
            "voteCounter": 0
        },
        "url": "https://images.marinetraffic.com/collection/2800370.webp?size=800"
    },
    {
        "photoId": 2756051,
        "placeTaken": "Elbe",
        "takenAt": 1495988280,
        "copyright": "Tetens, Jan-H.",
        "description": null,
        "asset": {
            "id": 159318,
            "type": "Cargo",
            "name": "ELEONORA MAERSK"
        },
        "rating": {
            "voteAverage": 0,
            "voteCounter": 0
        },
        "url": "https://images.marinetraffic.com/collection/2756051.webp?size=800"
    },
    {
        "photoId": 2756050,
        "placeTaken": "Elbe",
        "takenAt": 1495988040,
        "copyright": "Tetens, Jan-H.",
        "description": null,
        "asset": {
            "id": 159318,
            "type": "Cargo",
            "name": "ELEONORA MAERSK"
        },
        "rating": {
            "voteAverage": 5,
            "voteCounter": 2
        },
        "url": "https://images.marinetraffic.com/collection/2756050.webp?size=800"
    },
    {
        "photoId": 2709014,
        "placeTaken": "Cuxhaven",
        "takenAt": 1495981500,
        "copyright": "Thomas Tauchert",
        "description": null,
        "asset": {
            "id": 159318,
            "type": "Cargo",
            "name": "ELEONORA MAERSK"
        },
        "rating": {
            "voteAverage": 0,
            "voteCounter": 0
        },
        "url": "https://images.marinetraffic.com/collection/2709014.webp?size=800"
    },
    {
        "photoId": 2709012,
        "placeTaken": "Cuxhaven",
        "takenAt": 1495981080,
        "copyright": "Thomas Tauchert",
        "description": null,
        "asset": {
            "id": 159318,
            "type": "Cargo",
            "name": "ELEONORA MAERSK"
        },
        "rating": {
            "voteAverage": 5,
            "voteCounter": 3
        },
        "url": "https://images.marinetraffic.com/collection/2709012.webp?size=800"
    },
    {
        "photoId": 2709009,
        "placeTaken": "Cuxhaven",
        "takenAt": 1495980960,
        "copyright": "Thomas Tauchert",
        "description": null,
        "asset": {
            "id": 159318,
            "type": "Cargo",
            "name": "ELEONORA MAERSK"
        },
        "rating": {
            "voteAverage": 0,
            "voteCounter": 0
        },
        "url": "https://images.marinetraffic.com/collection/2709009.webp?size=800"
    },
    {
        "photoId": 2706405,
        "placeTaken": null,
        "takenAt": null,
        "copyright": "Maik Ebel - www.ship-photos.de",
        "description": null,
        "asset": {
            "id": 159318,
            "type": "Cargo",
            "name": "ELEONORA MAERSK"
        },
        "rating": {
            "voteAverage": 0,
            "voteCounter": 0
        },
        "url": "https://images.marinetraffic.com/collection/2706405.webp?size=800"
    }
]