[
    {
        "photoId": 3589616,
        "placeTaken": "Panoramaweg Breskens",
        "takenAt": 1564847460,
        "copyright": "W.J.M. Uytterhoeven",
        "description": null,
        "asset": {
            "id": 159318,
            "type": "Cargo",
            "name": "ELEONORA MAERSK"
        },
        "rating": {
            "voteAverage": 0,
            "voteCounter": 0
        },
        "url": "https://images.marinetraffic.com/collection/3589616.webp?size=800"
    },
    {
        "photoId": 3589615,
        "placeTaken": "Panoramaweg Breskens",
        "takenAt": 1564847940,
        "copyright": "W.J.M. Uytterhoeven",
        "description": "Bestemming Antwerpen ",
        "asset": {
            "id": 159318,
            "type": "Cargo",
            "name": "ELEONORA MAERSK"
        },
        "rating": {
            "voteAverage": 0,
            "voteCounter": 0
        },
        "url": "https://images.marinetraffic.com/collection/3589615.webp?size=800"
    },
    {
        "photoId": 3586845,
        "placeTaken": "Hamburg",
        "takenAt": 1564641000,
        "copyright": "Ritter Ramon",
        "description": null,
        "asset": {
            "id": 159318,
            "type": "Cargo",
            "name": "ELEONORA MAERSK"
        },
        "rating": {
            "voteAverage": 0,
            "voteCounter": 0
        },
        "url": "https://images.marinetraffic.com/collection/3586845.webp?size=800"
    },
    {
        "photoId": 3585383,
        "placeTaken": "Hamburg- Wittenbergen",
        "takenAt": 1564588020,
        "copyright": "Hartmut Brockmueller",
        "description": null,
        "asset": {
            "id": 159318,
            "type": "Cargo",
            "name": "ELEONORA MAERSK"
        },
        "rating": {
            "voteAverage": 5,
            "voteCounter": 4
        },
        "url": "https://images.marinetraffic.com/collection/3585383.webp?size=800"
    },
    {
        "photoId": 3534504,
        "placeTaken": "Hamburg",
        "takenAt": 1509458940,
        "copyright": "Thomas Tauchert",
        "description": null,
        "asset": {
            "id": 159318,
            "type": "Cargo",
            "name": "ELEONORA MAERSK"
        },
        "rating": {
            "voteAverage": 0,
            "voteCounter": 0
        },
        "url": "https://images.marinetraffic.com/collection/3534504.webp?size=800"
    },
    {
        "photoId": 3512800,
        "placeTaken": "Algeciras Port",
        "takenAt": 1551359820,
        "copyright": "Sophian Lerouech",
        "description": null,
        "asset": {
            "id": 159318,
            "type": "Cargo",
            "name": "ELEONORA MAERSK"
        },
        "rating": {
            "voteAverage": 0,
            "voteCounter": 0
        },
        "url": "https://images.marinetraffic.com/collection/3512800.webp?size=800"
    },
    {
        "photoId": 3398757,
        "placeTaken": "Nieuwe Waterweg Rotterdam.",
        "takenAt": 1550920200,
        "copyright": "Ed Kaas",
        "description": null,
        "asset": {
            "id": 159318,
            "type": "Cargo",
            "name": "ELEONORA MAERSK"
        },
        "rating": {
            "voteAverage": 0,
            "voteCounter": 0
        },
        "url": "https://images.marinetraffic.com/collection/3398757.webp?size=800"
    },
    {
        "photoId": 3395905,
        "placeTaken": "Maasvlakte Rotterdam",
        "takenAt": 1550922720,
        "copyright": "Patrick Deenik",
        "description": null,
        "asset": {
            "id": 159318,
            "type": "Cargo",
            "name": "ELEONORA MAERSK"
        },
        "rating": {
            "voteAverage": 0,
            "voteCounter": 0
        },
        "url": "https://images.marinetraffic.com/collection/3395905.webp?size=800"
    },
    {
        "photoId": 3395904,
        "placeTaken": "Maasvlakte Rotterdam",
        "takenAt": 1550922240,
        "copyright": "Patrick Deenik",
        "description": null,
        "asset": {
            "id": 159318,
            "type": "Cargo",
            "name": "ELEONORA MAERSK"
        },
        "rating": {
            "voteAverage": 0,
            "voteCounter": 0
        },
        "url": "https://images.marinetraffic.com/collection/3395904.webp?size=800"
    },
    {
        "photoId": 3359516,
        "placeTaken": "Rotterdam Europoort",
        "takenAt": 1537108260,
        "copyright": "Arjan Elmendorp",
        "description": "Outbound",
        "asset": {
            "id": 159318,
            "type": "Cargo",
            "name": "ELEONORA MAERSK"
        },
        "rating": {
            "voteAverage": 5,
            "voteCounter": 1
        },
        "url": "https://images.marinetraffic.com/collection/3359516.webp?size=800"
    },
    {
        "photoId": 3346489,
        "placeTaken": "Rotterdam Europoort",
        "takenAt": 1537108800,
        "copyright": "Arjan Elmendorp",
        "description": "Outbound",
        "asset": {
            "id": 159318,
            "type": "Cargo",
            "name": "ELEONORA MAERSK"
        },
        "rating": {
            "voteAverage": 5,
            "voteCounter": 1
        },
        "url": "https://images.marinetraffic.com/collection/3346489.webp?size=800"
    },
    {
        "photoId": 3187224,
        "placeTaken": "Cuxhaven, Elbe",
        "takenAt": 1529253900,
        "copyright": "Dietmar Reichert",
        "description": null,
        "asset": {
            "id": 159318,
            "type": "Cargo",
            "name": "ELEONORA MAERSK"
        },
        "rating": {
            "voteAverage": 5,
            "voteCounter": 16
        },
        "url": "https://images.marinetraffic.com/collection/3187224.webp?size=800"
    },
    {
        "photoId": 3187222,
        "placeTaken": "Cuxhaven, Elbe",
        "takenAt": 1529254380,
        "copyright": "Dietmar Reichert",
        "description": null,
        "asset": {
            "id": 159318,
            "type": "Cargo",
            "name": "ELEONORA MAERSK"
        },
        "rating": {
            "voteAverage": 5,
            "voteCounter": 15
        },
        "url": "https://images.marinetraffic.com/collection/3187222.webp?size=800"
    },
    {
        "photoId": 3179427,
        "placeTaken": "Cuxhaven",
        "takenAt": 1522862400,
        "copyright": "Reinhard Schmidt",
        "description": null,
        "asset": {
            "id": 159318,
            "type": "Cargo",
            "name": "ELEONORA MAERSK"
        },
        "rating": {
            "voteAverage": 0,
            "voteCounter": 0
        },
        "url": "https://images.marinetraffic.com/collection/3179427.webp?size=800"
    },
    {
        "photoId": 3176816,
        "placeTaken": "Cuxhaven",
        "takenAt": 1522679340,
        "copyright": "Reinhard Schmidt",
        "description": null,
        "asset": {
            "id": 159318,
            "type": "Cargo",
            "name": "ELEONORA MAERSK"
        },
        "rating": {
            "voteAverage": 5,
            "voteCounter": 2
        },
        "url": "https://images.marinetraffic.com/collection/3176816.webp?size=800"
    },
    {
        "photoId": 3140774,
        "placeTaken": null,
        "takenAt": 1530192420,
        "copyright": "fred Crawley",
        "description": null,
        "asset": {
            "id": 159318,
            "type": "Cargo",
            "name": "ELEONORA MAERSK"
        },
        "rating": {
            "voteAverage": 0,
            "voteCounter": 0
        },
        "url": "https://images.marinetraffic.com/collection/3140774.webp?size=800"
    },
    {
        "photoId": 3140311,
        "placeTaken": "Elbe, Glueckstadt GER",
        "takenAt": 1529402520,
        "copyright": "FBN Raiger",
        "description": "Elbe, Glueckstadt GER",
        "asset": {
            "id": 159318,
            "type": "Cargo",
            "name": "ELEONORA MAERSK"
        },
        "rating": {
            "voteAverage": 5,
            "voteCounter": 3
        },
        "url": "https://images.marinetraffic.com/collection/3140311.webp?size=800"
    },
    {
        "photoId": 3140310,
        "placeTaken": "Elbe, Glueckstadt GER",
        "takenAt": 1529402640,
        "copyright": "FBN Raiger",
        "description": "Elbe, Glueckstadt GER",
        "asset": {
            "id": 159318,
            "type": "Cargo",
            "name": "ELEONORA MAERSK"
        },
        "rating": {
            "voteAverage": 5,
            "voteCounter": 4
        },
        "url": "https://images.marinetraffic.com/collection/3140310.webp?size=800"
    },
    {
        "photoId": 3133004,
        "placeTaken": "Cuxhaven, Steubenhft",
        "takenAt": 1529411160,
        "copyright": "Horst Cierullies",
        "description": null,
        "asset": {
            "id": 159318,
            "type": "Cargo",
            "name": "ELEONORA MAERSK"
        },
        "rating": {
            "voteAverage": 5,
            "voteCounter": 3
        },
        "url": "https://images.marinetraffic.com/collection/3133004.webp?size=800"
    },
    {
        "photoId": 3130164,
        "placeTaken": "Cuxhaven, Jachthafen",
        "takenAt": 1529247120,
        "copyright": "Horst Cierullies",
        "description": null,
        "asset": {
            "id": 159318,
            "type": "Cargo",
            "name": "ELEONORA MAERSK"
        },
        "rating": {
            "voteAverage": 5,
            "voteCounter": 3
        },
        "url": "https://images.marinetraffic.com/collection/3130164.webp?size=800"
    }
]