[
    {
        "photoId": 4106168,
        "placeTaken": "Halifax, Kanada",
        "takenAt": 1441738320,
        "copyright": "J\u00fcrgen Ruhardt",
        "description": null,
        "asset": {
            "id": 133911,
            "type": "Cargo",
            "name": "NINGBO EXPRESS"
        },
        "rating": {
            "voteAverage": 0,
            "voteCounter": 0
        },
        "url": "https://images.marinetraffic.com/collection/4106168.webp?size=800"
    },
    {
        "photoId": 4058916,
        "placeTaken": "Maasvlakte 2.",
        "takenAt": 1418472600,
        "copyright": "Ed Kaas",
        "description": null,
        "asset": {
            "id": 133911,
            "type": "Cargo",
            "name": "NINGBO EXPRESS"
        },
        "rating": {
            "voteAverage": 5,
            "voteCounter": 1
        },
        "url": "https://images.marinetraffic.com/collection/4058916.webp?size=800"
    },
    {
        "photoId": 4058014,
        "placeTaken": "Maasvlakte 2.",
        "takenAt": 1418472420,
        "copyright": "Ed Kaas",
        "description": null,
        "asset": {
            "id": 133911,
            "type": "Cargo",
            "name": "NINGBO EXPRESS"
        },
        "rating": {
            "voteAverage": 0,
            "voteCounter": 0
        },
        "url": "https://images.marinetraffic.com/collection/4058014.webp?size=800"
    },
    {
        "photoId": 3999685,
        "placeTaken": "Piraeus",
        "takenAt": 1593766260,
        "copyright": "Sakis Antoniou",
        "description": null,
        "asset": {
            "id": 133911,
            "type": "Cargo",
            "name": "NINGBO EXPRESS"
        },
        "rating": {
            "voteAverage": 0,
            "voteCounter": 0
        },
        "url": "https://images.marinetraffic.com/collection/3999685.webp?size=800"
    },
    {
        "photoId": 3999684,
        "placeTaken": "Piraeus",
        "takenAt": 1593767820,
        "copyright": "Sakis Antoniou",
        "description": null,
        "asset": {
            "id": 133911,
            "type": "Cargo",
            "name": "NINGBO EXPRESS"
        },
        "rating": {
            "voteAverage": 0,
            "voteCounter": 0
        },
        "url": "https://images.marinetraffic.com/collection/3999684.webp?size=800"
    },
    {
        "photoId": 3812976,
        "placeTaken": "Barcelona",
        "takenAt": 1549212840,
        "copyright": "MARTIN TODD",
        "description": null,
        "asset": {
            "id": 133911,
            "type": "Cargo",
            "name": "NINGBO EXPRESS"
        },
        "rating": {
            "voteAverage": 0,
            "voteCounter": 0
        },
        "url": "https://images.marinetraffic.com/collection/3812976.webp?size=800"
    },
    {
        "photoId": 3793703,
        "placeTaken": "Genova",
        "takenAt": 1582564020,
        "copyright": "Federico",
        "description": null,
        "asset": {
            "id": 133911,
            "type": "Cargo",
            "name": "NINGBO EXPRESS"
        },
        "rating": {
            "voteAverage": 5,
            "voteCounter": 1
        },
        "url": "https://images.marinetraffic.com/collection/3793703.webp?size=800"
    },
    {
        "photoId": 3579395,
        "placeTaken": "Malta Freeport.",
        "takenAt": 1564220820,
        "copyright": "Godfrey Muscat",
        "description": null,
        "asset": {
            "id": 133911,
            "type": "Cargo",
            "name": "NINGBO EXPRESS"
        },
        "rating": {
            "voteAverage": 0,
            "voteCounter": 0
        },
        "url": "https://images.marinetraffic.com/collection/3579395.webp?size=800"
    },
    {
        "photoId": 3489871,
        "placeTaken": "Genova ",
        "takenAt": 1558350300,
        "copyright": "Federico",
        "description": null,
        "asset": {
            "id": 133911,
            "type": "Cargo",
            "name": "NINGBO EXPRESS"
        },
        "rating": {
            "voteAverage": 0,
            "voteCounter": 0
        },
        "url": "https://images.marinetraffic.com/collection/3489871.webp?size=800"
    },
    {
        "photoId": 3489869,
        "placeTaken": "Genova ",
        "takenAt": 1558350300,
        "copyright": "Federico",
        "description": null,
        "asset": {
            "id": 133911,
            "type": "Cargo",
            "name": "NINGBO EXPRESS"
        },
        "rating": {
            "voteAverage": 0,
            "voteCounter": 0
        },
        "url": "https://images.marinetraffic.com/collection/3489869.webp?size=800"
    },
    {
        "photoId": 3489866,
        "placeTaken": "Genova ",
        "takenAt": 1558350240,
        "copyright": "Federico",
        "description": null,
        "asset": {
            "id": 133911,
            "type": "Cargo",
            "name": "NINGBO EXPRESS"
        },
        "rating": {
            "voteAverage": 5,
            "voteCounter": 1
        },
        "url": "https://images.marinetraffic.com/collection/3489866.webp?size=800"
    },
    {
        "photoId": 3489865,
        "placeTaken": "Genova ",
        "takenAt": 1558350240,
        "copyright": "Federico",
        "description": null,
        "asset": {
            "id": 133911,
            "type": "Cargo",
            "name": "NINGBO EXPRESS"
        },
        "rating": {
            "voteAverage": 0,
            "voteCounter": 0
        },
        "url": "https://images.marinetraffic.com/collection/3489865.webp?size=800"
    },
    {
        "photoId": 3434159,
        "placeTaken": "Genova",
        "takenAt": 1554291000,
        "copyright": "ships@tin.it",
        "description": null,
        "asset": {
            "id": 133911,
            "type": "Cargo",
            "name": "NINGBO EXPRESS"
        },
        "rating": {
            "voteAverage": 0,
            "voteCounter": 0
        },
        "url": "https://images.marinetraffic.com/collection/3434159.webp?size=800"
    },
    {
        "photoId": 3373439,
        "placeTaken": "Nieuwe Waterweg Rotterdam.",
        "takenAt": 1418472420,
        "copyright": "Ed Kaas",
        "description": null,
        "asset": {
            "id": 133911,
            "type": "Cargo",
            "name": "NINGBO EXPRESS"
        },
        "rating": {
            "voteAverage": 5,
            "voteCounter": 1
        },
        "url": "https://images.marinetraffic.com/collection/3373439.webp?size=800"
    },
    {
        "photoId": 3323839,
        "placeTaken": "Genova",
        "takenAt": 1543858620,
        "copyright": "ships@tin.it",
        "description": null,
        "asset": {
            "id": 133911,
            "type": "Cargo",
            "name": "NINGBO EXPRESS"
        },
        "rating": {
            "voteAverage": 0,
            "voteCounter": 0
        },
        "url": "https://images.marinetraffic.com/collection/3323839.webp?size=800"
    },
    {
        "photoId": 3311949,
        "placeTaken": "Suez Canal",
        "takenAt": 1489491420,
        "copyright": "Alexander Demin",
        "description": null,
        "asset": {
            "id": 133911,
            "type": "Cargo",
            "name": "NINGBO EXPRESS"
        },
        "rating": {
            "voteAverage": 0,
            "voteCounter": 0
        },
        "url": "https://images.marinetraffic.com/collection/3311949.webp?size=800"
    },
    {
        "photoId": 3220549,
        "placeTaken": "Valencia",
        "takenAt": 1535568600,
        "copyright": "Manuel Hern\u00e1ndez",
        "description": null,
        "asset": {
            "id": 133911,
            "type": "Cargo",
            "name": "NINGBO EXPRESS"
        },
        "rating": {
            "voteAverage": 0,
            "voteCounter": 0
        },
        "url": "https://images.marinetraffic.com/collection/3220549.webp?size=800"
    },
    {
        "photoId": 3152534,
        "placeTaken": "Genova",
        "takenAt": 1530991980,
        "copyright": "ships@tin.it",
        "description": null,
        "asset": {
            "id": 133911,
            "type": "Cargo",
            "name": "NINGBO EXPRESS"
        },
        "rating": {
            "voteAverage": 0,
            "voteCounter": 0
        },
        "url": "https://images.marinetraffic.com/collection/3152534.webp?size=800"
    },
    {
        "photoId": 3106391,
        "placeTaken": "Genova",
        "takenAt": 1527676980,
        "copyright": "Federico",
        "description": null,
        "asset": {
            "id": 133911,
            "type": "Cargo",
            "name": "NINGBO EXPRESS"
        },
        "rating": {
            "voteAverage": 0,
            "voteCounter": 0
        },
        "url": "https://images.marinetraffic.com/collection/3106391.webp?size=800"
    },
    {
        "photoId": 3040142,
        "placeTaken": "Genova ",
        "takenAt": 1523193480,
        "copyright": "Federico",
        "description": null,
        "asset": {
            "id": 133911,
            "type": "Cargo",
            "name": "NINGBO EXPRESS"
        },
        "rating": {
            "voteAverage": 0,
            "voteCounter": 0
        },
        "url": "https://images.marinetraffic.com/collection/3040142.webp?size=800"
    }
]