[
    {
        "photoId": 1346556,
        "placeTaken": "Cape Town , ZA",
        "takenAt": 1376738820,
        "copyright": "Ian  Adams",
        "description": null,
        "asset": {
            "id": 133911,
            "type": "Cargo",
            "name": "NINGBO EXPRESS"
        },
        "rating": {
            "voteAverage": 5,
            "voteCounter": 1
        },
        "url": "https://images.marinetraffic.com/collection/1346556.webp?size=800"
    },
    {
        "photoId": 1317977,
        "placeTaken": "Busan New Port, Rep. of Korea",
        "takenAt": 1363944420,
        "copyright": "V. Tonic",
        "description": null,
        "asset": {
            "id": 133911,
            "type": "Cargo",
            "name": "NINGBO EXPRESS"
        },
        "rating": {
            "voteAverage": 0,
            "voteCounter": 0
        },
        "url": "https://images.marinetraffic.com/collection/1317977.webp?size=800"
    },
    {
        "photoId": 1317975,
        "placeTaken": "Busan New Port, Rep. of Korea",
        "takenAt": 1363944360,
        "copyright": "V. Tonic",
        "description": null,
        "asset": {
            "id": 133911,
            "type": "Cargo",
            "name": "NINGBO EXPRESS"
        },
        "rating": {
            "voteAverage": 0,
            "voteCounter": 0
        },
        "url": "https://images.marinetraffic.com/collection/1317975.webp?size=800"
    },
    {
        "photoId": 1317974,
        "placeTaken": "Busan New Port, Rep. of Korea",
        "takenAt": 1363944300,
        "copyright": "V. Tonic",
        "description": null,
        "asset": {
            "id": 133911,
            "type": "Cargo",
            "name": "NINGBO EXPRESS"
        },
        "rating": {
            "voteAverage": 0,
            "voteCounter": 0
        },
        "url": "https://images.marinetraffic.com/collection/1317974.webp?size=800"
    },
    {
        "photoId": 1317972,
        "placeTaken": "Busan New Port, Rep. of Korea",
        "takenAt": 1363944060,
        "copyright": "V. Tonic",
        "description": null,
        "asset": {
            "id": 133911,
            "type": "Cargo",
            "name": "NINGBO EXPRESS"
        },
        "rating": {
            "voteAverage": 0,
            "voteCounter": 0
        },
        "url": "https://images.marinetraffic.com/collection/1317972.webp?size=800"
    },
    {
        "photoId": 1317970,
        "placeTaken": "Busan New Port, Rep. of Korea",
        "takenAt": 1363944000,
        "copyright": "V. Tonic",
        "description": null,
        "asset": {
            "id": 133911,
            "type": "Cargo",
            "name": "NINGBO EXPRESS"
        },
        "rating": {
            "voteAverage": 0,
            "voteCounter": 0
        },
        "url": "https://images.marinetraffic.com/collection/1317970.webp?size=800"
    },
    {
        "photoId": 1295352,
        "placeTaken": "Las Palmas",
        "takenAt": 1373889900,
        "copyright": "Hans Hausmann",
        "description": null,
        "asset": {
            "id": 133911,
            "type": "Cargo",
            "name": "NINGBO EXPRESS"
        },
        "rating": {
            "voteAverage": 0,
            "voteCounter": 0
        },
        "url": "https://images.marinetraffic.com/collection/1295352.webp?size=800"
    },
    {
        "photoId": 1185922,
        "placeTaken": "Tacoma, WA",
        "takenAt": 1366983600,
        "copyright": "Donald Erickson",
        "description": "Inbound, Commencement Bay",
        "asset": {
            "id": 133911,
            "type": "Cargo",
            "name": "NINGBO EXPRESS"
        },
        "rating": {
            "voteAverage": 0,
            "voteCounter": 0
        },
        "url": "https://images.marinetraffic.com/collection/1185922.webp?size=800"
    },
    {
        "photoId": 982744,
        "placeTaken": "Puget Sound, WA USA",
        "takenAt": 1350034320,
        "copyright": "Dan Jessup",
        "description": "Background: Issaquah docked Vashon Island(left), Tillikum passing astern (right).",
        "asset": {
            "id": 133911,
            "type": "Cargo",
            "name": "NINGBO EXPRESS"
        },
        "rating": {
            "voteAverage": 5,
            "voteCounter": 1
        },
        "url": "https://images.marinetraffic.com/collection/982744.webp?size=800"
    },
    {
        "photoId": 982739,
        "placeTaken": "Puget Sound, WA USA",
        "takenAt": 1350034260,
        "copyright": "Dan Jessup",
        "description": "Passing south end Blake Island, WA USA",
        "asset": {
            "id": 133911,
            "type": "Cargo",
            "name": "NINGBO EXPRESS"
        },
        "rating": {
            "voteAverage": 0,
            "voteCounter": 0
        },
        "url": "https://images.marinetraffic.com/collection/982739.webp?size=800"
    },
    {
        "photoId": 927326,
        "placeTaken": "SINGAPORE",
        "takenAt": 1335264180,
        "copyright": "Capt.Turboboss",
        "description": null,
        "asset": {
            "id": 133911,
            "type": "Cargo",
            "name": "HONG KONG EXPRESS"
        },
        "rating": {
            "voteAverage": 0,
            "voteCounter": 0
        },
        "url": "https://images.marinetraffic.com/collection/927326.webp?size=800"
    },
    {
        "photoId": 927324,
        "placeTaken": "SINGAPORE",
        "takenAt": 1335264120,
        "copyright": "Capt.Turboboss",
        "description": null,
        "asset": {
            "id": 133911,
            "type": "Cargo",
            "name": "HONG KONG EXPRESS"
        },
        "rating": {
            "voteAverage": 4,
            "voteCounter": 1
        },
        "url": "https://images.marinetraffic.com/collection/927324.webp?size=800"
    },
    {
        "photoId": 927322,
        "placeTaken": "SINGAPORE",
        "takenAt": 1335264060,
        "copyright": "Capt.Turboboss",
        "description": null,
        "asset": {
            "id": 133911,
            "type": "Cargo",
            "name": "HONG KONG EXPRESS"
        },
        "rating": {
            "voteAverage": 0,
            "voteCounter": 0
        },
        "url": "https://images.marinetraffic.com/collection/927322.webp?size=800"
    },
    {
        "photoId": 927320,
        "placeTaken": "SINGAPORE",
        "takenAt": 1335264000,
        "copyright": "Capt.Turboboss",
        "description": null,
        "asset": {
            "id": 133911,
            "type": "Cargo",
            "name": "HONG KONG EXPRESS"
        },
        "rating": {
            "voteAverage": 0,
            "voteCounter": 0
        },
        "url": "https://images.marinetraffic.com/collection/927320.webp?size=800"
    },
    {
        "photoId": 927319,
        "placeTaken": "SINGAPORE",
        "takenAt": 1335263940,
        "copyright": "Capt.Turboboss",
        "description": null,
        "asset": {
            "id": 133911,
            "type": "Cargo",
            "name": "HONG KONG EXPRESS"
        },
        "rating": {
            "voteAverage": 0,
            "voteCounter": 0
        },
        "url": "https://images.marinetraffic.com/collection/927319.webp?size=800"
    },
    {
        "photoId": 923424,
        "placeTaken": "Kaohsiung",
        "takenAt": 1338908880,
        "copyright": "Hsu Hao-En",
        "description": null,
        "asset": {
            "id": 133911,
            "type": "Cargo",
            "name": "HONG KONG EXPRESS"
        },
        "rating": {
            "voteAverage": 5,
            "voteCounter": 2
        },
        "url": "https://images.marinetraffic.com/collection/923424.webp?size=800"
    },
    {
        "photoId": 808236,
        "placeTaken": "Victoria BC",
        "takenAt": 1337447760,
        "copyright": "Patrick Lawson",
        "description": null,
        "asset": {
            "id": 133911,
            "type": "Cargo",
            "name": "HONG KONG EXPRESS"
        },
        "rating": {
            "voteAverage": 5,
            "voteCounter": 1
        },
        "url": "https://images.marinetraffic.com/collection/808236.webp?size=800"
    },
    {
        "photoId": 808234,
        "placeTaken": "Victoria BC",
        "takenAt": 1337448120,
        "copyright": "Patrick Lawson",
        "description": null,
        "asset": {
            "id": 133911,
            "type": "Cargo",
            "name": "HONG KONG EXPRESS"
        },
        "rating": {
            "voteAverage": 5,
            "voteCounter": 1
        },
        "url": "https://images.marinetraffic.com/collection/808234.webp?size=800"
    },
    {
        "photoId": 808233,
        "placeTaken": "Victoria BC",
        "takenAt": 1337448360,
        "copyright": "Patrick Lawson",
        "description": null,
        "asset": {
            "id": 133911,
            "type": "Cargo",
            "name": "HONG KONG EXPRESS"
        },
        "rating": {
            "voteAverage": 5,
            "voteCounter": 1
        },
        "url": "https://images.marinetraffic.com/collection/808233.webp?size=800"
    },
    {
        "photoId": 756694,
        "placeTaken": "Southeast Arm of Salish Sea",
        "takenAt": 1333472340,
        "copyright": "Clark Crawford",
        "description": "Out of Seattle for Pusan passing by Double Bluff, Whidby Island. 19kn/307* ",
        "asset": {
            "id": 133911,
            "type": "Cargo",
            "name": "HONG KONG EXPRESS"
        },
        "rating": {
            "voteAverage": 4,
            "voteCounter": 1
        },
        "url": "https://images.marinetraffic.com/collection/756694.webp?size=800"
    }
]