[
    {
        "photoId": 1844470,
        "placeTaken": null,
        "takenAt": 1394732460,
        "copyright": "Ghis v d Vijver",
        "description": null,
        "asset": {
            "id": 133911,
            "type": "Cargo",
            "name": "NINGBO EXPRESS"
        },
        "rating": {
            "voteAverage": 0,
            "voteCounter": 0
        },
        "url": "https://images.marinetraffic.com/collection/1844470.webp?size=800"
    },
    {
        "photoId": 1843295,
        "placeTaken": "Rotterdam Europoort",
        "takenAt": 1418476860,
        "copyright": "paul gerdes",
        "description": null,
        "asset": {
            "id": 133911,
            "type": "Cargo",
            "name": "NINGBO EXPRESS"
        },
        "rating": {
            "voteAverage": 0,
            "voteCounter": 0
        },
        "url": "https://images.marinetraffic.com/collection/1843295.webp?size=800"
    },
    {
        "photoId": 1800711,
        "placeTaken": "Stadersand",
        "takenAt": 1413992520,
        "copyright": "Erich Mund",
        "description": "NINGBO EXPRESS outbound Hamburg near L\u00fchesand",
        "asset": {
            "id": 133911,
            "type": "Cargo",
            "name": "NINGBO EXPRESS"
        },
        "rating": {
            "voteAverage": 0,
            "voteCounter": 0
        },
        "url": "https://images.marinetraffic.com/collection/1800711.webp?size=800"
    },
    {
        "photoId": 1794311,
        "placeTaken": "Singapore",
        "takenAt": 1322497740,
        "copyright": "John Regan",
        "description": null,
        "asset": {
            "id": 133911,
            "type": "Cargo",
            "name": "NINGBO EXPRESS"
        },
        "rating": {
            "voteAverage": 0,
            "voteCounter": 0
        },
        "url": "https://images.marinetraffic.com/collection/1794311.webp?size=800"
    },
    {
        "photoId": 1759699,
        "placeTaken": "Maasvlakte",
        "takenAt": 1403970420,
        "copyright": "Bettina Rohbrecht",
        "description": null,
        "asset": {
            "id": 133911,
            "type": "Cargo",
            "name": "Ningbo Express"
        },
        "rating": {
            "voteAverage": 0,
            "voteCounter": 0
        },
        "url": "https://images.marinetraffic.com/collection/1759699.webp?size=800"
    },
    {
        "photoId": 1733994,
        "placeTaken": "Cuxhaven",
        "takenAt": 1399467540,
        "copyright": "Volker Steinbarth",
        "description": null,
        "asset": {
            "id": 133911,
            "type": "Cargo",
            "name": "NINGBO EXPRESS"
        },
        "rating": {
            "voteAverage": 0,
            "voteCounter": 0
        },
        "url": "https://images.marinetraffic.com/collection/1733994.webp?size=800"
    },
    {
        "photoId": 1689676,
        "placeTaken": "Terneuzen NL",
        "takenAt": null,
        "copyright": "Marij",
        "description": null,
        "asset": {
            "id": 133911,
            "type": "Cargo",
            "name": "NINGBO EXPRESS"
        },
        "rating": {
            "voteAverage": 0,
            "voteCounter": 0
        },
        "url": "https://images.marinetraffic.com/collection/1689676.webp?size=800"
    },
    {
        "photoId": 1687250,
        "placeTaken": "Elbe River, Germany",
        "takenAt": 1404207300,
        "copyright": "Ian Greenwood",
        "description": null,
        "asset": {
            "id": 133911,
            "type": "Cargo",
            "name": "NINGBO EXPRESS"
        },
        "rating": {
            "voteAverage": 0,
            "voteCounter": 0
        },
        "url": "https://images.marinetraffic.com/collection/1687250.webp?size=800"
    },
    {
        "photoId": 1687244,
        "placeTaken": "Elbe River, Germany",
        "takenAt": 1404207060,
        "copyright": "Ian Greenwood",
        "description": null,
        "asset": {
            "id": 133911,
            "type": "Cargo",
            "name": "NINGBO EXPRESS"
        },
        "rating": {
            "voteAverage": 0,
            "voteCounter": 0
        },
        "url": "https://images.marinetraffic.com/collection/1687244.webp?size=800"
    },
    {
        "photoId": 1662391,
        "placeTaken": "Maasvlakte",
        "takenAt": 1389360240,
        "copyright": "Jan van Broekhoven",
        "description": null,
        "asset": {
            "id": 133911,
            "type": "Cargo",
            "name": "Ningbo Express"
        },
        "rating": {
            "voteAverage": 0,
            "voteCounter": 0
        },
        "url": "https://images.marinetraffic.com/collection/1662391.webp?size=800"
    },
    {
        "photoId": 1623960,
        "placeTaken": "Hamburg",
        "takenAt": 1399387080,
        "copyright": "Riko Lischke",
        "description": null,
        "asset": {
            "id": 133911,
            "type": "Cargo",
            "name": "NINGBO EXPRESS"
        },
        "rating": {
            "voteAverage": 4.5,
            "voteCounter": 2
        },
        "url": "https://images.marinetraffic.com/collection/1623960.webp?size=800"
    },
    {
        "photoId": 1623573,
        "placeTaken": "Elbe River",
        "takenAt": 1399374000,
        "copyright": "rannug",
        "description": "NINGBO EXPRESS  Elbe River - L\u00fche Anleger ",
        "asset": {
            "id": 133911,
            "type": "Cargo",
            "name": "NINGBO EXPRESS"
        },
        "rating": {
            "voteAverage": 0,
            "voteCounter": 0
        },
        "url": "https://images.marinetraffic.com/collection/1623573.webp?size=800"
    },
    {
        "photoId": 1578195,
        "placeTaken": "Terneuzen",
        "takenAt": 1394728740,
        "copyright": "Alain GICART",
        "description": null,
        "asset": {
            "id": 133911,
            "type": "Cargo",
            "name": "NINGBO EXPRESS"
        },
        "rating": {
            "voteAverage": 0,
            "voteCounter": 0
        },
        "url": "https://images.marinetraffic.com/collection/1578195.webp?size=800"
    },
    {
        "photoId": 1569834,
        "placeTaken": null,
        "takenAt": 1389360120,
        "copyright": "Jan van Broekhoven",
        "description": null,
        "asset": {
            "id": 133911,
            "type": "Cargo",
            "name": "NINGBO EXPRESS"
        },
        "rating": {
            "voteAverage": 0,
            "voteCounter": 0
        },
        "url": "https://images.marinetraffic.com/collection/1569834.webp?size=800"
    },
    {
        "photoId": 1540131,
        "placeTaken": "Rotterdam Europoort",
        "takenAt": 1389356640,
        "copyright": "Arjan Elmendorp",
        "description": "Outbound",
        "asset": {
            "id": 133911,
            "type": "Cargo",
            "name": "NINGBO EXPRESS"
        },
        "rating": {
            "voteAverage": 0,
            "voteCounter": 0
        },
        "url": "https://images.marinetraffic.com/collection/1540131.webp?size=800"
    },
    {
        "photoId": 1523298,
        "placeTaken": "Rotterdam Europoort",
        "takenAt": 1389356280,
        "copyright": "Arjan Elmendorp",
        "description": "Outbound",
        "asset": {
            "id": 133911,
            "type": "Cargo",
            "name": "NINGBO EXPRESS"
        },
        "rating": {
            "voteAverage": 0,
            "voteCounter": 0
        },
        "url": "https://images.marinetraffic.com/collection/1523298.webp?size=800"
    },
    {
        "photoId": 1515497,
        "placeTaken": null,
        "takenAt": 1389360180,
        "copyright": "Jan van Broekhoven",
        "description": null,
        "asset": {
            "id": 133911,
            "type": "Cargo",
            "name": "NINGBO EXPRESS"
        },
        "rating": {
            "voteAverage": 0,
            "voteCounter": 0
        },
        "url": "https://images.marinetraffic.com/collection/1515497.webp?size=800"
    },
    {
        "photoId": 1515376,
        "placeTaken": "felixstowe",
        "takenAt": 1389613500,
        "copyright": "paul hiett",
        "description": null,
        "asset": {
            "id": 133911,
            "type": "Cargo",
            "name": "NINGBO EXPRESS"
        },
        "rating": {
            "voteAverage": 0,
            "voteCounter": 0
        },
        "url": "https://images.marinetraffic.com/collection/1515376.webp?size=800"
    },
    {
        "photoId": 1467613,
        "placeTaken": "Rotterdam Maasvlakte",
        "takenAt": 1384008780,
        "copyright": "paul gerdes",
        "description": null,
        "asset": {
            "id": 133911,
            "type": "Cargo",
            "name": "NINGBO EXPRESS"
        },
        "rating": {
            "voteAverage": 0,
            "voteCounter": 0
        },
        "url": "https://images.marinetraffic.com/collection/1467613.webp?size=800"
    },
    {
        "photoId": 1349988,
        "placeTaken": "Las Palmas",
        "takenAt": 1375620540,
        "copyright": "Hans Hausmann",
        "description": null,
        "asset": {
            "id": 133911,
            "type": "Cargo",
            "name": "NINGBO EXPRESS"
        },
        "rating": {
            "voteAverage": 4,
            "voteCounter": 1
        },
        "url": "https://images.marinetraffic.com/collection/1349988.webp?size=800"
    }
]