[
    {
        "photoId": 2129028,
        "placeTaken": "river Schelde / Kallo-Antwerpen Belgium",
        "takenAt": 1445107560,
        "copyright": "Luc van Haute",
        "description": "lens 24-2000mm.",
        "asset": {
            "id": 1508269,
            "type": "Cargo",
            "name": "GLOVIS SPLENDOR"
        },
        "rating": {
            "voteAverage": 0,
            "voteCounter": 0
        },
        "url": "https://images.marinetraffic.com/collection/2129028.webp?size=800"
    },
    {
        "photoId": 2129026,
        "placeTaken": "river Schelde / Kallo-Antwerpen Belgium",
        "takenAt": 1445107500,
        "copyright": "Luc van Haute",
        "description": "lens 24-2000mm.",
        "asset": {
            "id": 1508269,
            "type": "Cargo",
            "name": "GLOVIS SPLENDOR"
        },
        "rating": {
            "voteAverage": 0,
            "voteCounter": 0
        },
        "url": "https://images.marinetraffic.com/collection/2129026.webp?size=800"
    },
    {
        "photoId": 2129025,
        "placeTaken": "river Schelde / Kallo-Antwerpen Belgium",
        "takenAt": 1445107500,
        "copyright": "Luc van Haute",
        "description": "lens 24-2000mm.",
        "asset": {
            "id": 1508269,
            "type": "Cargo",
            "name": "GLOVIS SPLENDOR"
        },
        "rating": {
            "voteAverage": 0,
            "voteCounter": 0
        },
        "url": "https://images.marinetraffic.com/collection/2129025.webp?size=800"
    },
    {
        "photoId": 1883161,
        "placeTaken": "Fremantle",
        "takenAt": 1424529300,
        "copyright": "Brian Scott",
        "description": "Departing Fremantle harbour.",
        "asset": {
            "id": 1508269,
            "type": "Cargo",
            "name": "GLOVIS SPLENDOR"
        },
        "rating": {
            "voteAverage": 5,
            "voteCounter": 3
        },
        "url": "https://images.marinetraffic.com/collection/1883161.webp?size=800"
    },
    {
        "photoId": 1883160,
        "placeTaken": "Fremantle",
        "takenAt": 1424529420,
        "copyright": "Brian Scott",
        "description": "Departing Fremantle harbour.",
        "asset": {
            "id": 1508269,
            "type": "Cargo",
            "name": "GLOVIS SPLENDOR"
        },
        "rating": {
            "voteAverage": 0,
            "voteCounter": 0
        },
        "url": "https://images.marinetraffic.com/collection/1883160.webp?size=800"
    },
    {
        "photoId": 1883159,
        "placeTaken": "Fremantle",
        "takenAt": 1424529360,
        "copyright": "Brian Scott",
        "description": "Departing Fremantle harbour.",
        "asset": {
            "id": 1508269,
            "type": "Cargo",
            "name": "GLOVIS SPLENDOR"
        },
        "rating": {
            "voteAverage": 5,
            "voteCounter": 1
        },
        "url": "https://images.marinetraffic.com/collection/1883159.webp?size=800"
    },
    {
        "photoId": 1849417,
        "placeTaken": "Bremerhaven",
        "takenAt": 1420112280,
        "copyright": "Oliver Mohrbeck",
        "description": null,
        "asset": {
            "id": 1508269,
            "type": "Cargo",
            "name": "GLOVIS SPLENDOR"
        },
        "rating": {
            "voteAverage": 0,
            "voteCounter": 0
        },
        "url": "https://images.marinetraffic.com/collection/1849417.webp?size=800"
    },
    {
        "photoId": 1849254,
        "placeTaken": "Emden",
        "takenAt": 1419873960,
        "copyright": "Hartema Heyken",
        "description": null,
        "asset": {
            "id": 1508269,
            "type": "Cargo",
            "name": "GLOVIS SPLENDOR"
        },
        "rating": {
            "voteAverage": 0,
            "voteCounter": 0
        },
        "url": "https://images.marinetraffic.com/collection/1849254.webp?size=800"
    },
    {
        "photoId": 1847029,
        "placeTaken": "Emden",
        "takenAt": 1419872820,
        "copyright": "Hartema Heyken",
        "description": null,
        "asset": {
            "id": 1508269,
            "type": "Cargo",
            "name": "GLOVIS SPLENDOR"
        },
        "rating": {
            "voteAverage": 5,
            "voteCounter": 1
        },
        "url": "https://images.marinetraffic.com/collection/1847029.webp?size=800"
    },
    {
        "photoId": 1847028,
        "placeTaken": "Emden",
        "takenAt": 1419874380,
        "copyright": "Hartema Heyken",
        "description": null,
        "asset": {
            "id": 1508269,
            "type": "Cargo",
            "name": "GLOVIS SPLENDOR"
        },
        "rating": {
            "voteAverage": 3,
            "voteCounter": 1
        },
        "url": "https://images.marinetraffic.com/collection/1847028.webp?size=800"
    }
]