[
    {
        "photoId": 3786413,
        "placeTaken": "Hambantota",
        "takenAt": 1581872520,
        "copyright": "Dimitar Stoyanov Dimitrov",
        "description": null,
        "asset": {
            "id": 1508269,
            "type": "Cargo",
            "name": "GLOVIS SPLENDOR"
        },
        "rating": {
            "voteAverage": 0,
            "voteCounter": 0
        },
        "url": "https://images.marinetraffic.com/collection/3786413.webp?size=800"
    },
    {
        "photoId": 3586165,
        "placeTaken": "Tilbury. Essex. River Thames. UK",
        "takenAt": 1564596900,
        "copyright": "Ray Petri",
        "description": null,
        "asset": {
            "id": 1508269,
            "type": "Cargo",
            "name": "GLOVIS SPLENDOR"
        },
        "rating": {
            "voteAverage": 0,
            "voteCounter": 0
        },
        "url": "https://images.marinetraffic.com/collection/3586165.webp?size=800"
    },
    {
        "photoId": 3476043,
        "placeTaken": "Bremerhaven",
        "takenAt": 1557244200,
        "copyright": "Claus Schaefe",
        "description": null,
        "asset": {
            "id": 1508269,
            "type": "Cargo",
            "name": "GLOVIS SPLENDOR"
        },
        "rating": {
            "voteAverage": 5,
            "voteCounter": 5
        },
        "url": "https://images.marinetraffic.com/collection/3476043.webp?size=800"
    },
    {
        "photoId": 3467663,
        "placeTaken": "Hamburg-Rueschpark",
        "takenAt": 1556807220,
        "copyright": "S.Seelemann",
        "description": null,
        "asset": {
            "id": 1508269,
            "type": "Cargo",
            "name": "GLOVIS SPLENDOR"
        },
        "rating": {
            "voteAverage": 5,
            "voteCounter": 2
        },
        "url": "https://images.marinetraffic.com/collection/3467663.webp?size=800"
    },
    {
        "photoId": 3467617,
        "placeTaken": "Hamburg - Blankenese / GER",
        "takenAt": 1556805480,
        "copyright": "Buggi Porschien",
        "description": null,
        "asset": {
            "id": 1508269,
            "type": "Cargo",
            "name": "GLOVIS SPLENDOR"
        },
        "rating": {
            "voteAverage": 0,
            "voteCounter": 0
        },
        "url": "https://images.marinetraffic.com/collection/3467617.webp?size=800"
    },
    {
        "photoId": 3467421,
        "placeTaken": "Kaispeicher Altona",
        "takenAt": 1556808540,
        "copyright": "Jochen Behrens",
        "description": null,
        "asset": {
            "id": 1508269,
            "type": "Cargo",
            "name": "GLOVIS SPLENDOR"
        },
        "rating": {
            "voteAverage": 0,
            "voteCounter": 0
        },
        "url": "https://images.marinetraffic.com/collection/3467421.webp?size=800"
    },
    {
        "photoId": 3376553,
        "placeTaken": "Bremerhaven",
        "takenAt": 1548771300,
        "copyright": "Rolf Bridde",
        "description": null,
        "asset": {
            "id": 1508269,
            "type": "Cargo",
            "name": "GLOVIS SPLENDOR"
        },
        "rating": {
            "voteAverage": 0,
            "voteCounter": 0
        },
        "url": "https://images.marinetraffic.com/collection/3376553.webp?size=800"
    },
    {
        "photoId": 3306293,
        "placeTaken": "Singapore",
        "takenAt": 1463825040,
        "copyright": "Alexander Demin",
        "description": null,
        "asset": {
            "id": 1508269,
            "type": "Cargo",
            "name": "GLOVIS SPLENDOR"
        },
        "rating": {
            "voteAverage": 0,
            "voteCounter": 0
        },
        "url": "https://images.marinetraffic.com/collection/3306293.webp?size=800"
    },
    {
        "photoId": 3306292,
        "placeTaken": "Singapore",
        "takenAt": 1463834880,
        "copyright": "Alexander Demin",
        "description": null,
        "asset": {
            "id": 1508269,
            "type": "Cargo",
            "name": "GLOVIS SPLENDOR"
        },
        "rating": {
            "voteAverage": 0,
            "voteCounter": 0
        },
        "url": "https://images.marinetraffic.com/collection/3306292.webp?size=800"
    },
    {
        "photoId": 3047928,
        "placeTaken": "Richmond Canada",
        "takenAt": 1523795580,
        "copyright": "rick voice",
        "description": "Moored at Annacis Auto Terminal.",
        "asset": {
            "id": 1508269,
            "type": "Cargo",
            "name": "GLOVIS SPLENDOR"
        },
        "rating": {
            "voteAverage": 0,
            "voteCounter": 0
        },
        "url": "https://images.marinetraffic.com/collection/3047928.webp?size=800"
    },
    {
        "photoId": 2990936,
        "placeTaken": "Vigo",
        "takenAt": 1500144420,
        "copyright": "victor h lorenzo",
        "description": "Leaving Vigo,new VTS aerials on the hill",
        "asset": {
            "id": 1508269,
            "type": "Cargo",
            "name": "GLOVIS SPLENDOR"
        },
        "rating": {
            "voteAverage": 0,
            "voteCounter": 0
        },
        "url": "https://images.marinetraffic.com/collection/2990936.webp?size=800"
    },
    {
        "photoId": 2833585,
        "placeTaken": null,
        "takenAt": 1443345360,
        "copyright": "Victor Nieto",
        "description": "AGUNSA - Montevideo",
        "asset": {
            "id": 1508269,
            "type": "Cargo",
            "name": "GLOVIS SPLENDOR"
        },
        "rating": {
            "voteAverage": 5,
            "voteCounter": 1
        },
        "url": "https://images.marinetraffic.com/collection/2833585.webp?size=800"
    },
    {
        "photoId": 2735250,
        "placeTaken": "MONTEVIDEO",
        "takenAt": 1498140240,
        "copyright": "Rodrigo  Garc\u00eda Evans",
        "description": null,
        "asset": {
            "id": 1508269,
            "type": "Cargo",
            "name": "GLOVIS SPLENDOR"
        },
        "rating": {
            "voteAverage": 0,
            "voteCounter": 0
        },
        "url": "https://images.marinetraffic.com/collection/2735250.webp?size=800"
    },
    {
        "photoId": 2735247,
        "placeTaken": "MONTEVIDEO",
        "takenAt": 1498140180,
        "copyright": "Rodrigo  Garc\u00eda Evans",
        "description": null,
        "asset": {
            "id": 1508269,
            "type": "Cargo",
            "name": "GLOVIS SPLENDOR"
        },
        "rating": {
            "voteAverage": 0,
            "voteCounter": 0
        },
        "url": "https://images.marinetraffic.com/collection/2735247.webp?size=800"
    },
    {
        "photoId": 2735244,
        "placeTaken": "MONTEVIDEO",
        "takenAt": 1498003200,
        "copyright": "Rodrigo  Garc\u00eda Evans",
        "description": null,
        "asset": {
            "id": 1508269,
            "type": "Cargo",
            "name": "GLOVIS SPLENDOR"
        },
        "rating": {
            "voteAverage": 0,
            "voteCounter": 0
        },
        "url": "https://images.marinetraffic.com/collection/2735244.webp?size=800"
    },
    {
        "photoId": 2677409,
        "placeTaken": null,
        "takenAt": 1450180320,
        "copyright": "Rod Martin",
        "description": null,
        "asset": {
            "id": 1508269,
            "type": "Cargo",
            "name": "GLOVIS SPLENDOR"
        },
        "rating": {
            "voteAverage": 0,
            "voteCounter": 0
        },
        "url": "https://images.marinetraffic.com/collection/2677409.webp?size=800"
    },
    {
        "photoId": 2677408,
        "placeTaken": null,
        "takenAt": 1450180200,
        "copyright": "Rod Martin",
        "description": null,
        "asset": {
            "id": 1508269,
            "type": "Cargo",
            "name": "GLOVIS SPLENDOR"
        },
        "rating": {
            "voteAverage": 0,
            "voteCounter": 0
        },
        "url": "https://images.marinetraffic.com/collection/2677408.webp?size=800"
    },
    {
        "photoId": 2572056,
        "placeTaken": "Columbia River, Puget Island",
        "takenAt": 1485090600,
        "copyright": "Mike Cullom",
        "description": "Heading upriver to Portland, Oregon, view west from Puget Island",
        "asset": {
            "id": 1508269,
            "type": "Cargo",
            "name": "GLOVIS SPLENDOR"
        },
        "rating": {
            "voteAverage": 5,
            "voteCounter": 2
        },
        "url": "https://images.marinetraffic.com/collection/2572056.webp?size=800"
    },
    {
        "photoId": 2564231,
        "placeTaken": "Pyeongtaek, Korea",
        "takenAt": 1427278980,
        "copyright": "Seongwoo Seo",
        "description": "Overtaking WWLs PCTC TAIPAN ",
        "asset": {
            "id": 1508269,
            "type": "Cargo",
            "name": "GLOVIS SPLENDOR"
        },
        "rating": {
            "voteAverage": 0,
            "voteCounter": 0
        },
        "url": "https://images.marinetraffic.com/collection/2564231.webp?size=800"
    },
    {
        "photoId": 2504980,
        "placeTaken": "Pyeongtaek, S.Korea",
        "takenAt": 1477578300,
        "copyright": "Y.W. Lee",
        "description": null,
        "asset": {
            "id": 1508269,
            "type": "Cargo",
            "name": "GLOVIS SPLENDOR"
        },
        "rating": {
            "voteAverage": 5,
            "voteCounter": 1
        },
        "url": "https://images.marinetraffic.com/collection/2504980.webp?size=800"
    }
]