[
    {
        "photoId": 5021671,
        "placeTaken": "Walsoorden - Zeedijk",
        "takenAt": 1663859100,
        "copyright": "Etienne Verberckmoes",
        "description": "Western Scheldt - departing Antwerp",
        "asset": {
            "id": 1176198,
            "type": "Cargo",
            "name": "MSC NEW YORK"
        },
        "rating": {
            "voteAverage": 5,
            "voteCounter": 18
        },
        "url": "https://images.marinetraffic.com/collection/5021671.webp?size=800"
    },
    {
        "photoId": 5018675,
        "placeTaken": "Walsoorden - Zeedijk",
        "takenAt": 1663693800,
        "copyright": "Etienne Verberckmoes",
        "description": "Western Scheldt - arriving Antwerp",
        "asset": {
            "id": 1176198,
            "type": "Cargo",
            "name": "MSC NEW YORK"
        },
        "rating": {
            "voteAverage": 5,
            "voteCounter": 21
        },
        "url": "https://images.marinetraffic.com/collection/5018675.webp?size=800"
    },
    {
        "photoId": 5018671,
        "placeTaken": "Walsoorden - Zeedijk",
        "takenAt": 1663694160,
        "copyright": "Etienne Verberckmoes",
        "description": "Western Scheldt - arriving Antwerp",
        "asset": {
            "id": 1176198,
            "type": "Cargo",
            "name": "MSC NEW YORK"
        },
        "rating": {
            "voteAverage": 5,
            "voteCounter": 15
        },
        "url": "https://images.marinetraffic.com/collection/5018671.webp?size=800"
    },
    {
        "photoId": 4941995,
        "placeTaken": "Cuxhaven",
        "takenAt": 1663612380,
        "copyright": "Krisztian Balla",
        "description": null,
        "asset": {
            "id": 1176198,
            "type": "Cargo",
            "name": "MSC NEW YORK"
        },
        "rating": {
            "voteAverage": 5,
            "voteCounter": 1
        },
        "url": "https://images.marinetraffic.com/collection/4941995.webp?size=800"
    },
    {
        "photoId": 4941994,
        "placeTaken": "Cuxhaven",
        "takenAt": 1663612200,
        "copyright": "Krisztian Balla",
        "description": null,
        "asset": {
            "id": 1176198,
            "type": "Cargo",
            "name": "MSC NEW YORK"
        },
        "rating": {
            "voteAverage": 5,
            "voteCounter": 2
        },
        "url": "https://images.marinetraffic.com/collection/4941994.webp?size=800"
    },
    {
        "photoId": 4913735,
        "placeTaken": "NL",
        "takenAt": 1663854900,
        "copyright": "Segert van Wensen",
        "description": null,
        "asset": {
            "id": 1176198,
            "type": "Cargo",
            "name": "MSC NEW YORK"
        },
        "rating": {
            "voteAverage": 0,
            "voteCounter": 0
        },
        "url": "https://images.marinetraffic.com/collection/4913735.webp?size=800"
    },
    {
        "photoId": 4904758,
        "placeTaken": "NL",
        "takenAt": 1663854780,
        "copyright": "Segert van Wensen",
        "description": null,
        "asset": {
            "id": 1176198,
            "type": "Cargo",
            "name": "MSC NEW YORK"
        },
        "rating": {
            "voteAverage": 0,
            "voteCounter": 0
        },
        "url": "https://images.marinetraffic.com/collection/4904758.webp?size=800"
    },
    {
        "photoId": 4882010,
        "placeTaken": "DEHAM, River Elbe, Walterhofer Hafen",
        "takenAt": 1663422240,
        "copyright": "Bernd-Ruediger Wulff",
        "description": null,
        "asset": {
            "id": 1176198,
            "type": "Cargo",
            "name": "MSC NEW YORK"
        },
        "rating": {
            "voteAverage": 5,
            "voteCounter": 4
        },
        "url": "https://images.marinetraffic.com/collection/4882010.webp?size=800"
    },
    {
        "photoId": 4846894,
        "placeTaken": " NL",
        "takenAt": 1663854780,
        "copyright": "Segert van Wensen",
        "description": null,
        "asset": {
            "id": 1176198,
            "type": "Cargo",
            "name": "MSC NEW YORK"
        },
        "rating": {
            "voteAverage": 0,
            "voteCounter": 0
        },
        "url": "https://images.marinetraffic.com/collection/4846894.webp?size=800"
    },
    {
        "photoId": 4846152,
        "placeTaken": null,
        "takenAt": 1663865280,
        "copyright": "Cees Mastenbroek",
        "description": null,
        "asset": {
            "id": 1176198,
            "type": "Cargo",
            "name": "MSC NEW YORK"
        },
        "rating": {
            "voteAverage": 0,
            "voteCounter": 0
        },
        "url": "https://images.marinetraffic.com/collection/4846152.webp?size=800"
    },
    {
        "photoId": 4843367,
        "placeTaken": "Hamburg",
        "takenAt": 1663597020,
        "copyright": "Gerd Frick",
        "description": null,
        "asset": {
            "id": 1176198,
            "type": "Cargo",
            "name": "MSC NEW YORK"
        },
        "rating": {
            "voteAverage": 5,
            "voteCounter": 3
        },
        "url": "https://images.marinetraffic.com/collection/4843367.webp?size=800"
    },
    {
        "photoId": 4842570,
        "placeTaken": null,
        "takenAt": 1663613220,
        "copyright": "Alexander  Amann",
        "description": null,
        "asset": {
            "id": 1176198,
            "type": "Cargo",
            "name": "MSC NEW YORK"
        },
        "rating": {
            "voteAverage": 0,
            "voteCounter": 0
        },
        "url": "https://images.marinetraffic.com/collection/4842570.webp?size=800"
    },
    {
        "photoId": 4840057,
        "placeTaken": "DEHAM, River Elbe, Walterhofer Hafen",
        "takenAt": 1663422000,
        "copyright": "Bernd-Ruediger Wulff",
        "description": null,
        "asset": {
            "id": 1176198,
            "type": "Cargo",
            "name": "MSC NEW YORK"
        },
        "rating": {
            "voteAverage": 5,
            "voteCounter": 2
        },
        "url": "https://images.marinetraffic.com/collection/4840057.webp?size=800"
    },
    {
        "photoId": 4729783,
        "placeTaken": "Cuxhaven",
        "takenAt": 1654095960,
        "copyright": "Bettina Rohbrecht",
        "description": null,
        "asset": {
            "id": 1176198,
            "type": "Cargo",
            "name": "MSC NEW YORK"
        },
        "rating": {
            "voteAverage": 0,
            "voteCounter": 0
        },
        "url": "https://images.marinetraffic.com/collection/4729783.webp?size=800"
    },
    {
        "photoId": 4729781,
        "placeTaken": "Cuxhaven",
        "takenAt": 1654095720,
        "copyright": "Bettina Rohbrecht",
        "description": null,
        "asset": {
            "id": 1176198,
            "type": "Cargo",
            "name": "MSC NEW YORK"
        },
        "rating": {
            "voteAverage": 5,
            "voteCounter": 1
        },
        "url": "https://images.marinetraffic.com/collection/4729781.webp?size=800"
    },
    {
        "photoId": 4592541,
        "placeTaken": "Le Havre",
        "takenAt": 1646409900,
        "copyright": "guedez gw\u00e9n",
        "description": null,
        "asset": {
            "id": 1176198,
            "type": "Cargo",
            "name": "MSC NEW YORK"
        },
        "rating": {
            "voteAverage": 0,
            "voteCounter": 0
        },
        "url": "https://images.marinetraffic.com/collection/4592541.webp?size=800"
    },
    {
        "photoId": 4531009,
        "placeTaken": null,
        "takenAt": 1640817420,
        "copyright": "Piet Sinke",
        "description": null,
        "asset": {
            "id": 1176198,
            "type": "Cargo",
            "name": "MSC NEW YORK"
        },
        "rating": {
            "voteAverage": 0,
            "voteCounter": 0
        },
        "url": "https://images.marinetraffic.com/collection/4531009.webp?size=800"
    },
    {
        "photoId": 4519909,
        "placeTaken": "Malacca Strait.",
        "takenAt": 1416225600,
        "copyright": "Jesper Brix",
        "description": null,
        "asset": {
            "id": 1176198,
            "type": "Cargo",
            "name": "MSC NEW YORK"
        },
        "rating": {
            "voteAverage": 0,
            "voteCounter": 0
        },
        "url": "https://images.marinetraffic.com/collection/4519909.webp?size=800"
    },
    {
        "photoId": 4519908,
        "placeTaken": "Malacca Strait.",
        "takenAt": 1416225600,
        "copyright": "Jesper Brix",
        "description": null,
        "asset": {
            "id": 1176198,
            "type": "Cargo",
            "name": "MSC NEW YORK"
        },
        "rating": {
            "voteAverage": 0,
            "voteCounter": 0
        },
        "url": "https://images.marinetraffic.com/collection/4519908.webp?size=800"
    },
    {
        "photoId": 4356962,
        "placeTaken": "Piraeus",
        "takenAt": 1592644980,
        "copyright": "Nikiforos Sam",
        "description": null,
        "asset": {
            "id": 1176198,
            "type": "Cargo",
            "name": "MSC NEW YORK"
        },
        "rating": {
            "voteAverage": 0,
            "voteCounter": 0
        },
        "url": "https://images.marinetraffic.com/collection/4356962.webp?size=800"
    }
]