[
    {
        "photoId": 2988110,
        "placeTaken": "YANTIAN, CHINA",
        "takenAt": 1505232540,
        "copyright": "Capt. Turboboss",
        "description": null,
        "asset": {
            "id": 152368,
            "type": "Cargo",
            "name": "FRANKFURT EXPRESS"
        },
        "rating": {
            "voteAverage": 0,
            "voteCounter": 0
        },
        "url": "https://images.marinetraffic.com/collection/2988110.webp?size=800"
    },
    {
        "photoId": 2988109,
        "placeTaken": "YANTIAN, CHINA",
        "takenAt": 1505201880,
        "copyright": "Capt. Turboboss",
        "description": null,
        "asset": {
            "id": 152368,
            "type": "Cargo",
            "name": "FRANKFURT EXPRESS"
        },
        "rating": {
            "voteAverage": 0,
            "voteCounter": 0
        },
        "url": "https://images.marinetraffic.com/collection/2988109.webp?size=800"
    },
    {
        "photoId": 2953007,
        "placeTaken": "Genova",
        "takenAt": 1515088860,
        "copyright": "ships@tin.it",
        "description": null,
        "asset": {
            "id": 152368,
            "type": "Cargo",
            "name": "FRANKFURT EXPRESS"
        },
        "rating": {
            "voteAverage": 0,
            "voteCounter": 0
        },
        "url": "https://images.marinetraffic.com/collection/2953007.webp?size=800"
    },
    {
        "photoId": 2873233,
        "placeTaken": "Genoa, Italy",
        "takenAt": 1496675520,
        "copyright": "Carlo Dufour",
        "description": null,
        "asset": {
            "id": 152368,
            "type": "Cargo",
            "name": "FRANKFURT EXPRESS"
        },
        "rating": {
            "voteAverage": 0,
            "voteCounter": 0
        },
        "url": "https://images.marinetraffic.com/collection/2873233.webp?size=800"
    },
    {
        "photoId": 2871979,
        "placeTaken": "Genova",
        "takenAt": 1507630860,
        "copyright": "Federico",
        "description": null,
        "asset": {
            "id": 152368,
            "type": "Cargo",
            "name": "FRANKFURT EXPRESS"
        },
        "rating": {
            "voteAverage": 5,
            "voteCounter": 2
        },
        "url": "https://images.marinetraffic.com/collection/2871979.webp?size=800"
    },
    {
        "photoId": 2871973,
        "placeTaken": "Genova",
        "takenAt": 1507630440,
        "copyright": "Federico",
        "description": null,
        "asset": {
            "id": 152368,
            "type": "Cargo",
            "name": "FRANKFURT EXPRESS"
        },
        "rating": {
            "voteAverage": 0,
            "voteCounter": 0
        },
        "url": "https://images.marinetraffic.com/collection/2871973.webp?size=800"
    },
    {
        "photoId": 2871971,
        "placeTaken": "Genova",
        "takenAt": 1507630320,
        "copyright": "Federico",
        "description": null,
        "asset": {
            "id": 152368,
            "type": "Cargo",
            "name": "FRANKFURT EXPRESS"
        },
        "rating": {
            "voteAverage": 0,
            "voteCounter": 0
        },
        "url": "https://images.marinetraffic.com/collection/2871971.webp?size=800"
    },
    {
        "photoId": 2871337,
        "placeTaken": "Genova",
        "takenAt": 1507630500,
        "copyright": "ships@tin.it",
        "description": null,
        "asset": {
            "id": 152368,
            "type": "Cargo",
            "name": "FRANKFURT EXPRESS"
        },
        "rating": {
            "voteAverage": 0,
            "voteCounter": 0
        },
        "url": "https://images.marinetraffic.com/collection/2871337.webp?size=800"
    },
    {
        "photoId": 2851822,
        "placeTaken": "Xiashi Channel, PRC.",
        "takenAt": 1505013180,
        "copyright": "smp",
        "description": null,
        "asset": {
            "id": 152368,
            "type": "Cargo",
            "name": "FRANKFURT EXPRESS"
        },
        "rating": {
            "voteAverage": 0,
            "voteCounter": 0
        },
        "url": "https://images.marinetraffic.com/collection/2851822.webp?size=800"
    },
    {
        "photoId": 2799218,
        "placeTaken": "Genova",
        "takenAt": 1502554740,
        "copyright": "ships@tin.it",
        "description": "Hapag Lloyd in and out",
        "asset": {
            "id": 152368,
            "type": "Cargo",
            "name": "FRANKFURT EXPRESS"
        },
        "rating": {
            "voteAverage": 0,
            "voteCounter": 0
        },
        "url": "https://images.marinetraffic.com/collection/2799218.webp?size=800"
    },
    {
        "photoId": 2799212,
        "placeTaken": "Genova",
        "takenAt": 1502554140,
        "copyright": "ships@tin.it",
        "description": null,
        "asset": {
            "id": 152368,
            "type": "Cargo",
            "name": "FRANKFURT EXPRESS"
        },
        "rating": {
            "voteAverage": 5,
            "voteCounter": 1
        },
        "url": "https://images.marinetraffic.com/collection/2799212.webp?size=800"
    },
    {
        "photoId": 2788036,
        "placeTaken": "Valencia",
        "takenAt": 1501832580,
        "copyright": "Manuel Hern\u00e1ndez",
        "description": null,
        "asset": {
            "id": 152368,
            "type": "Cargo",
            "name": "FRANKFURT EXPRESS"
        },
        "rating": {
            "voteAverage": 5,
            "voteCounter": 1
        },
        "url": "https://images.marinetraffic.com/collection/2788036.webp?size=800"
    },
    {
        "photoId": 2721794,
        "placeTaken": "Busan New Port, Rep. of Korea",
        "takenAt": 1450009620,
        "copyright": "V. Tonic",
        "description": "At Busan New Port, PNIT terminal.",
        "asset": {
            "id": 152368,
            "type": "Cargo",
            "name": "FRANKFURT EXPRESS"
        },
        "rating": {
            "voteAverage": 0,
            "voteCounter": 0
        },
        "url": "https://images.marinetraffic.com/collection/2721794.webp?size=800"
    },
    {
        "photoId": 2717424,
        "placeTaken": null,
        "takenAt": 1496661720,
        "copyright": "Federico",
        "description": null,
        "asset": {
            "id": 152368,
            "type": "Cargo",
            "name": "FRANKFURT EXPRESS"
        },
        "rating": {
            "voteAverage": 0,
            "voteCounter": 0
        },
        "url": "https://images.marinetraffic.com/collection/2717424.webp?size=800"
    },
    {
        "photoId": 2717422,
        "placeTaken": "Genova",
        "takenAt": 1496661720,
        "copyright": "Federico",
        "description": null,
        "asset": {
            "id": 152368,
            "type": "Cargo",
            "name": "FRANKFURT EXPRESS"
        },
        "rating": {
            "voteAverage": 0,
            "voteCounter": 0
        },
        "url": "https://images.marinetraffic.com/collection/2717422.webp?size=800"
    },
    {
        "photoId": 2511730,
        "placeTaken": "Commencement Bay - Tacoma, WA",
        "takenAt": 1478879880,
        "copyright": "Carol Garrison",
        "description": null,
        "asset": {
            "id": 152368,
            "type": "Cargo",
            "name": "FRANKFURT EXPRESS"
        },
        "rating": {
            "voteAverage": 5,
            "voteCounter": 1
        },
        "url": "https://images.marinetraffic.com/collection/2511730.webp?size=800"
    },
    {
        "photoId": 2508652,
        "placeTaken": "Delta, British Columbia",
        "takenAt": 1478643000,
        "copyright": "Malcolm Millar",
        "description": null,
        "asset": {
            "id": 152368,
            "type": "Cargo",
            "name": "FRANKFURT EXPRESS"
        },
        "rating": {
            "voteAverage": 0,
            "voteCounter": 0
        },
        "url": "https://images.marinetraffic.com/collection/2508652.webp?size=800"
    },
    {
        "photoId": 2470611,
        "placeTaken": null,
        "takenAt": 1474839660,
        "copyright": "Gregory Rehmke",
        "description": null,
        "asset": {
            "id": 152368,
            "type": "Cargo",
            "name": "FRANKFURT EXPRESS"
        },
        "rating": {
            "voteAverage": 0,
            "voteCounter": 0
        },
        "url": "https://images.marinetraffic.com/collection/2470611.webp?size=800"
    },
    {
        "photoId": 2358211,
        "placeTaken": "River Elbe  Hoehe Schulau / Wedel",
        "takenAt": 1401544320,
        "copyright": "Arno Bruegmann",
        "description": null,
        "asset": {
            "id": 152368,
            "type": "Cargo",
            "name": "FRANKFURT EXPRESS"
        },
        "rating": {
            "voteAverage": 0,
            "voteCounter": 0
        },
        "url": "https://images.marinetraffic.com/collection/2358211.webp?size=800"
    },
    {
        "photoId": 2260555,
        "placeTaken": "Hamburg",
        "takenAt": 1404132840,
        "copyright": "Glyn Lowe",
        "description": null,
        "asset": {
            "id": 152368,
            "type": "Cargo",
            "name": "FRANKFURT EXPRESS"
        },
        "rating": {
            "voteAverage": 0,
            "voteCounter": 0
        },
        "url": "https://images.marinetraffic.com/collection/2260555.webp?size=800"
    }
]