[
    {
        "photoId": 2247626,
        "placeTaken": null,
        "takenAt": 1457171100,
        "copyright": "Chris Lee",
        "description": null,
        "asset": {
            "id": 152368,
            "type": "Cargo",
            "name": "FRANKFURT EXPRESS"
        },
        "rating": {
            "voteAverage": 0,
            "voteCounter": 0
        },
        "url": "https://images.marinetraffic.com/collection/2247626.webp?size=800"
    },
    {
        "photoId": 2011842,
        "placeTaken": "Roberts Bank, CA",
        "takenAt": 1435839420,
        "copyright": "D Holmer",
        "description": null,
        "asset": {
            "id": 152368,
            "type": "Cargo",
            "name": "FRANKFURT EXPRESS"
        },
        "rating": {
            "voteAverage": 0,
            "voteCounter": 0
        },
        "url": "https://images.marinetraffic.com/collection/2011842.webp?size=800"
    },
    {
        "photoId": 2011214,
        "placeTaken": "Roberts Bank, CA",
        "takenAt": 1435839540,
        "copyright": "D Holmer",
        "description": null,
        "asset": {
            "id": 152368,
            "type": "Cargo",
            "name": "FRANKFURT EXPRESS"
        },
        "rating": {
            "voteAverage": 0,
            "voteCounter": 0
        },
        "url": "https://images.marinetraffic.com/collection/2011214.webp?size=800"
    },
    {
        "photoId": 1995823,
        "placeTaken": "Maasvlakte",
        "takenAt": 1403705760,
        "copyright": "Bettina Rohbrecht",
        "description": null,
        "asset": {
            "id": 152368,
            "type": "Cargo",
            "name": "FRANKFURT EXPRESS"
        },
        "rating": {
            "voteAverage": 0,
            "voteCounter": 0
        },
        "url": "https://images.marinetraffic.com/collection/1995823.webp?size=800"
    },
    {
        "photoId": 1906844,
        "placeTaken": "Cuxhaven",
        "takenAt": 1420376400,
        "copyright": "Jrg Friedrich",
        "description": null,
        "asset": {
            "id": 152368,
            "type": "Cargo",
            "name": "FRANKFURT EXPRESS"
        },
        "rating": {
            "voteAverage": 1,
            "voteCounter": 1
        },
        "url": "https://images.marinetraffic.com/collection/1906844.webp?size=800"
    },
    {
        "photoId": 1855382,
        "placeTaken": "Elbe bei St. Margarethen",
        "takenAt": 1420384860,
        "copyright": "Brigitte Nevermann",
        "description": null,
        "asset": {
            "id": 152368,
            "type": "Cargo",
            "name": "FRANKFURT EXPRESS"
        },
        "rating": {
            "voteAverage": 5,
            "voteCounter": 1
        },
        "url": "https://images.marinetraffic.com/collection/1855382.webp?size=800"
    },
    {
        "photoId": 1850606,
        "placeTaken": "Elbe  bei Brunsbttel",
        "takenAt": 1420384560,
        "copyright": "Peter aus Holtenau",
        "description": null,
        "asset": {
            "id": 152368,
            "type": "Cargo",
            "name": "FRANKFURT EXPRESS"
        },
        "rating": {
            "voteAverage": 0,
            "voteCounter": 0
        },
        "url": "https://images.marinetraffic.com/collection/1850606.webp?size=800"
    },
    {
        "photoId": 1850327,
        "placeTaken": "Cuxhaven",
        "takenAt": 1420376700,
        "copyright": "Christian Schmarje",
        "description": null,
        "asset": {
            "id": 152368,
            "type": "Cargo",
            "name": "FRANKFURT EXPRESS"
        },
        "rating": {
            "voteAverage": 4.8,
            "voteCounter": 5
        },
        "url": "https://images.marinetraffic.com/collection/1850327.webp?size=800"
    },
    {
        "photoId": 1845890,
        "placeTaken": "Elbe River, Germany",
        "takenAt": 1409124060,
        "copyright": "Ian Greenwood",
        "description": null,
        "asset": {
            "id": 152368,
            "type": "Cargo",
            "name": "FRANKFURT EXPRESS"
        },
        "rating": {
            "voteAverage": 5,
            "voteCounter": 1
        },
        "url": "https://images.marinetraffic.com/collection/1845890.webp?size=800"
    },
    {
        "photoId": 1845889,
        "placeTaken": "Elbe River, Germany",
        "takenAt": 1409123760,
        "copyright": "Ian Greenwood",
        "description": null,
        "asset": {
            "id": 152368,
            "type": "Cargo",
            "name": "FRANKFURT EXPRESS"
        },
        "rating": {
            "voteAverage": 0,
            "voteCounter": 0
        },
        "url": "https://images.marinetraffic.com/collection/1845889.webp?size=800"
    },
    {
        "photoId": 1845788,
        "placeTaken": "Cuxhaven",
        "takenAt": 1406550420,
        "copyright": "Christian Schmarje",
        "description": null,
        "asset": {
            "id": 152368,
            "type": "Cargo",
            "name": "FRANKFURT EXPRESS"
        },
        "rating": {
            "voteAverage": 5,
            "voteCounter": 3
        },
        "url": "https://images.marinetraffic.com/collection/1845788.webp?size=800"
    },
    {
        "photoId": 1845783,
        "placeTaken": "Cuxhaven",
        "takenAt": 1406550360,
        "copyright": "Christian Schmarje",
        "description": null,
        "asset": {
            "id": 152368,
            "type": "Cargo",
            "name": "FRANKFURT EXPRESS"
        },
        "rating": {
            "voteAverage": 5,
            "voteCounter": 3
        },
        "url": "https://images.marinetraffic.com/collection/1845783.webp?size=800"
    },
    {
        "photoId": 1830815,
        "placeTaken": "Cuxhaven",
        "takenAt": 1401562380,
        "copyright": "Christian Schmarje",
        "description": null,
        "asset": {
            "id": 152368,
            "type": "Cargo",
            "name": "FRANKFURT EXPRESS"
        },
        "rating": {
            "voteAverage": 5,
            "voteCounter": 4
        },
        "url": "https://images.marinetraffic.com/collection/1830815.webp?size=800"
    },
    {
        "photoId": 1807168,
        "placeTaken": "Stadersand",
        "takenAt": 1414512780,
        "copyright": "Erich Mund",
        "description": "FRANKFURT EXPRESS outbound Hamburg",
        "asset": {
            "id": 152368,
            "type": "Cargo",
            "name": "FRANKFURT EXPRESS"
        },
        "rating": {
            "voteAverage": 0,
            "voteCounter": 0
        },
        "url": "https://images.marinetraffic.com/collection/1807168.webp?size=800"
    },
    {
        "photoId": 1805784,
        "placeTaken": "Hamburg",
        "takenAt": 1414507140,
        "copyright": "S.Seelemann",
        "description": null,
        "asset": {
            "id": 152368,
            "type": "Cargo",
            "name": "FRANKFURT EXPRESS"
        },
        "rating": {
            "voteAverage": 0,
            "voteCounter": 0
        },
        "url": "https://images.marinetraffic.com/collection/1805784.webp?size=800"
    },
    {
        "photoId": 1791693,
        "placeTaken": "Hamburg",
        "takenAt": 1411750800,
        "copyright": "rannug",
        "description": "FRANKFURT EXPRESS    Hamburg",
        "asset": {
            "id": 152368,
            "type": "Cargo",
            "name": "FRANKFURT EXPRESS"
        },
        "rating": {
            "voteAverage": 0,
            "voteCounter": 0
        },
        "url": "https://images.marinetraffic.com/collection/1791693.webp?size=800"
    },
    {
        "photoId": 1783203,
        "placeTaken": null,
        "takenAt": 1411396260,
        "copyright": "Philippe Guichot",
        "description": null,
        "asset": {
            "id": 152368,
            "type": "Cargo",
            "name": "FRANKFURT EXPRESS"
        },
        "rating": {
            "voteAverage": 0,
            "voteCounter": 0
        },
        "url": "https://images.marinetraffic.com/collection/1783203.webp?size=800"
    },
    {
        "photoId": 1783201,
        "placeTaken": null,
        "takenAt": 1411395900,
        "copyright": "Philippe Guichot",
        "description": null,
        "asset": {
            "id": 152368,
            "type": "Cargo",
            "name": "FRANKFURT EXPRESS"
        },
        "rating": {
            "voteAverage": 0,
            "voteCounter": 0
        },
        "url": "https://images.marinetraffic.com/collection/1783201.webp?size=800"
    },
    {
        "photoId": 1752124,
        "placeTaken": "Hamburg",
        "takenAt": 1409083980,
        "copyright": "rannug",
        "description": "FRANKFURT EXPRESS   Hamburg",
        "asset": {
            "id": 152368,
            "type": "Cargo",
            "name": "FRANKFURT EXPRESS"
        },
        "rating": {
            "voteAverage": 0,
            "voteCounter": 0
        },
        "url": "https://images.marinetraffic.com/collection/1752124.webp?size=800"
    },
    {
        "photoId": 1747411,
        "placeTaken": "Elbe River, Germany",
        "takenAt": 1409123640,
        "copyright": "Ian Greenwood",
        "description": null,
        "asset": {
            "id": 152368,
            "type": "Cargo",
            "name": "FRANKFURT EXPRESS"
        },
        "rating": {
            "voteAverage": 0,
            "voteCounter": 0
        },
        "url": "https://images.marinetraffic.com/collection/1747411.webp?size=800"
    }
]