[
    {
        "photoId": 1741087,
        "placeTaken": "Rotterdam,Maasvlakte",
        "takenAt": 1408637400,
        "copyright": "Krijn Hamelink",
        "description": null,
        "asset": {
            "id": 152368,
            "type": "Cargo",
            "name": "FRANKFURT EXPRESS"
        },
        "rating": {
            "voteAverage": 0,
            "voteCounter": 0
        },
        "url": "https://images.marinetraffic.com/collection/1741087.webp?size=800"
    },
    {
        "photoId": 1731328,
        "placeTaken": "Cuxhaven",
        "takenAt": 1406744280,
        "copyright": "Mario Gressler",
        "description": null,
        "asset": {
            "id": 152368,
            "type": "Cargo",
            "name": "FRANKFURT EXPRESS"
        },
        "rating": {
            "voteAverage": 5,
            "voteCounter": 2
        },
        "url": "https://images.marinetraffic.com/collection/1731328.webp?size=800"
    },
    {
        "photoId": 1726771,
        "placeTaken": "Hamburg",
        "takenAt": 1406560500,
        "copyright": "Mario Gressler",
        "description": null,
        "asset": {
            "id": 152368,
            "type": "Cargo",
            "name": "FRANKFURT EXPRESS"
        },
        "rating": {
            "voteAverage": 0,
            "voteCounter": 0
        },
        "url": "https://images.marinetraffic.com/collection/1726771.webp?size=800"
    },
    {
        "photoId": 1724547,
        "placeTaken": " Hamburg",
        "takenAt": 1406628300,
        "copyright": "rannug",
        "description": "FRANKFURT EXPRESS    Hamburg",
        "asset": {
            "id": 152368,
            "type": "Cargo",
            "name": "FRANKFURT EXPRESS"
        },
        "rating": {
            "voteAverage": 0,
            "voteCounter": 0
        },
        "url": "https://images.marinetraffic.com/collection/1724547.webp?size=800"
    },
    {
        "photoId": 1724546,
        "placeTaken": "Hamburg",
        "takenAt": 1406627100,
        "copyright": "rannug",
        "description": "FRANKFURT EXPRESS    Hamburg",
        "asset": {
            "id": 152368,
            "type": "Cargo",
            "name": "FRANKFURT EXPRESS"
        },
        "rating": {
            "voteAverage": 0,
            "voteCounter": 0
        },
        "url": "https://images.marinetraffic.com/collection/1724546.webp?size=800"
    },
    {
        "photoId": 1721635,
        "placeTaken": "Hamburg, Burchardkai",
        "takenAt": 1406644080,
        "copyright": "Jurgen Lorenz",
        "description": null,
        "asset": {
            "id": 152368,
            "type": "Cargo",
            "name": "FRANKFURT EXPRESS"
        },
        "rating": {
            "voteAverage": 0,
            "voteCounter": 0
        },
        "url": "https://images.marinetraffic.com/collection/1721635.webp?size=800"
    },
    {
        "photoId": 1720541,
        "placeTaken": "Cuxhaven",
        "takenAt": 1406551020,
        "copyright": "Liene von Lienen",
        "description": null,
        "asset": {
            "id": 152368,
            "type": "Cargo",
            "name": "FRANKFURT EXPRESS"
        },
        "rating": {
            "voteAverage": 0,
            "voteCounter": 0
        },
        "url": "https://images.marinetraffic.com/collection/1720541.webp?size=800"
    },
    {
        "photoId": 1720539,
        "placeTaken": "Cuxhaven",
        "takenAt": 1406550960,
        "copyright": "Liene von Lienen",
        "description": null,
        "asset": {
            "id": 152368,
            "type": "Cargo",
            "name": "FRANKFURT EXPRESS"
        },
        "rating": {
            "voteAverage": 5,
            "voteCounter": 1
        },
        "url": "https://images.marinetraffic.com/collection/1720539.webp?size=800"
    },
    {
        "photoId": 1720537,
        "placeTaken": "Cuxhaven",
        "takenAt": 1406550780,
        "copyright": "Liene von Lienen",
        "description": null,
        "asset": {
            "id": 152368,
            "type": "Cargo",
            "name": "FRANKFURT EXPRESS"
        },
        "rating": {
            "voteAverage": 5,
            "voteCounter": 2
        },
        "url": "https://images.marinetraffic.com/collection/1720537.webp?size=800"
    },
    {
        "photoId": 1720535,
        "placeTaken": "Cuxhaven",
        "takenAt": 1406550720,
        "copyright": "Liene von Lienen",
        "description": null,
        "asset": {
            "id": 152368,
            "type": "Cargo",
            "name": "FRANKFURT EXPRESS"
        },
        "rating": {
            "voteAverage": 5,
            "voteCounter": 3
        },
        "url": "https://images.marinetraffic.com/collection/1720535.webp?size=800"
    },
    {
        "photoId": 1685239,
        "placeTaken": "Hamburg",
        "takenAt": 1404037800,
        "copyright": "rannug",
        "description": "FRANKFURT EXPRESS  Hamburg",
        "asset": {
            "id": 152368,
            "type": "Cargo",
            "name": "FRANKFURT EXPRESS"
        },
        "rating": {
            "voteAverage": 0,
            "voteCounter": 0
        },
        "url": "https://images.marinetraffic.com/collection/1685239.webp?size=800"
    },
    {
        "photoId": 1682598,
        "placeTaken": "Elbe River, Germany",
        "takenAt": 1403887080,
        "copyright": "Ian Greenwood",
        "description": null,
        "asset": {
            "id": 152368,
            "type": "Cargo",
            "name": "FRANKFURT EXPRESS"
        },
        "rating": {
            "voteAverage": 0,
            "voteCounter": 0
        },
        "url": "https://images.marinetraffic.com/collection/1682598.webp?size=800"
    },
    {
        "photoId": 1682592,
        "placeTaken": "Elbe River, Germany",
        "takenAt": 1403886960,
        "copyright": "Ian Greenwood",
        "description": null,
        "asset": {
            "id": 152368,
            "type": "Cargo",
            "name": "FRANKFURT EXPRESS"
        },
        "rating": {
            "voteAverage": 0,
            "voteCounter": 0
        },
        "url": "https://images.marinetraffic.com/collection/1682592.webp?size=800"
    },
    {
        "photoId": 1682591,
        "placeTaken": "Elbe River, Germany",
        "takenAt": 1403886720,
        "copyright": "Ian Greenwood",
        "description": null,
        "asset": {
            "id": 152368,
            "type": "Cargo",
            "name": "FRANKFURT EXPRESS"
        },
        "rating": {
            "voteAverage": 0,
            "voteCounter": 0
        },
        "url": "https://images.marinetraffic.com/collection/1682591.webp?size=800"
    },
    {
        "photoId": 1682587,
        "placeTaken": "Elbe River, Germany",
        "takenAt": 1403886360,
        "copyright": "Ian Greenwood",
        "description": null,
        "asset": {
            "id": 152368,
            "type": "Cargo",
            "name": "FRANKFURT EXPRESS"
        },
        "rating": {
            "voteAverage": 0,
            "voteCounter": 0
        },
        "url": "https://images.marinetraffic.com/collection/1682587.webp?size=800"
    },
    {
        "photoId": 1680846,
        "placeTaken": "Maasvlakte",
        "takenAt": 1403705820,
        "copyright": "Bram van Broekhoven",
        "description": "Place of Photo Maasvlakte, Nieuwe Waterweg",
        "asset": {
            "id": 152368,
            "type": "Cargo",
            "name": "FRANKFURT EXPRESS"
        },
        "rating": {
            "voteAverage": 0,
            "voteCounter": 0
        },
        "url": "https://images.marinetraffic.com/collection/1680846.webp?size=800"
    },
    {
        "photoId": 1680844,
        "placeTaken": "Maasvlakte",
        "takenAt": 1403706060,
        "copyright": "Bram van Broekhoven",
        "description": "Place of Photo Maasvlakte, Nieuwe Waterweg",
        "asset": {
            "id": 152368,
            "type": "Cargo",
            "name": "FRANKFURT EXPRESS"
        },
        "rating": {
            "voteAverage": 0,
            "voteCounter": 0
        },
        "url": "https://images.marinetraffic.com/collection/1680844.webp?size=800"
    },
    {
        "photoId": 1676125,
        "placeTaken": "SINGAPORE",
        "takenAt": 1389880140,
        "copyright": "Capt.Turboboss",
        "description": null,
        "asset": {
            "id": 152368,
            "type": "Cargo",
            "name": "FRANKFURT EXPRESS"
        },
        "rating": {
            "voteAverage": 0,
            "voteCounter": 0
        },
        "url": "https://images.marinetraffic.com/collection/1676125.webp?size=800"
    },
    {
        "photoId": 1676123,
        "placeTaken": "SINGAPORE",
        "takenAt": 1389879900,
        "copyright": "Capt.Turboboss",
        "description": null,
        "asset": {
            "id": 152368,
            "type": "Cargo",
            "name": "FRANKFURT EXPRESS"
        },
        "rating": {
            "voteAverage": 0,
            "voteCounter": 0
        },
        "url": "https://images.marinetraffic.com/collection/1676123.webp?size=800"
    },
    {
        "photoId": 1649872,
        "placeTaken": "Cuxhaven",
        "takenAt": 1401562200,
        "copyright": "Christian Schmarje",
        "description": null,
        "asset": {
            "id": 152368,
            "type": "Cargo",
            "name": "FRANKFURT EXPRESS"
        },
        "rating": {
            "voteAverage": 0,
            "voteCounter": 0
        },
        "url": "https://images.marinetraffic.com/collection/1649872.webp?size=800"
    }
]