[
    {
        "photoId": 4880740,
        "placeTaken": "Keelung Taiwan",
        "takenAt": null,
        "copyright": "chun-hsi",
        "description": null,
        "asset": {
            "id": 152182,
            "type": "Cargo",
            "name": "KUALA LUMPUR EXPRESS"
        },
        "rating": {
            "voteAverage": 0,
            "voteCounter": 0
        },
        "url": "https://images.marinetraffic.com/collection/4880740.webp?size=800"
    },
    {
        "photoId": 4880735,
        "placeTaken": "Keelung Taiwan",
        "takenAt": null,
        "copyright": "chun-hsi",
        "description": null,
        "asset": {
            "id": 152182,
            "type": "Cargo",
            "name": "KUALA LUMPUR EXPRESS"
        },
        "rating": {
            "voteAverage": 0,
            "voteCounter": 0
        },
        "url": "https://images.marinetraffic.com/collection/4880735.webp?size=800"
    },
    {
        "photoId": 4727749,
        "placeTaken": null,
        "takenAt": 1656425700,
        "copyright": "Javier ignacio ramirez ulloa",
        "description": null,
        "asset": {
            "id": 152182,
            "type": "Cargo",
            "name": "KUALA LUMPUR EXPRESS"
        },
        "rating": {
            "voteAverage": 5,
            "voteCounter": 1
        },
        "url": "https://images.marinetraffic.com/collection/4727749.webp?size=800"
    },
    {
        "photoId": 4636394,
        "placeTaken": "Valparaiso (Chile) ",
        "takenAt": 1650286020,
        "copyright": "Moreight",
        "description": null,
        "asset": {
            "id": 152182,
            "type": "Cargo",
            "name": "KUALA LUMPUR EXPRESS"
        },
        "rating": {
            "voteAverage": 0,
            "voteCounter": 0
        },
        "url": "https://images.marinetraffic.com/collection/4636394.webp?size=800"
    },
    {
        "photoId": 4628866,
        "placeTaken": "Valparaiso (Chile) ",
        "takenAt": 1649685600,
        "copyright": "Moreight",
        "description": null,
        "asset": {
            "id": 152182,
            "type": "Cargo",
            "name": "KUALA LUMPUR EXPRESS"
        },
        "rating": {
            "voteAverage": 0,
            "voteCounter": 0
        },
        "url": "https://images.marinetraffic.com/collection/4628866.webp?size=800"
    },
    {
        "photoId": 4554446,
        "placeTaken": "Valparaiso (Chile) ",
        "takenAt": 1642926480,
        "copyright": "Moreight",
        "description": null,
        "asset": {
            "id": 152182,
            "type": "Cargo",
            "name": "KUALA LUMPUR EXPRESS"
        },
        "rating": {
            "voteAverage": 5,
            "voteCounter": 1
        },
        "url": "https://images.marinetraffic.com/collection/4554446.webp?size=800"
    },
    {
        "photoId": 4554361,
        "placeTaken": "Valparaiso, Chile",
        "takenAt": 1628787360,
        "copyright": "j.carlos..",
        "description": null,
        "asset": {
            "id": 152182,
            "type": "Cargo",
            "name": "KUALA LUMPUR EXPRESS"
        },
        "rating": {
            "voteAverage": 0,
            "voteCounter": 0
        },
        "url": "https://images.marinetraffic.com/collection/4554361.webp?size=800"
    },
    {
        "photoId": 4504917,
        "placeTaken": "Rotterdam, Netherlands.",
        "takenAt": 1405954800,
        "copyright": "Jesper Brix",
        "description": null,
        "asset": {
            "id": 152182,
            "type": "Cargo",
            "name": "KUALA LUMPUR EXPRESS"
        },
        "rating": {
            "voteAverage": 0,
            "voteCounter": 0
        },
        "url": "https://images.marinetraffic.com/collection/4504917.webp?size=800"
    },
    {
        "photoId": 4316522,
        "placeTaken": "Tomogashima Suido, Japan",
        "takenAt": 1618066620,
        "copyright": "vessels lover",
        "description": null,
        "asset": {
            "id": 152182,
            "type": "Cargo",
            "name": "KUALA LUMPUR EXPRESS"
        },
        "rating": {
            "voteAverage": 0,
            "voteCounter": 0
        },
        "url": "https://images.marinetraffic.com/collection/4316522.webp?size=800"
    },
    {
        "photoId": 4316521,
        "placeTaken": "Tomogashima Suido, Japan",
        "takenAt": 1618066500,
        "copyright": "vessels lover",
        "description": null,
        "asset": {
            "id": 152182,
            "type": "Cargo",
            "name": "KUALA LUMPUR EXPRESS"
        },
        "rating": {
            "voteAverage": 0,
            "voteCounter": 0
        },
        "url": "https://images.marinetraffic.com/collection/4316521.webp?size=800"
    },
    {
        "photoId": 4316520,
        "placeTaken": "Tomogashima Suido, Japan",
        "takenAt": 1618066320,
        "copyright": "vessels lover",
        "description": null,
        "asset": {
            "id": 152182,
            "type": "Cargo",
            "name": "KUALA LUMPUR EXPRESS"
        },
        "rating": {
            "voteAverage": 0,
            "voteCounter": 0
        },
        "url": "https://images.marinetraffic.com/collection/4316520.webp?size=800"
    },
    {
        "photoId": 4270539,
        "placeTaken": "San Francisco Bay Area Crissy Field",
        "takenAt": 1621113840,
        "copyright": "Alexander Tracey",
        "description": null,
        "asset": {
            "id": 152182,
            "type": "Cargo",
            "name": "KUALA LUMPUR EXPRESS"
        },
        "rating": {
            "voteAverage": 0,
            "voteCounter": 0
        },
        "url": "https://images.marinetraffic.com/collection/4270539.webp?size=800"
    },
    {
        "photoId": 4223377,
        "placeTaken": "San francisco",
        "takenAt": 1616404320,
        "copyright": "gomendra singh",
        "description": "Gomz",
        "asset": {
            "id": 152182,
            "type": "Cargo",
            "name": "KUALA LUMPUR EXPRESS"
        },
        "rating": {
            "voteAverage": 5,
            "voteCounter": 1
        },
        "url": "https://images.marinetraffic.com/collection/4223377.webp?size=800"
    },
    {
        "photoId": 4205673,
        "placeTaken": "Lands End, San Francisco, CA USA",
        "takenAt": 1616327100,
        "copyright": "Anna C. Kalil",
        "description": null,
        "asset": {
            "id": 152182,
            "type": "Cargo",
            "name": "KUALA LUMPUR EXPRESS"
        },
        "rating": {
            "voteAverage": 0,
            "voteCounter": 0
        },
        "url": "https://images.marinetraffic.com/collection/4205673.webp?size=800"
    },
    {
        "photoId": 4102222,
        "placeTaken": "LAX",
        "takenAt": 943920000,
        "copyright": "Amtek Marine",
        "description": "www.amtekmarine.com",
        "asset": {
            "id": 152182,
            "type": "Cargo",
            "name": "KUALA LUMPUR EXPRESS"
        },
        "rating": {
            "voteAverage": 0,
            "voteCounter": 0
        },
        "url": "https://images.marinetraffic.com/collection/4102222.webp?size=800"
    },
    {
        "photoId": 3874571,
        "placeTaken": null,
        "takenAt": 1376563560,
        "copyright": "Frank Tribull",
        "description": "als KUALA LUMPUR EXPRESS aufgenommen am 15.08.2013 bei Hamburg H\u00f6he Container Terminal CTA Altenwerder",
        "asset": {
            "id": 152182,
            "type": "Cargo",
            "name": "KUALA LUMPUR EXPRESS"
        },
        "rating": {
            "voteAverage": 0,
            "voteCounter": 0
        },
        "url": "https://images.marinetraffic.com/collection/3874571.webp?size=800"
    },
    {
        "photoId": 3658126,
        "placeTaken": "Tokyo Port, Japan",
        "takenAt": 1569738000,
        "copyright": "Daisuke NIMURA",
        "description": null,
        "asset": {
            "id": 152182,
            "type": "Cargo",
            "name": "KUALA LUMPUR EXPRESS"
        },
        "rating": {
            "voteAverage": 0,
            "voteCounter": 0
        },
        "url": "https://images.marinetraffic.com/collection/3658126.webp?size=800"
    },
    {
        "photoId": 3658125,
        "placeTaken": "Tokyo Port, Japan",
        "takenAt": 1569737880,
        "copyright": "Daisuke NIMURA",
        "description": null,
        "asset": {
            "id": 152182,
            "type": "Cargo",
            "name": "KUALA LUMPUR EXPRESS"
        },
        "rating": {
            "voteAverage": 0,
            "voteCounter": 0
        },
        "url": "https://images.marinetraffic.com/collection/3658125.webp?size=800"
    },
    {
        "photoId": 3658124,
        "placeTaken": "Tokyo Port, Japan",
        "takenAt": 1569737760,
        "copyright": "Daisuke NIMURA",
        "description": null,
        "asset": {
            "id": 152182,
            "type": "Cargo",
            "name": "KUALA LUMPUR EXPRESS"
        },
        "rating": {
            "voteAverage": 0,
            "voteCounter": 0
        },
        "url": "https://images.marinetraffic.com/collection/3658124.webp?size=800"
    },
    {
        "photoId": 3658123,
        "placeTaken": "Tokyo Port, Japan",
        "takenAt": 1569737640,
        "copyright": "Daisuke NIMURA",
        "description": null,
        "asset": {
            "id": 152182,
            "type": "Cargo",
            "name": "KUALA LUMPUR EXPRESS"
        },
        "rating": {
            "voteAverage": 0,
            "voteCounter": 0
        },
        "url": "https://images.marinetraffic.com/collection/3658123.webp?size=800"
    }
]