[
    {
        "photoId": 2199755,
        "placeTaken": "Southampton Docks",
        "takenAt": 1452252420,
        "copyright": "Les Rickman",
        "description": null,
        "asset": {
            "id": 152182,
            "type": "Cargo",
            "name": "KUALA LUMPUR EXPRESS"
        },
        "rating": {
            "voteAverage": 0,
            "voteCounter": 0
        },
        "url": "https://images.marinetraffic.com/collection/2199755.webp?size=800"
    },
    {
        "photoId": 2199754,
        "placeTaken": "Southampton Docks",
        "takenAt": 1452251940,
        "copyright": "Les Rickman",
        "description": null,
        "asset": {
            "id": 152182,
            "type": "Cargo",
            "name": "KUALA LUMPUR EXPRESS"
        },
        "rating": {
            "voteAverage": 0,
            "voteCounter": 0
        },
        "url": "https://images.marinetraffic.com/collection/2199754.webp?size=800"
    },
    {
        "photoId": 2173808,
        "placeTaken": "Rotterdam Tweede Maasvlakte",
        "takenAt": 1427553780,
        "copyright": "F. Nijenhuis",
        "description": null,
        "asset": {
            "id": 152182,
            "type": "Cargo",
            "name": "KUALA LUMPUR EXPRESS"
        },
        "rating": {
            "voteAverage": 0,
            "voteCounter": 0
        },
        "url": "https://images.marinetraffic.com/collection/2173808.webp?size=800"
    },
    {
        "photoId": 2167969,
        "placeTaken": "Le Havre",
        "takenAt": 1448461380,
        "copyright": "Paskal Bronnec",
        "description": null,
        "asset": {
            "id": 152182,
            "type": "Cargo",
            "name": "KUALA LUMPUR EXPRESS"
        },
        "rating": {
            "voteAverage": 0,
            "voteCounter": 0
        },
        "url": "https://images.marinetraffic.com/collection/2167969.webp?size=800"
    },
    {
        "photoId": 2139391,
        "placeTaken": "Altenwerder Hamburg",
        "takenAt": 1445960580,
        "copyright": "rannug",
        "description": "Kuala Lumpur Express  Altenwerder Hamburg",
        "asset": {
            "id": 152182,
            "type": "Cargo",
            "name": "KUALA LUMPUR EXPRESS"
        },
        "rating": {
            "voteAverage": 0,
            "voteCounter": 0
        },
        "url": "https://images.marinetraffic.com/collection/2139391.webp?size=800"
    },
    {
        "photoId": 2076336,
        "placeTaken": "Bayonne, NJ",
        "takenAt": 1440867660,
        "copyright": "Marcin Kocoj",
        "description": "Kuala Lumpur Express arriving at Global Terminal",
        "asset": {
            "id": 152182,
            "type": "Cargo",
            "name": "KUALA LUMPUR EXPRESS"
        },
        "rating": {
            "voteAverage": 5,
            "voteCounter": 5
        },
        "url": "https://images.marinetraffic.com/collection/2076336.webp?size=800"
    },
    {
        "photoId": 2030235,
        "placeTaken": "Hamburg",
        "takenAt": 1436971680,
        "copyright": "Gerd Frick",
        "description": null,
        "asset": {
            "id": 152182,
            "type": "Cargo",
            "name": "KUALA LUMPUR EXPRESS"
        },
        "rating": {
            "voteAverage": 4,
            "voteCounter": 1
        },
        "url": "https://images.marinetraffic.com/collection/2030235.webp?size=800"
    },
    {
        "photoId": 1985248,
        "placeTaken": "Hamburg - Blankenese  / GER",
        "takenAt": 1433765760,
        "copyright": "Buggi Porschien",
        "description": null,
        "asset": {
            "id": 152182,
            "type": "Cargo",
            "name": "KUALA LUMPUR EXPRESS"
        },
        "rating": {
            "voteAverage": 0,
            "voteCounter": 0
        },
        "url": "https://images.marinetraffic.com/collection/1985248.webp?size=800"
    },
    {
        "photoId": 1979947,
        "placeTaken": "Rotterdam Europoort",
        "takenAt": 1424613060,
        "copyright": "Arjan Elmendorp",
        "description": "Outbound",
        "asset": {
            "id": 152182,
            "type": "Cargo",
            "name": "KUALA LUMPUR EXPRESS"
        },
        "rating": {
            "voteAverage": 4,
            "voteCounter": 1
        },
        "url": "https://images.marinetraffic.com/collection/1979947.webp?size=800"
    },
    {
        "photoId": 1952670,
        "placeTaken": "Hamburg",
        "takenAt": 1430916540,
        "copyright": "S.Seelemann",
        "description": null,
        "asset": {
            "id": 152182,
            "type": "Cargo",
            "name": "KUALA LUMPUR EXPRESS"
        },
        "rating": {
            "voteAverage": 0,
            "voteCounter": 0
        },
        "url": "https://images.marinetraffic.com/collection/1952670.webp?size=800"
    },
    {
        "photoId": 1885037,
        "placeTaken": "Cuxhaven",
        "takenAt": 1348846020,
        "copyright": "Bettina Rohbrecht",
        "description": null,
        "asset": {
            "id": 152182,
            "type": "Cargo",
            "name": "KUALA LUMPUR EXPRESS"
        },
        "rating": {
            "voteAverage": 0,
            "voteCounter": 0
        },
        "url": "https://images.marinetraffic.com/collection/1885037.webp?size=800"
    },
    {
        "photoId": 1884758,
        "placeTaken": "Hamburg - Blankenese / GER",
        "takenAt": 1424682000,
        "copyright": "Buggi Porschien",
        "description": null,
        "asset": {
            "id": 152182,
            "type": "Cargo",
            "name": "KUALA LUMPUR EXPRESS"
        },
        "rating": {
            "voteAverage": 0,
            "voteCounter": 0
        },
        "url": "https://images.marinetraffic.com/collection/1884758.webp?size=800"
    },
    {
        "photoId": 1878098,
        "placeTaken": "Hamburg, Bubendeyufer",
        "takenAt": 1407850620,
        "copyright": "Markus Haubrich",
        "description": null,
        "asset": {
            "id": 152182,
            "type": "Cargo",
            "name": "KUALA LUMPUR EXPRESS"
        },
        "rating": {
            "voteAverage": 0,
            "voteCounter": 0
        },
        "url": "https://images.marinetraffic.com/collection/1878098.webp?size=800"
    },
    {
        "photoId": 1877041,
        "placeTaken": "Cuxhaven",
        "takenAt": 1421498220,
        "copyright": "Volker Steinbarth",
        "description": null,
        "asset": {
            "id": 152182,
            "type": "Cargo",
            "name": "KUALA LUMPUR EXPRESS"
        },
        "rating": {
            "voteAverage": 0,
            "voteCounter": 0
        },
        "url": "https://images.marinetraffic.com/collection/1877041.webp?size=800"
    },
    {
        "photoId": 1862937,
        "placeTaken": "Hamburg",
        "takenAt": 1421416800,
        "copyright": "JK",
        "description": null,
        "asset": {
            "id": 152182,
            "type": "Cargo",
            "name": "KUALA LUMPUR EXPRESS"
        },
        "rating": {
            "voteAverage": 5,
            "voteCounter": 1
        },
        "url": "https://images.marinetraffic.com/collection/1862937.webp?size=800"
    },
    {
        "photoId": 1848056,
        "placeTaken": "Hamburg",
        "takenAt": 1418218740,
        "copyright": "rannug",
        "description": "KUALA LUMPUR EXPRESS Hamburg",
        "asset": {
            "id": 152182,
            "type": "Cargo",
            "name": "KUALA LUMPUR EXPRESS"
        },
        "rating": {
            "voteAverage": 5,
            "voteCounter": 1
        },
        "url": "https://images.marinetraffic.com/collection/1848056.webp?size=800"
    },
    {
        "photoId": 1828511,
        "placeTaken": "Southampton Water",
        "takenAt": 1410519300,
        "copyright": "Stephen Purcell",
        "description": null,
        "asset": {
            "id": 152182,
            "type": "Cargo",
            "name": "KUALA LUMPUR EXPRESS"
        },
        "rating": {
            "voteAverage": 0,
            "voteCounter": 0
        },
        "url": "https://images.marinetraffic.com/collection/1828511.webp?size=800"
    },
    {
        "photoId": 1817163,
        "placeTaken": "hamburg",
        "takenAt": 1415383020,
        "copyright": "rannug",
        "description": "KUALA LUMPUR EXPRESS  Hamburg",
        "asset": {
            "id": 152182,
            "type": "Cargo",
            "name": "KUALA LUMPUR EXPRESS"
        },
        "rating": {
            "voteAverage": 5,
            "voteCounter": 1
        },
        "url": "https://images.marinetraffic.com/collection/1817163.webp?size=800"
    },
    {
        "photoId": 1790679,
        "placeTaken": "Hamburg",
        "takenAt": 1412857380,
        "copyright": "Gerd Frick",
        "description": null,
        "asset": {
            "id": 152182,
            "type": "Cargo",
            "name": "KUALA LUMPUR EXPRESS"
        },
        "rating": {
            "voteAverage": 0,
            "voteCounter": 0
        },
        "url": "https://images.marinetraffic.com/collection/1790679.webp?size=800"
    },
    {
        "photoId": 1790447,
        "placeTaken": "Hamburg",
        "takenAt": 1412856840,
        "copyright": "Gerd Frick",
        "description": null,
        "asset": {
            "id": 152182,
            "type": "Cargo",
            "name": "KUALA LUMPUR EXPRESS"
        },
        "rating": {
            "voteAverage": 0,
            "voteCounter": 0
        },
        "url": "https://images.marinetraffic.com/collection/1790447.webp?size=800"
    }
]