[
    {
        "photoId": 1634046,
        "placeTaken": "Cuxhaven",
        "takenAt": 1400175420,
        "copyright": "Christian Schmarje",
        "description": null,
        "asset": {
            "id": 152182,
            "type": "Cargo",
            "name": "KUALA LUMPUR EXPRESS"
        },
        "rating": {
            "voteAverage": 5,
            "voteCounter": 1
        },
        "url": "https://images.marinetraffic.com/collection/1634046.webp?size=800"
    },
    {
        "photoId": 1632769,
        "placeTaken": "Cuxhaven",
        "takenAt": 1400175360,
        "copyright": "Christian Schmarje",
        "description": null,
        "asset": {
            "id": 152182,
            "type": "Cargo",
            "name": "KUALA LUMPUR EXPRESS"
        },
        "rating": {
            "voteAverage": 4.666667,
            "voteCounter": 3
        },
        "url": "https://images.marinetraffic.com/collection/1632769.webp?size=800"
    },
    {
        "photoId": 1632765,
        "placeTaken": "Cuxhaven",
        "takenAt": 1400175540,
        "copyright": "Christian Schmarje",
        "description": null,
        "asset": {
            "id": 152182,
            "type": "Cargo",
            "name": "KUALA LUMPUR EXPRESS"
        },
        "rating": {
            "voteAverage": 0,
            "voteCounter": 0
        },
        "url": "https://images.marinetraffic.com/collection/1632765.webp?size=800"
    },
    {
        "photoId": 1632761,
        "placeTaken": "Cuxhaven",
        "takenAt": 1400175660,
        "copyright": "Christian Schmarje",
        "description": null,
        "asset": {
            "id": 152182,
            "type": "Cargo",
            "name": "KUALA LUMPUR EXPRESS"
        },
        "rating": {
            "voteAverage": 5,
            "voteCounter": 2
        },
        "url": "https://images.marinetraffic.com/collection/1632761.webp?size=800"
    },
    {
        "photoId": 1603980,
        "placeTaken": "Genova Voltri",
        "takenAt": 1397819520,
        "copyright": "Andrea Ferrando",
        "description": "Kuala Lumpur Express appena uscita dal VTE. E' la nuova nave che opera sul Servizio EUM ed \u00e8 la prima volta che scala il VTE. Procede per Fos Sur Mer.",
        "asset": {
            "id": 152182,
            "type": "Cargo",
            "name": "KUALA LUMPUR EXPRESS"
        },
        "rating": {
            "voteAverage": 5,
            "voteCounter": 1
        },
        "url": "https://images.marinetraffic.com/collection/1603980.webp?size=800"
    },
    {
        "photoId": 1586280,
        "placeTaken": "Spain",
        "takenAt": 1390299360,
        "copyright": "Michael R Thom",
        "description": "In the Gibraltar Strait westbound",
        "asset": {
            "id": 152182,
            "type": "Cargo",
            "name": "Kuala Lumpur Express"
        },
        "rating": {
            "voteAverage": 0,
            "voteCounter": 0
        },
        "url": "https://images.marinetraffic.com/collection/1586280.webp?size=800"
    },
    {
        "photoId": 1567206,
        "placeTaken": null,
        "takenAt": 1391345520,
        "copyright": "Arjan Elmendorp",
        "description": "Inbound",
        "asset": {
            "id": 152182,
            "type": "Cargo",
            "name": "KUALA LUMPUR EXPRESS"
        },
        "rating": {
            "voteAverage": 5,
            "voteCounter": 1
        },
        "url": "https://images.marinetraffic.com/collection/1567206.webp?size=800"
    },
    {
        "photoId": 1551631,
        "placeTaken": null,
        "takenAt": 1391345520,
        "copyright": "Arjan Elmendorp",
        "description": "Outbound Vessel : ANTWERPEN EXPRESS IMO : 9612997",
        "asset": {
            "id": 152182,
            "type": "Cargo",
            "name": "KUALA LUMPUR EXPRESS"
        },
        "rating": {
            "voteAverage": 5,
            "voteCounter": 2
        },
        "url": "https://images.marinetraffic.com/collection/1551631.webp?size=800"
    },
    {
        "photoId": 1545320,
        "placeTaken": "Maasvlakte",
        "takenAt": 1391349600,
        "copyright": "Ruud Glimmerveen",
        "description": null,
        "asset": {
            "id": 152182,
            "type": "Cargo",
            "name": "KUALA LUMPUR EXPRESS"
        },
        "rating": {
            "voteAverage": 5,
            "voteCounter": 4
        },
        "url": "https://images.marinetraffic.com/collection/1545320.webp?size=800"
    },
    {
        "photoId": 1534117,
        "placeTaken": "Rotterdam",
        "takenAt": 1391346540,
        "copyright": "paul gerdes",
        "description": null,
        "asset": {
            "id": 152182,
            "type": "Cargo",
            "name": "KUALA LUMPUR EXPRESS"
        },
        "rating": {
            "voteAverage": 0,
            "voteCounter": 0
        },
        "url": "https://images.marinetraffic.com/collection/1534117.webp?size=800"
    },
    {
        "photoId": 1506338,
        "placeTaken": "GIBRALTAR",
        "takenAt": 1337267460,
        "copyright": "Muhsen Hussein",
        "description": "GIBRALTAR",
        "asset": {
            "id": 152182,
            "type": "Cargo",
            "name": "KUALA LUMPUR EXPRESS"
        },
        "rating": {
            "voteAverage": 0,
            "voteCounter": 0
        },
        "url": "https://images.marinetraffic.com/collection/1506338.webp?size=800"
    },
    {
        "photoId": 1456427,
        "placeTaken": "Hamburg-Blankenese",
        "takenAt": 1383215220,
        "copyright": "Buggi Porschien",
        "description": "Inbound port",
        "asset": {
            "id": 152182,
            "type": "Cargo",
            "name": "KUALA LUMPUR EXPRESS"
        },
        "rating": {
            "voteAverage": 0,
            "voteCounter": 0
        },
        "url": "https://images.marinetraffic.com/collection/1456427.webp?size=800"
    },
    {
        "photoId": 1436378,
        "placeTaken": "Bremerhaven",
        "takenAt": 1189036800,
        "copyright": "Helmut Seger",
        "description": null,
        "asset": {
            "id": 152182,
            "type": "Cargo",
            "name": "KUALA LUMPUR EXPRESS"
        },
        "rating": {
            "voteAverage": 0,
            "voteCounter": 0
        },
        "url": "https://images.marinetraffic.com/collection/1436378.webp?size=800"
    },
    {
        "photoId": 1400712,
        "placeTaken": "ANTWERP, BELGIUM",
        "takenAt": 1376377380,
        "copyright": "Capt.Turboboss",
        "description": null,
        "asset": {
            "id": 152182,
            "type": "Cargo",
            "name": "KUALA LUMPUR EXPRESS"
        },
        "rating": {
            "voteAverage": 0,
            "voteCounter": 0
        },
        "url": "https://images.marinetraffic.com/collection/1400712.webp?size=800"
    },
    {
        "photoId": 1400711,
        "placeTaken": "ANTWERP, BELGIUM",
        "takenAt": 1376377320,
        "copyright": "Capt.Turboboss",
        "description": null,
        "asset": {
            "id": 152182,
            "type": "Cargo",
            "name": "KUALA LUMPUR EXPRESS"
        },
        "rating": {
            "voteAverage": 0,
            "voteCounter": 0
        },
        "url": "https://images.marinetraffic.com/collection/1400711.webp?size=800"
    },
    {
        "photoId": 1400710,
        "placeTaken": "ANTWERP, BELGIUM",
        "takenAt": 1376377320,
        "copyright": "Capt.Turboboss",
        "description": null,
        "asset": {
            "id": 152182,
            "type": "Cargo",
            "name": "KUALA LUMPUR EXPRESS"
        },
        "rating": {
            "voteAverage": 0,
            "voteCounter": 0
        },
        "url": "https://images.marinetraffic.com/collection/1400710.webp?size=800"
    },
    {
        "photoId": 1400708,
        "placeTaken": "ANTWERP, BELGIUM",
        "takenAt": 1376377200,
        "copyright": "Capt.Turboboss",
        "description": null,
        "asset": {
            "id": 152182,
            "type": "Cargo",
            "name": "KUALA LUMPUR EXPRESS"
        },
        "rating": {
            "voteAverage": 0,
            "voteCounter": 0
        },
        "url": "https://images.marinetraffic.com/collection/1400708.webp?size=800"
    },
    {
        "photoId": 1366137,
        "placeTaken": "Southampton",
        "takenAt": 1376151300,
        "copyright": "john white",
        "description": null,
        "asset": {
            "id": 152182,
            "type": "Cargo",
            "name": "KUALA LUMPUR EXPRESS"
        },
        "rating": {
            "voteAverage": 0,
            "voteCounter": 0
        },
        "url": "https://images.marinetraffic.com/collection/1366137.webp?size=800"
    },
    {
        "photoId": 1366136,
        "placeTaken": "Southampton",
        "takenAt": 1376151060,
        "copyright": "john white",
        "description": null,
        "asset": {
            "id": 152182,
            "type": "Cargo",
            "name": "KUALA LUMPUR EXPRESS"
        },
        "rating": {
            "voteAverage": 0,
            "voteCounter": 0
        },
        "url": "https://images.marinetraffic.com/collection/1366136.webp?size=800"
    },
    {
        "photoId": 1350256,
        "placeTaken": "Southampton Water",
        "takenAt": 1376145840,
        "copyright": "Gillian Moy",
        "description": "Kuala Lumpur Express arriving in Southampton Water on her way to the Container Terminal - August, 2013",
        "asset": {
            "id": 152182,
            "type": "Cargo",
            "name": "KUALA LUMPUR EXPRESS"
        },
        "rating": {
            "voteAverage": 4,
            "voteCounter": 1
        },
        "url": "https://images.marinetraffic.com/collection/1350256.webp?size=800"
    }
]