[
    {
        "photoId": 4606145,
        "placeTaken": "Grimsby, UK",
        "takenAt": 1647797940,
        "copyright": "Ian Greenwood",
        "description": null,
        "asset": {
            "id": 144666,
            "type": "Cargo",
            "name": "MAIN HIGHWAY"
        },
        "rating": {
            "voteAverage": 0,
            "voteCounter": 0
        },
        "url": "https://images.marinetraffic.com/collection/4606145.webp?size=800"
    },
    {
        "photoId": 4597342,
        "placeTaken": "Tananger, Norway",
        "takenAt": 1647089460,
        "copyright": "Len Duevel",
        "description": "Main Highway turns from northbound to eastbound heading toward Risavika with the island Rott to the west.",
        "asset": {
            "id": 144666,
            "type": "Cargo",
            "name": "MAIN HIGHWAY"
        },
        "rating": {
            "voteAverage": 0,
            "voteCounter": 0
        },
        "url": "https://images.marinetraffic.com/collection/4597342.webp?size=800"
    },
    {
        "photoId": 4586305,
        "placeTaken": "Tananger, Norway",
        "takenAt": 1646052960,
        "copyright": "Len Duevel",
        "description": "Main Highway heads north along the Tananger coastline.",
        "asset": {
            "id": 144666,
            "type": "Cargo",
            "name": "MAIN HIGHWAY"
        },
        "rating": {
            "voteAverage": 0,
            "voteCounter": 0
        },
        "url": "https://images.marinetraffic.com/collection/4586305.webp?size=800"
    },
    {
        "photoId": 4544495,
        "placeTaken": "Kiel Canal Germany ",
        "takenAt": 1434794100,
        "copyright": "Katrin Herrmann",
        "description": null,
        "asset": {
            "id": 144666,
            "type": "Cargo",
            "name": "MAIN HIGHWAY"
        },
        "rating": {
            "voteAverage": 5,
            "voteCounter": 2
        },
        "url": "https://images.marinetraffic.com/collection/4544495.webp?size=800"
    },
    {
        "photoId": 4517108,
        "placeTaken": "Tananger, Norway",
        "takenAt": 1639405020,
        "copyright": "Len Duevel",
        "description": "Main Highway heads north along the Tananger coastline after a stop in Risavika.",
        "asset": {
            "id": 144666,
            "type": "Cargo",
            "name": "MAIN HIGHWAY"
        },
        "rating": {
            "voteAverage": 0,
            "voteCounter": 0
        },
        "url": "https://images.marinetraffic.com/collection/4517108.webp?size=800"
    },
    {
        "photoId": 4516648,
        "placeTaken": "Svelvik",
        "takenAt": 1639226400,
        "copyright": "Inge Astor Jensen",
        "description": null,
        "asset": {
            "id": 144666,
            "type": "Cargo",
            "name": "MAIN HIGHWAY"
        },
        "rating": {
            "voteAverage": 0,
            "voteCounter": 0
        },
        "url": "https://images.marinetraffic.com/collection/4516648.webp?size=800"
    },
    {
        "photoId": 4516647,
        "placeTaken": "Svelvik",
        "takenAt": 1639226340,
        "copyright": "Inge Astor Jensen",
        "description": null,
        "asset": {
            "id": 144666,
            "type": "Cargo",
            "name": "MAIN HIGHWAY"
        },
        "rating": {
            "voteAverage": 5,
            "voteCounter": 1
        },
        "url": "https://images.marinetraffic.com/collection/4516647.webp?size=800"
    },
    {
        "photoId": 4516646,
        "placeTaken": "Svelvik",
        "takenAt": 1639226400,
        "copyright": "Inge Astor Jensen",
        "description": null,
        "asset": {
            "id": 144666,
            "type": "Cargo",
            "name": "MAIN HIGHWAY"
        },
        "rating": {
            "voteAverage": 0,
            "voteCounter": 0
        },
        "url": "https://images.marinetraffic.com/collection/4516646.webp?size=800"
    },
    {
        "photoId": 4495372,
        "placeTaken": "Kiel-Canal",
        "takenAt": 1625310480,
        "copyright": "Marek H.",
        "description": null,
        "asset": {
            "id": 144666,
            "type": "Cargo",
            "name": "MAIN HIGHWAY"
        },
        "rating": {
            "voteAverage": 5,
            "voteCounter": 2
        },
        "url": "https://images.marinetraffic.com/collection/4495372.webp?size=800"
    },
    {
        "photoId": 4465527,
        "placeTaken": "Uusikaupunki",
        "takenAt": 1634647140,
        "copyright": "Raimo T Kataja",
        "description": null,
        "asset": {
            "id": 144666,
            "type": "Cargo",
            "name": "MAIN HIGHWAY"
        },
        "rating": {
            "voteAverage": 0,
            "voteCounter": 0
        },
        "url": "https://images.marinetraffic.com/collection/4465527.webp?size=800"
    },
    {
        "photoId": 4465469,
        "placeTaken": "Uusikaupunki",
        "takenAt": 1634647080,
        "copyright": "Raimo T Kataja",
        "description": null,
        "asset": {
            "id": 144666,
            "type": "Cargo",
            "name": "MAIN HIGHWAY"
        },
        "rating": {
            "voteAverage": 0,
            "voteCounter": 0
        },
        "url": "https://images.marinetraffic.com/collection/4465469.webp?size=800"
    },
    {
        "photoId": 4463263,
        "placeTaken": "Uusikaupunki, Finland",
        "takenAt": 1634648100,
        "copyright": "Anna-Maija Mantera",
        "description": null,
        "asset": {
            "id": 144666,
            "type": "Cargo",
            "name": "MAIN HIGHWAY"
        },
        "rating": {
            "voteAverage": 5,
            "voteCounter": 1
        },
        "url": "https://images.marinetraffic.com/collection/4463263.webp?size=800"
    },
    {
        "photoId": 4443962,
        "placeTaken": "Elbe, Cuxhaven GER",
        "takenAt": 1601827260,
        "copyright": "FBN Raiger",
        "description": "Elbe, Cuxhaven GER",
        "asset": {
            "id": 144666,
            "type": "Cargo",
            "name": "MAIN HIGHWAY"
        },
        "rating": {
            "voteAverage": 5,
            "voteCounter": 34
        },
        "url": "https://images.marinetraffic.com/collection/4443962.webp?size=800"
    },
    {
        "photoId": 4443037,
        "placeTaken": null,
        "takenAt": 1633123260,
        "copyright": "Katrin Herrmann",
        "description": null,
        "asset": {
            "id": 144666,
            "type": "Cargo",
            "name": "MAIN HIGHWAY"
        },
        "rating": {
            "voteAverage": 5,
            "voteCounter": 1
        },
        "url": "https://images.marinetraffic.com/collection/4443037.webp?size=800"
    },
    {
        "photoId": 4425432,
        "placeTaken": "Gravesend",
        "takenAt": 1631104980,
        "copyright": "Robert Camp",
        "description": "Passing Gravesend inbound to Tilbury.",
        "asset": {
            "id": 144666,
            "type": "Cargo",
            "name": "MAIN HIGHWAY"
        },
        "rating": {
            "voteAverage": 0,
            "voteCounter": 0
        },
        "url": "https://images.marinetraffic.com/collection/4425432.webp?size=800"
    },
    {
        "photoId": 4425043,
        "placeTaken": null,
        "takenAt": 1631726940,
        "copyright": "Katrin Herrmann",
        "description": null,
        "asset": {
            "id": 144666,
            "type": "Cargo",
            "name": "MAIN HIGHWAY"
        },
        "rating": {
            "voteAverage": 5,
            "voteCounter": 2
        },
        "url": "https://images.marinetraffic.com/collection/4425043.webp?size=800"
    },
    {
        "photoId": 4323922,
        "placeTaken": "Bremerhaven",
        "takenAt": 1624625400,
        "copyright": "Rolf Bridde",
        "description": null,
        "asset": {
            "id": 144666,
            "type": "Cargo",
            "name": "MAIN HIGHWAY"
        },
        "rating": {
            "voteAverage": 5,
            "voteCounter": 1
        },
        "url": "https://images.marinetraffic.com/collection/4323922.webp?size=800"
    },
    {
        "photoId": 4317609,
        "placeTaken": "NOK - Holtenau -Kiel ",
        "takenAt": 1624202520,
        "copyright": "Peter aus Holtenau",
        "description": null,
        "asset": {
            "id": 144666,
            "type": "Cargo",
            "name": "MAIN HIGHWAY"
        },
        "rating": {
            "voteAverage": 5,
            "voteCounter": 3
        },
        "url": "https://images.marinetraffic.com/collection/4317609.webp?size=800"
    },
    {
        "photoId": 4289679,
        "placeTaken": "Hamburg-Teufelsbrueck",
        "takenAt": 1622400720,
        "copyright": "S.Seelemann",
        "description": null,
        "asset": {
            "id": 144666,
            "type": "Cargo",
            "name": "MAIN HIGHWAY"
        },
        "rating": {
            "voteAverage": 5,
            "voteCounter": 4
        },
        "url": "https://images.marinetraffic.com/collection/4289679.webp?size=800"
    },
    {
        "photoId": 4270037,
        "placeTaken": null,
        "takenAt": 1620990060,
        "copyright": "Capt Andriy Zeleny",
        "description": null,
        "asset": {
            "id": 144666,
            "type": "Cargo",
            "name": "MAIN HIGHWAY"
        },
        "rating": {
            "voteAverage": 0,
            "voteCounter": 0
        },
        "url": "https://images.marinetraffic.com/collection/4270037.webp?size=800"
    }
]