[
    {
        "photoId": 3780867,
        "placeTaken": "NOK - Holtenau-Kiel",
        "takenAt": 1581156480,
        "copyright": "Peter aus Holtenau",
        "description": null,
        "asset": {
            "id": 144666,
            "type": "Cargo",
            "name": "MAIN HIGHWAY"
        },
        "rating": {
            "voteAverage": 5,
            "voteCounter": 4
        },
        "url": "https://images.marinetraffic.com/collection/3780867.webp?size=800"
    },
    {
        "photoId": 3777087,
        "placeTaken": "NOK - Landwehr",
        "takenAt": 1580645580,
        "copyright": "Peter aus Holtenau",
        "description": null,
        "asset": {
            "id": 144666,
            "type": "Cargo",
            "name": "MAIN HIGHWAY"
        },
        "rating": {
            "voteAverage": 5,
            "voteCounter": 1
        },
        "url": "https://images.marinetraffic.com/collection/3777087.webp?size=800"
    },
    {
        "photoId": 3777085,
        "placeTaken": "NOK - Landwehr",
        "takenAt": 1580645520,
        "copyright": "Peter aus Holtenau",
        "description": null,
        "asset": {
            "id": 144666,
            "type": "Cargo",
            "name": "MAIN HIGHWAY"
        },
        "rating": {
            "voteAverage": 5,
            "voteCounter": 8
        },
        "url": "https://images.marinetraffic.com/collection/3777085.webp?size=800"
    },
    {
        "photoId": 3727116,
        "placeTaken": "Kiel Canal",
        "takenAt": 1575541980,
        "copyright": "Nils Junge",
        "description": null,
        "asset": {
            "id": 144666,
            "type": "Cargo",
            "name": "MAIN HIGHWAY"
        },
        "rating": {
            "voteAverage": 5,
            "voteCounter": 5
        },
        "url": "https://images.marinetraffic.com/collection/3727116.webp?size=800"
    },
    {
        "photoId": 3727114,
        "placeTaken": "Kiel Canal",
        "takenAt": 1575541920,
        "copyright": "Nils Junge",
        "description": null,
        "asset": {
            "id": 144666,
            "type": "Cargo",
            "name": "MAIN HIGHWAY"
        },
        "rating": {
            "voteAverage": 5,
            "voteCounter": 8
        },
        "url": "https://images.marinetraffic.com/collection/3727114.webp?size=800"
    },
    {
        "photoId": 3668930,
        "placeTaken": "NOK Sehestedt",
        "takenAt": 1570008780,
        "copyright": "Helge Schilling",
        "description": null,
        "asset": {
            "id": 144666,
            "type": "Cargo",
            "name": "MAIN HIGHWAY"
        },
        "rating": {
            "voteAverage": 0,
            "voteCounter": 0
        },
        "url": "https://images.marinetraffic.com/collection/3668930.webp?size=800"
    },
    {
        "photoId": 3668928,
        "placeTaken": "NOK Sehestedt",
        "takenAt": 1570008780,
        "copyright": "Helge Schilling",
        "description": null,
        "asset": {
            "id": 144666,
            "type": "Cargo",
            "name": "MAIN HIGHWAY"
        },
        "rating": {
            "voteAverage": 0,
            "voteCounter": 0
        },
        "url": "https://images.marinetraffic.com/collection/3668928.webp?size=800"
    },
    {
        "photoId": 3668926,
        "placeTaken": "NOK Sehestedt",
        "takenAt": 1570008720,
        "copyright": "Helge Schilling",
        "description": null,
        "asset": {
            "id": 144666,
            "type": "Cargo",
            "name": "MAIN HIGHWAY"
        },
        "rating": {
            "voteAverage": 5,
            "voteCounter": 1
        },
        "url": "https://images.marinetraffic.com/collection/3668926.webp?size=800"
    },
    {
        "photoId": 3668923,
        "placeTaken": "NOK Sehestedt",
        "takenAt": 1570008660,
        "copyright": "Helge Schilling",
        "description": null,
        "asset": {
            "id": 144666,
            "type": "Cargo",
            "name": "MAIN HIGHWAY"
        },
        "rating": {
            "voteAverage": 5,
            "voteCounter": 1
        },
        "url": "https://images.marinetraffic.com/collection/3668923.webp?size=800"
    },
    {
        "photoId": 3668116,
        "placeTaken": "Schacht-Audorf/NOK",
        "takenAt": 1570010640,
        "copyright": "Helmut Ivers",
        "description": null,
        "asset": {
            "id": 144666,
            "type": "Cargo",
            "name": "MAIN HIGHWAY"
        },
        "rating": {
            "voteAverage": 5,
            "voteCounter": 1
        },
        "url": "https://images.marinetraffic.com/collection/3668116.webp?size=800"
    },
    {
        "photoId": 3668114,
        "placeTaken": "Schacht-Audorf/NOK",
        "takenAt": 1570010580,
        "copyright": "Helmut Ivers",
        "description": null,
        "asset": {
            "id": 144666,
            "type": "Cargo",
            "name": "MAIN HIGHWAY"
        },
        "rating": {
            "voteAverage": 5,
            "voteCounter": 1
        },
        "url": "https://images.marinetraffic.com/collection/3668114.webp?size=800"
    },
    {
        "photoId": 3627588,
        "placeTaken": "NOK - Gruenental",
        "takenAt": 1567335600,
        "copyright": "Peter aus Holtenau",
        "description": null,
        "asset": {
            "id": 144666,
            "type": "Cargo",
            "name": "MAIN HIGHWAY"
        },
        "rating": {
            "voteAverage": 5,
            "voteCounter": 8
        },
        "url": "https://images.marinetraffic.com/collection/3627588.webp?size=800"
    },
    {
        "photoId": 3587055,
        "placeTaken": "Schafstedt, Kiel Kanal",
        "takenAt": 1563785700,
        "copyright": "Leif Pape",
        "description": null,
        "asset": {
            "id": 144666,
            "type": "Cargo",
            "name": "MAIN HIGHWAY"
        },
        "rating": {
            "voteAverage": 5,
            "voteCounter": 2
        },
        "url": "https://images.marinetraffic.com/collection/3587055.webp?size=800"
    },
    {
        "photoId": 3561955,
        "placeTaken": "Elbe bei Cuxhaven",
        "takenAt": 1563115500,
        "copyright": "Uwe Benn",
        "description": null,
        "asset": {
            "id": 144666,
            "type": "Cargo",
            "name": "MAIN HIGHWAY"
        },
        "rating": {
            "voteAverage": 5,
            "voteCounter": 1
        },
        "url": "https://images.marinetraffic.com/collection/3561955.webp?size=800"
    },
    {
        "photoId": 3561804,
        "placeTaken": "Cuxhaven",
        "takenAt": 1563115860,
        "copyright": "E. Tarkus",
        "description": "On its way to MALMO",
        "asset": {
            "id": 144666,
            "type": "Cargo",
            "name": "MAIN HIGHWAY"
        },
        "rating": {
            "voteAverage": 0,
            "voteCounter": 0
        },
        "url": "https://images.marinetraffic.com/collection/3561804.webp?size=800"
    },
    {
        "photoId": 3492123,
        "placeTaken": "Port Of Copenhagen / Kbenhavns Havn - Denmark",
        "takenAt": 1557829020,
        "copyright": "Nicolaj Jepsen",
        "description": null,
        "asset": {
            "id": 144666,
            "type": "Cargo",
            "name": "MAIN HIGHWAY"
        },
        "rating": {
            "voteAverage": 5,
            "voteCounter": 2
        },
        "url": "https://images.marinetraffic.com/collection/3492123.webp?size=800"
    },
    {
        "photoId": 3461598,
        "placeTaken": "NOK unweit Landwehr",
        "takenAt": 1556188740,
        "copyright": "Manfred Sesemann",
        "description": null,
        "asset": {
            "id": 144666,
            "type": "Cargo",
            "name": "MAIN HIGHWAY"
        },
        "rating": {
            "voteAverage": 5,
            "voteCounter": 7
        },
        "url": "https://images.marinetraffic.com/collection/3461598.webp?size=800"
    },
    {
        "photoId": 3461597,
        "placeTaken": "NOK unweit Landwehr",
        "takenAt": 1556188740,
        "copyright": "Manfred Sesemann",
        "description": null,
        "asset": {
            "id": 144666,
            "type": "Cargo",
            "name": "MAIN HIGHWAY"
        },
        "rating": {
            "voteAverage": 5,
            "voteCounter": 3
        },
        "url": "https://images.marinetraffic.com/collection/3461597.webp?size=800"
    },
    {
        "photoId": 3447821,
        "placeTaken": "Cuxhaven",
        "takenAt": 1554661920,
        "copyright": "Horst Cierullies",
        "description": null,
        "asset": {
            "id": 144666,
            "type": "Cargo",
            "name": "MAIN HIGHWAY"
        },
        "rating": {
            "voteAverage": 5,
            "voteCounter": 4
        },
        "url": "https://images.marinetraffic.com/collection/3447821.webp?size=800"
    },
    {
        "photoId": 3447744,
        "placeTaken": "Cuxhaven",
        "takenAt": 1554661740,
        "copyright": "Horst Cierullies",
        "description": null,
        "asset": {
            "id": 144666,
            "type": "Cargo",
            "name": "MAIN HIGHWAY"
        },
        "rating": {
            "voteAverage": 5,
            "voteCounter": 3
        },
        "url": "https://images.marinetraffic.com/collection/3447744.webp?size=800"
    }
]