[
    {
        "photoId": 5028410,
        "placeTaken": "Vladivostok",
        "takenAt": 1681047240,
        "copyright": "Sergei Skriabin",
        "description": null,
        "asset": {
            "id": 144666,
            "type": "Cargo",
            "name": "WON SHIN"
        },
        "rating": {
            "voteAverage": 5,
            "voteCounter": 5
        },
        "url": "https://images.marinetraffic.com/collection/5028410.webp?size=800"
    },
    {
        "photoId": 5008064,
        "placeTaken": "Vladivostok",
        "takenAt": 1678723500,
        "copyright": "Sergei Skriabin",
        "description": null,
        "asset": {
            "id": 144666,
            "type": "Cargo",
            "name": "WON SHIN"
        },
        "rating": {
            "voteAverage": 5,
            "voteCounter": 2
        },
        "url": "https://images.marinetraffic.com/collection/5008064.webp?size=800"
    },
    {
        "photoId": 5002996,
        "placeTaken": "Vladivostok",
        "takenAt": 1678801260,
        "copyright": "Sergei Skriabin",
        "description": null,
        "asset": {
            "id": 144666,
            "type": "Cargo",
            "name": "WON SHIN"
        },
        "rating": {
            "voteAverage": 5,
            "voteCounter": 7
        },
        "url": "https://images.marinetraffic.com/collection/5002996.webp?size=800"
    },
    {
        "photoId": 5002055,
        "placeTaken": "Vladivostok",
        "takenAt": 1678724520,
        "copyright": "Sergei Skriabin",
        "description": null,
        "asset": {
            "id": 144666,
            "type": "Cargo",
            "name": "WON SHIN"
        },
        "rating": {
            "voteAverage": 5,
            "voteCounter": 10
        },
        "url": "https://images.marinetraffic.com/collection/5002055.webp?size=800"
    },
    {
        "photoId": 5001304,
        "placeTaken": "Vladivostok",
        "takenAt": 1678722960,
        "copyright": "Sergei Skriabin",
        "description": null,
        "asset": {
            "id": 144666,
            "type": "Cargo",
            "name": "WON SHIN"
        },
        "rating": {
            "voteAverage": 5,
            "voteCounter": 13
        },
        "url": "https://images.marinetraffic.com/collection/5001304.webp?size=800"
    },
    {
        "photoId": 4924952,
        "placeTaken": "NOK - Holtenau-Kiel",
        "takenAt": 1669730700,
        "copyright": "Peter aus Holtenau",
        "description": null,
        "asset": {
            "id": 144666,
            "type": "Cargo",
            "name": "MAIN HIGHWAY"
        },
        "rating": {
            "voteAverage": 5,
            "voteCounter": 6
        },
        "url": "https://images.marinetraffic.com/collection/4924952.webp?size=800"
    },
    {
        "photoId": 4895564,
        "placeTaken": "Malmoe",
        "takenAt": 1665759720,
        "copyright": "Siegfried Haase",
        "description": null,
        "asset": {
            "id": 144666,
            "type": "Cargo",
            "name": "MAIN HIGHWAY"
        },
        "rating": {
            "voteAverage": 0,
            "voteCounter": 0
        },
        "url": "https://images.marinetraffic.com/collection/4895564.webp?size=800"
    },
    {
        "photoId": 4895563,
        "placeTaken": "Malmoe",
        "takenAt": 1665757800,
        "copyright": "Siegfried Haase",
        "description": null,
        "asset": {
            "id": 144666,
            "type": "Cargo",
            "name": "MAIN HIGHWAY"
        },
        "rating": {
            "voteAverage": 0,
            "voteCounter": 0
        },
        "url": "https://images.marinetraffic.com/collection/4895563.webp?size=800"
    },
    {
        "photoId": 4862511,
        "placeTaken": "NOK Kurs Schleuse DE BRB",
        "takenAt": 1664977560,
        "copyright": "Arno Bruegmann",
        "description": null,
        "asset": {
            "id": 144666,
            "type": "Cargo",
            "name": "MAIN HIGHWAY"
        },
        "rating": {
            "voteAverage": 0,
            "voteCounter": 0
        },
        "url": "https://images.marinetraffic.com/collection/4862511.webp?size=800"
    },
    {
        "photoId": 4862510,
        "placeTaken": "NOK Kurs Schleuse DE BRB",
        "takenAt": 1664977380,
        "copyright": "Arno Bruegmann",
        "description": null,
        "asset": {
            "id": 144666,
            "type": "Cargo",
            "name": "MAIN HIGHWAY"
        },
        "rating": {
            "voteAverage": 0,
            "voteCounter": 0
        },
        "url": "https://images.marinetraffic.com/collection/4862510.webp?size=800"
    },
    {
        "photoId": 4862509,
        "placeTaken": "NOK Kurs Schleuse DE BRB",
        "takenAt": 1664977320,
        "copyright": "Arno Bruegmann",
        "description": null,
        "asset": {
            "id": 144666,
            "type": "Cargo",
            "name": "MAIN HIGHWAY"
        },
        "rating": {
            "voteAverage": 0,
            "voteCounter": 0
        },
        "url": "https://images.marinetraffic.com/collection/4862509.webp?size=800"
    },
    {
        "photoId": 4862507,
        "placeTaken": "NOK Kurs Schleuse DE BRB",
        "takenAt": 1664977260,
        "copyright": "Arno Bruegmann",
        "description": null,
        "asset": {
            "id": 144666,
            "type": "Cargo",
            "name": "MAIN HIGHWAY"
        },
        "rating": {
            "voteAverage": 0,
            "voteCounter": 0
        },
        "url": "https://images.marinetraffic.com/collection/4862507.webp?size=800"
    },
    {
        "photoId": 4862505,
        "placeTaken": "NOK Kurs Schleuse DE BRB",
        "takenAt": 1664977080,
        "copyright": "Arno Bruegmann",
        "description": null,
        "asset": {
            "id": 144666,
            "type": "Cargo",
            "name": "MAIN HIGHWAY"
        },
        "rating": {
            "voteAverage": 0,
            "voteCounter": 0
        },
        "url": "https://images.marinetraffic.com/collection/4862505.webp?size=800"
    },
    {
        "photoId": 4858665,
        "placeTaken": "NOK - Holtenau-Kiel",
        "takenAt": 1663954620,
        "copyright": "Peter aus Holtenau",
        "description": null,
        "asset": {
            "id": 144666,
            "type": "Cargo",
            "name": "MAIN HIGHWAY"
        },
        "rating": {
            "voteAverage": 5,
            "voteCounter": 3
        },
        "url": "https://images.marinetraffic.com/collection/4858665.webp?size=800"
    },
    {
        "photoId": 4858662,
        "placeTaken": "NOK - Holtenau-Kiel",
        "takenAt": 1663954440,
        "copyright": "Peter aus Holtenau",
        "description": null,
        "asset": {
            "id": 144666,
            "type": "Cargo",
            "name": "MAIN HIGHWAY"
        },
        "rating": {
            "voteAverage": 5,
            "voteCounter": 5
        },
        "url": "https://images.marinetraffic.com/collection/4858662.webp?size=800"
    },
    {
        "photoId": 4854561,
        "placeTaken": "Kiel Canal Germany ",
        "takenAt": 1663849740,
        "copyright": "Katrin Herrmann",
        "description": null,
        "asset": {
            "id": 144666,
            "type": "Cargo",
            "name": "MAIN HIGHWAY"
        },
        "rating": {
            "voteAverage": 5,
            "voteCounter": 2
        },
        "url": "https://images.marinetraffic.com/collection/4854561.webp?size=800"
    },
    {
        "photoId": 4851595,
        "placeTaken": "Kiel Canal Germany ",
        "takenAt": 1663849740,
        "copyright": "Katrin Herrmann",
        "description": null,
        "asset": {
            "id": 144666,
            "type": "Cargo",
            "name": "MAIN HIGHWAY"
        },
        "rating": {
            "voteAverage": 0,
            "voteCounter": 0
        },
        "url": "https://images.marinetraffic.com/collection/4851595.webp?size=800"
    },
    {
        "photoId": 4848929,
        "placeTaken": "Kiel Canal Germany ",
        "takenAt": 1663837020,
        "copyright": "Katrin Herrmann",
        "description": null,
        "asset": {
            "id": 144666,
            "type": "Cargo",
            "name": "MAIN HIGHWAY"
        },
        "rating": {
            "voteAverage": 5,
            "voteCounter": 1
        },
        "url": "https://images.marinetraffic.com/collection/4848929.webp?size=800"
    },
    {
        "photoId": 4848927,
        "placeTaken": "Kiel Canal Germany ",
        "takenAt": 1663836900,
        "copyright": "Katrin Herrmann",
        "description": null,
        "asset": {
            "id": 144666,
            "type": "Cargo",
            "name": "MAIN HIGHWAY"
        },
        "rating": {
            "voteAverage": 5,
            "voteCounter": 1
        },
        "url": "https://images.marinetraffic.com/collection/4848927.webp?size=800"
    },
    {
        "photoId": 4848629,
        "placeTaken": "Kiel Canal Germany ",
        "takenAt": 1663949460,
        "copyright": "Katrin Herrmann",
        "description": null,
        "asset": {
            "id": 144666,
            "type": "Cargo",
            "name": "MAIN HIGHWAY"
        },
        "rating": {
            "voteAverage": 0,
            "voteCounter": 0
        },
        "url": "https://images.marinetraffic.com/collection/4848629.webp?size=800"
    }
]