[
    {
        "photoId": 4654943,
        "placeTaken": "Hoek van Holland",
        "takenAt": 1651658940,
        "copyright": "Gerard Groeneveld",
        "description": "shot by iPhone 13 Pro Max",
        "asset": {
            "id": 158822,
            "type": "Cargo",
            "name": "SUECIA SEAWAYS"
        },
        "rating": {
            "voteAverage": 0,
            "voteCounter": 0
        },
        "url": "https://images.marinetraffic.com/collection/4654943.webp?size=800"
    },
    {
        "photoId": 4624196,
        "placeTaken": "New Waterway Holland",
        "takenAt": 1276646400,
        "copyright": "John Pitcher",
        "description": null,
        "asset": {
            "id": 158822,
            "type": "Cargo",
            "name": "TOR SUECIA"
        },
        "rating": {
            "voteAverage": 0,
            "voteCounter": 0
        },
        "url": "https://images.marinetraffic.com/collection/4624196.webp?size=800"
    },
    {
        "photoId": 4624194,
        "placeTaken": "New Waterway Holland",
        "takenAt": 1276646400,
        "copyright": "John Pitcher",
        "description": null,
        "asset": {
            "id": 158822,
            "type": "Cargo",
            "name": "TOR SUECIA"
        },
        "rating": {
            "voteAverage": 5,
            "voteCounter": 2
        },
        "url": "https://images.marinetraffic.com/collection/4624194.webp?size=800"
    },
    {
        "photoId": 4597229,
        "placeTaken": "Maasvlakte 2.",
        "takenAt": 1646993400,
        "copyright": "Ed Kaas",
        "description": null,
        "asset": {
            "id": 158822,
            "type": "Cargo",
            "name": "SUECIA SEAWAYS"
        },
        "rating": {
            "voteAverage": 0,
            "voteCounter": 0
        },
        "url": "https://images.marinetraffic.com/collection/4597229.webp?size=800"
    },
    {
        "photoId": 4588721,
        "placeTaken": null,
        "takenAt": 1646324460,
        "copyright": "Rens  Timmermans",
        "description": null,
        "asset": {
            "id": 158822,
            "type": "Cargo",
            "name": "SUECIA SEAWAYS"
        },
        "rating": {
            "voteAverage": 0,
            "voteCounter": 0
        },
        "url": "https://images.marinetraffic.com/collection/4588721.webp?size=800"
    },
    {
        "photoId": 4569686,
        "placeTaken": null,
        "takenAt": 1644255840,
        "copyright": "Mark De Bruijn",
        "description": null,
        "asset": {
            "id": 158822,
            "type": "Cargo",
            "name": "SUECIA SEAWAYS"
        },
        "rating": {
            "voteAverage": 0,
            "voteCounter": 0
        },
        "url": "https://images.marinetraffic.com/collection/4569686.webp?size=800"
    },
    {
        "photoId": 4566776,
        "placeTaken": null,
        "takenAt": 1619454840,
        "copyright": "Mark De Bruijn",
        "description": null,
        "asset": {
            "id": 158822,
            "type": "Cargo",
            "name": "SUECIA SEAWAYS"
        },
        "rating": {
            "voteAverage": 0,
            "voteCounter": 0
        },
        "url": "https://images.marinetraffic.com/collection/4566776.webp?size=800"
    },
    {
        "photoId": 4527212,
        "placeTaken": "Rotterdam Nieuwe Waterweg",
        "takenAt": 1636299780,
        "copyright": "Kick van den Dool",
        "description": null,
        "asset": {
            "id": 158822,
            "type": "Cargo",
            "name": "SUECIA SEAWAYS"
        },
        "rating": {
            "voteAverage": 0,
            "voteCounter": 0
        },
        "url": "https://images.marinetraffic.com/collection/4527212.webp?size=800"
    },
    {
        "photoId": 4499548,
        "placeTaken": "Rotterdam Nieuwe Waterweg",
        "takenAt": 1636299900,
        "copyright": "Kick van den Dool",
        "description": null,
        "asset": {
            "id": 158822,
            "type": "Cargo",
            "name": "SUECIA SEAWAYS"
        },
        "rating": {
            "voteAverage": 5,
            "voteCounter": 1
        },
        "url": "https://images.marinetraffic.com/collection/4499548.webp?size=800"
    },
    {
        "photoId": 4499547,
        "placeTaken": "Rotterdam Nieuwe Waterweg",
        "takenAt": 1636299660,
        "copyright": "Kick van den Dool",
        "description": null,
        "asset": {
            "id": 158822,
            "type": "Cargo",
            "name": "SUECIA SEAWAYS"
        },
        "rating": {
            "voteAverage": 5,
            "voteCounter": 2
        },
        "url": "https://images.marinetraffic.com/collection/4499547.webp?size=800"
    },
    {
        "photoId": 4482405,
        "placeTaken": "Rotterdam",
        "takenAt": 1630774560,
        "copyright": "Nico T.",
        "description": null,
        "asset": {
            "id": 158822,
            "type": "Cargo",
            "name": "SUECIA SEAWAYS"
        },
        "rating": {
            "voteAverage": 5,
            "voteCounter": 7
        },
        "url": "https://images.marinetraffic.com/collection/4482405.webp?size=800"
    },
    {
        "photoId": 4473143,
        "placeTaken": "Vlaardingen Netherlands",
        "takenAt": 1629541500,
        "copyright": "Arjan Elmendorp",
        "description": "RORO Ship 1999",
        "asset": {
            "id": 158822,
            "type": "Cargo",
            "name": "SUECIA SEAWAYS"
        },
        "rating": {
            "voteAverage": 0,
            "voteCounter": 0
        },
        "url": "https://images.marinetraffic.com/collection/4473143.webp?size=800"
    },
    {
        "photoId": 4465952,
        "placeTaken": null,
        "takenAt": 1628527740,
        "copyright": "Philippe Guichot",
        "description": null,
        "asset": {
            "id": 158822,
            "type": "Cargo",
            "name": "SUECIA SEAWAYS"
        },
        "rating": {
            "voteAverage": 0,
            "voteCounter": 0
        },
        "url": "https://images.marinetraffic.com/collection/4465952.webp?size=800"
    },
    {
        "photoId": 4463979,
        "placeTaken": null,
        "takenAt": 1628527680,
        "copyright": "Philippe Guichot",
        "description": null,
        "asset": {
            "id": 158822,
            "type": "Cargo",
            "name": "SUECIA SEAWAYS"
        },
        "rating": {
            "voteAverage": 0,
            "voteCounter": 0
        },
        "url": "https://images.marinetraffic.com/collection/4463979.webp?size=800"
    },
    {
        "photoId": 4463977,
        "placeTaken": null,
        "takenAt": 1628527320,
        "copyright": "Philippe Guichot",
        "description": null,
        "asset": {
            "id": 158822,
            "type": "Cargo",
            "name": "SUECIA SEAWAYS"
        },
        "rating": {
            "voteAverage": 5,
            "voteCounter": 1
        },
        "url": "https://images.marinetraffic.com/collection/4463977.webp?size=800"
    },
    {
        "photoId": 4423527,
        "placeTaken": null,
        "takenAt": 1631536560,
        "copyright": "Ray Newby",
        "description": null,
        "asset": {
            "id": 158822,
            "type": "Cargo",
            "name": "SUECIA SEAWAYS"
        },
        "rating": {
            "voteAverage": 0,
            "voteCounter": 0
        },
        "url": "https://images.marinetraffic.com/collection/4423527.webp?size=800"
    },
    {
        "photoId": 4392745,
        "placeTaken": "Maasvlakte 2.",
        "takenAt": 1628757720,
        "copyright": "Ed Kaas",
        "description": null,
        "asset": {
            "id": 158822,
            "type": "Cargo",
            "name": "SUECIA SEAWAYS"
        },
        "rating": {
            "voteAverage": 5,
            "voteCounter": 1
        },
        "url": "https://images.marinetraffic.com/collection/4392745.webp?size=800"
    },
    {
        "photoId": 4372584,
        "placeTaken": "Maasvlakte 2.",
        "takenAt": 1628067360,
        "copyright": "Ed Kaas",
        "description": null,
        "asset": {
            "id": 158822,
            "type": "Cargo",
            "name": "SUECIA SEAWAYS"
        },
        "rating": {
            "voteAverage": 0,
            "voteCounter": 0
        },
        "url": "https://images.marinetraffic.com/collection/4372584.webp?size=800"
    },
    {
        "photoId": 4370565,
        "placeTaken": "Hoek van Holland Port of Rotterdam",
        "takenAt": 1627988880,
        "copyright": "Frans Anemaet",
        "description": null,
        "asset": {
            "id": 158822,
            "type": "Cargo",
            "name": "SUECIA SEAWAYS"
        },
        "rating": {
            "voteAverage": 0,
            "voteCounter": 0
        },
        "url": "https://images.marinetraffic.com/collection/4370565.webp?size=800"
    },
    {
        "photoId": 4366254,
        "placeTaken": "Vlaardingen",
        "takenAt": 1627557360,
        "copyright": "Gert Jan Kok",
        "description": null,
        "asset": {
            "id": 158822,
            "type": "Cargo",
            "name": "SUECIA SEAWAYS"
        },
        "rating": {
            "voteAverage": 5,
            "voteCounter": 1
        },
        "url": "https://images.marinetraffic.com/collection/4366254.webp?size=800"
    }
]