[
    {
        "photoId": 5055648,
        "placeTaken": "Rotterdam Nieuwe Waterweg",
        "takenAt": 1675786320,
        "copyright": "Kick van den Dool",
        "description": null,
        "asset": {
            "id": 158822,
            "type": "Cargo",
            "name": "SUECIA SEAWAYS"
        },
        "rating": {
            "voteAverage": 0,
            "voteCounter": 0
        },
        "url": "https://images.marinetraffic.com/collection/5055648.webp?size=800"
    },
    {
        "photoId": 5050421,
        "placeTaken": "Rotterdam Nieuwe Waterweg",
        "takenAt": 1675785960,
        "copyright": "Kick van den Dool",
        "description": null,
        "asset": {
            "id": 158822,
            "type": "Cargo",
            "name": "SUECIA SEAWAYS"
        },
        "rating": {
            "voteAverage": 5,
            "voteCounter": 5
        },
        "url": "https://images.marinetraffic.com/collection/5050421.webp?size=800"
    },
    {
        "photoId": 5035729,
        "placeTaken": "Hoek van Holland",
        "takenAt": 1650710880,
        "copyright": "Martijn Hendriks",
        "description": null,
        "asset": {
            "id": 158822,
            "type": "Cargo",
            "name": "SUECIA SEAWAYS"
        },
        "rating": {
            "voteAverage": 0,
            "voteCounter": 0
        },
        "url": "https://images.marinetraffic.com/collection/5035729.webp?size=800"
    },
    {
        "photoId": 5035728,
        "placeTaken": "Hoek van Holland",
        "takenAt": 1650709380,
        "copyright": "Martijn Hendriks",
        "description": null,
        "asset": {
            "id": 158822,
            "type": "Cargo",
            "name": "SUECIA SEAWAYS"
        },
        "rating": {
            "voteAverage": 0,
            "voteCounter": 0
        },
        "url": "https://images.marinetraffic.com/collection/5035728.webp?size=800"
    },
    {
        "photoId": 5035727,
        "placeTaken": "Hoek van Holland",
        "takenAt": 1650709500,
        "copyright": "Martijn Hendriks",
        "description": null,
        "asset": {
            "id": 158822,
            "type": "Cargo",
            "name": "SUECIA SEAWAYS"
        },
        "rating": {
            "voteAverage": 0,
            "voteCounter": 0
        },
        "url": "https://images.marinetraffic.com/collection/5035727.webp?size=800"
    },
    {
        "photoId": 5007354,
        "placeTaken": "Elbe Cuxhaven",
        "takenAt": 1679226660,
        "copyright": "jacob haan",
        "description": null,
        "asset": {
            "id": 158822,
            "type": "Cargo",
            "name": "SUECIA SEAWAYS"
        },
        "rating": {
            "voteAverage": 0,
            "voteCounter": 0
        },
        "url": "https://images.marinetraffic.com/collection/5007354.webp?size=800"
    },
    {
        "photoId": 4991311,
        "placeTaken": "Nieuwe Waterweg, Hoek van Holland, Nederland",
        "takenAt": 1515513840,
        "copyright": "Aloys Eijgermans",
        "description": null,
        "asset": {
            "id": 158822,
            "type": "Cargo",
            "name": "SUECIA SEAWAYS"
        },
        "rating": {
            "voteAverage": 0,
            "voteCounter": 0
        },
        "url": "https://images.marinetraffic.com/collection/4991311.webp?size=800"
    },
    {
        "photoId": 4991309,
        "placeTaken": "Nieuwe Waterweg, Hoek van Holland, Nederland",
        "takenAt": 1515513660,
        "copyright": "Aloys Eijgermans",
        "description": null,
        "asset": {
            "id": 158822,
            "type": "Cargo",
            "name": "SUECIA SEAWAYS"
        },
        "rating": {
            "voteAverage": 0,
            "voteCounter": 0
        },
        "url": "https://images.marinetraffic.com/collection/4991309.webp?size=800"
    },
    {
        "photoId": 4910516,
        "placeTaken": "Soerreisa",
        "takenAt": 1668855660,
        "copyright": "Sondre M Pettersen",
        "description": null,
        "asset": {
            "id": 158822,
            "type": "Cargo",
            "name": "SUECIA SEAWAYS"
        },
        "rating": {
            "voteAverage": 5,
            "voteCounter": 1
        },
        "url": "https://images.marinetraffic.com/collection/4910516.webp?size=800"
    },
    {
        "photoId": 4910514,
        "placeTaken": "Soerreisa",
        "takenAt": 1668855240,
        "copyright": "Sondre M Pettersen",
        "description": null,
        "asset": {
            "id": 158822,
            "type": "Cargo",
            "name": "SUECIA SEAWAYS"
        },
        "rating": {
            "voteAverage": 0,
            "voteCounter": 0
        },
        "url": "https://images.marinetraffic.com/collection/4910514.webp?size=800"
    },
    {
        "photoId": 4910513,
        "placeTaken": "Reisafjorden",
        "takenAt": 1668852120,
        "copyright": "Sondre M Pettersen",
        "description": null,
        "asset": {
            "id": 158822,
            "type": "Cargo",
            "name": "SUECIA SEAWAYS"
        },
        "rating": {
            "voteAverage": 5,
            "voteCounter": 1
        },
        "url": "https://images.marinetraffic.com/collection/4910513.webp?size=800"
    },
    {
        "photoId": 4910512,
        "placeTaken": "Reisafjorden",
        "takenAt": 1668851760,
        "copyright": "Sondre M Pettersen",
        "description": null,
        "asset": {
            "id": 158822,
            "type": "Cargo",
            "name": "SUECIA SEAWAYS"
        },
        "rating": {
            "voteAverage": 5,
            "voteCounter": 1
        },
        "url": "https://images.marinetraffic.com/collection/4910512.webp?size=800"
    },
    {
        "photoId": 4910511,
        "placeTaken": "Reisafjorden",
        "takenAt": 1668851640,
        "copyright": "Sondre M Pettersen",
        "description": null,
        "asset": {
            "id": 158822,
            "type": "Cargo",
            "name": "SUECIA SEAWAYS"
        },
        "rating": {
            "voteAverage": 5,
            "voteCounter": 1
        },
        "url": "https://images.marinetraffic.com/collection/4910511.webp?size=800"
    },
    {
        "photoId": 4907142,
        "placeTaken": null,
        "takenAt": 1668600780,
        "copyright": "Johnny R. Pedersen",
        "description": null,
        "asset": {
            "id": 158822,
            "type": "Cargo",
            "name": "SUECIA SEAWAYS"
        },
        "rating": {
            "voteAverage": 0,
            "voteCounter": 0
        },
        "url": "https://images.marinetraffic.com/collection/4907142.webp?size=800"
    },
    {
        "photoId": 4890978,
        "placeTaken": "North Sea",
        "takenAt": 1663860840,
        "copyright": "John Downs",
        "description": null,
        "asset": {
            "id": 158822,
            "type": "Cargo",
            "name": "SUECIA SEAWAYS"
        },
        "rating": {
            "voteAverage": 0,
            "voteCounter": 0
        },
        "url": "https://images.marinetraffic.com/collection/4890978.webp?size=800"
    },
    {
        "photoId": 4862282,
        "placeTaken": null,
        "takenAt": 1665070800,
        "copyright": "Hendrik V",
        "description": "Kugelbake Elbm\u00fcndung Cuxhaven",
        "asset": {
            "id": 158822,
            "type": "Cargo",
            "name": "SUECIA SEAWAYS"
        },
        "rating": {
            "voteAverage": 5,
            "voteCounter": 1
        },
        "url": "https://images.marinetraffic.com/collection/4862282.webp?size=800"
    },
    {
        "photoId": 4847668,
        "placeTaken": "Europoort",
        "takenAt": 1663259400,
        "copyright": "Mykhailo Sibil",
        "description": null,
        "asset": {
            "id": 158822,
            "type": "Cargo",
            "name": "SUECIA SEAWAYS"
        },
        "rating": {
            "voteAverage": 5,
            "voteCounter": 1
        },
        "url": "https://images.marinetraffic.com/collection/4847668.webp?size=800"
    },
    {
        "photoId": 4841716,
        "placeTaken": "Rotterdam Nieuwe Waterweg",
        "takenAt": 1657036800,
        "copyright": "Kick van den Dool",
        "description": null,
        "asset": {
            "id": 158822,
            "type": "Cargo",
            "name": "SUECIA SEAWAYS"
        },
        "rating": {
            "voteAverage": 5,
            "voteCounter": 2
        },
        "url": "https://images.marinetraffic.com/collection/4841716.webp?size=800"
    },
    {
        "photoId": 4840287,
        "placeTaken": "Rotterdam Nieuwe Waterweg",
        "takenAt": 1657037100,
        "copyright": "Kick van den Dool",
        "description": null,
        "asset": {
            "id": 158822,
            "type": "Cargo",
            "name": "SUECIA SEAWAYS"
        },
        "rating": {
            "voteAverage": 0,
            "voteCounter": 0
        },
        "url": "https://images.marinetraffic.com/collection/4840287.webp?size=800"
    },
    {
        "photoId": 4835349,
        "placeTaken": "Rotterdam Nieuwe Waterweg",
        "takenAt": 1657036920,
        "copyright": "Kick van den Dool",
        "description": null,
        "asset": {
            "id": 158822,
            "type": "Cargo",
            "name": "SUECIA SEAWAYS"
        },
        "rating": {
            "voteAverage": 5,
            "voteCounter": 4
        },
        "url": "https://images.marinetraffic.com/collection/4835349.webp?size=800"
    }
]