[
    {
        "photoId": 4827098,
        "placeTaken": "Rozenburg",
        "takenAt": 1662458160,
        "copyright": "Henk Jungerius",
        "description": "Nieuwe Waterweg",
        "asset": {
            "id": 158822,
            "type": "Cargo",
            "name": "SUECIA SEAWAYS"
        },
        "rating": {
            "voteAverage": 0,
            "voteCounter": 0
        },
        "url": "https://images.marinetraffic.com/collection/4827098.webp?size=800"
    },
    {
        "photoId": 4825889,
        "placeTaken": "Havenhoofd 3, Vondelingenplaat",
        "takenAt": 1662462720,
        "copyright": "Peter Grashoff",
        "description": "Entering Port of Rotterdam",
        "asset": {
            "id": 158822,
            "type": "Cargo",
            "name": "SUECIA SEAWAYS"
        },
        "rating": {
            "voteAverage": 0,
            "voteCounter": 0
        },
        "url": "https://images.marinetraffic.com/collection/4825889.webp?size=800"
    },
    {
        "photoId": 4825888,
        "placeTaken": "Havenhoofd 3, Vondelingenplaat",
        "takenAt": 1662462660,
        "copyright": "Peter Grashoff",
        "description": "Entering Port of Rotterdam",
        "asset": {
            "id": 158822,
            "type": "Cargo",
            "name": "SUECIA SEAWAYS"
        },
        "rating": {
            "voteAverage": 0,
            "voteCounter": 0
        },
        "url": "https://images.marinetraffic.com/collection/4825888.webp?size=800"
    },
    {
        "photoId": 4818222,
        "placeTaken": "cuxhaven",
        "takenAt": 1661960700,
        "copyright": "pingi eisbar",
        "description": null,
        "asset": {
            "id": 158822,
            "type": "Cargo",
            "name": "SUECIA SEAWAYS"
        },
        "rating": {
            "voteAverage": 0,
            "voteCounter": 0
        },
        "url": "https://images.marinetraffic.com/collection/4818222.webp?size=800"
    },
    {
        "photoId": 4818221,
        "placeTaken": "cuxhaven",
        "takenAt": 1661861400,
        "copyright": "pingi eisbar",
        "description": null,
        "asset": {
            "id": 158822,
            "type": "Cargo",
            "name": "SUECIA SEAWAYS"
        },
        "rating": {
            "voteAverage": 0,
            "voteCounter": 0
        },
        "url": "https://images.marinetraffic.com/collection/4818221.webp?size=800"
    },
    {
        "photoId": 4818220,
        "placeTaken": "cuxhaven",
        "takenAt": 1661861400,
        "copyright": "pingi eisbar",
        "description": null,
        "asset": {
            "id": 158822,
            "type": "Cargo",
            "name": "SUECIA SEAWAYS"
        },
        "rating": {
            "voteAverage": 0,
            "voteCounter": 0
        },
        "url": "https://images.marinetraffic.com/collection/4818220.webp?size=800"
    },
    {
        "photoId": 4808396,
        "placeTaken": "Rotterdam ",
        "takenAt": 1661331180,
        "copyright": "Lukas Kraaij",
        "description": null,
        "asset": {
            "id": 158822,
            "type": "Cargo",
            "name": "SUECIA SEAWAYS"
        },
        "rating": {
            "voteAverage": 0,
            "voteCounter": 0
        },
        "url": "https://images.marinetraffic.com/collection/4808396.webp?size=800"
    },
    {
        "photoId": 4768482,
        "placeTaken": null,
        "takenAt": 1628872500,
        "copyright": "Philippe Guichot",
        "description": null,
        "asset": {
            "id": 158822,
            "type": "Cargo",
            "name": "SUECIA SEAWAYS"
        },
        "rating": {
            "voteAverage": 0,
            "voteCounter": 0
        },
        "url": "https://images.marinetraffic.com/collection/4768482.webp?size=800"
    },
    {
        "photoId": 4768480,
        "placeTaken": null,
        "takenAt": 1628872200,
        "copyright": "Philippe Guichot",
        "description": null,
        "asset": {
            "id": 158822,
            "type": "Cargo",
            "name": "SUECIA SEAWAYS"
        },
        "rating": {
            "voteAverage": 0,
            "voteCounter": 0
        },
        "url": "https://images.marinetraffic.com/collection/4768480.webp?size=800"
    },
    {
        "photoId": 4766456,
        "placeTaken": null,
        "takenAt": 1628527500,
        "copyright": "Philippe Guichot",
        "description": null,
        "asset": {
            "id": 158822,
            "type": "Cargo",
            "name": "SUECIA SEAWAYS"
        },
        "rating": {
            "voteAverage": 5,
            "voteCounter": 1
        },
        "url": "https://images.marinetraffic.com/collection/4766456.webp?size=800"
    },
    {
        "photoId": 4746915,
        "placeTaken": "Nieuwe Waterweg.",
        "takenAt": 1656753900,
        "copyright": "Ed Kaas",
        "description": null,
        "asset": {
            "id": 158822,
            "type": "Cargo",
            "name": "SUECIA SEAWAYS"
        },
        "rating": {
            "voteAverage": 0,
            "voteCounter": 0
        },
        "url": "https://images.marinetraffic.com/collection/4746915.webp?size=800"
    },
    {
        "photoId": 4738142,
        "placeTaken": "Vondelingenplaat Rotterdam",
        "takenAt": 1657105200,
        "copyright": "Peter Grashoff",
        "description": "Entering Port of Rotterdam",
        "asset": {
            "id": 158822,
            "type": "Cargo",
            "name": "SUECIA SEAWAYS"
        },
        "rating": {
            "voteAverage": 0,
            "voteCounter": 0
        },
        "url": "https://images.marinetraffic.com/collection/4738142.webp?size=800"
    },
    {
        "photoId": 4738141,
        "placeTaken": "Vondelingenplaat Rotterdam",
        "takenAt": 1657105080,
        "copyright": "Peter Grashoff",
        "description": "Entering Port of Rotterdam",
        "asset": {
            "id": 158822,
            "type": "Cargo",
            "name": "SUECIA SEAWAYS"
        },
        "rating": {
            "voteAverage": 0,
            "voteCounter": 0
        },
        "url": "https://images.marinetraffic.com/collection/4738141.webp?size=800"
    },
    {
        "photoId": 4736366,
        "placeTaken": "nieuwe waterweg",
        "takenAt": 1657016220,
        "copyright": "Nico Kok",
        "description": null,
        "asset": {
            "id": 158822,
            "type": "Cargo",
            "name": "SUECIA SEAWAYS"
        },
        "rating": {
            "voteAverage": 5,
            "voteCounter": 1
        },
        "url": "https://images.marinetraffic.com/collection/4736366.webp?size=800"
    },
    {
        "photoId": 4725722,
        "placeTaken": null,
        "takenAt": 1569183660,
        "copyright": "Mario Gressler",
        "description": null,
        "asset": {
            "id": 158822,
            "type": "Cargo",
            "name": "SUECIA SEAWAYS"
        },
        "rating": {
            "voteAverage": 0,
            "voteCounter": 0
        },
        "url": "https://images.marinetraffic.com/collection/4725722.webp?size=800"
    },
    {
        "photoId": 4712206,
        "placeTaken": null,
        "takenAt": 1569183660,
        "copyright": "Mario Gressler",
        "description": null,
        "asset": {
            "id": 158822,
            "type": "Cargo",
            "name": "SUECIA SEAWAYS"
        },
        "rating": {
            "voteAverage": 0,
            "voteCounter": 0
        },
        "url": "https://images.marinetraffic.com/collection/4712206.webp?size=800"
    },
    {
        "photoId": 4707123,
        "placeTaken": null,
        "takenAt": 1654855080,
        "copyright": "Marc Riedesel",
        "description": null,
        "asset": {
            "id": 158822,
            "type": "Cargo",
            "name": "SUECIA SEAWAYS"
        },
        "rating": {
            "voteAverage": 5,
            "voteCounter": 1
        },
        "url": "https://images.marinetraffic.com/collection/4707123.webp?size=800"
    },
    {
        "photoId": 4706938,
        "placeTaken": "Hoek van Holland, netherlands",
        "takenAt": 1655201760,
        "copyright": "Bert Notenboom",
        "description": null,
        "asset": {
            "id": 158822,
            "type": "Cargo",
            "name": "SUECIA SEAWAYS"
        },
        "rating": {
            "voteAverage": 5,
            "voteCounter": 1
        },
        "url": "https://images.marinetraffic.com/collection/4706938.webp?size=800"
    },
    {
        "photoId": 4682798,
        "placeTaken": "Maasvlakte 2.",
        "takenAt": 1653122400,
        "copyright": "Ed Kaas",
        "description": null,
        "asset": {
            "id": 158822,
            "type": "Cargo",
            "name": "SUECIA SEAWAYS"
        },
        "rating": {
            "voteAverage": 0,
            "voteCounter": 0
        },
        "url": "https://images.marinetraffic.com/collection/4682798.webp?size=800"
    },
    {
        "photoId": 4662235,
        "placeTaken": null,
        "takenAt": 1652085060,
        "copyright": "Rokus IJsselstein",
        "description": null,
        "asset": {
            "id": 158822,
            "type": "Cargo",
            "name": "SUECIA SEAWAYS"
        },
        "rating": {
            "voteAverage": 0,
            "voteCounter": 0
        },
        "url": "https://images.marinetraffic.com/collection/4662235.webp?size=800"
    }
]