[
    {
        "photoId": 2925560,
        "placeTaken": null,
        "takenAt": -2208988800,
        "copyright": "Pedro Gonz\u00e1lez Ruiz",
        "description": null,
        "asset": {
            "id": 155711,
            "type": "Cargo",
            "name": "MAERSK MC KINNEY MOLLER"
        },
        "rating": {
            "voteAverage": 5,
            "voteCounter": 1
        },
        "url": "https://images.marinetraffic.com/collection/2925560.webp?size=800"
    },
    {
        "photoId": 2925559,
        "placeTaken": null,
        "takenAt": -2208988800,
        "copyright": "Pedro Gonz\u00e1lez Ruiz",
        "description": null,
        "asset": {
            "id": 155711,
            "type": "Cargo",
            "name": "MAERSK MC KINNEY MOLLER"
        },
        "rating": {
            "voteAverage": 0,
            "voteCounter": 0
        },
        "url": "https://images.marinetraffic.com/collection/2925559.webp?size=800"
    },
    {
        "photoId": 2925026,
        "placeTaken": "Felixstowe",
        "takenAt": 1511953800,
        "copyright": "paul hiett",
        "description": null,
        "asset": {
            "id": 155711,
            "type": "Cargo",
            "name": "MAERSK MC KINNEY MOLLER"
        },
        "rating": {
            "voteAverage": 5,
            "voteCounter": 1
        },
        "url": "https://images.marinetraffic.com/collection/2925026.webp?size=800"
    },
    {
        "photoId": 2910225,
        "placeTaken": null,
        "takenAt": -2208988800,
        "copyright": "Pedro Gonz\u00e1lez Ruiz",
        "description": null,
        "asset": {
            "id": 155711,
            "type": "Cargo",
            "name": "MAERSK MC KINNEY MOLLER"
        },
        "rating": {
            "voteAverage": 0,
            "voteCounter": 0
        },
        "url": "https://images.marinetraffic.com/collection/2910225.webp?size=800"
    },
    {
        "photoId": 2910223,
        "placeTaken": null,
        "takenAt": -2208988800,
        "copyright": "Pedro Gonz\u00e1lez Ruiz",
        "description": null,
        "asset": {
            "id": 155711,
            "type": "Cargo",
            "name": "MAERSK MC KINNEY MOLLER"
        },
        "rating": {
            "voteAverage": 5,
            "voteCounter": 1
        },
        "url": "https://images.marinetraffic.com/collection/2910223.webp?size=800"
    },
    {
        "photoId": 2910222,
        "placeTaken": null,
        "takenAt": -2208988800,
        "copyright": "Pedro Gonz\u00e1lez Ruiz",
        "description": null,
        "asset": {
            "id": 155711,
            "type": "Cargo",
            "name": "MAERSK MC KINNEY MOLLER"
        },
        "rating": {
            "voteAverage": 0,
            "voteCounter": 0
        },
        "url": "https://images.marinetraffic.com/collection/2910222.webp?size=800"
    },
    {
        "photoId": 2894209,
        "placeTaken": "Langelinie",
        "takenAt": 1380201360,
        "copyright": "Svend Due Mikkelsen",
        "description": null,
        "asset": {
            "id": 155711,
            "type": "Cargo",
            "name": "MAJESTIC MAERSK"
        },
        "rating": {
            "voteAverage": 0,
            "voteCounter": 0
        },
        "url": "https://images.marinetraffic.com/collection/2894209.webp?size=800"
    },
    {
        "photoId": 2859382,
        "placeTaken": "Felixtowe,  GB.  ",
        "takenAt": 1504796520,
        "copyright": "Michael Ludlow",
        "description": "Maersk Mc Kinney Moller approaching Landguard Point and the open sea.",
        "asset": {
            "id": 155711,
            "type": "Cargo",
            "name": "MAERSK MC KINNEY MOLLER"
        },
        "rating": {
            "voteAverage": 0,
            "voteCounter": 0
        },
        "url": "https://images.marinetraffic.com/collection/2859382.webp?size=800"
    },
    {
        "photoId": 2859377,
        "placeTaken": "Felixtowe, GB.",
        "takenAt": 1504796280,
        "copyright": "Michael Ludlow",
        "description": "Maersk Mc Kinney Moller heading past Landguard Jetty, outward-bound for the Far East.",
        "asset": {
            "id": 155711,
            "type": "Cargo",
            "name": "MAERSK MC KINNEY MOLLER"
        },
        "rating": {
            "voteAverage": 0,
            "voteCounter": 0
        },
        "url": "https://images.marinetraffic.com/collection/2859377.webp?size=800"
    },
    {
        "photoId": 2859373,
        "placeTaken": "Felixtowe, GB.",
        "takenAt": 1504795920,
        "copyright": "Michael Ludlow",
        "description": "Maersk Mc Kinney Moller getting underway past Landguard Jetty, Felixtowe, GB.",
        "asset": {
            "id": 155711,
            "type": "Cargo",
            "name": "MAERSK MC KINNEY MOLLER"
        },
        "rating": {
            "voteAverage": 0,
            "voteCounter": 0
        },
        "url": "https://images.marinetraffic.com/collection/2859373.webp?size=800"
    },
    {
        "photoId": 2859368,
        "placeTaken": "Felixtowe, GB.",
        "takenAt": 1504795680,
        "copyright": "Michael Ludlow",
        "description": "Maersk Mc Kinney Moller being pulled clear of the wharf as she prepares to leave Felixtowe, GB, for Tanjung Pelapas.",
        "asset": {
            "id": 155711,
            "type": "Cargo",
            "name": "MAERSK MC KINNEY MOLLER"
        },
        "rating": {
            "voteAverage": 0,
            "voteCounter": 0
        },
        "url": "https://images.marinetraffic.com/collection/2859368.webp?size=800"
    },
    {
        "photoId": 2859361,
        "placeTaken": "Felixtowe, GB",
        "takenAt": 1504781940,
        "copyright": "Michael Ludlow",
        "description": "Maersk MC Kinney Moller at No.9 berth, Felixtowe, GB.",
        "asset": {
            "id": 155711,
            "type": "Cargo",
            "name": "MAERSK MC KINNEY MOLLER"
        },
        "rating": {
            "voteAverage": 5,
            "voteCounter": 1
        },
        "url": "https://images.marinetraffic.com/collection/2859361.webp?size=800"
    },
    {
        "photoId": 2764179,
        "placeTaken": "Oceanus Atlanticus",
        "takenAt": 1495648740,
        "copyright": "Anatoliy K.",
        "description": null,
        "asset": {
            "id": 155711,
            "type": "Cargo",
            "name": "MAERSK MC KINNEY MOLLER"
        },
        "rating": {
            "voteAverage": 0,
            "voteCounter": 0
        },
        "url": "https://images.marinetraffic.com/collection/2764179.webp?size=800"
    },
    {
        "photoId": 2756039,
        "placeTaken": "Kaohsiung,Taiwan",
        "takenAt": 1499602920,
        "copyright": "Hsu Hao-En",
        "description": "MAERSK MC KINNEY MOLLER",
        "asset": {
            "id": 155711,
            "type": "Cargo",
            "name": "MAERSK MC KINNEY MOLLER"
        },
        "rating": {
            "voteAverage": 5,
            "voteCounter": 1
        },
        "url": "https://images.marinetraffic.com/collection/2756039.webp?size=800"
    },
    {
        "photoId": 2755977,
        "placeTaken": null,
        "takenAt": 943920000,
        "copyright": "shu compass",
        "description": null,
        "asset": {
            "id": 155711,
            "type": "Cargo",
            "name": "MAERSK MC KINNEY MOLLER"
        },
        "rating": {
            "voteAverage": 0,
            "voteCounter": 0
        },
        "url": "https://images.marinetraffic.com/collection/2755977.webp?size=800"
    },
    {
        "photoId": 2755975,
        "placeTaken": null,
        "takenAt": 943920000,
        "copyright": "shu compass",
        "description": null,
        "asset": {
            "id": 155711,
            "type": "Cargo",
            "name": "MAERSK MC KINNEY MOLLER"
        },
        "rating": {
            "voteAverage": 0,
            "voteCounter": 0
        },
        "url": "https://images.marinetraffic.com/collection/2755975.webp?size=800"
    },
    {
        "photoId": 2755971,
        "placeTaken": null,
        "takenAt": 943920000,
        "copyright": "shu compass",
        "description": null,
        "asset": {
            "id": 155711,
            "type": "Cargo",
            "name": "MAERSK MC KINNEY MOLLER"
        },
        "rating": {
            "voteAverage": 0,
            "voteCounter": 0
        },
        "url": "https://images.marinetraffic.com/collection/2755971.webp?size=800"
    },
    {
        "photoId": 2727241,
        "placeTaken": "Felixstowe",
        "takenAt": 1497596100,
        "copyright": "paul hiett",
        "description": null,
        "asset": {
            "id": 155711,
            "type": "Cargo",
            "name": "MAERSK MC KINNEY MOLLER"
        },
        "rating": {
            "voteAverage": 5,
            "voteCounter": 1
        },
        "url": "https://images.marinetraffic.com/collection/2727241.webp?size=800"
    },
    {
        "photoId": 2722551,
        "placeTaken": "Bremerhaven Stromkaje",
        "takenAt": 1465828140,
        "copyright": "Sven Beer",
        "description": null,
        "asset": {
            "id": 155711,
            "type": "Cargo",
            "name": "MAERSK MC KINNEY MOLLER"
        },
        "rating": {
            "voteAverage": 0,
            "voteCounter": 0
        },
        "url": "https://images.marinetraffic.com/collection/2722551.webp?size=800"
    },
    {
        "photoId": 2722418,
        "placeTaken": "DK Spodsbjerg",
        "takenAt": 1496998680,
        "copyright": "Kerstin Fischer",
        "description": null,
        "asset": {
            "id": 155711,
            "type": "Cargo",
            "name": "MAERSK MC KINNEY MOLLER"
        },
        "rating": {
            "voteAverage": 4,
            "voteCounter": 1
        },
        "url": "https://images.marinetraffic.com/collection/2722418.webp?size=800"
    }
]