[
    {
        "photoId": 4058495,
        "placeTaken": "Bremerhaven, Germany",
        "takenAt": 1598104440,
        "copyright": "Felix R\u00f6ben",
        "description": null,
        "asset": {
            "id": 155711,
            "type": "Cargo",
            "name": "MAERSK MC KINNEY MOLLER"
        },
        "rating": {
            "voteAverage": 5,
            "voteCounter": 2
        },
        "url": "https://images.marinetraffic.com/collection/4058495.webp?size=800"
    },
    {
        "photoId": 3995579,
        "placeTaken": "Sletterhage Lighthouse, Denmark",
        "takenAt": 1597948380,
        "copyright": "Ole Nordahn Lyndgaard",
        "description": "Passage in rain and mist",
        "asset": {
            "id": 155711,
            "type": "Cargo",
            "name": "MAERSK MC KINNEY MOLLER"
        },
        "rating": {
            "voteAverage": 0,
            "voteCounter": 0
        },
        "url": "https://images.marinetraffic.com/collection/3995579.webp?size=800"
    },
    {
        "photoId": 3885098,
        "placeTaken": "Bremerhaven",
        "takenAt": 1590248640,
        "copyright": "pingi eisbar",
        "description": null,
        "asset": {
            "id": 155711,
            "type": "Cargo",
            "name": "MAERSK MC KINNEY MOLLER"
        },
        "rating": {
            "voteAverage": 0,
            "voteCounter": 0
        },
        "url": "https://images.marinetraffic.com/collection/3885098.webp?size=800"
    },
    {
        "photoId": 3885096,
        "placeTaken": "Bremerhaven",
        "takenAt": 1590246480,
        "copyright": "pingi eisbar",
        "description": null,
        "asset": {
            "id": 155711,
            "type": "Cargo",
            "name": "MAERSK MC KINNEY MOLLER"
        },
        "rating": {
            "voteAverage": 0,
            "voteCounter": 0
        },
        "url": "https://images.marinetraffic.com/collection/3885096.webp?size=800"
    },
    {
        "photoId": 3878913,
        "placeTaken": "skandiahamnen",
        "takenAt": 1589884800,
        "copyright": "Hans Lindskog",
        "description": null,
        "asset": {
            "id": 155711,
            "type": "Cargo",
            "name": "MAERSK MC KINNEY MOLLER"
        },
        "rating": {
            "voteAverage": 0,
            "voteCounter": 0
        },
        "url": "https://images.marinetraffic.com/collection/3878913.webp?size=800"
    },
    {
        "photoId": 3876405,
        "placeTaken": null,
        "takenAt": 1305181080,
        "copyright": "Philippe Guichot",
        "description": null,
        "asset": {
            "id": 155711,
            "type": "Cargo",
            "name": "MAERSK MC KINNEY MOLLER"
        },
        "rating": {
            "voteAverage": 0,
            "voteCounter": 0
        },
        "url": "https://images.marinetraffic.com/collection/3876405.webp?size=800"
    },
    {
        "photoId": 3718951,
        "placeTaken": "Hong Kong",
        "takenAt": 1564099200,
        "copyright": "Dino Ko",
        "description": null,
        "asset": {
            "id": 155711,
            "type": "Cargo",
            "name": "MAERSK MC KINNEY MOLLER"
        },
        "rating": {
            "voteAverage": 5,
            "voteCounter": 1
        },
        "url": "https://images.marinetraffic.com/collection/3718951.webp?size=800"
    },
    {
        "photoId": 3718950,
        "placeTaken": "Hong Kong",
        "takenAt": 1564099200,
        "copyright": "Dino Ko",
        "description": null,
        "asset": {
            "id": 155711,
            "type": "Cargo",
            "name": "MAERSK MC KINNEY MOLLER"
        },
        "rating": {
            "voteAverage": 5,
            "voteCounter": 1
        },
        "url": "https://images.marinetraffic.com/collection/3718950.webp?size=800"
    },
    {
        "photoId": 3718949,
        "placeTaken": "Hong Kong",
        "takenAt": 1564099200,
        "copyright": "Dino Ko",
        "description": null,
        "asset": {
            "id": 155711,
            "type": "Cargo",
            "name": "MAERSK MC KINNEY MOLLER"
        },
        "rating": {
            "voteAverage": 5,
            "voteCounter": 1
        },
        "url": "https://images.marinetraffic.com/collection/3718949.webp?size=800"
    },
    {
        "photoId": 3718948,
        "placeTaken": "Hong Kong",
        "takenAt": 1564099200,
        "copyright": "Dino Ko",
        "description": null,
        "asset": {
            "id": 155711,
            "type": "Cargo",
            "name": "MAERSK MC KINNEY MOLLER"
        },
        "rating": {
            "voteAverage": 5,
            "voteCounter": 2
        },
        "url": "https://images.marinetraffic.com/collection/3718948.webp?size=800"
    },
    {
        "photoId": 3718947,
        "placeTaken": "Hong Kong",
        "takenAt": 1564099200,
        "copyright": "Dino Ko",
        "description": null,
        "asset": {
            "id": 155711,
            "type": "Cargo",
            "name": "MAERSK MC KINNEY MOLLER"
        },
        "rating": {
            "voteAverage": 0,
            "voteCounter": 0
        },
        "url": "https://images.marinetraffic.com/collection/3718947.webp?size=800"
    },
    {
        "photoId": 3709941,
        "placeTaken": "Westerschelde, Vlissingen NL",
        "takenAt": 1560975000,
        "copyright": "FBN Raiger",
        "description": "Westerschelde, Vlissingen NL",
        "asset": {
            "id": 155711,
            "type": "Cargo",
            "name": "MAERSK MC KINNEY MOLLER"
        },
        "rating": {
            "voteAverage": 5,
            "voteCounter": 29
        },
        "url": "https://images.marinetraffic.com/collection/3709941.webp?size=800"
    },
    {
        "photoId": 3684637,
        "placeTaken": null,
        "takenAt": 1568399700,
        "copyright": "Philippe Guichot",
        "description": null,
        "asset": {
            "id": 155711,
            "type": "Cargo",
            "name": "MAERSK MC KINNEY MOLLER"
        },
        "rating": {
            "voteAverage": 5,
            "voteCounter": 2
        },
        "url": "https://images.marinetraffic.com/collection/3684637.webp?size=800"
    },
    {
        "photoId": 3684636,
        "placeTaken": null,
        "takenAt": 1568399220,
        "copyright": "Philippe Guichot",
        "description": null,
        "asset": {
            "id": 155711,
            "type": "Cargo",
            "name": "MAERSK MC KINNEY MOLLER"
        },
        "rating": {
            "voteAverage": 0,
            "voteCounter": 0
        },
        "url": "https://images.marinetraffic.com/collection/3684636.webp?size=800"
    },
    {
        "photoId": 3684634,
        "placeTaken": null,
        "takenAt": 1568399520,
        "copyright": "Philippe Guichot",
        "description": null,
        "asset": {
            "id": 155711,
            "type": "Cargo",
            "name": "MAERSK MC KINNEY MOLLER"
        },
        "rating": {
            "voteAverage": 0,
            "voteCounter": 0
        },
        "url": "https://images.marinetraffic.com/collection/3684634.webp?size=800"
    },
    {
        "photoId": 3684633,
        "placeTaken": null,
        "takenAt": 1568400060,
        "copyright": "Philippe Guichot",
        "description": null,
        "asset": {
            "id": 155711,
            "type": "Cargo",
            "name": "MAERSK MC KINNEY MOLLER"
        },
        "rating": {
            "voteAverage": 0,
            "voteCounter": 0
        },
        "url": "https://images.marinetraffic.com/collection/3684633.webp?size=800"
    },
    {
        "photoId": 3681638,
        "placeTaken": "Antwerp ",
        "takenAt": 1569024360,
        "copyright": "Amir Asgari",
        "description": null,
        "asset": {
            "id": 155711,
            "type": "Cargo",
            "name": "MAERSK MC KINNEY MOLLER"
        },
        "rating": {
            "voteAverage": 5,
            "voteCounter": 1
        },
        "url": "https://images.marinetraffic.com/collection/3681638.webp?size=800"
    },
    {
        "photoId": 3666811,
        "placeTaken": null,
        "takenAt": 1547386740,
        "copyright": "CHANG SHENG YOU",
        "description": null,
        "asset": {
            "id": 155711,
            "type": "Cargo",
            "name": "MAERSK MC KINNEY MOLLER"
        },
        "rating": {
            "voteAverage": 3,
            "voteCounter": 1
        },
        "url": "https://images.marinetraffic.com/collection/3666811.webp?size=800"
    },
    {
        "photoId": 3666470,
        "placeTaken": null,
        "takenAt": 1305181200,
        "copyright": "Philippe Guichot",
        "description": null,
        "asset": {
            "id": 155711,
            "type": "Cargo",
            "name": "MAERSK MC KINNEY MOLLER"
        },
        "rating": {
            "voteAverage": 5,
            "voteCounter": 1
        },
        "url": "https://images.marinetraffic.com/collection/3666470.webp?size=800"
    },
    {
        "photoId": 3634088,
        "placeTaken": "Felixstowe docks",
        "takenAt": 1567960800,
        "copyright": "Jan Bek",
        "description": null,
        "asset": {
            "id": 155711,
            "type": "Cargo",
            "name": "MAERSK MC KINNEY MOLLER"
        },
        "rating": {
            "voteAverage": 0,
            "voteCounter": 0
        },
        "url": "https://images.marinetraffic.com/collection/3634088.webp?size=800"
    }
]