[
    {
        "photoId": 2722413,
        "placeTaken": "DK Spodsbjerg",
        "takenAt": 1496998260,
        "copyright": "Kerstin Fischer",
        "description": null,
        "asset": {
            "id": 155711,
            "type": "Cargo",
            "name": "MAERSK MC KINNEY MOLLER"
        },
        "rating": {
            "voteAverage": 0,
            "voteCounter": 0
        },
        "url": "https://images.marinetraffic.com/collection/2722413.webp?size=800"
    },
    {
        "photoId": 2722410,
        "placeTaken": "DK Spodsbjerg",
        "takenAt": 1496997600,
        "copyright": "Kerstin Fischer",
        "description": null,
        "asset": {
            "id": 155711,
            "type": "Cargo",
            "name": "MAERSK MC KINNEY MOLLER"
        },
        "rating": {
            "voteAverage": 0,
            "voteCounter": 0
        },
        "url": "https://images.marinetraffic.com/collection/2722410.webp?size=800"
    },
    {
        "photoId": 2706647,
        "placeTaken": "Allinge, Bornholm, Danmark.",
        "takenAt": 1496416920,
        "copyright": "J\u00f8rgen Hornskov Eriksen",
        "description": null,
        "asset": {
            "id": 155711,
            "type": "Cargo",
            "name": "MAERSK MC KINNEY MOLLER"
        },
        "rating": {
            "voteAverage": 5,
            "voteCounter": 1
        },
        "url": "https://images.marinetraffic.com/collection/2706647.webp?size=800"
    },
    {
        "photoId": 2672796,
        "placeTaken": "Port of Aarhus, Denmark",
        "takenAt": 1384990620,
        "copyright": "Allan J. Kortsen",
        "description": "www.skyaviator.dk",
        "asset": {
            "id": 155711,
            "type": "Cargo",
            "name": "MAERSK MC KINNEY MOLLER"
        },
        "rating": {
            "voteAverage": 5,
            "voteCounter": 1
        },
        "url": "https://images.marinetraffic.com/collection/2672796.webp?size=800"
    },
    {
        "photoId": 2672792,
        "placeTaken": "Port of Aarhus, Denmark",
        "takenAt": 1384300800,
        "copyright": "Allan J. Kortsen",
        "description": "www.skyaviator.dk",
        "asset": {
            "id": 155711,
            "type": "Cargo",
            "name": "MAERSK MC KINNEY MOLLER"
        },
        "rating": {
            "voteAverage": 5,
            "voteCounter": 1
        },
        "url": "https://images.marinetraffic.com/collection/2672792.webp?size=800"
    },
    {
        "photoId": 2672791,
        "placeTaken": "Port of Aarhus, Denmark",
        "takenAt": 1384786560,
        "copyright": "Allan J. Kortsen",
        "description": "www.skyaviator.dk",
        "asset": {
            "id": 155711,
            "type": "Cargo",
            "name": "MAERSK MC KINNEY MOLLER"
        },
        "rating": {
            "voteAverage": 5,
            "voteCounter": 1
        },
        "url": "https://images.marinetraffic.com/collection/2672791.webp?size=800"
    },
    {
        "photoId": 2661843,
        "placeTaken": "London Gateway",
        "takenAt": 943920000,
        "copyright": "Andrew Bowen",
        "description": "Maersk Flagship calling at London Gateway",
        "asset": {
            "id": 155711,
            "type": "Cargo",
            "name": "MAERSK MC KINNEY MOLLER"
        },
        "rating": {
            "voteAverage": 0,
            "voteCounter": 0
        },
        "url": "https://images.marinetraffic.com/collection/2661843.webp?size=800"
    },
    {
        "photoId": 2611478,
        "placeTaken": "Bremerhaven",
        "takenAt": 1488889980,
        "copyright": "Rolf Bridde",
        "description": null,
        "asset": {
            "id": 155711,
            "type": "Cargo",
            "name": "MAERSK MC KINNEY MOLLER"
        },
        "rating": {
            "voteAverage": 0,
            "voteCounter": 0
        },
        "url": "https://images.marinetraffic.com/collection/2611478.webp?size=800"
    },
    {
        "photoId": 2558835,
        "placeTaken": "Gdansk",
        "takenAt": 1474627980,
        "copyright": "Jaren Kaju",
        "description": null,
        "asset": {
            "id": 155711,
            "type": "Cargo",
            "name": "MAERSK MC KINNEY MOLLER"
        },
        "rating": {
            "voteAverage": 5,
            "voteCounter": 3
        },
        "url": "https://images.marinetraffic.com/collection/2558835.webp?size=800"
    },
    {
        "photoId": 2475773,
        "placeTaken": "Bremerhaven",
        "takenAt": 1475336400,
        "copyright": "Rolf Bridde",
        "description": null,
        "asset": {
            "id": 155711,
            "type": "Cargo",
            "name": "MAERSK MC KINNEY MOLLER"
        },
        "rating": {
            "voteAverage": 0,
            "voteCounter": 0
        },
        "url": "https://images.marinetraffic.com/collection/2475773.webp?size=800"
    },
    {
        "photoId": 2475772,
        "placeTaken": "Bremerhaven",
        "takenAt": 1475335500,
        "copyright": "Rolf Bridde",
        "description": null,
        "asset": {
            "id": 155711,
            "type": "Cargo",
            "name": "MAERSK MC KINNEY MOLLER"
        },
        "rating": {
            "voteAverage": 0,
            "voteCounter": 0
        },
        "url": "https://images.marinetraffic.com/collection/2475772.webp?size=800"
    },
    {
        "photoId": 2465229,
        "placeTaken": "Busan New Port, Rep. of Korea",
        "takenAt": 1431511440,
        "copyright": "V. Tonic",
        "description": "Departing Busan New Port.",
        "asset": {
            "id": 155711,
            "type": "Cargo",
            "name": "MAERSK MC KINNEY MOLLER"
        },
        "rating": {
            "voteAverage": 0,
            "voteCounter": 0
        },
        "url": "https://images.marinetraffic.com/collection/2465229.webp?size=800"
    },
    {
        "photoId": 2465227,
        "placeTaken": "Busan New Port, Rep. of Korea",
        "takenAt": 1431510000,
        "copyright": "V. Tonic",
        "description": "Departing Busan New Port.",
        "asset": {
            "id": 155711,
            "type": "Cargo",
            "name": "MAERSK MC KINNEY MOLLER"
        },
        "rating": {
            "voteAverage": 0,
            "voteCounter": 0
        },
        "url": "https://images.marinetraffic.com/collection/2465227.webp?size=800"
    },
    {
        "photoId": 2465226,
        "placeTaken": "Busan New Port, Rep. of Korea",
        "takenAt": 1431512100,
        "copyright": "V. Tonic",
        "description": "Departing Busan New Port.",
        "asset": {
            "id": 155711,
            "type": "Cargo",
            "name": "MAERSK MC KINNEY MOLLER"
        },
        "rating": {
            "voteAverage": 0,
            "voteCounter": 0
        },
        "url": "https://images.marinetraffic.com/collection/2465226.webp?size=800"
    },
    {
        "photoId": 2465011,
        "placeTaken": "Bremerhaven",
        "takenAt": 1474365120,
        "copyright": "Sebastian Pilling",
        "description": null,
        "asset": {
            "id": 155711,
            "type": "Cargo",
            "name": "MAERSK MC KINNEY MOLLER"
        },
        "rating": {
            "voteAverage": 0,
            "voteCounter": 0
        },
        "url": "https://images.marinetraffic.com/collection/2465011.webp?size=800"
    },
    {
        "photoId": 2428601,
        "placeTaken": "Rotterdam, Calandkanaal",
        "takenAt": 1468682160,
        "copyright": "J. Tem",
        "description": null,
        "asset": {
            "id": 155711,
            "type": "Cargo",
            "name": "MAERSK MC KINNEY MOLLER"
        },
        "rating": {
            "voteAverage": 0,
            "voteCounter": 0
        },
        "url": "https://images.marinetraffic.com/collection/2428601.webp?size=800"
    },
    {
        "photoId": 2402423,
        "placeTaken": "DK Sletterhage",
        "takenAt": 1377550140,
        "copyright": "Finn Bojer",
        "description": null,
        "asset": {
            "id": 155711,
            "type": "Cargo",
            "name": "MAELIGRSK MC KINNEY MOSLASHL"
        },
        "rating": {
            "voteAverage": 5,
            "voteCounter": 1
        },
        "url": "https://images.marinetraffic.com/collection/2402423.webp?size=800"
    },
    {
        "photoId": 2314567,
        "placeTaken": "Algeciras - SPAIN",
        "takenAt": 1412707920,
        "copyright": "Benjam\u00edn Marfil",
        "description": null,
        "asset": {
            "id": 155711,
            "type": "Cargo",
            "name": "MAERSK MC KINNEY MOLLER"
        },
        "rating": {
            "voteAverage": 0,
            "voteCounter": 0
        },
        "url": "https://images.marinetraffic.com/collection/2314567.webp?size=800"
    },
    {
        "photoId": 2224450,
        "placeTaken": "Maasvlaakte 2 ",
        "takenAt": 1424621640,
        "copyright": "Schnee Henry",
        "description": null,
        "asset": {
            "id": 155711,
            "type": "Cargo",
            "name": "MAERSK MC KINNEY MOLLER"
        },
        "rating": {
            "voteAverage": 5,
            "voteCounter": 1
        },
        "url": "https://images.marinetraffic.com/collection/2224450.webp?size=800"
    },
    {
        "photoId": 2216724,
        "placeTaken": "London Gateway Port",
        "takenAt": 1454144340,
        "copyright": "Andrew Bowen",
        "description": null,
        "asset": {
            "id": 155711,
            "type": "Cargo",
            "name": "MAERSKMCKINNEYMOLLER"
        },
        "rating": {
            "voteAverage": 5,
            "voteCounter": 3
        },
        "url": "https://images.marinetraffic.com/collection/2216724.webp?size=800"
    }
]