[
    {
        "photoId": 5025231,
        "placeTaken": "Okpo KOR At Anchor",
        "takenAt": 1680090600,
        "copyright": "WojGrze",
        "description": null,
        "asset": {
            "id": 155711,
            "type": "Cargo",
            "name": "MAERSK MC KINNEY MOLLER"
        },
        "rating": {
            "voteAverage": 0,
            "voteCounter": 0
        },
        "url": "https://images.marinetraffic.com/collection/5025231.webp?size=800"
    },
    {
        "photoId": 5025230,
        "placeTaken": "Okpo KOR At Anchor",
        "takenAt": 1680090600,
        "copyright": "WojGrze",
        "description": null,
        "asset": {
            "id": 155711,
            "type": "Cargo",
            "name": "MAERSK MC KINNEY MOLLER"
        },
        "rating": {
            "voteAverage": 3,
            "voteCounter": 2
        },
        "url": "https://images.marinetraffic.com/collection/5025230.webp?size=800"
    },
    {
        "photoId": 5004672,
        "placeTaken": "Jeju Strait",
        "takenAt": 1679151540,
        "copyright": "SW P",
        "description": null,
        "asset": {
            "id": 155711,
            "type": "Cargo",
            "name": "MAERSK MC KINNEY MOLLER"
        },
        "rating": {
            "voteAverage": 0,
            "voteCounter": 0
        },
        "url": "https://images.marinetraffic.com/collection/5004672.webp?size=800"
    },
    {
        "photoId": 4880827,
        "placeTaken": "Maasvlakte",
        "takenAt": 1656508260,
        "copyright": "Maik Ebel - www.ship-photos.de",
        "description": null,
        "asset": {
            "id": 155711,
            "type": "Cargo",
            "name": "MAERSK MC KINNEY MOLLER"
        },
        "rating": {
            "voteAverage": 0,
            "voteCounter": 0
        },
        "url": "https://images.marinetraffic.com/collection/4880827.webp?size=800"
    },
    {
        "photoId": 4857729,
        "placeTaken": "Bremerhaven",
        "takenAt": 1664557200,
        "copyright": "Helmut Seger",
        "description": null,
        "asset": {
            "id": 155711,
            "type": "Cargo",
            "name": "MAERSK MC KINNEY MOLLER"
        },
        "rating": {
            "voteAverage": 0,
            "voteCounter": 0
        },
        "url": "https://images.marinetraffic.com/collection/4857729.webp?size=800"
    },
    {
        "photoId": 4807769,
        "placeTaken": "Tanjung Pelepas",
        "takenAt": null,
        "copyright": "WojGrze",
        "description": null,
        "asset": {
            "id": 155711,
            "type": "Cargo",
            "name": "MAERSK MC KINNEY MOLLER"
        },
        "rating": {
            "voteAverage": 0,
            "voteCounter": 0
        },
        "url": "https://images.marinetraffic.com/collection/4807769.webp?size=800"
    },
    {
        "photoId": 4731384,
        "placeTaken": "Rotterdam",
        "takenAt": 1656508140,
        "copyright": "Aart van Bezooijen",
        "description": null,
        "asset": {
            "id": 155711,
            "type": "Cargo",
            "name": "MAERSK MC KINNEY MOLLER"
        },
        "rating": {
            "voteAverage": 0,
            "voteCounter": 0
        },
        "url": "https://images.marinetraffic.com/collection/4731384.webp?size=800"
    },
    {
        "photoId": 4545848,
        "placeTaken": "Great Belt, Denmark.",
        "takenAt": 1402833600,
        "copyright": "Jesper Brix",
        "description": null,
        "asset": {
            "id": 155711,
            "type": "Cargo",
            "name": "MAERSK MC KINNEY MOLLER"
        },
        "rating": {
            "voteAverage": 0,
            "voteCounter": 0
        },
        "url": "https://images.marinetraffic.com/collection/4545848.webp?size=800"
    },
    {
        "photoId": 4526986,
        "placeTaken": "North Sea, Denmark.",
        "takenAt": 1230771600,
        "copyright": "Jesper Brix",
        "description": null,
        "asset": {
            "id": 155711,
            "type": "Cargo",
            "name": "MAERSK MC KINNEY MOLLER"
        },
        "rating": {
            "voteAverage": 0,
            "voteCounter": 0
        },
        "url": "https://images.marinetraffic.com/collection/4526986.webp?size=800"
    },
    {
        "photoId": 4494890,
        "placeTaken": null,
        "takenAt": 1568399640,
        "copyright": "Philippe Guichot",
        "description": null,
        "asset": {
            "id": 155711,
            "type": "Cargo",
            "name": "MAERSK MC KINNEY MOLLER"
        },
        "rating": {
            "voteAverage": 5,
            "voteCounter": 1
        },
        "url": "https://images.marinetraffic.com/collection/4494890.webp?size=800"
    },
    {
        "photoId": 4494889,
        "placeTaken": null,
        "takenAt": 1568399400,
        "copyright": "Philippe Guichot",
        "description": null,
        "asset": {
            "id": 155711,
            "type": "Cargo",
            "name": "MAERSK MC KINNEY MOLLER"
        },
        "rating": {
            "voteAverage": 5,
            "voteCounter": 1
        },
        "url": "https://images.marinetraffic.com/collection/4494889.webp?size=800"
    },
    {
        "photoId": 4489703,
        "placeTaken": null,
        "takenAt": 1568400000,
        "copyright": "Philippe Guichot",
        "description": null,
        "asset": {
            "id": 155711,
            "type": "Cargo",
            "name": "MAERSK MC KINNEY MOLLER"
        },
        "rating": {
            "voteAverage": 0,
            "voteCounter": 0
        },
        "url": "https://images.marinetraffic.com/collection/4489703.webp?size=800"
    },
    {
        "photoId": 4489700,
        "placeTaken": null,
        "takenAt": 1568399760,
        "copyright": "Philippe Guichot",
        "description": null,
        "asset": {
            "id": 155711,
            "type": "Cargo",
            "name": "MAERSK MC KINNEY MOLLER"
        },
        "rating": {
            "voteAverage": 5,
            "voteCounter": 1
        },
        "url": "https://images.marinetraffic.com/collection/4489700.webp?size=800"
    },
    {
        "photoId": 4489699,
        "placeTaken": null,
        "takenAt": 1568399580,
        "copyright": "Philippe Guichot",
        "description": null,
        "asset": {
            "id": 155711,
            "type": "Cargo",
            "name": "MAERSK MC KINNEY MOLLER"
        },
        "rating": {
            "voteAverage": 5,
            "voteCounter": 1
        },
        "url": "https://images.marinetraffic.com/collection/4489699.webp?size=800"
    },
    {
        "photoId": 4475938,
        "placeTaken": "Ningbo, PRC.",
        "takenAt": 1634284860,
        "copyright": "smp",
        "description": null,
        "asset": {
            "id": 155711,
            "type": "Cargo",
            "name": "MAERSK MC KINNEY MOLLER"
        },
        "rating": {
            "voteAverage": 5,
            "voteCounter": 1
        },
        "url": "https://images.marinetraffic.com/collection/4475938.webp?size=800"
    },
    {
        "photoId": 4475937,
        "placeTaken": "Ningbo, PRC.",
        "takenAt": 1634283840,
        "copyright": "smp",
        "description": null,
        "asset": {
            "id": 155711,
            "type": "Cargo",
            "name": "MAERSK MC KINNEY MOLLER"
        },
        "rating": {
            "voteAverage": 0,
            "voteCounter": 0
        },
        "url": "https://images.marinetraffic.com/collection/4475937.webp?size=800"
    },
    {
        "photoId": 4399444,
        "placeTaken": "Bremerhaven",
        "takenAt": 1629891420,
        "copyright": "Rolf Bridde",
        "description": null,
        "asset": {
            "id": 155711,
            "type": "Cargo",
            "name": "MAERSK MC KINNEY MOLLER"
        },
        "rating": {
            "voteAverage": 0,
            "voteCounter": 0
        },
        "url": "https://images.marinetraffic.com/collection/4399444.webp?size=800"
    },
    {
        "photoId": 4256583,
        "placeTaken": "GIBRALTAR",
        "takenAt": 1619800200,
        "copyright": "GIBFRAN46",
        "description": null,
        "asset": {
            "id": 155711,
            "type": "Cargo",
            "name": "MAERSK MC KINNEY MOLLER"
        },
        "rating": {
            "voteAverage": 0,
            "voteCounter": 0
        },
        "url": "https://images.marinetraffic.com/collection/4256583.webp?size=800"
    },
    {
        "photoId": 4120573,
        "placeTaken": "Tanjung Pelepas, Malaysia.",
        "takenAt": 1603166820,
        "copyright": "smp",
        "description": null,
        "asset": {
            "id": 155711,
            "type": "Cargo",
            "name": "MAERSK MC KINNEY MOLLER"
        },
        "rating": {
            "voteAverage": 5,
            "voteCounter": 2
        },
        "url": "https://images.marinetraffic.com/collection/4120573.webp?size=800"
    },
    {
        "photoId": 4082258,
        "placeTaken": "Rotterdam Maasvlakte",
        "takenAt": 1604762160,
        "copyright": "Arjan Elmendorp",
        "description": "Inbound",
        "asset": {
            "id": 155711,
            "type": "Cargo",
            "name": "MAERSK MC KINNEY MOLLER"
        },
        "rating": {
            "voteAverage": 5,
            "voteCounter": 3
        },
        "url": "https://images.marinetraffic.com/collection/4082258.webp?size=800"
    }
]