[
    {
        "photoId": 3627566,
        "placeTaken": "NOK - Gruenental",
        "takenAt": 1567329780,
        "copyright": "Peter aus Holtenau",
        "description": null,
        "asset": {
            "id": 145767,
            "type": "Cargo",
            "name": "SPIRIT"
        },
        "rating": {
            "voteAverage": 5,
            "voteCounter": 3
        },
        "url": "https://images.marinetraffic.com/collection/3627566.webp?size=800"
    },
    {
        "photoId": 3604918,
        "placeTaken": "Felixstowe",
        "takenAt": 1565767020,
        "copyright": "Rob Speirs",
        "description": null,
        "asset": {
            "id": 145767,
            "type": "Cargo",
            "name": "SPIRIT"
        },
        "rating": {
            "voteAverage": 5,
            "voteCounter": 1
        },
        "url": "https://images.marinetraffic.com/collection/3604918.webp?size=800"
    },
    {
        "photoId": 3591038,
        "placeTaken": "Hamburg",
        "takenAt": 1564591560,
        "copyright": "Hans Schaefer",
        "description": null,
        "asset": {
            "id": 145767,
            "type": "Cargo",
            "name": "SPIRIT"
        },
        "rating": {
            "voteAverage": 5,
            "voteCounter": 1
        },
        "url": "https://images.marinetraffic.com/collection/3591038.webp?size=800"
    },
    {
        "photoId": 3591037,
        "placeTaken": "Hamburg",
        "takenAt": 1564591560,
        "copyright": "Hans Schaefer",
        "description": null,
        "asset": {
            "id": 145767,
            "type": "Cargo",
            "name": "SPIRIT"
        },
        "rating": {
            "voteAverage": 5,
            "voteCounter": 1
        },
        "url": "https://images.marinetraffic.com/collection/3591037.webp?size=800"
    },
    {
        "photoId": 3578705,
        "placeTaken": "Elbe bei Cuxhaven",
        "takenAt": 1564069200,
        "copyright": "Uwe Benn",
        "description": null,
        "asset": {
            "id": 145767,
            "type": "Cargo",
            "name": "SPIRIT"
        },
        "rating": {
            "voteAverage": 5,
            "voteCounter": 1
        },
        "url": "https://images.marinetraffic.com/collection/3578705.webp?size=800"
    },
    {
        "photoId": 3553986,
        "placeTaken": "Rotterdam/Maasvlakte",
        "takenAt": 1562083440,
        "copyright": "Michael Brakhage",
        "description": null,
        "asset": {
            "id": 145767,
            "type": "Cargo",
            "name": "SPIRIT"
        },
        "rating": {
            "voteAverage": 5,
            "voteCounter": 1
        },
        "url": "https://images.marinetraffic.com/collection/3553986.webp?size=800"
    },
    {
        "photoId": 3553686,
        "placeTaken": "Cuxhaven",
        "takenAt": 1561240020,
        "copyright": "Horst Cierullies",
        "description": null,
        "asset": {
            "id": 145767,
            "type": "Cargo",
            "name": "SPIRIT"
        },
        "rating": {
            "voteAverage": 5,
            "voteCounter": 5
        },
        "url": "https://images.marinetraffic.com/collection/3553686.webp?size=800"
    },
    {
        "photoId": 3545120,
        "placeTaken": "Cuxhaven",
        "takenAt": 1561890120,
        "copyright": "Claus Schaefe",
        "description": null,
        "asset": {
            "id": 145767,
            "type": "Cargo",
            "name": "SPIRIT"
        },
        "rating": {
            "voteAverage": 5,
            "voteCounter": 2
        },
        "url": "https://images.marinetraffic.com/collection/3545120.webp?size=800"
    },
    {
        "photoId": 3532062,
        "placeTaken": "NOK - Breiholz",
        "takenAt": 1561220160,
        "copyright": "Peter aus Holtenau",
        "description": null,
        "asset": {
            "id": 145767,
            "type": "Cargo",
            "name": "SPIRIT"
        },
        "rating": {
            "voteAverage": 0,
            "voteCounter": 0
        },
        "url": "https://images.marinetraffic.com/collection/3532062.webp?size=800"
    },
    {
        "photoId": 3485513,
        "placeTaken": "Kieler Foerde",
        "takenAt": 1557601800,
        "copyright": "Nils Junge",
        "description": null,
        "asset": {
            "id": 145767,
            "type": "Cargo",
            "name": "SPIRIT"
        },
        "rating": {
            "voteAverage": 0,
            "voteCounter": 0
        },
        "url": "https://images.marinetraffic.com/collection/3485513.webp?size=800"
    },
    {
        "photoId": 3479028,
        "placeTaken": null,
        "takenAt": 1557572760,
        "copyright": "Per Pedersen",
        "description": null,
        "asset": {
            "id": 145767,
            "type": "Cargo",
            "name": "SPIRIT"
        },
        "rating": {
            "voteAverage": 0,
            "voteCounter": 0
        },
        "url": "https://images.marinetraffic.com/collection/3479028.webp?size=800"
    },
    {
        "photoId": 3438919,
        "placeTaken": null,
        "takenAt": 1554625740,
        "copyright": "Jan Kuhlmann",
        "description": "Elbe River near Brunsbuettel",
        "asset": {
            "id": 145767,
            "type": "Cargo",
            "name": "SPIRIT"
        },
        "rating": {
            "voteAverage": 0,
            "voteCounter": 0
        },
        "url": "https://images.marinetraffic.com/collection/3438919.webp?size=800"
    },
    {
        "photoId": 3355612,
        "placeTaken": "Westkapelle",
        "takenAt": 1547198040,
        "copyright": "K. Faasse",
        "description": null,
        "asset": {
            "id": 145767,
            "type": "Cargo",
            "name": "SPIRIT"
        },
        "rating": {
            "voteAverage": 0,
            "voteCounter": 0
        },
        "url": "https://images.marinetraffic.com/collection/3355612.webp?size=800"
    },
    {
        "photoId": 3355156,
        "placeTaken": "Westkapelle",
        "takenAt": 1547136780,
        "copyright": "K. Faasse",
        "description": null,
        "asset": {
            "id": 145767,
            "type": "Cargo",
            "name": "SPIRIT"
        },
        "rating": {
            "voteAverage": 0,
            "voteCounter": 0
        },
        "url": "https://images.marinetraffic.com/collection/3355156.webp?size=800"
    },
    {
        "photoId": 3349069,
        "placeTaken": null,
        "takenAt": 1546533420,
        "copyright": "Maks Iks",
        "description": null,
        "asset": {
            "id": 145767,
            "type": "Cargo",
            "name": "SPIRIT"
        },
        "rating": {
            "voteAverage": 0,
            "voteCounter": 0
        },
        "url": "https://images.marinetraffic.com/collection/3349069.webp?size=800"
    },
    {
        "photoId": 3303906,
        "placeTaken": "Maasmond, Rotterdam NL",
        "takenAt": 1539714120,
        "copyright": "Stefan Lemmens",
        "description": null,
        "asset": {
            "id": 145767,
            "type": "Cargo",
            "name": "SPIRIT"
        },
        "rating": {
            "voteAverage": 0,
            "voteCounter": 0
        },
        "url": "https://images.marinetraffic.com/collection/3303906.webp?size=800"
    },
    {
        "photoId": 3295466,
        "placeTaken": "Hoek van Holland",
        "takenAt": 1541235780,
        "copyright": "Erwin Willemse",
        "description": null,
        "asset": {
            "id": 145767,
            "type": "Cargo",
            "name": "SPIRIT"
        },
        "rating": {
            "voteAverage": 0,
            "voteCounter": 0
        },
        "url": "https://images.marinetraffic.com/collection/3295466.webp?size=800"
    },
    {
        "photoId": 3281461,
        "placeTaken": "Nieuwe Waterweg Hoek van Holland.",
        "takenAt": 1533999540,
        "copyright": "Joop Klaasman",
        "description": "Seen Nieuwe Waterweg Holland",
        "asset": {
            "id": 145767,
            "type": "Cargo",
            "name": "SPIRIT"
        },
        "rating": {
            "voteAverage": 0,
            "voteCounter": 0
        },
        "url": "https://images.marinetraffic.com/collection/3281461.webp?size=800"
    },
    {
        "photoId": 3222678,
        "placeTaken": "Rotterdam",
        "takenAt": 1534515240,
        "copyright": "Aart van Bezooijen",
        "description": null,
        "asset": {
            "id": 145767,
            "type": "Cargo",
            "name": "SPIRIT"
        },
        "rating": {
            "voteAverage": 0,
            "voteCounter": 0
        },
        "url": "https://images.marinetraffic.com/collection/3222678.webp?size=800"
    },
    {
        "photoId": 3197580,
        "placeTaken": "Rozenburg",
        "takenAt": 1533994200,
        "copyright": "Henk Jungerius",
        "description": "New Waterway",
        "asset": {
            "id": 145767,
            "type": "Cargo",
            "name": "SPIRIT"
        },
        "rating": {
            "voteAverage": 0,
            "voteCounter": 0
        },
        "url": "https://images.marinetraffic.com/collection/3197580.webp?size=800"
    }
]