[
    {
        "photoId": 5036359,
        "placeTaken": "Aarhus Denmark",
        "takenAt": 1681754220,
        "copyright": "Allan J. Kortsen",
        "description": null,
        "asset": {
            "id": 145767,
            "type": "Cargo",
            "name": "SPIRIT"
        },
        "rating": {
            "voteAverage": 5,
            "voteCounter": 5
        },
        "url": "https://images.marinetraffic.com/collection/5036359.webp?size=800"
    },
    {
        "photoId": 5016828,
        "placeTaken": "NOK - Sehestedt",
        "takenAt": 1680018300,
        "copyright": "Peter aus Holtenau",
        "description": null,
        "asset": {
            "id": 145767,
            "type": "Cargo",
            "name": "SPIRIT"
        },
        "rating": {
            "voteAverage": 0,
            "voteCounter": 0
        },
        "url": "https://images.marinetraffic.com/collection/5016828.webp?size=800"
    },
    {
        "photoId": 5015698,
        "placeTaken": "NOK - Breiholz",
        "takenAt": 1680008880,
        "copyright": "Peter aus Holtenau",
        "description": null,
        "asset": {
            "id": 145767,
            "type": "Cargo",
            "name": "SPIRIT"
        },
        "rating": {
            "voteAverage": 0,
            "voteCounter": 0
        },
        "url": "https://images.marinetraffic.com/collection/5015698.webp?size=800"
    },
    {
        "photoId": 5015696,
        "placeTaken": "NOK - Breiholz",
        "takenAt": 1680008760,
        "copyright": "Peter aus Holtenau",
        "description": null,
        "asset": {
            "id": 145767,
            "type": "Cargo",
            "name": "SPIRIT"
        },
        "rating": {
            "voteAverage": 5,
            "voteCounter": 1
        },
        "url": "https://images.marinetraffic.com/collection/5015696.webp?size=800"
    },
    {
        "photoId": 5014247,
        "placeTaken": "Sehestedt/NOK",
        "takenAt": 1673956080,
        "copyright": "Helmut Ivers",
        "description": null,
        "asset": {
            "id": 145767,
            "type": "Cargo",
            "name": "SPIRIT"
        },
        "rating": {
            "voteAverage": 0,
            "voteCounter": 0
        },
        "url": "https://images.marinetraffic.com/collection/5014247.webp?size=800"
    },
    {
        "photoId": 5014245,
        "placeTaken": "Sehestedt/NOK",
        "takenAt": 1673956200,
        "copyright": "Helmut Ivers",
        "description": null,
        "asset": {
            "id": 145767,
            "type": "Cargo",
            "name": "SPIRIT"
        },
        "rating": {
            "voteAverage": 0,
            "voteCounter": 0
        },
        "url": "https://images.marinetraffic.com/collection/5014245.webp?size=800"
    },
    {
        "photoId": 4998275,
        "placeTaken": "Hamburg, Germany",
        "takenAt": 1678494780,
        "copyright": "Elmar Weiss",
        "description": "Hamburg, Germany",
        "asset": {
            "id": 145767,
            "type": "Cargo",
            "name": "SPIRIT"
        },
        "rating": {
            "voteAverage": 5,
            "voteCounter": 1
        },
        "url": "https://images.marinetraffic.com/collection/4998275.webp?size=800"
    },
    {
        "photoId": 4979075,
        "placeTaken": "NOK Hinrichshoern",
        "takenAt": 1676048580,
        "copyright": "Helge Schilling",
        "description": null,
        "asset": {
            "id": 145767,
            "type": "Cargo",
            "name": "SPIRIT"
        },
        "rating": {
            "voteAverage": 0,
            "voteCounter": 0
        },
        "url": "https://images.marinetraffic.com/collection/4979075.webp?size=800"
    },
    {
        "photoId": 4979074,
        "placeTaken": "NOK Hinrichshoern",
        "takenAt": 1676048460,
        "copyright": "Helge Schilling",
        "description": null,
        "asset": {
            "id": 145767,
            "type": "Cargo",
            "name": "SPIRIT"
        },
        "rating": {
            "voteAverage": 0,
            "voteCounter": 0
        },
        "url": "https://images.marinetraffic.com/collection/4979074.webp?size=800"
    },
    {
        "photoId": 4934656,
        "placeTaken": "NOK-Westerroenfeld",
        "takenAt": 1592397600,
        "copyright": "Hans-Peter Schroeder",
        "description": null,
        "asset": {
            "id": 145767,
            "type": "Cargo",
            "name": "SPIRIT"
        },
        "rating": {
            "voteAverage": 5,
            "voteCounter": 28
        },
        "url": "https://images.marinetraffic.com/collection/4934656.webp?size=800"
    },
    {
        "photoId": 4934655,
        "placeTaken": "NOK-Westerroenfeld",
        "takenAt": 1592397540,
        "copyright": "Hans-Peter Schroeder",
        "description": null,
        "asset": {
            "id": 145767,
            "type": "Cargo",
            "name": "SPIRIT"
        },
        "rating": {
            "voteAverage": 5,
            "voteCounter": 27
        },
        "url": "https://images.marinetraffic.com/collection/4934655.webp?size=800"
    },
    {
        "photoId": 4889141,
        "placeTaken": "Rotterdam Maasvlakte, NL",
        "takenAt": 1658145000,
        "copyright": "WalAndPl",
        "description": null,
        "asset": {
            "id": 145767,
            "type": "Cargo",
            "name": "SPIRIT"
        },
        "rating": {
            "voteAverage": 0,
            "voteCounter": 0
        },
        "url": "https://images.marinetraffic.com/collection/4889141.webp?size=800"
    },
    {
        "photoId": 4865344,
        "placeTaken": null,
        "takenAt": 1628960400,
        "copyright": "Philippe Guichot",
        "description": null,
        "asset": {
            "id": 145767,
            "type": "Cargo",
            "name": "SPIRIT"
        },
        "rating": {
            "voteAverage": 0,
            "voteCounter": 0
        },
        "url": "https://images.marinetraffic.com/collection/4865344.webp?size=800"
    },
    {
        "photoId": 4865343,
        "placeTaken": null,
        "takenAt": 1628960340,
        "copyright": "Philippe Guichot",
        "description": null,
        "asset": {
            "id": 145767,
            "type": "Cargo",
            "name": "SPIRIT"
        },
        "rating": {
            "voteAverage": 0,
            "voteCounter": 0
        },
        "url": "https://images.marinetraffic.com/collection/4865343.webp?size=800"
    },
    {
        "photoId": 4865325,
        "placeTaken": null,
        "takenAt": 1628872500,
        "copyright": "Philippe Guichot",
        "description": null,
        "asset": {
            "id": 145767,
            "type": "Cargo",
            "name": "SPIRIT"
        },
        "rating": {
            "voteAverage": 0,
            "voteCounter": 0
        },
        "url": "https://images.marinetraffic.com/collection/4865325.webp?size=800"
    },
    {
        "photoId": 4840226,
        "placeTaken": null,
        "takenAt": 1660477080,
        "copyright": "Aloys Eijgermans",
        "description": null,
        "asset": {
            "id": 145767,
            "type": "Cargo",
            "name": "SPIRIT"
        },
        "rating": {
            "voteAverage": 0,
            "voteCounter": 0
        },
        "url": "https://images.marinetraffic.com/collection/4840226.webp?size=800"
    },
    {
        "photoId": 4824461,
        "placeTaken": "Rozenburg",
        "takenAt": 1662214560,
        "copyright": "Henk Jungerius",
        "description": "Nieuwe Waterweg",
        "asset": {
            "id": 145767,
            "type": "Cargo",
            "name": "SPIRIT"
        },
        "rating": {
            "voteAverage": 0,
            "voteCounter": 0
        },
        "url": "https://images.marinetraffic.com/collection/4824461.webp?size=800"
    },
    {
        "photoId": 4768487,
        "placeTaken": null,
        "takenAt": 1628872560,
        "copyright": "Philippe Guichot",
        "description": null,
        "asset": {
            "id": 145767,
            "type": "Cargo",
            "name": "SPIRIT"
        },
        "rating": {
            "voteAverage": 0,
            "voteCounter": 0
        },
        "url": "https://images.marinetraffic.com/collection/4768487.webp?size=800"
    },
    {
        "photoId": 4768485,
        "placeTaken": null,
        "takenAt": 1628872500,
        "copyright": "Philippe Guichot",
        "description": null,
        "asset": {
            "id": 145767,
            "type": "Cargo",
            "name": "SPIRIT"
        },
        "rating": {
            "voteAverage": 0,
            "voteCounter": 0
        },
        "url": "https://images.marinetraffic.com/collection/4768485.webp?size=800"
    },
    {
        "photoId": 4747029,
        "placeTaken": "Port of Rotterdam",
        "takenAt": 1657536720,
        "copyright": "Frans Anemaet",
        "description": null,
        "asset": {
            "id": 145767,
            "type": "Cargo",
            "name": "SPIRIT"
        },
        "rating": {
            "voteAverage": 5,
            "voteCounter": 1
        },
        "url": "https://images.marinetraffic.com/collection/4747029.webp?size=800"
    }
]