[
    {
        "photoId": 4120927,
        "placeTaken": "Rotterdam",
        "takenAt": null,
        "copyright": "Michael van der Meer . nl",
        "description": null,
        "asset": {
            "id": 145767,
            "type": "Cargo",
            "name": "SPIRIT"
        },
        "rating": {
            "voteAverage": 0,
            "voteCounter": 0
        },
        "url": "https://images.marinetraffic.com/collection/4120927.webp?size=800"
    },
    {
        "photoId": 4111738,
        "placeTaken": "Nieuwe Waterweg, Hoek van Holland, Nederland",
        "takenAt": 1606566360,
        "copyright": "Aloys Eijgermans",
        "description": null,
        "asset": {
            "id": 145767,
            "type": "Cargo",
            "name": "SPIRIT"
        },
        "rating": {
            "voteAverage": 0,
            "voteCounter": 0
        },
        "url": "https://images.marinetraffic.com/collection/4111738.webp?size=800"
    },
    {
        "photoId": 4111737,
        "placeTaken": "Nieuwe Waterweg, Hoek van Holland, Nederland",
        "takenAt": 1606566300,
        "copyright": "Aloys Eijgermans",
        "description": null,
        "asset": {
            "id": 145767,
            "type": "Cargo",
            "name": "SPIRIT"
        },
        "rating": {
            "voteAverage": 0,
            "voteCounter": 0
        },
        "url": "https://images.marinetraffic.com/collection/4111737.webp?size=800"
    },
    {
        "photoId": 4111736,
        "placeTaken": "Nieuwe Waterweg, Hoek van Holland, Nederland",
        "takenAt": 1606566180,
        "copyright": "Aloys Eijgermans",
        "description": null,
        "asset": {
            "id": 145767,
            "type": "Cargo",
            "name": "SPIRIT"
        },
        "rating": {
            "voteAverage": 5,
            "voteCounter": 2
        },
        "url": "https://images.marinetraffic.com/collection/4111736.webp?size=800"
    },
    {
        "photoId": 4095489,
        "placeTaken": "Maasmond",
        "takenAt": 1604152980,
        "copyright": "paul gerdes",
        "description": null,
        "asset": {
            "id": 145767,
            "type": "Cargo",
            "name": "SPIRIT"
        },
        "rating": {
            "voteAverage": 0,
            "voteCounter": 0
        },
        "url": "https://images.marinetraffic.com/collection/4095489.webp?size=800"
    },
    {
        "photoId": 4043021,
        "placeTaken": "Hoek van Holland",
        "takenAt": 1342867500,
        "copyright": "Henk Jungerius",
        "description": "Nieuwe Waterweg",
        "asset": {
            "id": 145767,
            "type": "Cargo",
            "name": "HANSE SPIRIT"
        },
        "rating": {
            "voteAverage": 0,
            "voteCounter": 0
        },
        "url": "https://images.marinetraffic.com/collection/4043021.webp?size=800"
    },
    {
        "photoId": 4043020,
        "placeTaken": "Hoek van Holland",
        "takenAt": 1339939920,
        "copyright": "Henk Jungerius",
        "description": "Hoek van Holland",
        "asset": {
            "id": 145767,
            "type": "Cargo",
            "name": "HANSE SPIRIT"
        },
        "rating": {
            "voteAverage": 0,
            "voteCounter": 0
        },
        "url": "https://images.marinetraffic.com/collection/4043020.webp?size=800"
    },
    {
        "photoId": 4027985,
        "placeTaken": "MAASSLUIS, Het Scheur, NL ",
        "takenAt": 1588336500,
        "copyright": "RIA MAAT",
        "description": null,
        "asset": {
            "id": 145767,
            "type": "Cargo",
            "name": "SPIRIT"
        },
        "rating": {
            "voteAverage": 5,
            "voteCounter": 2
        },
        "url": "https://images.marinetraffic.com/collection/4027985.webp?size=800"
    },
    {
        "photoId": 4027125,
        "placeTaken": "MAASSLUIS, HET SCHEUR, NL",
        "takenAt": 1588336320,
        "copyright": "RIA MAAT",
        "description": null,
        "asset": {
            "id": 145767,
            "type": "Cargo",
            "name": "SPIRIT"
        },
        "rating": {
            "voteAverage": 5,
            "voteCounter": 2
        },
        "url": "https://images.marinetraffic.com/collection/4027125.webp?size=800"
    },
    {
        "photoId": 4025763,
        "placeTaken": "Port of Helsingborg, Sweden.",
        "takenAt": 1600171200,
        "copyright": "Kjell Andersson",
        "description": null,
        "asset": {
            "id": 145767,
            "type": "Cargo",
            "name": "SPIRIT"
        },
        "rating": {
            "voteAverage": 5,
            "voteCounter": 1
        },
        "url": "https://images.marinetraffic.com/collection/4025763.webp?size=800"
    },
    {
        "photoId": 4016278,
        "placeTaken": "MAASSLUIS, Het Scheur, NL ",
        "takenAt": 1599240060,
        "copyright": "RIA MAAT",
        "description": null,
        "asset": {
            "id": 145767,
            "type": "Cargo",
            "name": "SPIRIT"
        },
        "rating": {
            "voteAverage": 0,
            "voteCounter": 0
        },
        "url": "https://images.marinetraffic.com/collection/4016278.webp?size=800"
    },
    {
        "photoId": 4012628,
        "placeTaken": "Rotterdam - Nieuwe Maas",
        "takenAt": 1598646540,
        "copyright": "cmp klink",
        "description": null,
        "asset": {
            "id": 145767,
            "type": "Cargo",
            "name": "SPIRIT"
        },
        "rating": {
            "voteAverage": 5,
            "voteCounter": 2
        },
        "url": "https://images.marinetraffic.com/collection/4012628.webp?size=800"
    },
    {
        "photoId": 4002370,
        "placeTaken": "Rozenburg",
        "takenAt": 1598010420,
        "copyright": "Henk Jungerius",
        "description": "Het Scheur, Nieuwe Waterweg",
        "asset": {
            "id": 145767,
            "type": "Cargo",
            "name": "SPIRIT"
        },
        "rating": {
            "voteAverage": 0,
            "voteCounter": 0
        },
        "url": "https://images.marinetraffic.com/collection/4002370.webp?size=800"
    },
    {
        "photoId": 4002369,
        "placeTaken": "Rozenburg",
        "takenAt": 1598010180,
        "copyright": "Henk Jungerius",
        "description": "Het Scheur, Nieuwe Waterweg",
        "asset": {
            "id": 145767,
            "type": "Cargo",
            "name": "SPIRIT"
        },
        "rating": {
            "voteAverage": 0,
            "voteCounter": 0
        },
        "url": "https://images.marinetraffic.com/collection/4002369.webp?size=800"
    },
    {
        "photoId": 3976199,
        "placeTaken": "Rotterdam-Maasvlakte",
        "takenAt": 1596286380,
        "copyright": "Erwin Willemse",
        "description": null,
        "asset": {
            "id": 145767,
            "type": "Cargo",
            "name": "SPIRIT"
        },
        "rating": {
            "voteAverage": 0,
            "voteCounter": 0
        },
        "url": "https://images.marinetraffic.com/collection/3976199.webp?size=800"
    },
    {
        "photoId": 3958089,
        "placeTaken": null,
        "takenAt": 1593781980,
        "copyright": "Mario Gressler",
        "description": null,
        "asset": {
            "id": 145767,
            "type": "Cargo",
            "name": "SPIRIT"
        },
        "rating": {
            "voteAverage": 0,
            "voteCounter": 0
        },
        "url": "https://images.marinetraffic.com/collection/3958089.webp?size=800"
    },
    {
        "photoId": 3955694,
        "placeTaken": "Rotterdam-Yangtzekanaal",
        "takenAt": 1595077380,
        "copyright": "P.Kooistra",
        "description": " Cristian Burggraaf,uploaded with his permission",
        "asset": {
            "id": 145767,
            "type": "Cargo",
            "name": "SPIRIT"
        },
        "rating": {
            "voteAverage": 0,
            "voteCounter": 0
        },
        "url": "https://images.marinetraffic.com/collection/3955694.webp?size=800"
    },
    {
        "photoId": 3942347,
        "placeTaken": "Elbe, Rueschpark, Hamburg GER",
        "takenAt": 1568826420,
        "copyright": "FBN Raiger",
        "description": "Elbe, Rueschpark, Hamburg GER",
        "asset": {
            "id": 145767,
            "type": "Cargo",
            "name": "SPIRIT"
        },
        "rating": {
            "voteAverage": 5,
            "voteCounter": 25
        },
        "url": "https://images.marinetraffic.com/collection/3942347.webp?size=800"
    },
    {
        "photoId": 3942346,
        "placeTaken": "Elbe, Rueschpark, Hamburg GER",
        "takenAt": 1568826600,
        "copyright": "FBN Raiger",
        "description": "Elbe, Rueschpark, Hamburg GER",
        "asset": {
            "id": 145767,
            "type": "Cargo",
            "name": "SPIRIT"
        },
        "rating": {
            "voteAverage": 5,
            "voteCounter": 21
        },
        "url": "https://images.marinetraffic.com/collection/3942346.webp?size=800"
    },
    {
        "photoId": 3935269,
        "placeTaken": "Vlissingen",
        "takenAt": 1591974360,
        "copyright": "Frank-Peter Mecklenbeck",
        "description": null,
        "asset": {
            "id": 145767,
            "type": "Cargo",
            "name": "SPIRIT"
        },
        "rating": {
            "voteAverage": 5,
            "voteCounter": 11
        },
        "url": "https://images.marinetraffic.com/collection/3935269.webp?size=800"
    }
]