[
    {
        "photoId": 3831284,
        "placeTaken": null,
        "takenAt": 1568917260,
        "copyright": "Philippe Guichot",
        "description": null,
        "asset": {
            "id": 152470,
            "type": "Cargo",
            "name": "SHANGHAI EXPRESS"
        },
        "rating": {
            "voteAverage": 0,
            "voteCounter": 0
        },
        "url": "https://images.marinetraffic.com/collection/3831284.webp?size=800"
    },
    {
        "photoId": 3785448,
        "placeTaken": "SOUTHAMPTON",
        "takenAt": 1581429240,
        "copyright": "Jim Croucher",
        "description": null,
        "asset": {
            "id": 152470,
            "type": "Cargo",
            "name": "SHANGHAI EXPRESS"
        },
        "rating": {
            "voteAverage": 0,
            "voteCounter": 0
        },
        "url": "https://images.marinetraffic.com/collection/3785448.webp?size=800"
    },
    {
        "photoId": 3771297,
        "placeTaken": null,
        "takenAt": 1580318400,
        "copyright": "Dominique  Swarts",
        "description": null,
        "asset": {
            "id": 152470,
            "type": "Cargo",
            "name": "SHANGHAI EXPRESS"
        },
        "rating": {
            "voteAverage": 0,
            "voteCounter": 0
        },
        "url": "https://images.marinetraffic.com/collection/3771297.webp?size=800"
    },
    {
        "photoId": 3745401,
        "placeTaken": "Hamburg",
        "takenAt": 1568545740,
        "copyright": "Thomas Tauchert",
        "description": null,
        "asset": {
            "id": 152470,
            "type": "Cargo",
            "name": "SHANGHAI EXPRESS"
        },
        "rating": {
            "voteAverage": 0,
            "voteCounter": 0
        },
        "url": "https://images.marinetraffic.com/collection/3745401.webp?size=800"
    },
    {
        "photoId": 3745399,
        "placeTaken": "Hamburg",
        "takenAt": 1568544840,
        "copyright": "Thomas Tauchert",
        "description": null,
        "asset": {
            "id": 152470,
            "type": "Cargo",
            "name": "SHANGHAI EXPRESS"
        },
        "rating": {
            "voteAverage": 0,
            "voteCounter": 0
        },
        "url": "https://images.marinetraffic.com/collection/3745399.webp?size=800"
    },
    {
        "photoId": 3707456,
        "placeTaken": "Seattle, WA, USA",
        "takenAt": 1536582780,
        "copyright": "Jackie Pritchard",
        "description": null,
        "asset": {
            "id": 152470,
            "type": "Cargo",
            "name": "SHANGHAI EXPRESS"
        },
        "rating": {
            "voteAverage": 5,
            "voteCounter": 10
        },
        "url": "https://images.marinetraffic.com/collection/3707456.webp?size=800"
    },
    {
        "photoId": 3668018,
        "placeTaken": null,
        "takenAt": 1305699000,
        "copyright": "Philippe Guichot",
        "description": null,
        "asset": {
            "id": 152470,
            "type": "Cargo",
            "name": "SHANGHAI EXPRESS"
        },
        "rating": {
            "voteAverage": 0,
            "voteCounter": 0
        },
        "url": "https://images.marinetraffic.com/collection/3668018.webp?size=800"
    },
    {
        "photoId": 3655581,
        "placeTaken": "Nieuwe Waterweg Rotterdam.",
        "takenAt": 1401521100,
        "copyright": "Ed Kaas",
        "description": null,
        "asset": {
            "id": 152470,
            "type": "Cargo",
            "name": "SHANGHAI EXPRESS"
        },
        "rating": {
            "voteAverage": 5,
            "voteCounter": 2
        },
        "url": "https://images.marinetraffic.com/collection/3655581.webp?size=800"
    },
    {
        "photoId": 3615462,
        "placeTaken": "Hamburg",
        "takenAt": 1562484360,
        "copyright": "Thomas Tauchert",
        "description": null,
        "asset": {
            "id": 152470,
            "type": "Cargo",
            "name": "SHANGHAI EXPRESS"
        },
        "rating": {
            "voteAverage": 0,
            "voteCounter": 0
        },
        "url": "https://images.marinetraffic.com/collection/3615462.webp?size=800"
    },
    {
        "photoId": 3558602,
        "placeTaken": "Rotterdam-Beerkanaal",
        "takenAt": 1562250000,
        "copyright": "P.Kooistra",
        "description": null,
        "asset": {
            "id": 152470,
            "type": "Cargo",
            "name": "SHANGHAI EXPRESS"
        },
        "rating": {
            "voteAverage": 0,
            "voteCounter": 0
        },
        "url": "https://images.marinetraffic.com/collection/3558602.webp?size=800"
    },
    {
        "photoId": 3558227,
        "placeTaken": "Rotterdam-Beerkanaal",
        "takenAt": 1562249760,
        "copyright": "P.Kooistra",
        "description": null,
        "asset": {
            "id": 152470,
            "type": "Cargo",
            "name": "SHANGHAI EXPRESS"
        },
        "rating": {
            "voteAverage": 0,
            "voteCounter": 0
        },
        "url": "https://images.marinetraffic.com/collection/3558227.webp?size=800"
    },
    {
        "photoId": 3558223,
        "placeTaken": "Rotterdam-Beerkanaal",
        "takenAt": 1562249520,
        "copyright": "P.Kooistra",
        "description": null,
        "asset": {
            "id": 152470,
            "type": "Cargo",
            "name": "SHANGHAI EXPRESS"
        },
        "rating": {
            "voteAverage": 0,
            "voteCounter": 0
        },
        "url": "https://images.marinetraffic.com/collection/3558223.webp?size=800"
    },
    {
        "photoId": 3551533,
        "placeTaken": "Hamburg-Rueschpark",
        "takenAt": 1562509560,
        "copyright": "S.Seelemann",
        "description": "Outbound for Antwerp",
        "asset": {
            "id": 152470,
            "type": "Cargo",
            "name": "SHANGHAI EXPRESS"
        },
        "rating": {
            "voteAverage": 5,
            "voteCounter": 6
        },
        "url": "https://images.marinetraffic.com/collection/3551533.webp?size=800"
    },
    {
        "photoId": 3551096,
        "placeTaken": "Hamburg / CTA    GER",
        "takenAt": 1562491500,
        "copyright": "Buggi Porschien",
        "description": null,
        "asset": {
            "id": 152470,
            "type": "Cargo",
            "name": "SHANGHAI EXPRESS"
        },
        "rating": {
            "voteAverage": 0,
            "voteCounter": 0
        },
        "url": "https://images.marinetraffic.com/collection/3551096.webp?size=800"
    },
    {
        "photoId": 3457711,
        "placeTaken": "Hamburg- Wittenbergen",
        "takenAt": 1556099340,
        "copyright": "Hartmut Brockmueller",
        "description": null,
        "asset": {
            "id": 152470,
            "type": "Cargo",
            "name": "SHANGHAI EXPRESS"
        },
        "rating": {
            "voteAverage": 5,
            "voteCounter": 4
        },
        "url": "https://images.marinetraffic.com/collection/3457711.webp?size=800"
    },
    {
        "photoId": 3386635,
        "placeTaken": "Hamburg",
        "takenAt": 1550163600,
        "copyright": "Gerd Frick",
        "description": null,
        "asset": {
            "id": 152470,
            "type": "Cargo",
            "name": "SHANGHAI EXPRESS"
        },
        "rating": {
            "voteAverage": 5,
            "voteCounter": 4
        },
        "url": "https://images.marinetraffic.com/collection/3386635.webp?size=800"
    },
    {
        "photoId": 3302624,
        "placeTaken": "Busan New Port, Rep. of Korea",
        "takenAt": 1497709140,
        "copyright": "V. Tonic",
        "description": "Arriving at Busan New Port.",
        "asset": {
            "id": 152470,
            "type": "Cargo",
            "name": "SHANGHAI EXPRESS"
        },
        "rating": {
            "voteAverage": 0,
            "voteCounter": 0
        },
        "url": "https://images.marinetraffic.com/collection/3302624.webp?size=800"
    },
    {
        "photoId": 3302621,
        "placeTaken": "Busan New Port, Rep. of Korea",
        "takenAt": 1497708420,
        "copyright": "V. Tonic",
        "description": "Arriving at Busan New Port.",
        "asset": {
            "id": 152470,
            "type": "Cargo",
            "name": "SHANGHAI EXPRESS"
        },
        "rating": {
            "voteAverage": 0,
            "voteCounter": 0
        },
        "url": "https://images.marinetraffic.com/collection/3302621.webp?size=800"
    },
    {
        "photoId": 3301744,
        "placeTaken": "Hamburg, Ballinkai HHLA",
        "takenAt": 1388328720,
        "copyright": "Jurgen Lorenz",
        "description": null,
        "asset": {
            "id": 152470,
            "type": "Cargo",
            "name": "SHANGHAI EXPRESS"
        },
        "rating": {
            "voteAverage": 0,
            "voteCounter": 0
        },
        "url": "https://images.marinetraffic.com/collection/3301744.webp?size=800"
    },
    {
        "photoId": 3243513,
        "placeTaken": "Tsawwassen BC Canada",
        "takenAt": 1536494160,
        "copyright": "Chaz Hitz",
        "description": null,
        "asset": {
            "id": 152470,
            "type": "Cargo",
            "name": "SHANGHAI EXPRESS"
        },
        "rating": {
            "voteAverage": 0,
            "voteCounter": 0
        },
        "url": "https://images.marinetraffic.com/collection/3243513.webp?size=800"
    }
]