[
    {
        "photoId": 4921992,
        "placeTaken": "Cartagena Colombia ",
        "takenAt": 1668687060,
        "copyright": "Juan Carlos Rosales",
        "description": null,
        "asset": {
            "id": 152470,
            "type": "Cargo",
            "name": "SHANGHAI EXPRESS"
        },
        "rating": {
            "voteAverage": 0,
            "voteCounter": 0
        },
        "url": "https://images.marinetraffic.com/collection/4921992.webp?size=800"
    },
    {
        "photoId": 4784291,
        "placeTaken": "Bayonne, NJ",
        "takenAt": 1659817740,
        "copyright": "Marcin Kocoj",
        "description": "Shanghai Express arriving at GCT Bayonne",
        "asset": {
            "id": 152470,
            "type": "Cargo",
            "name": "SHANGHAI EXPRESS"
        },
        "rating": {
            "voteAverage": 5,
            "voteCounter": 2
        },
        "url": "https://images.marinetraffic.com/collection/4784291.webp?size=800"
    },
    {
        "photoId": 4627986,
        "placeTaken": "Bayonne, NJ",
        "takenAt": 1649626620,
        "copyright": "Marcin Kocoj",
        "description": "Shanghai Express leaving GCT Bayonne.",
        "asset": {
            "id": 152470,
            "type": "Cargo",
            "name": "SHANGHAI EXPRESS"
        },
        "rating": {
            "voteAverage": 5,
            "voteCounter": 1
        },
        "url": "https://images.marinetraffic.com/collection/4627986.webp?size=800"
    },
    {
        "photoId": 4627536,
        "placeTaken": "Bayonne, NJ.",
        "takenAt": 1649526120,
        "copyright": "John Chomicz",
        "description": "The SHANGHAI EXPRESS towers over us as it departs from Global Container Terminals in Bayonne, NJ. ",
        "asset": {
            "id": 152470,
            "type": "Cargo",
            "name": "SHANGHAI EXPRESS"
        },
        "rating": {
            "voteAverage": 0,
            "voteCounter": 0
        },
        "url": "https://images.marinetraffic.com/collection/4627536.webp?size=800"
    },
    {
        "photoId": 4477656,
        "placeTaken": null,
        "takenAt": 1568917680,
        "copyright": "Philippe Guichot",
        "description": null,
        "asset": {
            "id": 152470,
            "type": "Cargo",
            "name": "SHANGHAI EXPRESS"
        },
        "rating": {
            "voteAverage": 0,
            "voteCounter": 0
        },
        "url": "https://images.marinetraffic.com/collection/4477656.webp?size=800"
    },
    {
        "photoId": 4477654,
        "placeTaken": null,
        "takenAt": 1568917140,
        "copyright": "Philippe Guichot",
        "description": null,
        "asset": {
            "id": 152470,
            "type": "Cargo",
            "name": "SHANGHAI EXPRESS"
        },
        "rating": {
            "voteAverage": 0,
            "voteCounter": 0
        },
        "url": "https://images.marinetraffic.com/collection/4477654.webp?size=800"
    },
    {
        "photoId": 4408210,
        "placeTaken": "Bayonne, NJ.",
        "takenAt": 1630341300,
        "copyright": "John Chomicz",
        "description": "The beautifully lit SHANGHAI EXPRESS arrives at Global Container Terminals in Bayonne, NJ. ",
        "asset": {
            "id": 152470,
            "type": "Cargo",
            "name": "SHANGHAI EXPRESS"
        },
        "rating": {
            "voteAverage": 5,
            "voteCounter": 1
        },
        "url": "https://images.marinetraffic.com/collection/4408210.webp?size=800"
    },
    {
        "photoId": 4406867,
        "placeTaken": null,
        "takenAt": 1568918100,
        "copyright": "Philippe Guichot",
        "description": null,
        "asset": {
            "id": 152470,
            "type": "Cargo",
            "name": "SHANGHAI EXPRESS"
        },
        "rating": {
            "voteAverage": 0,
            "voteCounter": 0
        },
        "url": "https://images.marinetraffic.com/collection/4406867.webp?size=800"
    },
    {
        "photoId": 4406865,
        "placeTaken": null,
        "takenAt": 1568917740,
        "copyright": "Philippe Guichot",
        "description": null,
        "asset": {
            "id": 152470,
            "type": "Cargo",
            "name": "SHANGHAI EXPRESS"
        },
        "rating": {
            "voteAverage": 5,
            "voteCounter": 1
        },
        "url": "https://images.marinetraffic.com/collection/4406865.webp?size=800"
    },
    {
        "photoId": 4406864,
        "placeTaken": null,
        "takenAt": 1568917500,
        "copyright": "Philippe Guichot",
        "description": null,
        "asset": {
            "id": 152470,
            "type": "Cargo",
            "name": "SHANGHAI EXPRESS"
        },
        "rating": {
            "voteAverage": 0,
            "voteCounter": 0
        },
        "url": "https://images.marinetraffic.com/collection/4406864.webp?size=800"
    },
    {
        "photoId": 4405945,
        "placeTaken": "Bayonne, NJ",
        "takenAt": 1630363380,
        "copyright": "Marcin Kocoj",
        "description": "Shanghai Express arriving at GCT Bayonne.",
        "asset": {
            "id": 152470,
            "type": "Cargo",
            "name": "SHANGHAI EXPRESS"
        },
        "rating": {
            "voteAverage": 5,
            "voteCounter": 1
        },
        "url": "https://images.marinetraffic.com/collection/4405945.webp?size=800"
    },
    {
        "photoId": 4388970,
        "placeTaken": null,
        "takenAt": 1629204300,
        "copyright": "RAGA",
        "description": null,
        "asset": {
            "id": 152470,
            "type": "Cargo",
            "name": "SHANGHAI EXPRESS"
        },
        "rating": {
            "voteAverage": 0,
            "voteCounter": 0
        },
        "url": "https://images.marinetraffic.com/collection/4388970.webp?size=800"
    },
    {
        "photoId": 4198031,
        "placeTaken": null,
        "takenAt": 1615740960,
        "copyright": "P3t3r H",
        "description": null,
        "asset": {
            "id": 152470,
            "type": "Cargo",
            "name": "SHANGHAI EXPRESS"
        },
        "rating": {
            "voteAverage": 0,
            "voteCounter": 0
        },
        "url": "https://images.marinetraffic.com/collection/4198031.webp?size=800"
    },
    {
        "photoId": 4126418,
        "placeTaken": "Genova",
        "takenAt": 1609067820,
        "copyright": "ships@tin.it",
        "description": null,
        "asset": {
            "id": 152470,
            "type": "Cargo",
            "name": "SHANGHAI EXPRESS"
        },
        "rating": {
            "voteAverage": 0,
            "voteCounter": 0
        },
        "url": "https://images.marinetraffic.com/collection/4126418.webp?size=800"
    },
    {
        "photoId": 4122878,
        "placeTaken": "Valencia",
        "takenAt": 1608630960,
        "copyright": "Manuel Hern\u00e1ndez",
        "description": null,
        "asset": {
            "id": 152470,
            "type": "Cargo",
            "name": "SHANGHAI EXPRESS"
        },
        "rating": {
            "voteAverage": 0,
            "voteCounter": 0
        },
        "url": "https://images.marinetraffic.com/collection/4122878.webp?size=800"
    },
    {
        "photoId": 4052639,
        "placeTaken": "Genova",
        "takenAt": 1602262740,
        "copyright": "ships@tin.it",
        "description": null,
        "asset": {
            "id": 152470,
            "type": "Cargo",
            "name": "SHANGHAI EXPRESS"
        },
        "rating": {
            "voteAverage": 0,
            "voteCounter": 0
        },
        "url": "https://images.marinetraffic.com/collection/4052639.webp?size=800"
    },
    {
        "photoId": 3898535,
        "placeTaken": null,
        "takenAt": 1568917380,
        "copyright": "Philippe Guichot",
        "description": null,
        "asset": {
            "id": 152470,
            "type": "Cargo",
            "name": "SHANGHAI EXPRESS"
        },
        "rating": {
            "voteAverage": 0,
            "voteCounter": 0
        },
        "url": "https://images.marinetraffic.com/collection/3898535.webp?size=800"
    },
    {
        "photoId": 3876455,
        "placeTaken": null,
        "takenAt": 1305699060,
        "copyright": "Philippe Guichot",
        "description": null,
        "asset": {
            "id": 152470,
            "type": "Cargo",
            "name": "SHANGHAI EXPRESS"
        },
        "rating": {
            "voteAverage": 0,
            "voteCounter": 0
        },
        "url": "https://images.marinetraffic.com/collection/3876455.webp?size=800"
    },
    {
        "photoId": 3831286,
        "placeTaken": null,
        "takenAt": 1568917980,
        "copyright": "Philippe Guichot",
        "description": null,
        "asset": {
            "id": 152470,
            "type": "Cargo",
            "name": "SHANGHAI EXPRESS"
        },
        "rating": {
            "voteAverage": 0,
            "voteCounter": 0
        },
        "url": "https://images.marinetraffic.com/collection/3831286.webp?size=800"
    },
    {
        "photoId": 3831285,
        "placeTaken": null,
        "takenAt": 1568917620,
        "copyright": "Philippe Guichot",
        "description": null,
        "asset": {
            "id": 152470,
            "type": "Cargo",
            "name": "SHANGHAI EXPRESS"
        },
        "rating": {
            "voteAverage": 5,
            "voteCounter": 1
        },
        "url": "https://images.marinetraffic.com/collection/3831285.webp?size=800"
    }
]