[
    {
        "photoId": 4872351,
        "placeTaken": "Rozenburg",
        "takenAt": 1665063960,
        "copyright": "Henk Jungerius",
        "description": "Nieuwe Waterweg",
        "asset": {
            "id": 151630,
            "type": "Cargo",
            "name": "HENNEKE RAMBOW"
        },
        "rating": {
            "voteAverage": 0,
            "voteCounter": 0
        },
        "url": "https://images.marinetraffic.com/collection/4872351.webp?size=800"
    },
    {
        "photoId": 4864104,
        "placeTaken": "Rozenburg",
        "takenAt": 1665063960,
        "copyright": "Henk Jungerius",
        "description": "Nieuwe Waterweg",
        "asset": {
            "id": 151630,
            "type": "Cargo",
            "name": "HENNEKE RAMBOW"
        },
        "rating": {
            "voteAverage": 0,
            "voteCounter": 0
        },
        "url": "https://images.marinetraffic.com/collection/4864104.webp?size=800"
    },
    {
        "photoId": 4824882,
        "placeTaken": "River Thames",
        "takenAt": 1611417600,
        "copyright": "Capt. Turboboss",
        "description": null,
        "asset": {
            "id": 151630,
            "type": "Cargo",
            "name": "HENNEKE RAMBOW"
        },
        "rating": {
            "voteAverage": 0,
            "voteCounter": 0
        },
        "url": "https://images.marinetraffic.com/collection/4824882.webp?size=800"
    },
    {
        "photoId": 4824880,
        "placeTaken": "River Thames",
        "takenAt": 1611417540,
        "copyright": "Capt. Turboboss",
        "description": null,
        "asset": {
            "id": 151630,
            "type": "Cargo",
            "name": "HENNEKE RAMBOW"
        },
        "rating": {
            "voteAverage": 0,
            "voteCounter": 0
        },
        "url": "https://images.marinetraffic.com/collection/4824880.webp?size=800"
    },
    {
        "photoId": 4824879,
        "placeTaken": "River Thames",
        "takenAt": 1611417540,
        "copyright": "Capt. Turboboss",
        "description": null,
        "asset": {
            "id": 151630,
            "type": "Cargo",
            "name": "HENNEKE RAMBOW"
        },
        "rating": {
            "voteAverage": 0,
            "voteCounter": 0
        },
        "url": "https://images.marinetraffic.com/collection/4824879.webp?size=800"
    },
    {
        "photoId": 4787419,
        "placeTaken": "Rozenburg",
        "takenAt": 1659613260,
        "copyright": "Henk Jungerius",
        "description": "Nieuwe Waterweg",
        "asset": {
            "id": 151630,
            "type": "Cargo",
            "name": "HENNEKE RAMBOW"
        },
        "rating": {
            "voteAverage": 0,
            "voteCounter": 0
        },
        "url": "https://images.marinetraffic.com/collection/4787419.webp?size=800"
    },
    {
        "photoId": 4779485,
        "placeTaken": "Wedel",
        "takenAt": 1659467640,
        "copyright": "Hartmut Brockmueller",
        "description": null,
        "asset": {
            "id": 151630,
            "type": "Cargo",
            "name": "HENNEKE RAMBOW"
        },
        "rating": {
            "voteAverage": 5,
            "voteCounter": 16
        },
        "url": "https://images.marinetraffic.com/collection/4779485.webp?size=800"
    },
    {
        "photoId": 4769315,
        "placeTaken": null,
        "takenAt": 1628965860,
        "copyright": "Philippe Guichot",
        "description": null,
        "asset": {
            "id": 151630,
            "type": "Cargo",
            "name": "HENNEKE RAMBOW"
        },
        "rating": {
            "voteAverage": 0,
            "voteCounter": 0
        },
        "url": "https://images.marinetraffic.com/collection/4769315.webp?size=800"
    },
    {
        "photoId": 4769313,
        "placeTaken": null,
        "takenAt": 1628966160,
        "copyright": "Philippe Guichot",
        "description": null,
        "asset": {
            "id": 151630,
            "type": "Cargo",
            "name": "HENNEKE RAMBOW"
        },
        "rating": {
            "voteAverage": 5,
            "voteCounter": 1
        },
        "url": "https://images.marinetraffic.com/collection/4769313.webp?size=800"
    },
    {
        "photoId": 4768478,
        "placeTaken": null,
        "takenAt": 1628870760,
        "copyright": "Philippe Guichot",
        "description": null,
        "asset": {
            "id": 151630,
            "type": "Cargo",
            "name": "HENNEKE RAMBOW"
        },
        "rating": {
            "voteAverage": 0,
            "voteCounter": 0
        },
        "url": "https://images.marinetraffic.com/collection/4768478.webp?size=800"
    },
    {
        "photoId": 4768477,
        "placeTaken": null,
        "takenAt": 1628870580,
        "copyright": "Philippe Guichot",
        "description": null,
        "asset": {
            "id": 151630,
            "type": "Cargo",
            "name": "HENNEKE RAMBOW"
        },
        "rating": {
            "voteAverage": 0,
            "voteCounter": 0
        },
        "url": "https://images.marinetraffic.com/collection/4768477.webp?size=800"
    },
    {
        "photoId": 4688524,
        "placeTaken": "Hoek van Holland Port of Rotterdam",
        "takenAt": 1653909000,
        "copyright": "Frans Anemaet",
        "description": null,
        "asset": {
            "id": 151630,
            "type": "Cargo",
            "name": "HENNEKE RAMBOW"
        },
        "rating": {
            "voteAverage": 0,
            "voteCounter": 0
        },
        "url": "https://images.marinetraffic.com/collection/4688524.webp?size=800"
    },
    {
        "photoId": 4685768,
        "placeTaken": "Wedel - Willkomm Hft",
        "takenAt": 1653758220,
        "copyright": "Jan-Philipp Lauer",
        "description": null,
        "asset": {
            "id": 151630,
            "type": "Cargo",
            "name": "HENNEKE RAMBOW"
        },
        "rating": {
            "voteAverage": 0,
            "voteCounter": 0
        },
        "url": "https://images.marinetraffic.com/collection/4685768.webp?size=800"
    },
    {
        "photoId": 4630851,
        "placeTaken": "Hamburg Sdwesthafen",
        "takenAt": 1649827740,
        "copyright": "Ritter Ramon",
        "description": null,
        "asset": {
            "id": 151630,
            "type": "Cargo",
            "name": "HENNEKE RAMBOW"
        },
        "rating": {
            "voteAverage": 0,
            "voteCounter": 0
        },
        "url": "https://images.marinetraffic.com/collection/4630851.webp?size=800"
    },
    {
        "photoId": 4621373,
        "placeTaken": "Santa Cruz de Tenerife",
        "takenAt": 1648660500,
        "copyright": "samt mendher",
        "description": null,
        "asset": {
            "id": 151630,
            "type": "Cargo",
            "name": "HENNEKE RAMBOW"
        },
        "rating": {
            "voteAverage": 5,
            "voteCounter": 1
        },
        "url": "https://images.marinetraffic.com/collection/4621373.webp?size=800"
    },
    {
        "photoId": 4586423,
        "placeTaken": "Hamburg Sdwesthafen",
        "takenAt": 1646029260,
        "copyright": "Ritter Ramon",
        "description": null,
        "asset": {
            "id": 151630,
            "type": "Cargo",
            "name": "HENNEKE RAMBOW"
        },
        "rating": {
            "voteAverage": 4,
            "voteCounter": 1
        },
        "url": "https://images.marinetraffic.com/collection/4586423.webp?size=800"
    },
    {
        "photoId": 4521429,
        "placeTaken": "GIBRALTAR",
        "takenAt": 1639222860,
        "copyright": "GIBFRAN46",
        "description": null,
        "asset": {
            "id": 151630,
            "type": "Cargo",
            "name": "HENNEKE RAMBOW"
        },
        "rating": {
            "voteAverage": 0,
            "voteCounter": 0
        },
        "url": "https://images.marinetraffic.com/collection/4521429.webp?size=800"
    },
    {
        "photoId": 4511163,
        "placeTaken": "Kiel Canal Germany ",
        "takenAt": 1434790680,
        "copyright": "Katrin Herrmann",
        "description": null,
        "asset": {
            "id": 151630,
            "type": "Cargo",
            "name": "HENNEKE RAMBOW"
        },
        "rating": {
            "voteAverage": 5,
            "voteCounter": 1
        },
        "url": "https://images.marinetraffic.com/collection/4511163.webp?size=800"
    },
    {
        "photoId": 4501920,
        "placeTaken": "River Thames. Northfleet. Kent. UK.",
        "takenAt": 1637850060,
        "copyright": "Ray Petri",
        "description": null,
        "asset": {
            "id": 151630,
            "type": "Cargo",
            "name": "HENNEKE RAMBOW"
        },
        "rating": {
            "voteAverage": 5,
            "voteCounter": 1
        },
        "url": "https://images.marinetraffic.com/collection/4501920.webp?size=800"
    },
    {
        "photoId": 4501919,
        "placeTaken": "River Thames. Northfleet. Kent. UK.",
        "takenAt": 1637849820,
        "copyright": "Ray Petri",
        "description": null,
        "asset": {
            "id": 151630,
            "type": "Cargo",
            "name": "HENNEKE RAMBOW"
        },
        "rating": {
            "voteAverage": 0,
            "voteCounter": 0
        },
        "url": "https://images.marinetraffic.com/collection/4501919.webp?size=800"
    }
]