[
    {
        "photoId": 3378870,
        "placeTaken": "Vancouver Canada",
        "takenAt": 1549373820,
        "copyright": "rick voice",
        "description": "Alongside Centerm.",
        "asset": {
            "id": 158530,
            "type": "Cargo",
            "name": "ANNA MAERSK"
        },
        "rating": {
            "voteAverage": 0,
            "voteCounter": 0
        },
        "url": "https://images.marinetraffic.com/collection/3378870.webp?size=800"
    },
    {
        "photoId": 3353363,
        "placeTaken": "URAGA channel",
        "takenAt": 1546871400,
        "copyright": "IikaJzuchiN",
        "description": null,
        "asset": {
            "id": 158530,
            "type": "Cargo",
            "name": "ANNA MAERSK"
        },
        "rating": {
            "voteAverage": 5,
            "voteCounter": 1
        },
        "url": "https://images.marinetraffic.com/collection/3353363.webp?size=800"
    },
    {
        "photoId": 3336707,
        "placeTaken": "Vancouver Canada",
        "takenAt": 1545138180,
        "copyright": "rick voice",
        "description": "Alongside Centerm.",
        "asset": {
            "id": 158530,
            "type": "Cargo",
            "name": "ANNA MAERSK"
        },
        "rating": {
            "voteAverage": 0,
            "voteCounter": 0
        },
        "url": "https://images.marinetraffic.com/collection/3336707.webp?size=800"
    },
    {
        "photoId": 3312218,
        "placeTaken": "Yokohama",
        "takenAt": 1542723960,
        "copyright": "Dexter",
        "description": "Draft 14.5m",
        "asset": {
            "id": 158530,
            "type": "Cargo",
            "name": "ANNA MAERSK"
        },
        "rating": {
            "voteAverage": 4.333333,
            "voteCounter": 6
        },
        "url": "https://images.marinetraffic.com/collection/3312218.webp?size=800"
    },
    {
        "photoId": 3297240,
        "placeTaken": "near Port Townsend, WA   USA",
        "takenAt": 1541519940,
        "copyright": "Jackie Pritchard",
        "description": null,
        "asset": {
            "id": 158530,
            "type": "Cargo",
            "name": "ANNA MAERSK"
        },
        "rating": {
            "voteAverage": 5,
            "voteCounter": 3
        },
        "url": "https://images.marinetraffic.com/collection/3297240.webp?size=800"
    },
    {
        "photoId": 3294962,
        "placeTaken": "Vancouver Canada",
        "takenAt": 1541337480,
        "copyright": "rick voice",
        "description": "Alongside Centerm.",
        "asset": {
            "id": 158530,
            "type": "Cargo",
            "name": "ANNA MAERSK"
        },
        "rating": {
            "voteAverage": 0,
            "voteCounter": 0
        },
        "url": "https://images.marinetraffic.com/collection/3294962.webp?size=800"
    },
    {
        "photoId": 2781569,
        "placeTaken": "New York",
        "takenAt": 1498719360,
        "copyright": "Patrick Hamilton",
        "description": "Upper Bay",
        "asset": {
            "id": 158530,
            "type": "Cargo",
            "name": "ANNA MAERSK"
        },
        "rating": {
            "voteAverage": 0,
            "voteCounter": 0
        },
        "url": "https://images.marinetraffic.com/collection/2781569.webp?size=800"
    },
    {
        "photoId": 2722777,
        "placeTaken": "Narrows NYNY",
        "takenAt": 1497288060,
        "copyright": "WsD",
        "description": null,
        "asset": {
            "id": 158530,
            "type": "Cargo",
            "name": "ANNA MAERSK"
        },
        "rating": {
            "voteAverage": 0,
            "voteCounter": 0
        },
        "url": "https://images.marinetraffic.com/collection/2722777.webp?size=800"
    },
    {
        "photoId": 2659391,
        "placeTaken": "SINGAPORE",
        "takenAt": 1487836020,
        "copyright": "Capt. Turboboss",
        "description": null,
        "asset": {
            "id": 158530,
            "type": "Cargo",
            "name": "ANNA MAERSK"
        },
        "rating": {
            "voteAverage": 0,
            "voteCounter": 0
        },
        "url": "https://images.marinetraffic.com/collection/2659391.webp?size=800"
    },
    {
        "photoId": 2659389,
        "placeTaken": "SINGAPORE",
        "takenAt": 1487835780,
        "copyright": "Capt. Turboboss",
        "description": null,
        "asset": {
            "id": 158530,
            "type": "Cargo",
            "name": "ANNA MAERSK"
        },
        "rating": {
            "voteAverage": 0,
            "voteCounter": 0
        },
        "url": "https://images.marinetraffic.com/collection/2659389.webp?size=800"
    },
    {
        "photoId": 2659387,
        "placeTaken": "SINGAPORE",
        "takenAt": 1487835420,
        "copyright": "Capt. Turboboss",
        "description": null,
        "asset": {
            "id": 158530,
            "type": "Cargo",
            "name": "ANNA MAERSK"
        },
        "rating": {
            "voteAverage": 5,
            "voteCounter": 1
        },
        "url": "https://images.marinetraffic.com/collection/2659387.webp?size=800"
    },
    {
        "photoId": 2629894,
        "placeTaken": "Miami Beach",
        "takenAt": 1490812920,
        "copyright": "Stavros Mitchelides",
        "description": "Copyright MiamiRealEstateGuy.com",
        "asset": {
            "id": 158530,
            "type": "Cargo",
            "name": "ANNA MAERSK"
        },
        "rating": {
            "voteAverage": 0,
            "voteCounter": 0
        },
        "url": "https://images.marinetraffic.com/collection/2629894.webp?size=800"
    },
    {
        "photoId": 2261143,
        "placeTaken": "Rijeka  Croatia",
        "takenAt": 1458385740,
        "copyright": "Marjan Stropnik",
        "description": null,
        "asset": {
            "id": 158530,
            "type": "Cargo",
            "name": "ANNA MAERSK"
        },
        "rating": {
            "voteAverage": 5,
            "voteCounter": 1
        },
        "url": "https://images.marinetraffic.com/collection/2261143.webp?size=800"
    },
    {
        "photoId": 2259749,
        "placeTaken": "Rijeka,Croatia",
        "takenAt": null,
        "copyright": "Dragec",
        "description": null,
        "asset": {
            "id": 158530,
            "type": "Cargo",
            "name": "ANNA MAERSK"
        },
        "rating": {
            "voteAverage": 0,
            "voteCounter": 0
        },
        "url": "https://images.marinetraffic.com/collection/2259749.webp?size=800"
    },
    {
        "photoId": 2256772,
        "placeTaken": "Koper  Slovenia",
        "takenAt": 1458069240,
        "copyright": "Marjan Stropnik",
        "description": null,
        "asset": {
            "id": 158530,
            "type": "Cargo",
            "name": "ANNA MAERSK"
        },
        "rating": {
            "voteAverage": 0,
            "voteCounter": 0
        },
        "url": "https://images.marinetraffic.com/collection/2256772.webp?size=800"
    },
    {
        "photoId": 2255786,
        "placeTaken": "Koper  Slovenia",
        "takenAt": 1457974500,
        "copyright": "Marjan Stropnik",
        "description": null,
        "asset": {
            "id": 158530,
            "type": "Cargo",
            "name": "ANNA MAERSK"
        },
        "rating": {
            "voteAverage": 0,
            "voteCounter": 0
        },
        "url": "https://images.marinetraffic.com/collection/2255786.webp?size=800"
    },
    {
        "photoId": 2255780,
        "placeTaken": "Koper  Slovenia",
        "takenAt": 1457973180,
        "copyright": "Marjan Stropnik",
        "description": null,
        "asset": {
            "id": 158530,
            "type": "Cargo",
            "name": "ANNA MAERSK"
        },
        "rating": {
            "voteAverage": 0,
            "voteCounter": 0
        },
        "url": "https://images.marinetraffic.com/collection/2255780.webp?size=800"
    },
    {
        "photoId": 2255779,
        "placeTaken": "Koper  Slovenia",
        "takenAt": 1457971620,
        "copyright": "Marjan Stropnik",
        "description": null,
        "asset": {
            "id": 158530,
            "type": "Cargo",
            "name": "ANNA MAERSK"
        },
        "rating": {
            "voteAverage": 0,
            "voteCounter": 0
        },
        "url": "https://images.marinetraffic.com/collection/2255779.webp?size=800"
    },
    {
        "photoId": 1778737,
        "placeTaken": "ALGECIRAS",
        "takenAt": 1411482180,
        "copyright": "F.YBANCOS",
        "description": null,
        "asset": {
            "id": 158530,
            "type": "Cargo",
            "name": "ANNA MAERSK"
        },
        "rating": {
            "voteAverage": 0,
            "voteCounter": 0
        },
        "url": "https://images.marinetraffic.com/collection/1778737.webp?size=800"
    },
    {
        "photoId": 1778734,
        "placeTaken": "ALGECIRAS",
        "takenAt": 1411482060,
        "copyright": "F.YBANCOS",
        "description": null,
        "asset": {
            "id": 158530,
            "type": "Cargo",
            "name": "ANNA MAERSK"
        },
        "rating": {
            "voteAverage": 0,
            "voteCounter": 0
        },
        "url": "https://images.marinetraffic.com/collection/1778734.webp?size=800"
    }
]