[
    {
        "photoId": 4941415,
        "placeTaken": "Hamburg, Bubendeyufer",
        "takenAt": 1672397580,
        "copyright": "Oliver Boltz",
        "description": null,
        "asset": {
            "id": 155946,
            "type": "Cargo",
            "name": "MATZ MAERSK"
        },
        "rating": {
            "voteAverage": 0,
            "voteCounter": 0
        },
        "url": "https://images.marinetraffic.com/collection/4941415.webp?size=800"
    },
    {
        "photoId": 4941414,
        "placeTaken": "Hamburg, Bubendeyufer",
        "takenAt": 1672396680,
        "copyright": "Oliver Boltz",
        "description": null,
        "asset": {
            "id": 155946,
            "type": "Cargo",
            "name": "MATZ MAERSK"
        },
        "rating": {
            "voteAverage": 5,
            "voteCounter": 1
        },
        "url": "https://images.marinetraffic.com/collection/4941414.webp?size=800"
    },
    {
        "photoId": 4941413,
        "placeTaken": "Hamburg, Bubendeyufer",
        "takenAt": 1672396560,
        "copyright": "Oliver Boltz",
        "description": null,
        "asset": {
            "id": 155946,
            "type": "Cargo",
            "name": "MATZ MAERSK"
        },
        "rating": {
            "voteAverage": 5,
            "voteCounter": 1
        },
        "url": "https://images.marinetraffic.com/collection/4941413.webp?size=800"
    },
    {
        "photoId": 4941412,
        "placeTaken": "Hamburg, Bubendeyufer",
        "takenAt": 1672396440,
        "copyright": "Oliver Boltz",
        "description": null,
        "asset": {
            "id": 155946,
            "type": "Cargo",
            "name": "MATZ MAERSK"
        },
        "rating": {
            "voteAverage": 5,
            "voteCounter": 1
        },
        "url": "https://images.marinetraffic.com/collection/4941412.webp?size=800"
    },
    {
        "photoId": 4941411,
        "placeTaken": "Hamburg, Bubendeyufer",
        "takenAt": 1672396380,
        "copyright": "Oliver Boltz",
        "description": null,
        "asset": {
            "id": 155946,
            "type": "Cargo",
            "name": "MATZ MAERSK"
        },
        "rating": {
            "voteAverage": 0,
            "voteCounter": 0
        },
        "url": "https://images.marinetraffic.com/collection/4941411.webp?size=800"
    },
    {
        "photoId": 4884302,
        "placeTaken": "Cuxhaven",
        "takenAt": 1664287260,
        "copyright": "Bettina Rohbrecht",
        "description": null,
        "asset": {
            "id": 155946,
            "type": "Cargo",
            "name": "MATZ MAERSK"
        },
        "rating": {
            "voteAverage": 0,
            "voteCounter": 0
        },
        "url": "https://images.marinetraffic.com/collection/4884302.webp?size=800"
    },
    {
        "photoId": 4884301,
        "placeTaken": "Cuxhaven",
        "takenAt": 1664287020,
        "copyright": "Bettina Rohbrecht",
        "description": null,
        "asset": {
            "id": 155946,
            "type": "Cargo",
            "name": "MATZ MAERSK"
        },
        "rating": {
            "voteAverage": 0,
            "voteCounter": 0
        },
        "url": "https://images.marinetraffic.com/collection/4884301.webp?size=800"
    },
    {
        "photoId": 4862280,
        "placeTaken": null,
        "takenAt": 1665070560,
        "copyright": "Cees Mastenbroek",
        "description": null,
        "asset": {
            "id": 155946,
            "type": "Cargo",
            "name": "MATZ MAERSK"
        },
        "rating": {
            "voteAverage": 0,
            "voteCounter": 0
        },
        "url": "https://images.marinetraffic.com/collection/4862280.webp?size=800"
    },
    {
        "photoId": 4857469,
        "placeTaken": "Hamburg, Germany",
        "takenAt": null,
        "copyright": "Elmar Weiss",
        "description": "Hamburg, Germany",
        "asset": {
            "id": 155946,
            "type": "Cargo",
            "name": "MATZ MAERSK"
        },
        "rating": {
            "voteAverage": 0,
            "voteCounter": 0
        },
        "url": "https://images.marinetraffic.com/collection/4857469.webp?size=800"
    },
    {
        "photoId": 4835068,
        "placeTaken": null,
        "takenAt": 1657091700,
        "copyright": "guedez gw\u00e9n",
        "description": null,
        "asset": {
            "id": 155946,
            "type": "Cargo",
            "name": "MATZ MAERSK"
        },
        "rating": {
            "voteAverage": 5,
            "voteCounter": 1
        },
        "url": "https://images.marinetraffic.com/collection/4835068.webp?size=800"
    },
    {
        "photoId": 4784743,
        "placeTaken": "Hamburg/Waltershof",
        "takenAt": 1612614960,
        "copyright": "Christian Mailer",
        "description": null,
        "asset": {
            "id": 155946,
            "type": "Cargo",
            "name": "MATZ MAERSK"
        },
        "rating": {
            "voteAverage": 0,
            "voteCounter": 0
        },
        "url": "https://images.marinetraffic.com/collection/4784743.webp?size=800"
    },
    {
        "photoId": 4720820,
        "placeTaken": "Elbe - Stadersand",
        "takenAt": 1655309400,
        "copyright": "Jan K\u00f6ser",
        "description": null,
        "asset": {
            "id": 155946,
            "type": "Cargo",
            "name": "MATZ MAERSK"
        },
        "rating": {
            "voteAverage": 5,
            "voteCounter": 2
        },
        "url": "https://images.marinetraffic.com/collection/4720820.webp?size=800"
    },
    {
        "photoId": 4717231,
        "placeTaken": "Hamburg Waltershofer Hafen",
        "takenAt": 1655788140,
        "copyright": "Ritter Ramon",
        "description": null,
        "asset": {
            "id": 155946,
            "type": "Cargo",
            "name": "MATZ MAERSK"
        },
        "rating": {
            "voteAverage": 0,
            "voteCounter": 0
        },
        "url": "https://images.marinetraffic.com/collection/4717231.webp?size=800"
    },
    {
        "photoId": 4709385,
        "placeTaken": "Elbe - Stadersand",
        "takenAt": 1655308980,
        "copyright": "Jan K\u00f6ser",
        "description": null,
        "asset": {
            "id": 155946,
            "type": "Cargo",
            "name": "MATZ MAERSK"
        },
        "rating": {
            "voteAverage": 5,
            "voteCounter": 7
        },
        "url": "https://images.marinetraffic.com/collection/4709385.webp?size=800"
    },
    {
        "photoId": 4709374,
        "placeTaken": "Elbe - Stadersand",
        "takenAt": 1655308860,
        "copyright": "Jan K\u00f6ser",
        "description": null,
        "asset": {
            "id": 155946,
            "type": "Cargo",
            "name": "MATZ MAERSK"
        },
        "rating": {
            "voteAverage": 5,
            "voteCounter": 4
        },
        "url": "https://images.marinetraffic.com/collection/4709374.webp?size=800"
    },
    {
        "photoId": 4600360,
        "placeTaken": "Hamburg, Waltershof",
        "takenAt": 1646558100,
        "copyright": "Oliver Boltz",
        "description": null,
        "asset": {
            "id": 155946,
            "type": "Cargo",
            "name": "MATZ MAERSK"
        },
        "rating": {
            "voteAverage": 0,
            "voteCounter": 0
        },
        "url": "https://images.marinetraffic.com/collection/4600360.webp?size=800"
    },
    {
        "photoId": 4563811,
        "placeTaken": "Elbe, Bubendey-Ufer, Hamburg GER",
        "takenAt": 1627370700,
        "copyright": "FBN Raiger",
        "description": "Elbe, Bubendey-Ufer, Hamburg GER",
        "asset": {
            "id": 155946,
            "type": "Cargo",
            "name": "MATZ MAERSK"
        },
        "rating": {
            "voteAverage": 5,
            "voteCounter": 27
        },
        "url": "https://images.marinetraffic.com/collection/4563811.webp?size=800"
    },
    {
        "photoId": 4563806,
        "placeTaken": "Eurogate, Hamburg GER",
        "takenAt": 1627417560,
        "copyright": "FBN Raiger",
        "description": "Eurogate, Hamburg GER",
        "asset": {
            "id": 155946,
            "type": "Cargo",
            "name": "MATZ MAERSK"
        },
        "rating": {
            "voteAverage": 5,
            "voteCounter": 28
        },
        "url": "https://images.marinetraffic.com/collection/4563806.webp?size=800"
    },
    {
        "photoId": 4551175,
        "placeTaken": "Malacca Strait",
        "takenAt": 1603039440,
        "copyright": "Ricardo de Treend",
        "description": null,
        "asset": {
            "id": 155946,
            "type": "Cargo",
            "name": "MATZ MAERSK"
        },
        "rating": {
            "voteAverage": 0,
            "voteCounter": 0
        },
        "url": "https://images.marinetraffic.com/collection/4551175.webp?size=800"
    },
    {
        "photoId": 4551173,
        "placeTaken": "Malacca Strait",
        "takenAt": 1603039260,
        "copyright": "Ricardo de Treend",
        "description": null,
        "asset": {
            "id": 155946,
            "type": "Cargo",
            "name": "MATZ MAERSK"
        },
        "rating": {
            "voteAverage": 0,
            "voteCounter": 0
        },
        "url": "https://images.marinetraffic.com/collection/4551173.webp?size=800"
    }
]