[
    {
        "photoId": 3161576,
        "placeTaken": "Piraeus",
        "takenAt": 1531034160,
        "copyright": "Sakis Antoniou",
        "description": null,
        "asset": {
            "id": 7603105,
            "type": "Cargo",
            "name": "ALASA"
        },
        "rating": {
            "voteAverage": 0,
            "voteCounter": 0
        },
        "url": "https://images.marinetraffic.com/collection/3161576.webp?size=800"
    },
    {
        "photoId": 3119192,
        "placeTaken": "Piraeus",
        "takenAt": 1528093500,
        "copyright": "Sakis Antoniou",
        "description": null,
        "asset": {
            "id": 7603105,
            "type": "Cargo",
            "name": "ALASA"
        },
        "rating": {
            "voteAverage": 0,
            "voteCounter": 0
        },
        "url": "https://images.marinetraffic.com/collection/3119192.webp?size=800"
    },
    {
        "photoId": 3095457,
        "placeTaken": "Cuxhaven, Elbe",
        "takenAt": 1378314540,
        "copyright": "Horst Cierullies",
        "description": null,
        "asset": {
            "id": 210001000,
            "type": "Exname",
            "name": "BORUSSIA DORTMUND"
        },
        "rating": {
            "voteAverage": 5,
            "voteCounter": 3
        },
        "url": "https://images.marinetraffic.com/collection/3095457.webp?size=800"
    },
    {
        "photoId": 3074053,
        "placeTaken": "Piraeus",
        "takenAt": 1525503660,
        "copyright": "Sakis Antoniou",
        "description": null,
        "asset": {
            "id": 7603105,
            "type": "Cargo",
            "name": "ALASA"
        },
        "rating": {
            "voteAverage": 0,
            "voteCounter": 0
        },
        "url": "https://images.marinetraffic.com/collection/3074053.webp?size=800"
    },
    {
        "photoId": 3021156,
        "placeTaken": "Europort, Netherlands",
        "takenAt": 1276785000,
        "copyright": "Tony Hogwood",
        "description": null,
        "asset": {
            "id": 210001000,
            "type": "Exname",
            "name": "BORUSSIA DORTMUND"
        },
        "rating": {
            "voteAverage": 5,
            "voteCounter": 1
        },
        "url": "https://images.marinetraffic.com/collection/3021156.webp?size=800"
    },
    {
        "photoId": 3020695,
        "placeTaken": "Piraeus",
        "takenAt": 1520061360,
        "copyright": "Sakis Antoniou",
        "description": null,
        "asset": {
            "id": 7603105,
            "type": "Cargo",
            "name": "ALASA"
        },
        "rating": {
            "voteAverage": 0,
            "voteCounter": 0
        },
        "url": "https://images.marinetraffic.com/collection/3020695.webp?size=800"
    },
    {
        "photoId": 2979577,
        "placeTaken": "Bremerhaven",
        "takenAt": 1435323840,
        "copyright": "Rolf Bridde",
        "description": null,
        "asset": {
            "id": 7603105,
            "type": "Cargo",
            "name": "ALASA"
        },
        "rating": {
            "voteAverage": 5,
            "voteCounter": 1
        },
        "url": "https://images.marinetraffic.com/collection/2979577.webp?size=800"
    },
    {
        "photoId": 2966114,
        "placeTaken": null,
        "takenAt": 1452843060,
        "copyright": "DIMITRIS MENTAKIS",
        "description": null,
        "asset": {
            "id": 7603105,
            "type": "Cargo",
            "name": "ALASA"
        },
        "rating": {
            "voteAverage": 0,
            "voteCounter": 0
        },
        "url": "https://images.marinetraffic.com/collection/2966114.webp?size=800"
    },
    {
        "photoId": 2966112,
        "placeTaken": null,
        "takenAt": 1452842880,
        "copyright": "DIMITRIS MENTAKIS",
        "description": null,
        "asset": {
            "id": 7603105,
            "type": "Cargo",
            "name": "ALASA"
        },
        "rating": {
            "voteAverage": 5,
            "voteCounter": 1
        },
        "url": "https://images.marinetraffic.com/collection/2966112.webp?size=800"
    },
    {
        "photoId": 2966110,
        "placeTaken": null,
        "takenAt": 1452842880,
        "copyright": "DIMITRIS MENTAKIS",
        "description": null,
        "asset": {
            "id": 7603105,
            "type": "Cargo",
            "name": "ALASA"
        },
        "rating": {
            "voteAverage": 5,
            "voteCounter": 1
        },
        "url": "https://images.marinetraffic.com/collection/2966110.webp?size=800"
    },
    {
        "photoId": 2966108,
        "placeTaken": null,
        "takenAt": 1452842760,
        "copyright": "DIMITRIS MENTAKIS",
        "description": null,
        "asset": {
            "id": 7603105,
            "type": "Cargo",
            "name": "ALASA"
        },
        "rating": {
            "voteAverage": 0,
            "voteCounter": 0
        },
        "url": "https://images.marinetraffic.com/collection/2966108.webp?size=800"
    },
    {
        "photoId": 2961434,
        "placeTaken": "Kiel-Wik Kiel Canal",
        "takenAt": 1342899720,
        "copyright": "Bjarne Wendt",
        "description": null,
        "asset": {
            "id": 7603105,
            "type": "Cargo",
            "name": "ALASA"
        },
        "rating": {
            "voteAverage": 5,
            "voteCounter": 1
        },
        "url": "https://images.marinetraffic.com/collection/2961434.webp?size=800"
    },
    {
        "photoId": 2952439,
        "placeTaken": "Hook of Holland",
        "takenAt": 1283338440,
        "copyright": "John Pitcher",
        "description": null,
        "asset": {
            "id": 7603105,
            "type": "Cargo",
            "name": "BORUSSIA DORTMUND"
        },
        "rating": {
            "voteAverage": 5,
            "voteCounter": 1
        },
        "url": "https://images.marinetraffic.com/collection/2952439.webp?size=800"
    },
    {
        "photoId": 2951887,
        "placeTaken": "Limassol, Cyprus",
        "takenAt": 1506532380,
        "copyright": "Tony Hogwood",
        "description": null,
        "asset": {
            "id": 7603105,
            "type": "Cargo",
            "name": "ALASA"
        },
        "rating": {
            "voteAverage": 0,
            "voteCounter": 0
        },
        "url": "https://images.marinetraffic.com/collection/2951887.webp?size=800"
    },
    {
        "photoId": 2951884,
        "placeTaken": "Limassol, Cyprus",
        "takenAt": 1506531720,
        "copyright": "Tony Hogwood",
        "description": null,
        "asset": {
            "id": 7603105,
            "type": "Cargo",
            "name": "ALASA"
        },
        "rating": {
            "voteAverage": 0,
            "voteCounter": 0
        },
        "url": "https://images.marinetraffic.com/collection/2951884.webp?size=800"
    },
    {
        "photoId": 2943407,
        "placeTaken": "Piraeus",
        "takenAt": 1513579740,
        "copyright": "Sakis Antoniou",
        "description": null,
        "asset": {
            "id": 7603105,
            "type": "Cargo",
            "name": "ALASA"
        },
        "rating": {
            "voteAverage": 0,
            "voteCounter": 0
        },
        "url": "https://images.marinetraffic.com/collection/2943407.webp?size=800"
    },
    {
        "photoId": 2926628,
        "placeTaken": null,
        "takenAt": 1294569480,
        "copyright": "Jan Kuhlmann",
        "description": "Elbe River near Brunsbuettel",
        "asset": {
            "id": 7603105,
            "type": "Cargo",
            "name": "ALASA"
        },
        "rating": {
            "voteAverage": 5,
            "voteCounter": 3
        },
        "url": "https://images.marinetraffic.com/collection/2926628.webp?size=800"
    },
    {
        "photoId": 2913361,
        "placeTaken": null,
        "takenAt": 1367422800,
        "copyright": "Jan Kuhlmann",
        "description": "Kiel Canal near Kudensee",
        "asset": {
            "id": 7603105,
            "type": "Cargo",
            "name": "ALASA"
        },
        "rating": {
            "voteAverage": 5,
            "voteCounter": 2
        },
        "url": "https://images.marinetraffic.com/collection/2913361.webp?size=800"
    },
    {
        "photoId": 2841628,
        "placeTaken": "Piraeus",
        "takenAt": 1476523020,
        "copyright": "Thanasis Sallas",
        "description": null,
        "asset": {
            "id": 7603105,
            "type": "Cargo",
            "name": "ALASA"
        },
        "rating": {
            "voteAverage": 5,
            "voteCounter": 1
        },
        "url": "https://images.marinetraffic.com/collection/2841628.webp?size=800"
    },
    {
        "photoId": 2841627,
        "placeTaken": "Piraeus",
        "takenAt": 1476522720,
        "copyright": "Thanasis Sallas",
        "description": null,
        "asset": {
            "id": 7603105,
            "type": "Cargo",
            "name": "ALASA"
        },
        "rating": {
            "voteAverage": 0,
            "voteCounter": 0
        },
        "url": "https://images.marinetraffic.com/collection/2841627.webp?size=800"
    }
]