[
    {
        "photoId": 4169198,
        "placeTaken": "Piraeus",
        "takenAt": 1612597740,
        "copyright": "Sakis Antoniou",
        "description": null,
        "asset": {
            "id": 7603105,
            "type": "Cargo",
            "name": "ALASA"
        },
        "rating": {
            "voteAverage": 0,
            "voteCounter": 0
        },
        "url": "https://images.marinetraffic.com/collection/4169198.webp?size=800"
    },
    {
        "photoId": 4169197,
        "placeTaken": "Piraeus",
        "takenAt": 1612597200,
        "copyright": "Sakis Antoniou",
        "description": null,
        "asset": {
            "id": 7603105,
            "type": "Cargo",
            "name": "ALASA"
        },
        "rating": {
            "voteAverage": 0,
            "voteCounter": 0
        },
        "url": "https://images.marinetraffic.com/collection/4169197.webp?size=800"
    },
    {
        "photoId": 4169196,
        "placeTaken": "Piraeus",
        "takenAt": 1612596540,
        "copyright": "Sakis Antoniou",
        "description": null,
        "asset": {
            "id": 7603105,
            "type": "Cargo",
            "name": "ALASA"
        },
        "rating": {
            "voteAverage": 5,
            "voteCounter": 2
        },
        "url": "https://images.marinetraffic.com/collection/4169196.webp?size=800"
    },
    {
        "photoId": 4129546,
        "placeTaken": "Piraeus",
        "takenAt": 1606723980,
        "copyright": "Marios Pappas",
        "description": null,
        "asset": {
            "id": 7603105,
            "type": "Cargo",
            "name": "ALASA"
        },
        "rating": {
            "voteAverage": 0,
            "voteCounter": 0
        },
        "url": "https://images.marinetraffic.com/collection/4129546.webp?size=800"
    },
    {
        "photoId": 4129544,
        "placeTaken": "Piraeus",
        "takenAt": 1606723800,
        "copyright": "Marios Pappas",
        "description": null,
        "asset": {
            "id": 7603105,
            "type": "Cargo",
            "name": "ALASA"
        },
        "rating": {
            "voteAverage": 0,
            "voteCounter": 0
        },
        "url": "https://images.marinetraffic.com/collection/4129544.webp?size=800"
    },
    {
        "photoId": 4129541,
        "placeTaken": "Piraeus",
        "takenAt": 1606723020,
        "copyright": "Marios Pappas",
        "description": null,
        "asset": {
            "id": 7603105,
            "type": "Cargo",
            "name": "ALASA"
        },
        "rating": {
            "voteAverage": 0,
            "voteCounter": 0
        },
        "url": "https://images.marinetraffic.com/collection/4129541.webp?size=800"
    },
    {
        "photoId": 4129540,
        "placeTaken": "Piraeus",
        "takenAt": 1606722780,
        "copyright": "Marios Pappas",
        "description": null,
        "asset": {
            "id": 7603105,
            "type": "Cargo",
            "name": "ALASA"
        },
        "rating": {
            "voteAverage": 5,
            "voteCounter": 1
        },
        "url": "https://images.marinetraffic.com/collection/4129540.webp?size=800"
    },
    {
        "photoId": 4110333,
        "placeTaken": "SARONIC GULF, GR",
        "takenAt": 1536492060,
        "copyright": "KYRIAKOS LIONTAS",
        "description": null,
        "asset": {
            "id": 7603105,
            "type": "Cargo",
            "name": "ALASA"
        },
        "rating": {
            "voteAverage": 0,
            "voteCounter": 0
        },
        "url": "https://images.marinetraffic.com/collection/4110333.webp?size=800"
    },
    {
        "photoId": 4110332,
        "placeTaken": "SARONIC GULF, GR",
        "takenAt": 1536492000,
        "copyright": "KYRIAKOS LIONTAS",
        "description": null,
        "asset": {
            "id": 7603105,
            "type": "Cargo",
            "name": "ALASA"
        },
        "rating": {
            "voteAverage": 0,
            "voteCounter": 0
        },
        "url": "https://images.marinetraffic.com/collection/4110332.webp?size=800"
    },
    {
        "photoId": 4040249,
        "placeTaken": "NOK, Schleuse Holtenau",
        "takenAt": 1403013480,
        "copyright": "uwe heimhold",
        "description": null,
        "asset": {
            "id": 7603105,
            "type": "Cargo",
            "name": "ALASA"
        },
        "rating": {
            "voteAverage": 5,
            "voteCounter": 3
        },
        "url": "https://images.marinetraffic.com/collection/4040249.webp?size=800"
    },
    {
        "photoId": 4039218,
        "placeTaken": "NOK, Schleuse Holtenau",
        "takenAt": 1394126160,
        "copyright": "uwe heimhold",
        "description": null,
        "asset": {
            "id": 7603105,
            "type": "Cargo",
            "name": "ALASA"
        },
        "rating": {
            "voteAverage": 5,
            "voteCounter": 3
        },
        "url": "https://images.marinetraffic.com/collection/4039218.webp?size=800"
    },
    {
        "photoId": 4039216,
        "placeTaken": "NOK, Schleuse Holtenau",
        "takenAt": 1394126220,
        "copyright": "uwe heimhold",
        "description": null,
        "asset": {
            "id": 7603105,
            "type": "Cargo",
            "name": "ALASA"
        },
        "rating": {
            "voteAverage": 5,
            "voteCounter": 1
        },
        "url": "https://images.marinetraffic.com/collection/4039216.webp?size=800"
    },
    {
        "photoId": 4039215,
        "placeTaken": "NOK, Schleuse Holtenau",
        "takenAt": 1403013720,
        "copyright": "uwe heimhold",
        "description": null,
        "asset": {
            "id": 7603105,
            "type": "Cargo",
            "name": "ALASA"
        },
        "rating": {
            "voteAverage": 5,
            "voteCounter": 3
        },
        "url": "https://images.marinetraffic.com/collection/4039215.webp?size=800"
    },
    {
        "photoId": 3930672,
        "placeTaken": "Piraeus",
        "takenAt": 1591515060,
        "copyright": "Sakis Antoniou",
        "description": null,
        "asset": {
            "id": 7603105,
            "type": "Cargo",
            "name": "ALASA"
        },
        "rating": {
            "voteAverage": 0,
            "voteCounter": 0
        },
        "url": "https://images.marinetraffic.com/collection/3930672.webp?size=800"
    },
    {
        "photoId": 3930665,
        "placeTaken": "Piraeus",
        "takenAt": 1591515240,
        "copyright": "Sakis Antoniou",
        "description": null,
        "asset": {
            "id": 7603105,
            "type": "Cargo",
            "name": "ALASA"
        },
        "rating": {
            "voteAverage": 0,
            "voteCounter": 0
        },
        "url": "https://images.marinetraffic.com/collection/3930665.webp?size=800"
    },
    {
        "photoId": 3899975,
        "placeTaken": "Piraeus",
        "takenAt": 1590937200,
        "copyright": "Sakis Antoniou",
        "description": null,
        "asset": {
            "id": 7603105,
            "type": "Cargo",
            "name": "ALASA"
        },
        "rating": {
            "voteAverage": 5,
            "voteCounter": 1
        },
        "url": "https://images.marinetraffic.com/collection/3899975.webp?size=800"
    },
    {
        "photoId": 3899972,
        "placeTaken": "Piraeus",
        "takenAt": 1590937500,
        "copyright": "Sakis Antoniou",
        "description": null,
        "asset": {
            "id": 7603105,
            "type": "Cargo",
            "name": "ALASA"
        },
        "rating": {
            "voteAverage": 5,
            "voteCounter": 1
        },
        "url": "https://images.marinetraffic.com/collection/3899972.webp?size=800"
    },
    {
        "photoId": 3889710,
        "placeTaken": "Piraeus",
        "takenAt": 1589095380,
        "copyright": "Sakis Antoniou",
        "description": null,
        "asset": {
            "id": 7603105,
            "type": "Cargo",
            "name": "ALASA"
        },
        "rating": {
            "voteAverage": 0,
            "voteCounter": 0
        },
        "url": "https://images.marinetraffic.com/collection/3889710.webp?size=800"
    },
    {
        "photoId": 3879395,
        "placeTaken": null,
        "takenAt": 1345314840,
        "copyright": "Frank Tribull",
        "description": "als BORUSSIA DORTMUND aufgenommen am 18.08.2012 bei Gr\u00fcnendeich H\u00f6he L\u00fche",
        "asset": {
            "id": 7603105,
            "type": "Cargo",
            "name": "ALASA"
        },
        "rating": {
            "voteAverage": 0,
            "voteCounter": 0
        },
        "url": "https://images.marinetraffic.com/collection/3879395.webp?size=800"
    },
    {
        "photoId": 3833004,
        "placeTaken": "Piraeus, Greece",
        "takenAt": 1581869280,
        "copyright": "Vera Zec Deskovic",
        "description": null,
        "asset": {
            "id": 7603105,
            "type": "Cargo",
            "name": "ALASA"
        },
        "rating": {
            "voteAverage": 0,
            "voteCounter": 0
        },
        "url": "https://images.marinetraffic.com/collection/3833004.webp?size=800"
    }
]