[
    {
        "photoId": 2841625,
        "placeTaken": "Piraeus",
        "takenAt": 1476522720,
        "copyright": "Thanasis Sallas",
        "description": null,
        "asset": {
            "id": 7603105,
            "type": "Cargo",
            "name": "ALASA"
        },
        "rating": {
            "voteAverage": 0,
            "voteCounter": 0
        },
        "url": "https://images.marinetraffic.com/collection/2841625.webp?size=800"
    },
    {
        "photoId": 2841622,
        "placeTaken": "Piraeus",
        "takenAt": 1488008940,
        "copyright": "Thanasis Sallas",
        "description": null,
        "asset": {
            "id": 7603105,
            "type": "Cargo",
            "name": "ALASA"
        },
        "rating": {
            "voteAverage": 0,
            "voteCounter": 0
        },
        "url": "https://images.marinetraffic.com/collection/2841622.webp?size=800"
    },
    {
        "photoId": 2841620,
        "placeTaken": "Piraeus",
        "takenAt": 1488008820,
        "copyright": "Thanasis Sallas",
        "description": null,
        "asset": {
            "id": 7603105,
            "type": "Cargo",
            "name": "ALASA"
        },
        "rating": {
            "voteAverage": 5,
            "voteCounter": 1
        },
        "url": "https://images.marinetraffic.com/collection/2841620.webp?size=800"
    },
    {
        "photoId": 2748348,
        "placeTaken": "MAASSLUIS, Scheur, NL",
        "takenAt": 1316004600,
        "copyright": "RIA MAAT",
        "description": null,
        "asset": {
            "id": 7603105,
            "type": "Cargo",
            "name": "ALASA"
        },
        "rating": {
            "voteAverage": 0,
            "voteCounter": 0
        },
        "url": "https://images.marinetraffic.com/collection/2748348.webp?size=800"
    },
    {
        "photoId": 2721375,
        "placeTaken": "Piraeus",
        "takenAt": 1489828740,
        "copyright": "Sakis Antoniou",
        "description": null,
        "asset": {
            "id": 7603105,
            "type": "Cargo",
            "name": "ALASA"
        },
        "rating": {
            "voteAverage": 0,
            "voteCounter": 0
        },
        "url": "https://images.marinetraffic.com/collection/2721375.webp?size=800"
    },
    {
        "photoId": 2713724,
        "placeTaken": null,
        "takenAt": null,
        "copyright": "Maik Ebel - www.ship-photos.de",
        "description": null,
        "asset": {
            "id": 7603105,
            "type": "Cargo",
            "name": "ALASA"
        },
        "rating": {
            "voteAverage": 5,
            "voteCounter": 1
        },
        "url": "https://images.marinetraffic.com/collection/2713724.webp?size=800"
    },
    {
        "photoId": 2710404,
        "placeTaken": null,
        "takenAt": null,
        "copyright": "Maik Ebel - www.ship-photos.de",
        "description": null,
        "asset": {
            "id": 7603105,
            "type": "Cargo",
            "name": "ALASA"
        },
        "rating": {
            "voteAverage": 0,
            "voteCounter": 0
        },
        "url": "https://images.marinetraffic.com/collection/2710404.webp?size=800"
    },
    {
        "photoId": 2707941,
        "placeTaken": "Hamburg",
        "takenAt": 1336131720,
        "copyright": "Erich Hartmann",
        "description": null,
        "asset": {
            "id": 210001000,
            "type": "Exname",
            "name": "BORUSSIA DORTMUND"
        },
        "rating": {
            "voteAverage": 0,
            "voteCounter": 0
        },
        "url": "https://images.marinetraffic.com/collection/2707941.webp?size=800"
    },
    {
        "photoId": 2670017,
        "placeTaken": null,
        "takenAt": 1447082100,
        "copyright": "Alkis Gregoriades",
        "description": null,
        "asset": {
            "id": 7603105,
            "type": "Cargo",
            "name": "ALASA"
        },
        "rating": {
            "voteAverage": 0,
            "voteCounter": 0
        },
        "url": "https://images.marinetraffic.com/collection/2670017.webp?size=800"
    },
    {
        "photoId": 2670005,
        "placeTaken": null,
        "takenAt": 1447082220,
        "copyright": "Alkis Gregoriades",
        "description": null,
        "asset": {
            "id": 7603105,
            "type": "Cargo",
            "name": "ALASA"
        },
        "rating": {
            "voteAverage": 0,
            "voteCounter": 0
        },
        "url": "https://images.marinetraffic.com/collection/2670005.webp?size=800"
    },
    {
        "photoId": 2654987,
        "placeTaken": "Piraeus",
        "takenAt": 1484383620,
        "copyright": "Sakis Antoniou",
        "description": null,
        "asset": {
            "id": 7603105,
            "type": "Cargo",
            "name": "ALASA"
        },
        "rating": {
            "voteAverage": 5,
            "voteCounter": 1
        },
        "url": "https://images.marinetraffic.com/collection/2654987.webp?size=800"
    },
    {
        "photoId": 2654986,
        "placeTaken": "Piraeus",
        "takenAt": 1484386980,
        "copyright": "Sakis Antoniou",
        "description": null,
        "asset": {
            "id": 7603105,
            "type": "Cargo",
            "name": "ALASA"
        },
        "rating": {
            "voteAverage": 0,
            "voteCounter": 0
        },
        "url": "https://images.marinetraffic.com/collection/2654986.webp?size=800"
    },
    {
        "photoId": 2639581,
        "placeTaken": "Piraeus",
        "takenAt": 1481359260,
        "copyright": "Sakis Antoniou",
        "description": null,
        "asset": {
            "id": 7603105,
            "type": "Cargo",
            "name": "ALASA"
        },
        "rating": {
            "voteAverage": 0,
            "voteCounter": 0
        },
        "url": "https://images.marinetraffic.com/collection/2639581.webp?size=800"
    },
    {
        "photoId": 2639580,
        "placeTaken": "Piraeus",
        "takenAt": 1481359560,
        "copyright": "Sakis Antoniou",
        "description": null,
        "asset": {
            "id": 7603105,
            "type": "Cargo",
            "name": "ALASA"
        },
        "rating": {
            "voteAverage": 0,
            "voteCounter": 0
        },
        "url": "https://images.marinetraffic.com/collection/2639580.webp?size=800"
    },
    {
        "photoId": 2615588,
        "placeTaken": null,
        "takenAt": 1488612180,
        "copyright": "Giwrgos Mertis",
        "description": null,
        "asset": {
            "id": 7603105,
            "type": "Cargo",
            "name": "ALASA"
        },
        "rating": {
            "voteAverage": 0,
            "voteCounter": 0
        },
        "url": "https://images.marinetraffic.com/collection/2615588.webp?size=800"
    },
    {
        "photoId": 2615587,
        "placeTaken": null,
        "takenAt": 1488613200,
        "copyright": "Giwrgos Mertis",
        "description": null,
        "asset": {
            "id": 7603105,
            "type": "Cargo",
            "name": "ALASA"
        },
        "rating": {
            "voteAverage": 0,
            "voteCounter": 0
        },
        "url": "https://images.marinetraffic.com/collection/2615587.webp?size=800"
    },
    {
        "photoId": 2559011,
        "placeTaken": "NOK Kurs Schleuse DEBRB",
        "takenAt": 1384186020,
        "copyright": "Arno Bruegmann",
        "description": null,
        "asset": {
            "id": 210001000,
            "type": "Exname",
            "name": "BORUSSIA DORTMUND"
        },
        "rating": {
            "voteAverage": 5,
            "voteCounter": 2
        },
        "url": "https://images.marinetraffic.com/collection/2559011.webp?size=800"
    },
    {
        "photoId": 2559008,
        "placeTaken": "NOK Kurs Schleuse DEBRB",
        "takenAt": 1384186020,
        "copyright": "Arno Bruegmann",
        "description": null,
        "asset": {
            "id": 210001000,
            "type": "Exname",
            "name": "BORUSSIA DORTMUND"
        },
        "rating": {
            "voteAverage": 5,
            "voteCounter": 1
        },
        "url": "https://images.marinetraffic.com/collection/2559008.webp?size=800"
    },
    {
        "photoId": 2559004,
        "placeTaken": "NOK Kurs Schleuse DEBRB",
        "takenAt": 1384185960,
        "copyright": "Arno Bruegmann",
        "description": null,
        "asset": {
            "id": 210001000,
            "type": "Exname",
            "name": "BORUSSIA DORTMUND"
        },
        "rating": {
            "voteAverage": 5,
            "voteCounter": 1
        },
        "url": "https://images.marinetraffic.com/collection/2559004.webp?size=800"
    },
    {
        "photoId": 2559002,
        "placeTaken": "NOK Kurs Schleuse DEBRB",
        "takenAt": 1384185780,
        "copyright": "Arno Bruegmann",
        "description": null,
        "asset": {
            "id": 210001000,
            "type": "Exname",
            "name": "BORUSSIA DORTMUND"
        },
        "rating": {
            "voteAverage": 5,
            "voteCounter": 2
        },
        "url": "https://images.marinetraffic.com/collection/2559002.webp?size=800"
    }
]