[
    {
        "photoId": 3056836,
        "placeTaken": "Ritthem, Westerschelde",
        "takenAt": 1524326580,
        "copyright": "Jos Hoogesteger",
        "description": null,
        "asset": {
            "id": 5845071,
            "type": "Cargo",
            "name": "CAP SAN AUGUSTIN"
        },
        "rating": {
            "voteAverage": 0,
            "voteCounter": 0
        },
        "url": "https://images.marinetraffic.com/collection/3056836.webp?size=800"
    },
    {
        "photoId": 3056834,
        "placeTaken": "Ritthem, Westerschelde",
        "takenAt": 1524326520,
        "copyright": "Jos Hoogesteger",
        "description": "CAP SAN Augustin with CMA CGM Laperouse on his voyage from Antwerp to Le Havre",
        "asset": {
            "id": 5845071,
            "type": "Cargo",
            "name": "CAP SAN AUGUSTIN"
        },
        "rating": {
            "voteAverage": 0,
            "voteCounter": 0
        },
        "url": "https://images.marinetraffic.com/collection/3056834.webp?size=800"
    },
    {
        "photoId": 3056833,
        "placeTaken": "Ritthem, Westerschelde",
        "takenAt": 1524326460,
        "copyright": "Jos Hoogesteger",
        "description": null,
        "asset": {
            "id": 5845071,
            "type": "Cargo",
            "name": "CAP SAN AUGUSTIN"
        },
        "rating": {
            "voteAverage": 0,
            "voteCounter": 0
        },
        "url": "https://images.marinetraffic.com/collection/3056833.webp?size=800"
    },
    {
        "photoId": 3056337,
        "placeTaken": "Griete",
        "takenAt": 1524327720,
        "copyright": "patrick westeel",
        "description": null,
        "asset": {
            "id": 5845071,
            "type": "Cargo",
            "name": "CAP SAN AUGUSTIN"
        },
        "rating": {
            "voteAverage": 5,
            "voteCounter": 3
        },
        "url": "https://images.marinetraffic.com/collection/3056337.webp?size=800"
    },
    {
        "photoId": 3056336,
        "placeTaken": "Griete",
        "takenAt": 1524327540,
        "copyright": "patrick westeel",
        "description": null,
        "asset": {
            "id": 5845071,
            "type": "Cargo",
            "name": "CAP SAN AUGUSTIN"
        },
        "rating": {
            "voteAverage": 5,
            "voteCounter": 6
        },
        "url": "https://images.marinetraffic.com/collection/3056336.webp?size=800"
    },
    {
        "photoId": 3056334,
        "placeTaken": "Griete",
        "takenAt": 1524327300,
        "copyright": "patrick westeel",
        "description": null,
        "asset": {
            "id": 5845071,
            "type": "Cargo",
            "name": "CAP SAN AUGUSTIN"
        },
        "rating": {
            "voteAverage": 5,
            "voteCounter": 3
        },
        "url": "https://images.marinetraffic.com/collection/3056334.webp?size=800"
    },
    {
        "photoId": 3056333,
        "placeTaken": "Griete",
        "takenAt": 1524327180,
        "copyright": "patrick westeel",
        "description": null,
        "asset": {
            "id": 5845071,
            "type": "Cargo",
            "name": "CAP SAN AUGUSTIN"
        },
        "rating": {
            "voteAverage": 5,
            "voteCounter": 6
        },
        "url": "https://images.marinetraffic.com/collection/3056333.webp?size=800"
    },
    {
        "photoId": 3056330,
        "placeTaken": "Griete",
        "takenAt": 1524327120,
        "copyright": "patrick westeel",
        "description": null,
        "asset": {
            "id": 5845071,
            "type": "Cargo",
            "name": "CAP SAN AUGUSTIN"
        },
        "rating": {
            "voteAverage": 5,
            "voteCounter": 2
        },
        "url": "https://images.marinetraffic.com/collection/3056330.webp?size=800"
    },
    {
        "photoId": 3054801,
        "placeTaken": "terneuzen",
        "takenAt": 1524324360,
        "copyright": "Carlos van Hecke",
        "description": null,
        "asset": {
            "id": 5845071,
            "type": "Cargo",
            "name": "CAP SAN AUGUSTIN"
        },
        "rating": {
            "voteAverage": 5,
            "voteCounter": 1
        },
        "url": "https://images.marinetraffic.com/collection/3054801.webp?size=800"
    },
    {
        "photoId": 3027130,
        "placeTaken": "Hamburg - Blohm & Voss",
        "takenAt": 1522168560,
        "copyright": "Hans Schaefer",
        "description": null,
        "asset": {
            "id": 152648,
            "type": "Cargo",
            "name": "CAP SAN AUGUSTIN"
        },
        "rating": {
            "voteAverage": 5,
            "voteCounter": 1
        },
        "url": "https://images.marinetraffic.com/collection/3027130.webp?size=800"
    },
    {
        "photoId": 2973884,
        "placeTaken": "Hamburg",
        "takenAt": 1517135160,
        "copyright": "Oliver Boltz",
        "description": null,
        "asset": {
            "id": 152648,
            "type": "Cargo",
            "name": "CAP SAN AUGUSTIN"
        },
        "rating": {
            "voteAverage": 0,
            "voteCounter": 0
        },
        "url": "https://images.marinetraffic.com/collection/2973884.webp?size=800"
    },
    {
        "photoId": 2956596,
        "placeTaken": "Maasvlakte,Holland",
        "takenAt": 1437479700,
        "copyright": "John Pitcher",
        "description": null,
        "asset": {
            "id": 152648,
            "type": "Cargo",
            "name": "CAP SAN AUGUSTIN"
        },
        "rating": {
            "voteAverage": 0,
            "voteCounter": 0
        },
        "url": "https://images.marinetraffic.com/collection/2956596.webp?size=800"
    },
    {
        "photoId": 2948495,
        "placeTaken": "Montevideo, Uruguay",
        "takenAt": 1414778340,
        "copyright": "Bill McLachlan",
        "description": "Montevideo, Uruguay",
        "asset": {
            "id": 152648,
            "type": "Cargo",
            "name": "CAP SAN AUGUSTIN"
        },
        "rating": {
            "voteAverage": 0,
            "voteCounter": 0
        },
        "url": "https://images.marinetraffic.com/collection/2948495.webp?size=800"
    },
    {
        "photoId": 2913899,
        "placeTaken": "Northfleet Hope,United Kingdom",
        "takenAt": 1398770340,
        "copyright": "John Pitcher",
        "description": null,
        "asset": {
            "id": 152648,
            "type": "Cargo",
            "name": "CAP SAN AUGUSTIN"
        },
        "rating": {
            "voteAverage": 0,
            "voteCounter": 0
        },
        "url": "https://images.marinetraffic.com/collection/2913899.webp?size=800"
    },
    {
        "photoId": 2874656,
        "placeTaken": "Le Havre",
        "takenAt": 1507905540,
        "copyright": "Paskal Bronnec",
        "description": null,
        "asset": {
            "id": 152648,
            "type": "Cargo",
            "name": "CAP SAN AUGUSTIN"
        },
        "rating": {
            "voteAverage": 5,
            "voteCounter": 1
        },
        "url": "https://images.marinetraffic.com/collection/2874656.webp?size=800"
    },
    {
        "photoId": 2833102,
        "placeTaken": "#MontevideoHarbour #Uruguay",
        "takenAt": 1500072840,
        "copyright": "RDLP Pilot Carlos R. LLANOS",
        "description": null,
        "asset": {
            "id": 152648,
            "type": "Cargo",
            "name": "CAP SAN AUGUSTIN"
        },
        "rating": {
            "voteAverage": 5,
            "voteCounter": 1
        },
        "url": "https://images.marinetraffic.com/collection/2833102.webp?size=800"
    },
    {
        "photoId": 2833099,
        "placeTaken": "#MontevideoHarbour #Uruguay",
        "takenAt": 1500072780,
        "copyright": "RDLP Pilot Carlos R. LLANOS",
        "description": null,
        "asset": {
            "id": 152648,
            "type": "Cargo",
            "name": "CAP SAN AUGUSTIN"
        },
        "rating": {
            "voteAverage": 4.916667,
            "voteCounter": 12
        },
        "url": "https://images.marinetraffic.com/collection/2833099.webp?size=800"
    },
    {
        "photoId": 2833097,
        "placeTaken": "#MontevideoHarbour #Uruguay",
        "takenAt": 1500072900,
        "copyright": "RDLP Pilot Carlos R. LLANOS",
        "description": null,
        "asset": {
            "id": 152648,
            "type": "Cargo",
            "name": "CAP SAN AUGUSTIN"
        },
        "rating": {
            "voteAverage": 4,
            "voteCounter": 2
        },
        "url": "https://images.marinetraffic.com/collection/2833097.webp?size=800"
    },
    {
        "photoId": 2833087,
        "placeTaken": "#Montevideo Harbour #Uruguay",
        "takenAt": 1500072780,
        "copyright": "ultrabarqueros",
        "description": null,
        "asset": {
            "id": 152648,
            "type": "Cargo",
            "name": "CAP SAN AUGUSTIN"
        },
        "rating": {
            "voteAverage": 4.666667,
            "voteCounter": 6
        },
        "url": "https://images.marinetraffic.com/collection/2833087.webp?size=800"
    },
    {
        "photoId": 2831374,
        "placeTaken": "Hamburg",
        "takenAt": 1502632080,
        "copyright": "Hartmut Brockmueller",
        "description": null,
        "asset": {
            "id": 152648,
            "type": "Cargo",
            "name": "CAP SAN AUGUSTIN"
        },
        "rating": {
            "voteAverage": 5,
            "voteCounter": 1
        },
        "url": "https://images.marinetraffic.com/collection/2831374.webp?size=800"
    }
]