[
    {
        "photoId": 3548519,
        "placeTaken": "Rotterdam/Maasvlakte",
        "takenAt": 1562172300,
        "copyright": "Michael Brakhage",
        "description": null,
        "asset": {
            "id": 5845071,
            "type": "Cargo",
            "name": "CAP SAN AUGUSTIN"
        },
        "rating": {
            "voteAverage": 5,
            "voteCounter": 2
        },
        "url": "https://images.marinetraffic.com/collection/3548519.webp?size=800"
    },
    {
        "photoId": 3548518,
        "placeTaken": "Rotterdam/Maasvlakte",
        "takenAt": 1562171580,
        "copyright": "Michael Brakhage",
        "description": null,
        "asset": {
            "id": 5845071,
            "type": "Cargo",
            "name": "CAP SAN AUGUSTIN"
        },
        "rating": {
            "voteAverage": 5,
            "voteCounter": 1
        },
        "url": "https://images.marinetraffic.com/collection/3548518.webp?size=800"
    },
    {
        "photoId": 3536680,
        "placeTaken": "Cuxhaven Alte Liebe",
        "takenAt": 1557746160,
        "copyright": "Reinhard Schmidt",
        "description": null,
        "asset": {
            "id": 5845071,
            "type": "Cargo",
            "name": "CAP SAN AUGUSTIN"
        },
        "rating": {
            "voteAverage": 5,
            "voteCounter": 1
        },
        "url": "https://images.marinetraffic.com/collection/3536680.webp?size=800"
    },
    {
        "photoId": 3495162,
        "placeTaken": "Hamburg, Waltershof",
        "takenAt": 1557643620,
        "copyright": "Oliver Boltz",
        "description": null,
        "asset": {
            "id": 5845071,
            "type": "Cargo",
            "name": "CAP SAN AUGUSTIN"
        },
        "rating": {
            "voteAverage": 0,
            "voteCounter": 0
        },
        "url": "https://images.marinetraffic.com/collection/3495162.webp?size=800"
    },
    {
        "photoId": 3493878,
        "placeTaken": null,
        "takenAt": 1558641900,
        "copyright": "Juan Carlos Perez Garcia",
        "description": null,
        "asset": {
            "id": 5845071,
            "type": "Cargo",
            "name": "CAP SAN AUGUSTIN"
        },
        "rating": {
            "voteAverage": 0,
            "voteCounter": 0
        },
        "url": "https://images.marinetraffic.com/collection/3493878.webp?size=800"
    },
    {
        "photoId": 3493871,
        "placeTaken": null,
        "takenAt": 1558641600,
        "copyright": "Juan Carlos Perez Garcia",
        "description": null,
        "asset": {
            "id": 5845071,
            "type": "Cargo",
            "name": "CAP SAN AUGUSTIN"
        },
        "rating": {
            "voteAverage": 0,
            "voteCounter": 0
        },
        "url": "https://images.marinetraffic.com/collection/3493871.webp?size=800"
    },
    {
        "photoId": 3485631,
        "placeTaken": null,
        "takenAt": 1557997320,
        "copyright": "Frans Anemaet",
        "description": null,
        "asset": {
            "id": 5845071,
            "type": "Cargo",
            "name": "CAP SAN AUGUSTIN"
        },
        "rating": {
            "voteAverage": 0,
            "voteCounter": 0
        },
        "url": "https://images.marinetraffic.com/collection/3485631.webp?size=800"
    },
    {
        "photoId": 3485630,
        "placeTaken": "Terneuzen",
        "takenAt": 1557997080,
        "copyright": "Frans Anemaet",
        "description": null,
        "asset": {
            "id": 5845071,
            "type": "Cargo",
            "name": "CAP SAN AUGUSTIN"
        },
        "rating": {
            "voteAverage": 0,
            "voteCounter": 0
        },
        "url": "https://images.marinetraffic.com/collection/3485630.webp?size=800"
    },
    {
        "photoId": 3472051,
        "placeTaken": "#IntermedioChannel #RioDeLaPlata #Argentina",
        "takenAt": 1531065000,
        "copyright": "ultrabarqueros  Barqueros de Ultramar",
        "description": null,
        "asset": {
            "id": 5845071,
            "type": "Cargo",
            "name": "CAP SAN AUGUSTIN"
        },
        "rating": {
            "voteAverage": 5,
            "voteCounter": 2
        },
        "url": "https://images.marinetraffic.com/collection/3472051.webp?size=800"
    },
    {
        "photoId": 3472049,
        "placeTaken": "#IntermedioChannel #RioDeLaPlata #Argentina",
        "takenAt": 1531065000,
        "copyright": "ultrabarqueros  Barqueros de Ultramar",
        "description": null,
        "asset": {
            "id": 5845071,
            "type": "Cargo",
            "name": "CAP SAN AUGUSTIN"
        },
        "rating": {
            "voteAverage": 5,
            "voteCounter": 2
        },
        "url": "https://images.marinetraffic.com/collection/3472049.webp?size=800"
    },
    {
        "photoId": 3472048,
        "placeTaken": "#IntermedioChannel #RioDeLaPlata #Argentina",
        "takenAt": 1531065060,
        "copyright": "ultrabarqueros  Barqueros de Ultramar",
        "description": null,
        "asset": {
            "id": 5845071,
            "type": "Cargo",
            "name": "CAP SAN AUGUSTIN"
        },
        "rating": {
            "voteAverage": 5,
            "voteCounter": 6
        },
        "url": "https://images.marinetraffic.com/collection/3472048.webp?size=800"
    },
    {
        "photoId": 3449725,
        "placeTaken": "Breskens",
        "takenAt": 1553436360,
        "copyright": "Alex Van Herrewege",
        "description": null,
        "asset": {
            "id": 5845071,
            "type": "Cargo",
            "name": "CAP SAN AUGUSTIN"
        },
        "rating": {
            "voteAverage": 0,
            "voteCounter": 0
        },
        "url": "https://images.marinetraffic.com/collection/3449725.webp?size=800"
    },
    {
        "photoId": 3449722,
        "placeTaken": "Breskens",
        "takenAt": 1553436120,
        "copyright": "Alex Van Herrewege",
        "description": null,
        "asset": {
            "id": 5845071,
            "type": "Cargo",
            "name": "CAP SAN AUGUSTIN"
        },
        "rating": {
            "voteAverage": 0,
            "voteCounter": 0
        },
        "url": "https://images.marinetraffic.com/collection/3449722.webp?size=800"
    },
    {
        "photoId": 3448775,
        "placeTaken": "Breskens",
        "takenAt": 1553436720,
        "copyright": "Alex Van Herrewege",
        "description": null,
        "asset": {
            "id": 5845071,
            "type": "Cargo",
            "name": "CAP SAN AUGUSTIN"
        },
        "rating": {
            "voteAverage": 0,
            "voteCounter": 0
        },
        "url": "https://images.marinetraffic.com/collection/3448775.webp?size=800"
    },
    {
        "photoId": 3448769,
        "placeTaken": "Breskens",
        "takenAt": 1553435880,
        "copyright": "Alex Van Herrewege",
        "description": null,
        "asset": {
            "id": 5845071,
            "type": "Cargo",
            "name": "CAP SAN AUGUSTIN"
        },
        "rating": {
            "voteAverage": 5,
            "voteCounter": 1
        },
        "url": "https://images.marinetraffic.com/collection/3448769.webp?size=800"
    },
    {
        "photoId": 3424498,
        "placeTaken": "Cap San Augustin  Hamburg  Elbe  Blankenese ",
        "takenAt": 1553101860,
        "copyright": "rannug",
        "description": "Cap San Augustin  Hamburg  Elbe  Blankenese ",
        "asset": {
            "id": 5845071,
            "type": "Cargo",
            "name": "CAP SAN AUGUSTIN"
        },
        "rating": {
            "voteAverage": 0,
            "voteCounter": 0
        },
        "url": "https://images.marinetraffic.com/collection/3424498.webp?size=800"
    },
    {
        "photoId": 3424497,
        "placeTaken": "Cap San Augustin  Hamburg",
        "takenAt": 1553002920,
        "copyright": "rannug",
        "description": "Cap San Augustin  Hamburg",
        "asset": {
            "id": 5845071,
            "type": "Cargo",
            "name": "CAP SAN AUGUSTIN"
        },
        "rating": {
            "voteAverage": 0,
            "voteCounter": 0
        },
        "url": "https://images.marinetraffic.com/collection/3424497.webp?size=800"
    },
    {
        "photoId": 3424284,
        "placeTaken": "Panoramaweg Breskens",
        "takenAt": 1553436960,
        "copyright": "W.J.M. Uytterhoeven",
        "description": null,
        "asset": {
            "id": 5845071,
            "type": "Cargo",
            "name": "CAP SAN AUGUSTIN"
        },
        "rating": {
            "voteAverage": 0,
            "voteCounter": 0
        },
        "url": "https://images.marinetraffic.com/collection/3424284.webp?size=800"
    },
    {
        "photoId": 3424282,
        "placeTaken": "Panoramaweg Breskens",
        "takenAt": 1553436780,
        "copyright": "W.J.M. Uytterhoeven",
        "description": "Bestemming Algeciras",
        "asset": {
            "id": 5845071,
            "type": "Cargo",
            "name": "CAP SAN AUGUSTIN"
        },
        "rating": {
            "voteAverage": 0,
            "voteCounter": 0
        },
        "url": "https://images.marinetraffic.com/collection/3424282.webp?size=800"
    },
    {
        "photoId": 3361074,
        "placeTaken": "rotterdam",
        "takenAt": 1547733060,
        "copyright": "D Groenendijk",
        "description": null,
        "asset": {
            "id": 5845071,
            "type": "Cargo",
            "name": "CAP SAN AUGUSTIN"
        },
        "rating": {
            "voteAverage": 0,
            "voteCounter": 0
        },
        "url": "https://images.marinetraffic.com/collection/3361074.webp?size=800"
    }
]