[
    {
        "photoId": 4627934,
        "placeTaken": "NOK - Breiholz",
        "takenAt": 1649514360,
        "copyright": "Peter aus Holtenau",
        "description": null,
        "asset": {
            "id": 144583,
            "type": "Cargo",
            "name": "NECKAR HIGHWAY"
        },
        "rating": {
            "voteAverage": 5,
            "voteCounter": 3
        },
        "url": "https://images.marinetraffic.com/collection/4627934.webp?size=800"
    },
    {
        "photoId": 4613192,
        "placeTaken": "NOK - Holtenau-Kiel",
        "takenAt": 1648204140,
        "copyright": "Peter aus Holtenau",
        "description": null,
        "asset": {
            "id": 144583,
            "type": "Cargo",
            "name": "NECKAR HIGHWAY"
        },
        "rating": {
            "voteAverage": 0,
            "voteCounter": 0
        },
        "url": "https://images.marinetraffic.com/collection/4613192.webp?size=800"
    },
    {
        "photoId": 4613191,
        "placeTaken": "NOK - Holtenau-Kiel",
        "takenAt": 1648204080,
        "copyright": "Peter aus Holtenau",
        "description": null,
        "asset": {
            "id": 144583,
            "type": "Cargo",
            "name": "NECKAR HIGHWAY"
        },
        "rating": {
            "voteAverage": 5,
            "voteCounter": 5
        },
        "url": "https://images.marinetraffic.com/collection/4613191.webp?size=800"
    },
    {
        "photoId": 4609701,
        "placeTaken": "DECKL  Kurs Schleuse DEBRB",
        "takenAt": 1648111860,
        "copyright": "Arno Bruegmann",
        "description": null,
        "asset": {
            "id": 144583,
            "type": "Cargo",
            "name": "NECKAR HIGHWAY"
        },
        "rating": {
            "voteAverage": 0,
            "voteCounter": 0
        },
        "url": "https://images.marinetraffic.com/collection/4609701.webp?size=800"
    },
    {
        "photoId": 4609700,
        "placeTaken": "DECKL  Kurs Schleuse DEBRB",
        "takenAt": 1648111620,
        "copyright": "Arno Bruegmann",
        "description": null,
        "asset": {
            "id": 144583,
            "type": "Cargo",
            "name": "NECKAR HIGHWAY"
        },
        "rating": {
            "voteAverage": 0,
            "voteCounter": 0
        },
        "url": "https://images.marinetraffic.com/collection/4609700.webp?size=800"
    },
    {
        "photoId": 4609699,
        "placeTaken": "DECKL  Kurs Schleuse DEBRB",
        "takenAt": 1648111560,
        "copyright": "Arno Bruegmann",
        "description": null,
        "asset": {
            "id": 144583,
            "type": "Cargo",
            "name": "NECKAR HIGHWAY"
        },
        "rating": {
            "voteAverage": 0,
            "voteCounter": 0
        },
        "url": "https://images.marinetraffic.com/collection/4609699.webp?size=800"
    },
    {
        "photoId": 4609698,
        "placeTaken": "DECKL  Kurs Schleuse DEBRB",
        "takenAt": 1648111560,
        "copyright": "Arno Bruegmann",
        "description": null,
        "asset": {
            "id": 144583,
            "type": "Cargo",
            "name": "NECKAR HIGHWAY"
        },
        "rating": {
            "voteAverage": 0,
            "voteCounter": 0
        },
        "url": "https://images.marinetraffic.com/collection/4609698.webp?size=800"
    },
    {
        "photoId": 4609697,
        "placeTaken": "DECKL  Kurs Schleuse DEBRB",
        "takenAt": 1648111440,
        "copyright": "Arno Bruegmann",
        "description": null,
        "asset": {
            "id": 144583,
            "type": "Cargo",
            "name": "NECKAR HIGHWAY"
        },
        "rating": {
            "voteAverage": 0,
            "voteCounter": 0
        },
        "url": "https://images.marinetraffic.com/collection/4609697.webp?size=800"
    },
    {
        "photoId": 4607014,
        "placeTaken": "Grimsby, UK",
        "takenAt": 1647888540,
        "copyright": "Ian Greenwood",
        "description": null,
        "asset": {
            "id": 144583,
            "type": "Cargo",
            "name": "NECKAR HIGHWAY"
        },
        "rating": {
            "voteAverage": 0,
            "voteCounter": 0
        },
        "url": "https://images.marinetraffic.com/collection/4607014.webp?size=800"
    },
    {
        "photoId": 4579753,
        "placeTaken": null,
        "takenAt": 1504966980,
        "copyright": "Rafal Drewnowski",
        "description": null,
        "asset": {
            "id": 144583,
            "type": "Cargo",
            "name": "NECKAR HIGHWAY"
        },
        "rating": {
            "voteAverage": 0,
            "voteCounter": 0
        },
        "url": "https://images.marinetraffic.com/collection/4579753.webp?size=800"
    },
    {
        "photoId": 4544054,
        "placeTaken": "Helsingborg Sweden",
        "takenAt": 1504264800,
        "copyright": "Bjorn S Bjornesjo",
        "description": "Neckar Highway northbound passing between HelsingborgHelsing\u00f8r",
        "asset": {
            "id": 144583,
            "type": "Cargo",
            "name": "NECKAR HIGHWAY"
        },
        "rating": {
            "voteAverage": 0,
            "voteCounter": 0
        },
        "url": "https://images.marinetraffic.com/collection/4544054.webp?size=800"
    },
    {
        "photoId": 4488551,
        "placeTaken": "NOK - Rendsburg",
        "takenAt": 1636289880,
        "copyright": "Peter aus Holtenau",
        "description": null,
        "asset": {
            "id": 144583,
            "type": "Cargo",
            "name": "NECKAR HIGHWAY"
        },
        "rating": {
            "voteAverage": 5,
            "voteCounter": 1
        },
        "url": "https://images.marinetraffic.com/collection/4488551.webp?size=800"
    },
    {
        "photoId": 4462759,
        "placeTaken": "Humber, UK",
        "takenAt": 1634394060,
        "copyright": "Ian Greenwood",
        "description": null,
        "asset": {
            "id": 144583,
            "type": "Cargo",
            "name": "NECKAR HIGHWAY"
        },
        "rating": {
            "voteAverage": 5,
            "voteCounter": 1
        },
        "url": "https://images.marinetraffic.com/collection/4462759.webp?size=800"
    },
    {
        "photoId": 4462758,
        "placeTaken": "Humber, UK",
        "takenAt": 1634394000,
        "copyright": "Ian Greenwood",
        "description": null,
        "asset": {
            "id": 144583,
            "type": "Cargo",
            "name": "NECKAR HIGHWAY"
        },
        "rating": {
            "voteAverage": 5,
            "voteCounter": 2
        },
        "url": "https://images.marinetraffic.com/collection/4462758.webp?size=800"
    },
    {
        "photoId": 4460560,
        "placeTaken": "Elbe, Cuxhaven GER",
        "takenAt": 1601928780,
        "copyright": "FBN Raiger",
        "description": "Elbe, Cuxhaven GER",
        "asset": {
            "id": 144583,
            "type": "Cargo",
            "name": "NECKAR HIGHWAY"
        },
        "rating": {
            "voteAverage": 5,
            "voteCounter": 32
        },
        "url": "https://images.marinetraffic.com/collection/4460560.webp?size=800"
    },
    {
        "photoId": 4417102,
        "placeTaken": "Cuxhaven",
        "takenAt": 1378230300,
        "copyright": "Horst Cierullies",
        "description": "Der Fahrzeug Transporter NECKAR HIGHWAY auf der Elbe bei der Kugelbake Cuxhaven mit einem unbekannten Containersciff",
        "asset": {
            "id": 144583,
            "type": "Cargo",
            "name": "NECKAR HIGHWAY"
        },
        "rating": {
            "voteAverage": 5,
            "voteCounter": 27
        },
        "url": "https://images.marinetraffic.com/collection/4417102.webp?size=800"
    },
    {
        "photoId": 4339921,
        "placeTaken": "Cuxhaven",
        "takenAt": 1612016160,
        "copyright": "Nico T.",
        "description": null,
        "asset": {
            "id": 144583,
            "type": "Cargo",
            "name": "NECKAR HIGHWAY"
        },
        "rating": {
            "voteAverage": 5,
            "voteCounter": 14
        },
        "url": "https://images.marinetraffic.com/collection/4339921.webp?size=800"
    },
    {
        "photoId": 4310297,
        "placeTaken": "Hamburg-Rueschpark",
        "takenAt": 1623855660,
        "copyright": "S.Seelemann",
        "description": null,
        "asset": {
            "id": 144583,
            "type": "Cargo",
            "name": "NECKAR HIGHWAY"
        },
        "rating": {
            "voteAverage": 5,
            "voteCounter": 5
        },
        "url": "https://images.marinetraffic.com/collection/4310297.webp?size=800"
    },
    {
        "photoId": 4296429,
        "placeTaken": "Port of Gdansk",
        "takenAt": 1622908740,
        "copyright": "Piotr Jaglinski",
        "description": "Departing from the port of Gdansk",
        "asset": {
            "id": 144583,
            "type": "Cargo",
            "name": "NECKAR HIGHWAY"
        },
        "rating": {
            "voteAverage": 5,
            "voteCounter": 1
        },
        "url": "https://images.marinetraffic.com/collection/4296429.webp?size=800"
    },
    {
        "photoId": 4296428,
        "placeTaken": "Port of Gdansk",
        "takenAt": 1622908020,
        "copyright": "Piotr Jaglinski",
        "description": "WOC II quay",
        "asset": {
            "id": 144583,
            "type": "Cargo",
            "name": "NECKAR HIGHWAY"
        },
        "rating": {
            "voteAverage": 0,
            "voteCounter": 0
        },
        "url": "https://images.marinetraffic.com/collection/4296428.webp?size=800"
    }
]