[
    {
        "photoId": 3973456,
        "placeTaken": "Gdask",
        "takenAt": 1596369120,
        "copyright": "And Gal",
        "description": null,
        "asset": {
            "id": 144583,
            "type": "Cargo",
            "name": "NECKAR HIGHWAY"
        },
        "rating": {
            "voteAverage": 0,
            "voteCounter": 0
        },
        "url": "https://images.marinetraffic.com/collection/3973456.webp?size=800"
    },
    {
        "photoId": 3973362,
        "placeTaken": "Gdansk",
        "takenAt": 1596367800,
        "copyright": "Piotr Jaglinski",
        "description": "Entrance to the Port of Gdask",
        "asset": {
            "id": 144583,
            "type": "Cargo",
            "name": "NECKAR HIGHWAY"
        },
        "rating": {
            "voteAverage": 5,
            "voteCounter": 1
        },
        "url": "https://images.marinetraffic.com/collection/3973362.webp?size=800"
    },
    {
        "photoId": 3947143,
        "placeTaken": "Brugge",
        "takenAt": 1594566900,
        "copyright": "Noel Goegebuer",
        "description": "Brugge outer port, outbound.",
        "asset": {
            "id": 144583,
            "type": "Cargo",
            "name": "NECKAR HIGHWAY"
        },
        "rating": {
            "voteAverage": 5,
            "voteCounter": 1
        },
        "url": "https://images.marinetraffic.com/collection/3947143.webp?size=800"
    },
    {
        "photoId": 3923722,
        "placeTaken": "NOK - Holtenau-Kiel",
        "takenAt": 1593029220,
        "copyright": "Peter aus Holtenau",
        "description": null,
        "asset": {
            "id": 144583,
            "type": "Cargo",
            "name": "NECKAR HIGHWAY"
        },
        "rating": {
            "voteAverage": 5,
            "voteCounter": 1
        },
        "url": "https://images.marinetraffic.com/collection/3923722.webp?size=800"
    },
    {
        "photoId": 3923716,
        "placeTaken": "NOK - Holtenau-Kiel",
        "takenAt": 1593029100,
        "copyright": "Peter aus Holtenau",
        "description": null,
        "asset": {
            "id": 144583,
            "type": "Cargo",
            "name": "NECKAR HIGHWAY"
        },
        "rating": {
            "voteAverage": 5,
            "voteCounter": 6
        },
        "url": "https://images.marinetraffic.com/collection/3923716.webp?size=800"
    },
    {
        "photoId": 3894557,
        "placeTaken": "Humber, UK",
        "takenAt": 1590934620,
        "copyright": "Ian Greenwood",
        "description": null,
        "asset": {
            "id": 144583,
            "type": "Cargo",
            "name": "NECKAR HIGHWAY"
        },
        "rating": {
            "voteAverage": 0,
            "voteCounter": 0
        },
        "url": "https://images.marinetraffic.com/collection/3894557.webp?size=800"
    },
    {
        "photoId": 3894556,
        "placeTaken": "Humber, UK",
        "takenAt": 1590934740,
        "copyright": "Ian Greenwood",
        "description": null,
        "asset": {
            "id": 144583,
            "type": "Cargo",
            "name": "NECKAR HIGHWAY"
        },
        "rating": {
            "voteAverage": 0,
            "voteCounter": 0
        },
        "url": "https://images.marinetraffic.com/collection/3894556.webp?size=800"
    },
    {
        "photoId": 3894553,
        "placeTaken": "Humber, UK",
        "takenAt": 1590934740,
        "copyright": "Ian Greenwood",
        "description": null,
        "asset": {
            "id": 144583,
            "type": "Cargo",
            "name": "NECKAR HIGHWAY"
        },
        "rating": {
            "voteAverage": 0,
            "voteCounter": 0
        },
        "url": "https://images.marinetraffic.com/collection/3894553.webp?size=800"
    },
    {
        "photoId": 3894551,
        "placeTaken": "Humber, UK",
        "takenAt": 1590934500,
        "copyright": "Ian Greenwood",
        "description": null,
        "asset": {
            "id": 144583,
            "type": "Cargo",
            "name": "NECKAR HIGHWAY"
        },
        "rating": {
            "voteAverage": 0,
            "voteCounter": 0
        },
        "url": "https://images.marinetraffic.com/collection/3894551.webp?size=800"
    },
    {
        "photoId": 3894550,
        "placeTaken": "Humber, UK",
        "takenAt": 1590928680,
        "copyright": "Ian Greenwood",
        "description": null,
        "asset": {
            "id": 144583,
            "type": "Cargo",
            "name": "NECKAR HIGHWAY"
        },
        "rating": {
            "voteAverage": 0,
            "voteCounter": 0
        },
        "url": "https://images.marinetraffic.com/collection/3894550.webp?size=800"
    },
    {
        "photoId": 3869620,
        "placeTaken": "Baltic Sea",
        "takenAt": 1562944440,
        "copyright": "Siegfried Haase",
        "description": null,
        "asset": {
            "id": 144583,
            "type": "Cargo",
            "name": "NECKAR HIGHWAY"
        },
        "rating": {
            "voteAverage": 0,
            "voteCounter": 0
        },
        "url": "https://images.marinetraffic.com/collection/3869620.webp?size=800"
    },
    {
        "photoId": 3869596,
        "placeTaken": null,
        "takenAt": 1562944380,
        "copyright": "Siegfried Haase",
        "description": null,
        "asset": {
            "id": 144583,
            "type": "Cargo",
            "name": "NECKAR HIGHWAY"
        },
        "rating": {
            "voteAverage": 0,
            "voteCounter": 0
        },
        "url": "https://images.marinetraffic.com/collection/3869596.webp?size=800"
    },
    {
        "photoId": 3857813,
        "placeTaken": "Gdynia, Poland",
        "takenAt": 1587918900,
        "copyright": "Alexander Rychkov",
        "description": null,
        "asset": {
            "id": 144583,
            "type": "Cargo",
            "name": "NECKAR HIGHWAY"
        },
        "rating": {
            "voteAverage": 0,
            "voteCounter": 0
        },
        "url": "https://images.marinetraffic.com/collection/3857813.webp?size=800"
    },
    {
        "photoId": 3856807,
        "placeTaken": "GDYNIA, POLAND",
        "takenAt": 1588089300,
        "copyright": "JANURY",
        "description": null,
        "asset": {
            "id": 144583,
            "type": "Cargo",
            "name": "NECKAR HIGHWAY"
        },
        "rating": {
            "voteAverage": 0,
            "voteCounter": 0
        },
        "url": "https://images.marinetraffic.com/collection/3856807.webp?size=800"
    },
    {
        "photoId": 3855836,
        "placeTaken": "GDYNIA, POLAND",
        "takenAt": 1588000260,
        "copyright": "JANURY",
        "description": null,
        "asset": {
            "id": 144583,
            "type": "Cargo",
            "name": "NECKAR HIGHWAY"
        },
        "rating": {
            "voteAverage": 0,
            "voteCounter": 0
        },
        "url": "https://images.marinetraffic.com/collection/3855836.webp?size=800"
    },
    {
        "photoId": 3753791,
        "placeTaken": "NOK-Westerroenfeld",
        "takenAt": 1577794860,
        "copyright": "Hans-Peter Schroeder",
        "description": null,
        "asset": {
            "id": 144583,
            "type": "Cargo",
            "name": "NECKAR HIGHWAY"
        },
        "rating": {
            "voteAverage": 5,
            "voteCounter": 17
        },
        "url": "https://images.marinetraffic.com/collection/3753791.webp?size=800"
    },
    {
        "photoId": 3753789,
        "placeTaken": "NOK-Westerroenfeld",
        "takenAt": 1577794800,
        "copyright": "Hans-Peter Schroeder",
        "description": null,
        "asset": {
            "id": 144583,
            "type": "Cargo",
            "name": "NECKAR HIGHWAY"
        },
        "rating": {
            "voteAverage": 5,
            "voteCounter": 21
        },
        "url": "https://images.marinetraffic.com/collection/3753789.webp?size=800"
    },
    {
        "photoId": 3748037,
        "placeTaken": "Kiel Canal",
        "takenAt": 1577797440,
        "copyright": "Helge Massmann",
        "description": null,
        "asset": {
            "id": 144583,
            "type": "Cargo",
            "name": "NECKAR HIGHWAY"
        },
        "rating": {
            "voteAverage": 5,
            "voteCounter": 9
        },
        "url": "https://images.marinetraffic.com/collection/3748037.webp?size=800"
    },
    {
        "photoId": 3748035,
        "placeTaken": "Kiel Canal",
        "takenAt": 1577798400,
        "copyright": "Helge Massmann",
        "description": null,
        "asset": {
            "id": 144583,
            "type": "Cargo",
            "name": "NECKAR HIGHWAY"
        },
        "rating": {
            "voteAverage": 5,
            "voteCounter": 18
        },
        "url": "https://images.marinetraffic.com/collection/3748035.webp?size=800"
    },
    {
        "photoId": 3733004,
        "placeTaken": "Gedser",
        "takenAt": 1575215160,
        "copyright": "Marc Pingoud",
        "description": "Vehicle Carrier NECKAR HIGHWAY westbound near Gedser Denmark - 01.12.2019",
        "asset": {
            "id": 144583,
            "type": "Cargo",
            "name": "NECKAR HIGHWAY"
        },
        "rating": {
            "voteAverage": 5,
            "voteCounter": 1
        },
        "url": "https://images.marinetraffic.com/collection/3733004.webp?size=800"
    }
]