[
    {
        "photoId": 752151,
        "placeTaken": "Victoria BC",
        "takenAt": 1332936600,
        "copyright": "Patrick Lawson",
        "description": null,
        "asset": {
            "id": 158711,
            "type": "Cargo",
            "name": "ADRIAN MAERSK"
        },
        "rating": {
            "voteAverage": 4.5,
            "voteCounter": 2
        },
        "url": "https://images.marinetraffic.com/collection/752151.webp?size=800"
    },
    {
        "photoId": 704493,
        "placeTaken": "Cuxhaven",
        "takenAt": 1254409860,
        "copyright": "Fuchs, Bernhard",
        "description": "01.10.2009 Cuxhaven",
        "asset": {
            "id": 158711,
            "type": "Cargo",
            "name": "ADRIAN MAERSK"
        },
        "rating": {
            "voteAverage": 4.6,
            "voteCounter": 5
        },
        "url": "https://images.marinetraffic.com/collection/704493.webp?size=800"
    },
    {
        "photoId": 566661,
        "placeTaken": "Victoria BC Canada",
        "takenAt": 1314201960,
        "copyright": "Patrick Lawson",
        "description": null,
        "asset": {
            "id": 158711,
            "type": "Cargo",
            "name": "ADRIAN MAERSK"
        },
        "rating": {
            "voteAverage": 5,
            "voteCounter": 8
        },
        "url": "https://images.marinetraffic.com/collection/566661.webp?size=800"
    },
    {
        "photoId": 566660,
        "placeTaken": "Victoria BC Canada",
        "takenAt": 1314202320,
        "copyright": "Patrick Lawson",
        "description": null,
        "asset": {
            "id": 158711,
            "type": "Cargo",
            "name": "ADRIAN MAERSK"
        },
        "rating": {
            "voteAverage": 4.5,
            "voteCounter": 2
        },
        "url": "https://images.marinetraffic.com/collection/566660.webp?size=800"
    },
    {
        "photoId": 565729,
        "placeTaken": "Victoria BC Canada",
        "takenAt": 1314202320,
        "copyright": "Patrick Lawson",
        "description": null,
        "asset": {
            "id": 158711,
            "type": "Cargo",
            "name": "ADRIAN MAERSK"
        },
        "rating": {
            "voteAverage": 5,
            "voteCounter": 1
        },
        "url": "https://images.marinetraffic.com/collection/565729.webp?size=800"
    },
    {
        "photoId": 565727,
        "placeTaken": "Victoria BC Canada",
        "takenAt": 1314202200,
        "copyright": "Patrick Lawson",
        "description": null,
        "asset": {
            "id": 158711,
            "type": "Cargo",
            "name": "ADRIAN MAERSK"
        },
        "rating": {
            "voteAverage": 5,
            "voteCounter": 1
        },
        "url": "https://images.marinetraffic.com/collection/565727.webp?size=800"
    },
    {
        "photoId": 563655,
        "placeTaken": "Southeast Arm of Salish Sea",
        "takenAt": 1314030780,
        "copyright": "Clark Crawford",
        "description": "Out of Seattle for Vancouver passing by Double Bluff, Whidby Island. 22kn/301*",
        "asset": {
            "id": 158711,
            "type": "Cargo",
            "name": "ADRIAN MAERSK"
        },
        "rating": {
            "voteAverage": 5,
            "voteCounter": 4
        },
        "url": "https://images.marinetraffic.com/collection/563655.webp?size=800"
    },
    {
        "photoId": 561248,
        "placeTaken": "Southeast Arm of Salish Sea",
        "takenAt": 1313844420,
        "copyright": "Clark Crawford",
        "description": "Out of Yantian for Seattle, Washinngton passing along Whidby Island. Mount Pilchuck and Glacier peak beyond. 19.4kn/127*",
        "asset": {
            "id": 158711,
            "type": "Cargo",
            "name": "ADRIAN MAERSK"
        },
        "rating": {
            "voteAverage": 5,
            "voteCounter": 5
        },
        "url": "https://images.marinetraffic.com/collection/561248.webp?size=800"
    },
    {
        "photoId": 520329,
        "placeTaken": "Felixstowe",
        "takenAt": 1309508280,
        "copyright": "John Gibson",
        "description": null,
        "asset": {
            "id": 158711,
            "type": "Cargo",
            "name": "ADRIAN MAERSK"
        },
        "rating": {
            "voteAverage": 4.8,
            "voteCounter": 5
        },
        "url": "https://images.marinetraffic.com/collection/520329.webp?size=800"
    },
    {
        "photoId": 518494,
        "placeTaken": "Felixstowe",
        "takenAt": 1309507860,
        "copyright": "John Gibson",
        "description": "Arriving in port",
        "asset": {
            "id": 158711,
            "type": "Cargo",
            "name": "ADRIAN MAERSK"
        },
        "rating": {
            "voteAverage": 4.333333,
            "voteCounter": 3
        },
        "url": "https://images.marinetraffic.com/collection/518494.webp?size=800"
    },
    {
        "photoId": 509849,
        "placeTaken": "pilotstation wandelaar",
        "takenAt": null,
        "copyright": "Steve Beschuyt",
        "description": "Camera Model: NIKON CORPORATION (NIKON D5000)\r\nLens Focal Length: 135,00 mm (55-200 mm  F4,0-F5,6)\r\nShutter Speed: 1/400 sec\r\nF-Number: F10,0\r\nISO: 200",
        "asset": {
            "id": 158711,
            "type": "Cargo",
            "name": "ADRIAN MAERSK"
        },
        "rating": {
            "voteAverage": 4,
            "voteCounter": 3
        },
        "url": "https://images.marinetraffic.com/collection/509849.webp?size=800"
    },
    {
        "photoId": 497455,
        "placeTaken": "Valencia",
        "takenAt": 1308386640,
        "copyright": "Manuel Hern\u00e1ndez",
        "description": null,
        "asset": {
            "id": 158711,
            "type": "Cargo",
            "name": "ADRIAN MAERSK"
        },
        "rating": {
            "voteAverage": 4.4,
            "voteCounter": 5
        },
        "url": "https://images.marinetraffic.com/collection/497455.webp?size=800"
    },
    {
        "photoId": 497448,
        "placeTaken": "Valencia",
        "takenAt": 1308376500,
        "copyright": "Manuel Hern\u00e1ndez",
        "description": null,
        "asset": {
            "id": 158711,
            "type": "Cargo",
            "name": "ADRIAN MAERSK"
        },
        "rating": {
            "voteAverage": 4.5,
            "voteCounter": 4
        },
        "url": "https://images.marinetraffic.com/collection/497448.webp?size=800"
    },
    {
        "photoId": 429508,
        "placeTaken": "Westerschelde, Terneuzen. NL",
        "takenAt": 1302629340,
        "copyright": "Taco Boendermaker",
        "description": null,
        "asset": {
            "id": 158711,
            "type": "Cargo",
            "name": "ADRIAN MAERSK"
        },
        "rating": {
            "voteAverage": 2,
            "voteCounter": 3
        },
        "url": "https://images.marinetraffic.com/collection/429508.webp?size=800"
    },
    {
        "photoId": 429228,
        "placeTaken": null,
        "takenAt": 1284560340,
        "copyright": "Ugille.Benoit",
        "description": null,
        "asset": {
            "id": 158711,
            "type": "Cargo",
            "name": "ADRIAN MAERSK"
        },
        "rating": {
            "voteAverage": 4.166667,
            "voteCounter": 6
        },
        "url": "https://images.marinetraffic.com/collection/429228.webp?size=800"
    },
    {
        "photoId": 398631,
        "placeTaken": "Maasvlakte",
        "takenAt": 1249128840,
        "copyright": "Aart van Bezooijen",
        "description": null,
        "asset": {
            "id": 158711,
            "type": "Cargo",
            "name": "ADRIAN MAERSK"
        },
        "rating": {
            "voteAverage": 4.6,
            "voteCounter": 10
        },
        "url": "https://images.marinetraffic.com/collection/398631.webp?size=800"
    },
    {
        "photoId": 397270,
        "placeTaken": "Cuxhaven",
        "takenAt": 1254409860,
        "copyright": "Fuzzy",
        "description": "01.10.2009 Cuxhaven",
        "asset": {
            "id": 158711,
            "type": "Cargo",
            "name": "ADRIAN MAERSK"
        },
        "rating": {
            "voteAverage": 4.625,
            "voteCounter": 8
        },
        "url": "https://images.marinetraffic.com/collection/397270.webp?size=800"
    },
    {
        "photoId": 323501,
        "placeTaken": "Felixstowe, UK",
        "takenAt": 1278370560,
        "copyright": "Dick Smith(dicamus)",
        "description": null,
        "asset": {
            "id": 158711,
            "type": "Cargo",
            "name": "ADRIAN MAERSK"
        },
        "rating": {
            "voteAverage": 3.5,
            "voteCounter": 8
        },
        "url": "https://images.marinetraffic.com/collection/323501.webp?size=800"
    },
    {
        "photoId": 246751,
        "placeTaken": "Walsoorden",
        "takenAt": 1278448140,
        "copyright": "Jeremy",
        "description": "To Antwerp",
        "asset": {
            "id": 158711,
            "type": "Cargo",
            "name": "ADRIAN MAERSK"
        },
        "rating": {
            "voteAverage": 4.588235,
            "voteCounter": 17
        },
        "url": "https://images.marinetraffic.com/collection/246751.webp?size=800"
    },
    {
        "photoId": 243211,
        "placeTaken": "Kollmar / Elbe",
        "takenAt": 1277999400,
        "copyright": "S.Schumacher",
        "description": null,
        "asset": {
            "id": 158711,
            "type": "Cargo",
            "name": "ADRIAN MAERSK"
        },
        "rating": {
            "voteAverage": 3.333333,
            "voteCounter": 6
        },
        "url": "https://images.marinetraffic.com/collection/243211.webp?size=800"
    }
]