[
    {
        "photoId": 4517773,
        "placeTaken": "Port of Miami crane managemt",
        "takenAt": 1639468620,
        "copyright": "Luis  Jara",
        "description": "left from Miami",
        "asset": {
            "id": 158711,
            "type": "Cargo",
            "name": "ADRIAN MAERSK"
        },
        "rating": {
            "voteAverage": 0,
            "voteCounter": 0
        },
        "url": "https://images.marinetraffic.com/collection/4517773.webp?size=800"
    },
    {
        "photoId": 4295674,
        "placeTaken": "savannah",
        "takenAt": 1622730900,
        "copyright": "Landon Mercer",
        "description": null,
        "asset": {
            "id": 158711,
            "type": "Cargo",
            "name": "ADRIAN MAERSK"
        },
        "rating": {
            "voteAverage": 0,
            "voteCounter": 0
        },
        "url": "https://images.marinetraffic.com/collection/4295674.webp?size=800"
    },
    {
        "photoId": 4151723,
        "placeTaken": "Cai Mep",
        "takenAt": 1611588600,
        "copyright": "Daniel Birk",
        "description": null,
        "asset": {
            "id": 158711,
            "type": "Cargo",
            "name": "ADRIAN MAERSK"
        },
        "rating": {
            "voteAverage": 5,
            "voteCounter": 1
        },
        "url": "https://images.marinetraffic.com/collection/4151723.webp?size=800"
    },
    {
        "photoId": 4114765,
        "placeTaken": "Lower Bay, NYC.",
        "takenAt": 1600122180,
        "copyright": "smp",
        "description": null,
        "asset": {
            "id": 158711,
            "type": "Cargo",
            "name": "ADRIAN MAERSK"
        },
        "rating": {
            "voteAverage": 5,
            "voteCounter": 1
        },
        "url": "https://images.marinetraffic.com/collection/4114765.webp?size=800"
    },
    {
        "photoId": 4108863,
        "placeTaken": "Tanjung Pelepas, Malaysia.",
        "takenAt": 1596525660,
        "copyright": "smp",
        "description": null,
        "asset": {
            "id": 158711,
            "type": "Cargo",
            "name": "ADRIAN MAERSK"
        },
        "rating": {
            "voteAverage": 0,
            "voteCounter": 0
        },
        "url": "https://images.marinetraffic.com/collection/4108863.webp?size=800"
    },
    {
        "photoId": 4025859,
        "placeTaken": "Staten Island NY",
        "takenAt": 1600056660,
        "copyright": "Dallas mayson",
        "description": "Leaving Newark Bay.",
        "asset": {
            "id": 158711,
            "type": "Cargo",
            "name": "ADRIAN MAERSK"
        },
        "rating": {
            "voteAverage": 5,
            "voteCounter": 2
        },
        "url": "https://images.marinetraffic.com/collection/4025859.webp?size=800"
    },
    {
        "photoId": 4025783,
        "placeTaken": "Staten Island NY",
        "takenAt": 1600056540,
        "copyright": "Dallas mayson",
        "description": "Kill Van Kull. leaving for sea.",
        "asset": {
            "id": 158711,
            "type": "Cargo",
            "name": "ADRIAN MAERSK"
        },
        "rating": {
            "voteAverage": 0,
            "voteCounter": 0
        },
        "url": "https://images.marinetraffic.com/collection/4025783.webp?size=800"
    },
    {
        "photoId": 4025778,
        "placeTaken": "Staten Island NY",
        "takenAt": 1600056420,
        "copyright": "Dallas mayson",
        "description": "Leaving Newark Bay for sea.",
        "asset": {
            "id": 158711,
            "type": "Cargo",
            "name": "ADRIAN MAERSK"
        },
        "rating": {
            "voteAverage": 0,
            "voteCounter": 0
        },
        "url": "https://images.marinetraffic.com/collection/4025778.webp?size=800"
    },
    {
        "photoId": 4025777,
        "placeTaken": "Staten Island NY",
        "takenAt": 1600056600,
        "copyright": "Dallas mayson",
        "description": "Bow on. passing Elm Park, Staten Island NY",
        "asset": {
            "id": 158711,
            "type": "Cargo",
            "name": "ADRIAN MAERSK"
        },
        "rating": {
            "voteAverage": 5,
            "voteCounter": 1
        },
        "url": "https://images.marinetraffic.com/collection/4025777.webp?size=800"
    },
    {
        "photoId": 3872042,
        "placeTaken": "Vancouver Canada",
        "takenAt": 1586007000,
        "copyright": "rick voice",
        "description": null,
        "asset": {
            "id": 158711,
            "type": "Cargo",
            "name": "ADRIAN MAERSK"
        },
        "rating": {
            "voteAverage": 5,
            "voteCounter": 2
        },
        "url": "https://images.marinetraffic.com/collection/3872042.webp?size=800"
    },
    {
        "photoId": 3854721,
        "placeTaken": "Uraga Channel",
        "takenAt": 1587740040,
        "copyright": "Ryuyu Tai",
        "description": null,
        "asset": {
            "id": 158711,
            "type": "Cargo",
            "name": "ADRIAN MAERSK"
        },
        "rating": {
            "voteAverage": 0,
            "voteCounter": 0
        },
        "url": "https://images.marinetraffic.com/collection/3854721.webp?size=800"
    },
    {
        "photoId": 3840861,
        "placeTaken": "Bush Point, Whidbey Island, WA   USA",
        "takenAt": 1586617680,
        "copyright": "Jackie Pritchard",
        "description": null,
        "asset": {
            "id": 158711,
            "type": "Cargo",
            "name": "ADRIAN MAERSK"
        },
        "rating": {
            "voteAverage": 5,
            "voteCounter": 4
        },
        "url": "https://images.marinetraffic.com/collection/3840861.webp?size=800"
    },
    {
        "photoId": 3833739,
        "placeTaken": "Vancouver, B.C.",
        "takenAt": 1586019960,
        "copyright": "Malcolm Millar",
        "description": "Anchored at English Bay Uniform before April 6th departure for Brotchie, then Seattle",
        "asset": {
            "id": 158711,
            "type": "Cargo",
            "name": "ADRIAN MAERSK"
        },
        "rating": {
            "voteAverage": 5,
            "voteCounter": 2
        },
        "url": "https://images.marinetraffic.com/collection/3833739.webp?size=800"
    },
    {
        "photoId": 3829105,
        "placeTaken": "North Vancouver, B.C.",
        "takenAt": 1585600620,
        "copyright": "Malcolm Millar",
        "description": null,
        "asset": {
            "id": 158711,
            "type": "Cargo",
            "name": "ADRIAN MAERSK"
        },
        "rating": {
            "voteAverage": 0,
            "voteCounter": 0
        },
        "url": "https://images.marinetraffic.com/collection/3829105.webp?size=800"
    },
    {
        "photoId": 3666669,
        "placeTaken": "Kwangyang, Rep. of Korea",
        "takenAt": 1516453320,
        "copyright": "V. Tonic",
        "description": "Arriving at Kwangyang port.",
        "asset": {
            "id": 158711,
            "type": "Cargo",
            "name": "ADRIAN MAERSK"
        },
        "rating": {
            "voteAverage": 0,
            "voteCounter": 0
        },
        "url": "https://images.marinetraffic.com/collection/3666669.webp?size=800"
    },
    {
        "photoId": 3666668,
        "placeTaken": "Kwangyang, Rep. of Korea",
        "takenAt": 1516453560,
        "copyright": "V. Tonic",
        "description": "Arriving at Kwangyang port.",
        "asset": {
            "id": 158711,
            "type": "Cargo",
            "name": "ADRIAN MAERSK"
        },
        "rating": {
            "voteAverage": 0,
            "voteCounter": 0
        },
        "url": "https://images.marinetraffic.com/collection/3666668.webp?size=800"
    },
    {
        "photoId": 3666667,
        "placeTaken": "Kwangyang, Rep. of Korea",
        "takenAt": 1516452900,
        "copyright": "V. Tonic",
        "description": "Arriving at Kwangyang port.",
        "asset": {
            "id": 158711,
            "type": "Cargo",
            "name": "ADRIAN MAERSK"
        },
        "rating": {
            "voteAverage": 0,
            "voteCounter": 0
        },
        "url": "https://images.marinetraffic.com/collection/3666667.webp?size=800"
    },
    {
        "photoId": 3572809,
        "placeTaken": "Bayonne, NJ",
        "takenAt": 1563744180,
        "copyright": "Marcin Kocoj",
        "description": "Adrian Maersk leaving APM Terminal.",
        "asset": {
            "id": 158711,
            "type": "Cargo",
            "name": "ADRIAN MAERSK"
        },
        "rating": {
            "voteAverage": 5,
            "voteCounter": 2
        },
        "url": "https://images.marinetraffic.com/collection/3572809.webp?size=800"
    },
    {
        "photoId": 2528315,
        "placeTaken": "Suez-Canal",
        "takenAt": 1479362640,
        "copyright": "Lutz Worch",
        "description": null,
        "asset": {
            "id": 158711,
            "type": "Cargo",
            "name": "ADRIAN MAERSK"
        },
        "rating": {
            "voteAverage": 0,
            "voteCounter": 0
        },
        "url": "https://images.marinetraffic.com/collection/2528315.webp?size=800"
    },
    {
        "photoId": 2528313,
        "placeTaken": "Suez-Canal",
        "takenAt": 1479362700,
        "copyright": "Lutz Worch",
        "description": null,
        "asset": {
            "id": 158711,
            "type": "Cargo",
            "name": "ADRIAN MAERSK"
        },
        "rating": {
            "voteAverage": 0,
            "voteCounter": 0
        },
        "url": "https://images.marinetraffic.com/collection/2528313.webp?size=800"
    }
]