[
    {
        "photoId": 205981,
        "placeTaken": "Walsoorden( NL)",
        "takenAt": 1272392700,
        "copyright": "Marij",
        "description": null,
        "asset": {
            "id": 158711,
            "type": "Cargo",
            "name": "ADRIAN MAERSK"
        },
        "rating": {
            "voteAverage": 4.75,
            "voteCounter": 8
        },
        "url": "https://images.marinetraffic.com/collection/205981.webp?size=800"
    },
    {
        "photoId": 205729,
        "placeTaken": "Walsoorden( NL)",
        "takenAt": 1272326400,
        "copyright": "Marij",
        "description": null,
        "asset": {
            "id": 158711,
            "type": "Cargo",
            "name": "ADRIAN MAERSK"
        },
        "rating": {
            "voteAverage": 4.636364,
            "voteCounter": 11
        },
        "url": "https://images.marinetraffic.com/collection/205729.webp?size=800"
    },
    {
        "photoId": 205726,
        "placeTaken": "Walsoorden( NL)",
        "takenAt": 1272326400,
        "copyright": "Marij",
        "description": null,
        "asset": {
            "id": 158711,
            "type": "Cargo",
            "name": "ADRIAN MAERSK"
        },
        "rating": {
            "voteAverage": 4.333333,
            "voteCounter": 6
        },
        "url": "https://images.marinetraffic.com/collection/205726.webp?size=800"
    },
    {
        "photoId": 205663,
        "placeTaken": "Westerschelde, Terneuzen NL",
        "takenAt": 1272392040,
        "copyright": "Taco Boendermaker",
        "description": null,
        "asset": {
            "id": 158711,
            "type": "Cargo",
            "name": "ADRIAN MAERSK"
        },
        "rating": {
            "voteAverage": 1.333333,
            "voteCounter": 3
        },
        "url": "https://images.marinetraffic.com/collection/205663.webp?size=800"
    },
    {
        "photoId": 203342,
        "placeTaken": "Elbe River, Hamburg downstream Teufelsbrueck",
        "takenAt": 1271959680,
        "copyright": "rfseevetal",
        "description": null,
        "asset": {
            "id": 158711,
            "type": "Cargo",
            "name": "ADRIAN MAERSK"
        },
        "rating": {
            "voteAverage": 4,
            "voteCounter": 21
        },
        "url": "https://images.marinetraffic.com/collection/203342.webp?size=800"
    },
    {
        "photoId": 203341,
        "placeTaken": "outbound Waltershof, Hamburg",
        "takenAt": 1271958720,
        "copyright": "rfseevetal",
        "description": null,
        "asset": {
            "id": 158711,
            "type": "Cargo",
            "name": "ADRIAN MAERSK"
        },
        "rating": {
            "voteAverage": 4.444445,
            "voteCounter": 9
        },
        "url": "https://images.marinetraffic.com/collection/203341.webp?size=800"
    },
    {
        "photoId": 149666,
        "placeTaken": "Europoort",
        "takenAt": 1166537040,
        "copyright": "Wim van der Ros",
        "description": null,
        "asset": {
            "id": 158711,
            "type": "Cargo",
            "name": "ADRIAN MAERSK"
        },
        "rating": {
            "voteAverage": 4.6,
            "voteCounter": 15
        },
        "url": "https://images.marinetraffic.com/collection/149666.webp?size=800"
    },
    {
        "photoId": 139051,
        "placeTaken": "Hamburg",
        "takenAt": 1257534240,
        "copyright": "J. Ziegler",
        "description": "30-Sep-2009 arriving at Hamburg",
        "asset": {
            "id": 158711,
            "type": "Cargo",
            "name": "ADRIAN MAERSK"
        },
        "rating": {
            "voteAverage": 4.4,
            "voteCounter": 15
        },
        "url": "https://images.marinetraffic.com/collection/139051.webp?size=800"
    },
    {
        "photoId": 125117,
        "placeTaken": "Cuxhaven",
        "takenAt": 1254413580,
        "copyright": "HarryS",
        "description": null,
        "asset": {
            "id": 158711,
            "type": "Cargo",
            "name": "ADRIAN MAERSK"
        },
        "rating": {
            "voteAverage": 3.857143,
            "voteCounter": 14
        },
        "url": "https://images.marinetraffic.com/collection/125117.webp?size=800"
    },
    {
        "photoId": 98073,
        "placeTaken": "Europoort",
        "takenAt": 1249030560,
        "copyright": "Adri Schouten",
        "description": null,
        "asset": {
            "id": 158711,
            "type": "Cargo",
            "name": "ADRIAN MAERSK"
        },
        "rating": {
            "voteAverage": 3.916667,
            "voteCounter": 12
        },
        "url": "https://images.marinetraffic.com/collection/98073.webp?size=800"
    },
    {
        "photoId": 49940,
        "placeTaken": "Northsea",
        "takenAt": 1230878160,
        "copyright": "Hannes van Rijn",
        "description": null,
        "asset": {
            "id": 158711,
            "type": "Cargo",
            "name": "ADRIAN MAERSK"
        },
        "rating": {
            "voteAverage": 4.728395,
            "voteCounter": 81
        },
        "url": "https://images.marinetraffic.com/collection/49940.webp?size=800"
    },
    {
        "photoId": 49939,
        "placeTaken": "Northsea",
        "takenAt": 1204183020,
        "copyright": "Hannes van Rijn",
        "description": null,
        "asset": {
            "id": 158711,
            "type": "Cargo",
            "name": "ADRIAN MAERSK"
        },
        "rating": {
            "voteAverage": 4,
            "voteCounter": 12
        },
        "url": "https://images.marinetraffic.com/collection/49939.webp?size=800"
    },
    {
        "photoId": 48852,
        "placeTaken": "Hamburg",
        "takenAt": 1215726000,
        "copyright": "PixelOpa",
        "description": null,
        "asset": {
            "id": 158711,
            "type": "Cargo",
            "name": "ADRIAN MAERSK"
        },
        "rating": {
            "voteAverage": 4.586207,
            "voteCounter": 29
        },
        "url": "https://images.marinetraffic.com/collection/48852.webp?size=800"
    }
]