[
    {
        "photoId": 3048058,
        "placeTaken": "bremerhaven",
        "takenAt": 1523803200,
        "copyright": "pingi eisbar",
        "description": null,
        "asset": {
            "id": 157477,
            "type": "Cargo",
            "name": "MAYVIEW MAERSK"
        },
        "rating": {
            "voteAverage": 0,
            "voteCounter": 0
        },
        "url": "https://images.marinetraffic.com/collection/3048058.webp?size=800"
    },
    {
        "photoId": 3048057,
        "placeTaken": "bremerhaven",
        "takenAt": 1523803200,
        "copyright": "pingi eisbar",
        "description": null,
        "asset": {
            "id": 157477,
            "type": "Cargo",
            "name": "MAYVIEW MAERSK"
        },
        "rating": {
            "voteAverage": 0,
            "voteCounter": 0
        },
        "url": "https://images.marinetraffic.com/collection/3048057.webp?size=800"
    },
    {
        "photoId": 3048056,
        "placeTaken": "bremerhaven",
        "takenAt": 1523803080,
        "copyright": "pingi eisbar",
        "description": null,
        "asset": {
            "id": 157477,
            "type": "Cargo",
            "name": "MAYVIEW MAERSK"
        },
        "rating": {
            "voteAverage": 0,
            "voteCounter": 0
        },
        "url": "https://images.marinetraffic.com/collection/3048056.webp?size=800"
    },
    {
        "photoId": 3048055,
        "placeTaken": "bremerhaven",
        "takenAt": 1523803200,
        "copyright": "pingi eisbar",
        "description": null,
        "asset": {
            "id": 157477,
            "type": "Cargo",
            "name": "MAYVIEW MAERSK"
        },
        "rating": {
            "voteAverage": 0,
            "voteCounter": 0
        },
        "url": "https://images.marinetraffic.com/collection/3048055.webp?size=800"
    },
    {
        "photoId": 3044329,
        "placeTaken": "Hamburg, Waltershof",
        "takenAt": 1523169360,
        "copyright": "Oliver Boltz",
        "description": null,
        "asset": {
            "id": 157477,
            "type": "Cargo",
            "name": "MAYVIEW MAERSK"
        },
        "rating": {
            "voteAverage": 0,
            "voteCounter": 0
        },
        "url": "https://images.marinetraffic.com/collection/3044329.webp?size=800"
    },
    {
        "photoId": 3044327,
        "placeTaken": "Hamburg, Waltershof",
        "takenAt": 1523169060,
        "copyright": "Oliver Boltz",
        "description": null,
        "asset": {
            "id": 157477,
            "type": "Cargo",
            "name": "MAYVIEW MAERSK"
        },
        "rating": {
            "voteAverage": 0,
            "voteCounter": 0
        },
        "url": "https://images.marinetraffic.com/collection/3044327.webp?size=800"
    },
    {
        "photoId": 3042828,
        "placeTaken": null,
        "takenAt": 1523461080,
        "copyright": "Markus  Ruecker",
        "description": null,
        "asset": {
            "id": 157477,
            "type": "Cargo",
            "name": "MAYVIEW MAERSK"
        },
        "rating": {
            "voteAverage": 0,
            "voteCounter": 0
        },
        "url": "https://images.marinetraffic.com/collection/3042828.webp?size=800"
    },
    {
        "photoId": 3040108,
        "placeTaken": "Hamburg",
        "takenAt": 1523185740,
        "copyright": "Thomas Tauchert",
        "description": null,
        "asset": {
            "id": 157477,
            "type": "Cargo",
            "name": "MAYVIEW MAERSK"
        },
        "rating": {
            "voteAverage": 5,
            "voteCounter": 1
        },
        "url": "https://images.marinetraffic.com/collection/3040108.webp?size=800"
    },
    {
        "photoId": 3040106,
        "placeTaken": "Hamburg",
        "takenAt": 1523185620,
        "copyright": "Thomas Tauchert",
        "description": null,
        "asset": {
            "id": 157477,
            "type": "Cargo",
            "name": "MAYVIEW MAERSK"
        },
        "rating": {
            "voteAverage": 0,
            "voteCounter": 0
        },
        "url": "https://images.marinetraffic.com/collection/3040106.webp?size=800"
    },
    {
        "photoId": 2907157,
        "placeTaken": null,
        "takenAt": 1509198000,
        "copyright": "Mario Gressler",
        "description": null,
        "asset": {
            "id": 157477,
            "type": "Cargo",
            "name": "MAYVIEW MAERSK"
        },
        "rating": {
            "voteAverage": 0,
            "voteCounter": 0
        },
        "url": "https://images.marinetraffic.com/collection/2907157.webp?size=800"
    },
    {
        "photoId": 2882979,
        "placeTaken": "Hamburg",
        "takenAt": 1508520900,
        "copyright": "Hans Schaefer",
        "description": null,
        "asset": {
            "id": 157477,
            "type": "Cargo",
            "name": "MAYVIEW MAERSK"
        },
        "rating": {
            "voteAverage": 5,
            "voteCounter": 5
        },
        "url": "https://images.marinetraffic.com/collection/2882979.webp?size=800"
    },
    {
        "photoId": 2882978,
        "placeTaken": "Hamburg",
        "takenAt": 1508521380,
        "copyright": "Hans Schaefer",
        "description": null,
        "asset": {
            "id": 157477,
            "type": "Cargo",
            "name": "MAYVIEW MAERSK"
        },
        "rating": {
            "voteAverage": 5,
            "voteCounter": 3
        },
        "url": "https://images.marinetraffic.com/collection/2882978.webp?size=800"
    },
    {
        "photoId": 2817905,
        "placeTaken": "Bremerhaven",
        "takenAt": 1493972580,
        "copyright": "Helmut Seger",
        "description": null,
        "asset": {
            "id": 157477,
            "type": "Cargo",
            "name": "MAYVIEW MAERSK"
        },
        "rating": {
            "voteAverage": 0,
            "voteCounter": 0
        },
        "url": "https://images.marinetraffic.com/collection/2817905.webp?size=800"
    },
    {
        "photoId": 2803314,
        "placeTaken": "Lhe/Anleger",
        "takenAt": 1494188880,
        "copyright": "Reinhard Schmidt",
        "description": null,
        "asset": {
            "id": 157477,
            "type": "Cargo",
            "name": "MAYVIEW MAERSK"
        },
        "rating": {
            "voteAverage": 0,
            "voteCounter": 0
        },
        "url": "https://images.marinetraffic.com/collection/2803314.webp?size=800"
    },
    {
        "photoId": 2720884,
        "placeTaken": "Gteborg",
        "takenAt": 1494320040,
        "copyright": "Claes ",
        "description": "Ternvag  9277371",
        "asset": {
            "id": 157477,
            "type": "Cargo",
            "name": "MAYVIEW MAERSK"
        },
        "rating": {
            "voteAverage": 0,
            "voteCounter": 0
        },
        "url": "https://images.marinetraffic.com/collection/2720884.webp?size=800"
    },
    {
        "photoId": 2720874,
        "placeTaken": "Gteborg",
        "takenAt": 1494319980,
        "copyright": "Claes ",
        "description": null,
        "asset": {
            "id": 157477,
            "type": "Cargo",
            "name": "MAYVIEW MAERSK"
        },
        "rating": {
            "voteAverage": 0,
            "voteCounter": 0
        },
        "url": "https://images.marinetraffic.com/collection/2720874.webp?size=800"
    },
    {
        "photoId": 2720872,
        "placeTaken": "Gteborg",
        "takenAt": 1494319860,
        "copyright": "Claes ",
        "description": null,
        "asset": {
            "id": 157477,
            "type": "Cargo",
            "name": "MAYVIEW MAERSK"
        },
        "rating": {
            "voteAverage": 0,
            "voteCounter": 0
        },
        "url": "https://images.marinetraffic.com/collection/2720872.webp?size=800"
    },
    {
        "photoId": 2684753,
        "placeTaken": "Hamburg, Rschpark",
        "takenAt": 1494186060,
        "copyright": "Gerd Frick",
        "description": null,
        "asset": {
            "id": 157477,
            "type": "Cargo",
            "name": "MAYVIEW MAERSK"
        },
        "rating": {
            "voteAverage": 0,
            "voteCounter": 0
        },
        "url": "https://images.marinetraffic.com/collection/2684753.webp?size=800"
    },
    {
        "photoId": 2684249,
        "placeTaken": "Rilland-Bath",
        "takenAt": 1494907140,
        "copyright": "M. Witte",
        "description": null,
        "asset": {
            "id": 157477,
            "type": "Cargo",
            "name": "MAYVIEW MAERSK"
        },
        "rating": {
            "voteAverage": 0,
            "voteCounter": 0
        },
        "url": "https://images.marinetraffic.com/collection/2684249.webp?size=800"
    },
    {
        "photoId": 2679939,
        "placeTaken": "Hamburg, Rschpark",
        "takenAt": 1494185940,
        "copyright": "Gerd Frick",
        "description": null,
        "asset": {
            "id": 157477,
            "type": "Cargo",
            "name": "MAYVIEW MAERSK"
        },
        "rating": {
            "voteAverage": 5,
            "voteCounter": 2
        },
        "url": "https://images.marinetraffic.com/collection/2679939.webp?size=800"
    }
]