[
    {
        "photoId": 3762239,
        "placeTaken": "BAY OF ALGECIRAS",
        "takenAt": 1579184280,
        "copyright": "F.YBANCOS",
        "description": null,
        "asset": {
            "id": 157477,
            "type": "Cargo",
            "name": "MAYVIEW MAERSK"
        },
        "rating": {
            "voteAverage": 5,
            "voteCounter": 1
        },
        "url": "https://images.marinetraffic.com/collection/3762239.webp?size=800"
    },
    {
        "photoId": 3762237,
        "placeTaken": "BAY OF ALGECIRAS",
        "takenAt": 1579184160,
        "copyright": "F.YBANCOS",
        "description": null,
        "asset": {
            "id": 157477,
            "type": "Cargo",
            "name": "MAYVIEW MAERSK"
        },
        "rating": {
            "voteAverage": 0,
            "voteCounter": 0
        },
        "url": "https://images.marinetraffic.com/collection/3762237.webp?size=800"
    },
    {
        "photoId": 3762236,
        "placeTaken": "BAY OF ALGECIRAS",
        "takenAt": 1579183860,
        "copyright": "F.YBANCOS",
        "description": null,
        "asset": {
            "id": 157477,
            "type": "Cargo",
            "name": "MAYVIEW MAERSK"
        },
        "rating": {
            "voteAverage": 0,
            "voteCounter": 0
        },
        "url": "https://images.marinetraffic.com/collection/3762236.webp?size=800"
    },
    {
        "photoId": 3762235,
        "placeTaken": "BAY OF ALGECIRAS",
        "takenAt": 1579183740,
        "copyright": "F.YBANCOS",
        "description": null,
        "asset": {
            "id": 157477,
            "type": "Cargo",
            "name": "MAYVIEW MAERSK"
        },
        "rating": {
            "voteAverage": 0,
            "voteCounter": 0
        },
        "url": "https://images.marinetraffic.com/collection/3762235.webp?size=800"
    },
    {
        "photoId": 3748845,
        "placeTaken": "Prinses Amaliahaven, Rotterdam NL",
        "takenAt": 1559224260,
        "copyright": "Stefan Lemmens",
        "description": null,
        "asset": {
            "id": 157477,
            "type": "Cargo",
            "name": "MAYVIEW MAERSK"
        },
        "rating": {
            "voteAverage": 0,
            "voteCounter": 0
        },
        "url": "https://images.marinetraffic.com/collection/3748845.webp?size=800"
    },
    {
        "photoId": 3748844,
        "placeTaken": "Prinses Amaliahaven, Rotterdam NL",
        "takenAt": 1559221560,
        "copyright": "Stefan Lemmens",
        "description": null,
        "asset": {
            "id": 157477,
            "type": "Cargo",
            "name": "MAYVIEW MAERSK"
        },
        "rating": {
            "voteAverage": 0,
            "voteCounter": 0
        },
        "url": "https://images.marinetraffic.com/collection/3748844.webp?size=800"
    },
    {
        "photoId": 3697315,
        "placeTaken": "Bremerhaven Stromkaje",
        "takenAt": 1572782700,
        "copyright": "Sven Beer",
        "description": null,
        "asset": {
            "id": 157477,
            "type": "Cargo",
            "name": "MAYVIEW MAERSK"
        },
        "rating": {
            "voteAverage": 0,
            "voteCounter": 0
        },
        "url": "https://images.marinetraffic.com/collection/3697315.webp?size=800"
    },
    {
        "photoId": 3570310,
        "placeTaken": "Bremerhaven",
        "takenAt": 1558871700,
        "copyright": "Helmut Seger",
        "description": null,
        "asset": {
            "id": 157477,
            "type": "Cargo",
            "name": "MAYVIEW MAERSK"
        },
        "rating": {
            "voteAverage": 5,
            "voteCounter": 1
        },
        "url": "https://images.marinetraffic.com/collection/3570310.webp?size=800"
    },
    {
        "photoId": 3570308,
        "placeTaken": "Bremerhaven",
        "takenAt": 1558871700,
        "copyright": "Helmut Seger",
        "description": null,
        "asset": {
            "id": 157477,
            "type": "Cargo",
            "name": "MAYVIEW MAERSK"
        },
        "rating": {
            "voteAverage": 5,
            "voteCounter": 1
        },
        "url": "https://images.marinetraffic.com/collection/3570308.webp?size=800"
    },
    {
        "photoId": 3313992,
        "placeTaken": "Singapore",
        "takenAt": 1441051260,
        "copyright": "Steffen Bastian",
        "description": null,
        "asset": {
            "id": 157477,
            "type": "Cargo",
            "name": "MAYVIEW MAERSK"
        },
        "rating": {
            "voteAverage": 0,
            "voteCounter": 0
        },
        "url": "https://images.marinetraffic.com/collection/3313992.webp?size=800"
    },
    {
        "photoId": 3263205,
        "placeTaken": "Bremerhaven",
        "takenAt": 1538925420,
        "copyright": "pingi eisbar",
        "description": null,
        "asset": {
            "id": 157477,
            "type": "Cargo",
            "name": "MAYVIEW MAERSK"
        },
        "rating": {
            "voteAverage": 0,
            "voteCounter": 0
        },
        "url": "https://images.marinetraffic.com/collection/3263205.webp?size=800"
    },
    {
        "photoId": 3255550,
        "placeTaken": "skandiahamnen",
        "takenAt": 1538398200,
        "copyright": "Hans Lindskog",
        "description": null,
        "asset": {
            "id": 157477,
            "type": "Cargo",
            "name": "MAYVIEW MAERSK"
        },
        "rating": {
            "voteAverage": 0,
            "voteCounter": 0
        },
        "url": "https://images.marinetraffic.com/collection/3255550.webp?size=800"
    },
    {
        "photoId": 3176364,
        "placeTaken": "Messina Strait",
        "takenAt": 1532115660,
        "copyright": "A. Buongarzone",
        "description": null,
        "asset": {
            "id": 157477,
            "type": "Cargo",
            "name": "MAYVIEW MAERSK"
        },
        "rating": {
            "voteAverage": 5,
            "voteCounter": 1
        },
        "url": "https://images.marinetraffic.com/collection/3176364.webp?size=800"
    },
    {
        "photoId": 3160653,
        "placeTaken": "Hooksiel",
        "takenAt": 1531482180,
        "copyright": "Winfried Schulmeyer",
        "description": null,
        "asset": {
            "id": 157477,
            "type": "Cargo",
            "name": "MAYVIEW MAERSK"
        },
        "rating": {
            "voteAverage": 5,
            "voteCounter": 1
        },
        "url": "https://images.marinetraffic.com/collection/3160653.webp?size=800"
    },
    {
        "photoId": 3160649,
        "placeTaken": "Hooksiel",
        "takenAt": 1531482000,
        "copyright": "Winfried Schulmeyer",
        "description": null,
        "asset": {
            "id": 157477,
            "type": "Cargo",
            "name": "MAYVIEW MAERSK"
        },
        "rating": {
            "voteAverage": 0,
            "voteCounter": 0
        },
        "url": "https://images.marinetraffic.com/collection/3160649.webp?size=800"
    },
    {
        "photoId": 3160644,
        "placeTaken": "Hooksiel",
        "takenAt": 1531480680,
        "copyright": "Winfried Schulmeyer",
        "description": null,
        "asset": {
            "id": 157477,
            "type": "Cargo",
            "name": "MAYVIEW MAERSK"
        },
        "rating": {
            "voteAverage": 5,
            "voteCounter": 1
        },
        "url": "https://images.marinetraffic.com/collection/3160644.webp?size=800"
    },
    {
        "photoId": 3136586,
        "placeTaken": "Prinses Amaliahaven, Rotterdam NL",
        "takenAt": 1524063060,
        "copyright": "Stefan Lemmens",
        "description": null,
        "asset": {
            "id": 157477,
            "type": "Cargo",
            "name": "MAYVIEW MAERSK"
        },
        "rating": {
            "voteAverage": 5,
            "voteCounter": 1
        },
        "url": "https://images.marinetraffic.com/collection/3136586.webp?size=800"
    },
    {
        "photoId": 3136585,
        "placeTaken": "Prinses Amaliahaven, Rotterdam NL",
        "takenAt": 1524062640,
        "copyright": "Stefan Lemmens",
        "description": null,
        "asset": {
            "id": 157477,
            "type": "Cargo",
            "name": "MAYVIEW MAERSK"
        },
        "rating": {
            "voteAverage": 0,
            "voteCounter": 0
        },
        "url": "https://images.marinetraffic.com/collection/3136585.webp?size=800"
    },
    {
        "photoId": 3136584,
        "placeTaken": "Prinses Amaliahaven, Rotterdam NL",
        "takenAt": 1524062580,
        "copyright": "Stefan Lemmens",
        "description": null,
        "asset": {
            "id": 157477,
            "type": "Cargo",
            "name": "MAYVIEW MAERSK"
        },
        "rating": {
            "voteAverage": 0,
            "voteCounter": 0
        },
        "url": "https://images.marinetraffic.com/collection/3136584.webp?size=800"
    },
    {
        "photoId": 3088249,
        "placeTaken": null,
        "takenAt": 1495208160,
        "copyright": "Igor Treuman",
        "description": null,
        "asset": {
            "id": 157477,
            "type": "Cargo",
            "name": "MAYVIEW MAERSK"
        },
        "rating": {
            "voteAverage": 0,
            "voteCounter": 0
        },
        "url": "https://images.marinetraffic.com/collection/3088249.webp?size=800"
    }
]